  0
SECTION
  2
HEADER
  9
$ANGBASE
  50
0.0
  9
$ANGDIR
  70
1
  9
$MEASUREMENT
  70
0
  0
ENDSEC
  0
SECTION
  2
TABLES
  0
TABLE
  2
LTYPE
  70
4
  0
LTYPE
  5
40F
  2
CONTINUOUS
  70
0
  3
Solid line
  72
65
  73
0
  40
0.0
  0
LTYPE
  5
410
  2
DASHDOT
 70
0
  3
Dash Dot ____ _ ____ _
 72
65
 73
4
 40
2.0
 49
1.25
 49
-0.25
 49
0.25
 49
-0.25
  0
LTYPE
  5
411
  2
DASHED
 70
0
  3
Dashed __ __ __ __ __
 72
65
 73
2
 40
0.75
 49
0.5
 49
-0.25
  0
LTYPE
  5
43B
  2
DOTTED
 70
0
  3
Dotted .  .  .  .
 72
65
 73
2
 40
0.2
 49
0.0
 49
-0.2
  0
ENDTAB
  0
TABLE
  2
STYLE
  70
4
  0
STYLE
  2
KICAD
  70
0
  40
0
  41
1
  42
1
  50
0
  71
0
  3
isocp.shx
  0
STYLE
  2
KICADB
  70
0
  40
0
  41
1
  42
1
  50
0
  71
0
  3
isocp.shx
  0
STYLE
  2
KICADI
  70
0
  40
0
  41
1
  42
1
  50
15
  71
0
  3
isocp.shx
  0
STYLE
  2
KICADBI
  70
0
  40
0
  41
1
  42
1
  50
15
  71
0
  3
isocp.shx
  0
ENDTAB
  0
TABLE
  2
LAYER
  70
1
  0
LAYER
  2
BLACK
  70
0
  62
7
  6
CONTINUOUS
  0
ENDTAB
  0
ENDSEC
  0
SECTION
  2
ENTITIES
0
LINE
8
BLACK
6
CONTINUOUS
10
4.0281940157480314
20
-4.533526771653543
11
4.0297412598425195
21
-4.5348250787401572
0
LINE
8
BLACK
6
CONTINUOUS
10
4.0297412598425195
20
-4.5348250787401572
11
4.0300920078740159
21
-4.5368142125984248
0
LINE
8
BLACK
6
CONTINUOUS
10
4.0300920078740159
20
-4.5368142125984248
11
4.0290820866141734
21
-4.5385633858267713
0
LINE
8
BLACK
6
CONTINUOUS
10
4.0290820866141734
20
-4.5385633858267713
11
4.0271840944881889
21
-4.5392542125984248
0
LINE
8
BLACK
6
CONTINUOUS
10
4.0271840944881889
20
-4.5392542125984248
11
3.9971878346456693
21
-4.5392542125984248
0
LINE
8
BLACK
6
CONTINUOUS
10
3.9971878346456693
20
-4.5392542125984248
11
3.9961779133858268
21
-4.5390761417322834
0
LINE
8
BLACK
6
CONTINUOUS
10
3.9961779133858268
20
-4.5390761417322834
11
3.9946306692913387
21
-4.5377778346456692
0
LINE
8
BLACK
6
CONTINUOUS
10
3.9946306692913387
20
-4.5377778346456692
11
3.9942799212598423
21
-4.5357887007874016
0
LINE
8
BLACK
6
CONTINUOUS
10
3.9942799212598423
20
-4.5357887007874016
11
3.9952898425196848
21
-4.534039527559055
0
LINE
8
BLACK
6
CONTINUOUS
10
3.9952898425196848
20
-4.534039527559055
11
3.9971878346456693
21
-4.5333487007874016
0
LINE
8
BLACK
6
CONTINUOUS
10
3.9971878346456693
20
-4.5333487007874016
11
4.0271840944881889
21
-4.5333487007874016
0
LINE
8
BLACK
6
CONTINUOUS
10
4.0271840944881889
20
-4.5333487007874016
11
4.0281940157480314
21
-4.533526771653543
0
LINE
8
BLACK
6
CONTINUOUS
10
5.7281940157480316
20
-4.533526771653543
11
5.7297412598425197
21
-4.5348250787401572
0
LINE
8
BLACK
6
CONTINUOUS
10
5.7297412598425197
20
-4.5348250787401572
11
5.7300920078740152
21
-4.5368142125984248
0
LINE
8
BLACK
6
CONTINUOUS
10
5.7300920078740152
20
-4.5368142125984248
11
5.7290820866141727
21
-4.5385633858267713
0
LINE
8
BLACK
6
CONTINUOUS
10
5.7290820866141727
20
-4.5385633858267713
11
5.7271840944881891
21
-4.5392542125984248
0
LINE
8
BLACK
6
CONTINUOUS
10
5.7271840944881891
20
-4.5392542125984248
11
5.6971878346456695
21
-4.5392542125984248
0
LINE
8
BLACK
6
CONTINUOUS
10
5.6971878346456695
20
-4.5392542125984248
11
5.696177913385827
21
-4.5390761417322834
0
LINE
8
BLACK
6
CONTINUOUS
10
5.696177913385827
20
-4.5390761417322834
11
5.6946306692913389
21
-4.5377778346456692
0
LINE
8
BLACK
6
CONTINUOUS
10
5.6946306692913389
20
-4.5377778346456692
11
5.6942799212598425
21
-4.5357887007874016
0
LINE
8
BLACK
6
CONTINUOUS
10
5.6942799212598425
20
-4.5357887007874016
11
5.695289842519685
21
-4.534039527559055
0
LINE
8
BLACK
6
CONTINUOUS
10
5.695289842519685
20
-4.534039527559055
11
5.6971878346456695
21
-4.5333487007874016
0
LINE
8
BLACK
6
CONTINUOUS
10
5.6971878346456695
20
-4.5333487007874016
11
5.7271840944881891
21
-4.5333487007874016
0
LINE
8
BLACK
6
CONTINUOUS
10
5.7271840944881891
20
-4.5333487007874016
11
5.7281940157480316
21
-4.533526771653543
0
LINE
8
BLACK
6
CONTINUOUS
10
3.8291187007874017
20
-4.4903588188976373
11
3.8292881102362202
21
-4.4903479133858264
0
LINE
8
BLACK
6
CONTINUOUS
10
3.8292881102362202
20
-4.4903479133858264
11
3.8299787007874015
21
-4.4908553543307086
0
LINE
8
BLACK
6
CONTINUOUS
10
3.8299787007874015
20
-4.4908553543307086
11
3.8307208267716533
21
-4.4912838582677166
0
LINE
8
BLACK
6
CONTINUOUS
10
3.8307208267716533
20
-4.4912838582677166
11
3.8307788582677165
21
-4.491443346456693
0
LINE
8
BLACK
6
CONTINUOUS
10
3.8307788582677165
20
-4.491443346456693
11
3.8309157480314959
21
-4.491543937007874
0
LINE
8
BLACK
6
CONTINUOUS
10
3.8309157480314959
20
-4.491543937007874
11
3.8345030708661416
21
-4.4969249606299213
0
LINE
8
BLACK
6
CONTINUOUS
10
3.8345030708661416
20
-4.4969249606299213
11
3.8377070472440944
21
-4.5001289370078741
0
LINE
8
BLACK
6
CONTINUOUS
10
3.8377070472440944
20
-4.5001289370078741
11
3.841027992125984
21
-4.5017894094488184
0
LINE
8
BLACK
6
CONTINUOUS
10
3.841027992125984
20
-4.5017894094488184
11
3.8418516535433072
21
-4.5024003149606298
0
LINE
8
BLACK
6
CONTINUOUS
10
3.8418516535433072
20
-4.5024003149606298
11
3.8426549212598426
21
-4.504253503937008
0
LINE
8
BLACK
6
CONTINUOUS
10
3.8426549212598426
20
-4.504253503937008
11
3.8420790551181101
21
-4.5061895275590551
0
LINE
8
BLACK
6
CONTINUOUS
10
3.8420790551181101
20
-4.5061895275590551
11
3.8403935039370078
21
-4.5073023622047241
0
LINE
8
BLACK
6
CONTINUOUS
10
3.8403935039370078
20
-4.5073023622047241
11
3.8383869685039369
21
-4.5070714566929135
0
LINE
8
BLACK
6
CONTINUOUS
10
3.8383869685039369
20
-4.5070714566929135
11
3.8346374409448818
21
-4.505196692913386
0
LINE
8
BLACK
6
CONTINUOUS
10
3.8346374409448818
20
-4.505196692913386
11
3.8339283464566929
21
-4.5046707480314963
0
LINE
8
BLACK
6
CONTINUOUS
10
3.8339283464566929
20
-4.5046707480314963
11
3.8338700393700789
21
-4.5046435826771649
0
LINE
8
BLACK
6
CONTINUOUS
10
3.8338700393700789
20
-4.5046435826771649
11
3.8314116535433071
21
-4.5021851968503936
0
LINE
8
BLACK
6
CONTINUOUS
10
3.8314116535433071
20
-4.5021851968503936
11
3.8314116535433071
21
-4.5295991732283465
0
LINE
8
BLACK
6
CONTINUOUS
10
3.8314116535433071
20
-4.5295991732283465
11
3.8397074803149605
21
-4.5295991732283465
0
LINE
8
BLACK
6
CONTINUOUS
10
3.8397074803149605
20
-4.5295991732283465
11
3.8407174015748029
21
-4.5297772440944879
0
LINE
8
BLACK
6
CONTINUOUS
10
3.8407174015748029
20
-4.5297772440944879
11
3.842264645669291
21
-4.5310755511811021
0
LINE
8
BLACK
6
CONTINUOUS
10
3.842264645669291
20
-4.5310755511811021
11
3.8426153937007874
21
-4.5330646850393697
0
LINE
8
BLACK
6
CONTINUOUS
10
3.8426153937007874
20
-4.5330646850393697
11
3.841605472440945
21
-4.5348138582677162
0
LINE
8
BLACK
6
CONTINUOUS
10
3.841605472440945
20
-4.5348138582677162
11
3.8397074803149605
21
-4.5355046850393697
0
LINE
8
BLACK
6
CONTINUOUS
10
3.8397074803149605
20
-4.5355046850393697
11
3.8172103149606298
21
-4.5355046850393697
0
LINE
8
BLACK
6
CONTINUOUS
10
3.8172103149606298
20
-4.5355046850393697
11
3.8162003937007873
21
-4.5353266141732282
0
LINE
8
BLACK
6
CONTINUOUS
10
3.8162003937007873
20
-4.5353266141732282
11
3.8146531496062992
21
-4.5340283070866141
0
LINE
8
BLACK
6
CONTINUOUS
10
3.8146531496062992
20
-4.5340283070866141
11
3.8143024015748033
21
-4.5320391732283465
0
LINE
8
BLACK
6
CONTINUOUS
10
3.8143024015748033
20
-4.5320391732283465
11
3.8153123228346457
21
-4.5302899999999999
0
LINE
8
BLACK
6
CONTINUOUS
10
3.8153123228346457
20
-4.5302899999999999
11
3.8172103149606298
21
-4.5295991732283465
0
LINE
8
BLACK
6
CONTINUOUS
10
3.8172103149606298
20
-4.5295991732283465
11
3.8255061417322835
21
-4.5295991732283465
0
LINE
8
BLACK
6
CONTINUOUS
10
3.8255061417322835
20
-4.5295991732283465
11
3.8255061417322835
21
-4.4931818503937011
0
LINE
8
BLACK
6
CONTINUOUS
10
3.8255061417322835
20
-4.4931818503937011
11
3.8256842125984249
21
-4.4921719291338578
0
LINE
8
BLACK
6
CONTINUOUS
10
3.8256842125984249
20
-4.4921719291338578
11
3.8257933070866139
21
-4.4920418503937007
0
LINE
8
BLACK
6
CONTINUOUS
10
3.8257933070866139
20
-4.4920418503937007
11
3.8258120078740157
21
-4.4918731102362202
0
LINE
8
BLACK
6
CONTINUOUS
10
3.8258120078740157
20
-4.4918731102362202
11
3.8264316141732282
21
-4.4912811811023623
0
LINE
8
BLACK
6
CONTINUOUS
10
3.8264316141732282
20
-4.4912811811023623
11
3.8269825196850391
21
-4.4906246850393696
0
LINE
8
BLACK
6
CONTINUOUS
10
3.8269825196850391
20
-4.4906246850393696
11
3.8271497244094488
21
-4.4905951968503937
0
LINE
8
BLACK
6
CONTINUOUS
10
3.8271497244094488
20
-4.4905951968503937
11
3.8272725196850392
21
-4.4904779133858268
0
LINE
8
BLACK
6
CONTINUOUS
10
3.8272725196850392
20
-4.4904779133858268
11
3.8281276377952755
21
-4.4904227559055121
0
LINE
8
BLACK
6
CONTINUOUS
10
3.8281276377952755
20
-4.4904227559055121
11
3.8289716535433072
21
-4.4902739370078741
0
LINE
8
BLACK
6
CONTINUOUS
10
3.8289716535433072
20
-4.4902739370078741
11
3.8291187007874017
21
-4.4903588188976373
0
LINE
8
BLACK
6
CONTINUOUS
10
3.868838897637795
20
-4.4904071653543305
11
3.8689741338582677
21
-4.4905206299212601
0
LINE
8
BLACK
6
CONTINUOUS
10
3.8689741338582677
20
-4.4905206299212601
11
3.8691494881889761
21
-4.4905408267716531
0
LINE
8
BLACK
6
CONTINUOUS
10
3.8691494881889761
20
-4.4905408267716531
11
3.8728990157480312
21
-4.4924155905511807
0
LINE
8
BLACK
6
CONTINUOUS
10
3.8728990157480312
20
-4.4924155905511807
11
3.8736080708661418
21
-4.4929414960629916
0
LINE
8
BLACK
6
CONTINUOUS
10
3.8736080708661418
20
-4.4929414960629916
11
3.8736664173228346
21
-4.4929687007874017
0
LINE
8
BLACK
6
CONTINUOUS
10
3.8736664173228346
20
-4.4929687007874017
11
3.8755411811023621
21
-4.4948434645669293
0
LINE
8
BLACK
6
CONTINUOUS
10
3.8755411811023621
20
-4.4948434645669293
11
3.8760474409448817
21
-4.4955665354330705
0
LINE
8
BLACK
6
CONTINUOUS
10
3.8760474409448817
20
-4.4955665354330705
11
3.8760942913385827
21
-4.4956108661417318
0
LINE
8
BLACK
6
CONTINUOUS
10
3.8760942913385827
20
-4.4956108661417318
11
3.8779690551181103
21
-4.4993603937007869
0
LINE
8
BLACK
6
CONTINUOUS
10
3.8779690551181103
20
-4.4993603937007869
11
3.8781143307086614
21
-4.4998488188976378
0
LINE
8
BLACK
6
CONTINUOUS
10
3.8781143307086614
20
-4.4998488188976378
11
3.8781926377952756
21
-4.499964763779527
0
LINE
8
BLACK
6
CONTINUOUS
10
3.8781926377952756
20
-4.499964763779527
11
3.8800674015748031
21
-4.5074638188976373
0
LINE
8
BLACK
6
CONTINUOUS
10
3.8800674015748031
20
-4.5074638188976373
11
3.8801088582677163
21
-4.5080516929133854
0
LINE
8
BLACK
6
CONTINUOUS
10
3.8801088582677163
20
-4.5080516929133854
11
3.8801555511811023
21
-4.5081799606299215
0
LINE
8
BLACK
6
CONTINUOUS
10
3.8801555511811023
20
-4.5081799606299215
11
3.8801555511811023
21
-4.5175537795275593
0
LINE
8
BLACK
6
CONTINUOUS
10
3.8801555511811023
20
-4.5175537795275593
11
3.8800531889763779
21
-4.5181341338582675
0
LINE
8
BLACK
6
CONTINUOUS
10
3.8800531889763779
20
-4.5181341338582675
11
3.8800674015748031
21
-4.5182699212598427
0
LINE
8
BLACK
6
CONTINUOUS
10
3.8800674015748031
20
-4.5182699212598427
11
3.8781926377952756
21
-4.5257689763779529
0
LINE
8
BLACK
6
CONTINUOUS
10
3.8781926377952756
20
-4.5257689763779529
11
3.8779850393700785
21
-4.5262344094488185
0
LINE
8
BLACK
6
CONTINUOUS
10
3.8779850393700785
20
-4.5262344094488185
11
3.8779690551181103
21
-4.5263733464566931
0
LINE
8
BLACK
6
CONTINUOUS
10
3.8779690551181103
20
-4.5263733464566931
11
3.8760942913385827
21
-4.5301228740157482
0
LINE
8
BLACK
6
CONTINUOUS
10
3.8760942913385827
20
-4.5301228740157482
11
3.875568346456693
21
-4.5308319291338579
0
LINE
8
BLACK
6
CONTINUOUS
10
3.875568346456693
20
-4.5308319291338579
11
3.8755411811023621
21
-4.5308902755905507
0
LINE
8
BLACK
6
CONTINUOUS
10
3.8755411811023621
20
-4.5308902755905507
11
3.8736664566929133
21
-4.5327650393700782
0
LINE
8
BLACK
6
CONTINUOUS
10
3.8736664566929133
20
-4.5327650393700782
11
3.8729432677165354
21
-4.5332714173228341
0
LINE
8
BLACK
6
CONTINUOUS
10
3.8729432677165354
20
-4.5332714173228341
11
3.8728990157480312
21
-4.5333181889763781
0
LINE
8
BLACK
6
CONTINUOUS
10
3.8728990157480312
20
-4.5333181889763781
11
3.8691494881889761
21
-4.5351929527559056
0
LINE
8
BLACK
6
CONTINUOUS
10
3.8691494881889761
20
-4.5351929527559056
11
3.8681665354330708
21
-4.5354853149606296
0
LINE
8
BLACK
6
CONTINUOUS
10
3.8681665354330708
20
-4.5354853149606296
11
3.8679948425196851
21
-4.5354442913385826
0
LINE
8
BLACK
6
CONTINUOUS
10
3.8679948425196851
20
-4.5354442913385826
11
3.8678289763779525
21
-4.5355046850393697
0
LINE
8
BLACK
6
CONTINUOUS
10
3.8678289763779525
20
-4.5355046850393697
11
3.8640794488188974
21
-4.5355046850393697
0
LINE
8
BLACK
6
CONTINUOUS
10
3.8640794488188974
20
-4.5355046850393697
11
3.863069527559055
21
-4.5353266141732282
0
LINE
8
BLACK
6
CONTINUOUS
10
3.863069527559055
20
-4.5353266141732282
11
3.8629342519685039
21
-4.5352131102362208
0
LINE
8
BLACK
6
CONTINUOUS
10
3.8629342519685039
20
-4.5352131102362208
11
3.8627589370078739
21
-4.5351929527559056
0
LINE
8
BLACK
6
CONTINUOUS
10
3.8627589370078739
20
-4.5351929527559056
11
3.8590094094488188
21
-4.5333181889763781
0
LINE
8
BLACK
6
CONTINUOUS
10
3.8590094094488188
20
-4.5333181889763781
11
3.8583002755905511
21
-4.5327922047244096
0
LINE
8
BLACK
6
CONTINUOUS
10
3.8583002755905511
20
-4.5327922047244096
11
3.8582419685039371
21
-4.5327650393700782
0
LINE
8
BLACK
6
CONTINUOUS
10
3.8582419685039371
20
-4.5327650393700782
11
3.8563672047244095
21
-4.5308902362204719
0
LINE
8
BLACK
6
CONTINUOUS
10
3.8563672047244095
20
-4.5308902362204719
11
3.8558609055118112
21
-4.5301671653543307
0
LINE
8
BLACK
6
CONTINUOUS
10
3.8558609055118112
20
-4.5301671653543307
11
3.8558141338582677
21
-4.5301228740157482
0
LINE
8
BLACK
6
CONTINUOUS
10
3.8558141338582677
20
-4.5301228740157482
11
3.8539393700787401
21
-4.5263733464566931
0
LINE
8
BLACK
6
CONTINUOUS
10
3.8539393700787401
20
-4.5263733464566931
11
3.8537940551181102
21
-4.5258848818897635
0
LINE
8
BLACK
6
CONTINUOUS
10
3.8537940551181102
20
-4.5258848818897635
11
3.8537157874015748
21
-4.5257689763779529
0
LINE
8
BLACK
6
CONTINUOUS
10
3.8537157874015748
20
-4.5257689763779529
11
3.8518410236220473
21
-4.5182699212598427
0
LINE
8
BLACK
6
CONTINUOUS
10
3.8518410236220473
20
-4.5182699212598427
11
3.8517995275590549
21
-4.5176820078740159
0
LINE
8
BLACK
6
CONTINUOUS
10
3.8517995275590549
20
-4.5176820078740159
11
3.8517528740157481
21
-4.5175537795275593
0
LINE
8
BLACK
6
CONTINUOUS
10
3.8517528740157481
20
-4.5175537795275593
11
3.8517528740157481
21
-4.5081799606299215
0
LINE
8
BLACK
6
CONTINUOUS
10
3.8517528740157481
20
-4.5081799606299215
11
3.8518551968503938
21
-4.5075995669291338
0
LINE
8
BLACK
6
CONTINUOUS
10
3.8518551968503938
20
-4.5075995669291338
11
3.8518410236220473
21
-4.5074638188976373
0
LINE
8
BLACK
6
CONTINUOUS
10
3.8518410236220473
20
-4.5074638188976373
11
3.8537157874015748
21
-4.499964763779527
0
LINE
8
BLACK
6
CONTINUOUS
10
3.8537157874015748
20
-4.499964763779527
11
3.8539233464566927
21
-4.4994992913385827
0
LINE
8
BLACK
6
CONTINUOUS
10
3.8539233464566927
20
-4.4994992913385827
11
3.8539393700787401
21
-4.4993603937007869
0
LINE
8
BLACK
6
CONTINUOUS
10
3.8539393700787401
20
-4.4993603937007869
11
3.8558141338582677
21
-4.4956108661417318
0
LINE
8
BLACK
6
CONTINUOUS
10
3.8558141338582677
20
-4.4956108661417318
11
3.8563400393700786
21
-4.4949017716535433
0
LINE
8
BLACK
6
CONTINUOUS
10
3.8563400393700786
20
-4.4949017716535433
11
3.8563672440944883
21
-4.4948434645669293
0
LINE
8
BLACK
6
CONTINUOUS
10
3.8563672440944883
20
-4.4948434645669293
11
3.8582420078740158
21
-4.4929687007874017
0
LINE
8
BLACK
6
CONTINUOUS
10
3.8582420078740158
20
-4.4929687007874017
11
3.8589650787401575
21
-4.4924624015748034
0
LINE
8
BLACK
6
CONTINUOUS
10
3.8589650787401575
20
-4.4924624015748034
11
3.8590094094488188
21
-4.4924155905511807
0
LINE
8
BLACK
6
CONTINUOUS
10
3.8590094094488188
20
-4.4924155905511807
11
3.8627589370078739
21
-4.4905408267716531
0
LINE
8
BLACK
6
CONTINUOUS
10
3.8627589370078739
20
-4.4905408267716531
11
3.8637418503937009
21
-4.4902484645669292
0
LINE
8
BLACK
6
CONTINUOUS
10
3.8637418503937009
20
-4.4902484645669292
11
3.8639135433070866
21
-4.4902894488188974
0
LINE
8
BLACK
6
CONTINUOUS
10
3.8639135433070866
20
-4.4902894488188974
11
3.8640794488188974
21
-4.4902290944881891
0
LINE
8
BLACK
6
CONTINUOUS
10
3.8640794488188974
20
-4.4902290944881891
11
3.8678289763779525
21
-4.4902290944881891
0
LINE
8
BLACK
6
CONTINUOUS
10
3.8678289763779525
20
-4.4902290944881891
11
3.868838897637795
21
-4.4904071653543305
0
LINE
8
BLACK
6
CONTINUOUS
10
3.8620790157480314
20
-4.4974833464566926
11
3.8608818897637796
21
-4.4986804724409444
0
LINE
8
BLACK
6
CONTINUOUS
10
3.8608818897637796
20
-4.4986804724409444
11
3.8593663779527558
21
-4.5017114566929131
0
LINE
8
BLACK
6
CONTINUOUS
10
3.8593663779527558
20
-4.5017114566929131
11
3.8576583858267717
21
-4.5085435039370081
0
LINE
8
BLACK
6
CONTINUOUS
10
3.8576583858267717
20
-4.5085435039370081
11
3.8576583858267717
21
-4.5171902362204728
0
LINE
8
BLACK
6
CONTINUOUS
10
3.8576583858267717
20
-4.5171902362204728
11
3.8593663779527558
21
-4.5240222834645669
0
LINE
8
BLACK
6
CONTINUOUS
10
3.8593663779527558
20
-4.5240222834645669
11
3.8608818897637796
21
-4.5270532677165356
0
LINE
8
BLACK
6
CONTINUOUS
10
3.8608818897637796
20
-4.5270532677165356
11
3.8620790157480314
21
-4.5282504330708662
0
LINE
8
BLACK
6
CONTINUOUS
10
3.8620790157480314
20
-4.5282504330708662
11
3.864776496062992
21
-4.5295991732283465
0
LINE
8
BLACK
6
CONTINUOUS
10
3.864776496062992
20
-4.5295991732283465
11
3.8671319291338584
21
-4.5295991732283465
0
LINE
8
BLACK
6
CONTINUOUS
10
3.8671319291338584
20
-4.5295991732283465
11
3.8698293700787403
21
-4.5282504330708662
0
LINE
8
BLACK
6
CONTINUOUS
10
3.8698293700787403
20
-4.5282504330708662
11
3.8710264960629921
21
-4.5270532677165356
0
LINE
8
BLACK
6
CONTINUOUS
10
3.8710264960629921
20
-4.5270532677165356
11
3.8725420078740158
21
-4.5240222834645669
0
LINE
8
BLACK
6
CONTINUOUS
10
3.8725420078740158
20
-4.5240222834645669
11
3.8742500393700787
21
-4.5171902362204728
0
LINE
8
BLACK
6
CONTINUOUS
10
3.8742500393700787
20
-4.5171902362204728
11
3.8742500393700787
21
-4.5085435039370081
0
LINE
8
BLACK
6
CONTINUOUS
10
3.8742500393700787
20
-4.5085435039370081
11
3.8725420078740158
21
-4.5017114566929131
0
LINE
8
BLACK
6
CONTINUOUS
10
3.8725420078740158
20
-4.5017114566929131
11
3.8710265354330708
21
-4.4986804724409444
0
LINE
8
BLACK
6
CONTINUOUS
10
3.8710265354330708
20
-4.4986804724409444
11
3.8698294094488186
21
-4.4974833464566926
0
LINE
8
BLACK
6
CONTINUOUS
10
3.8698294094488186
20
-4.4974833464566926
11
3.8671319291338584
21
-4.4961346062992122
0
LINE
8
BLACK
6
CONTINUOUS
10
3.8671319291338584
20
-4.4961346062992122
11
3.864776496062992
21
-4.4961346062992122
0
LINE
8
BLACK
6
CONTINUOUS
10
3.864776496062992
20
-4.4961346062992122
11
3.8620790157480314
21
-4.4974833464566926
0
LINE
8
BLACK
6
CONTINUOUS
10
3.9416046456692913
20
-4.4903588188976373
11
3.9417740551181102
21
-4.4903479133858264
0
LINE
8
BLACK
6
CONTINUOUS
10
3.9417740551181102
20
-4.4903479133858264
11
3.9424646456692911
21
-4.4908553543307086
0
LINE
8
BLACK
6
CONTINUOUS
10
3.9424646456692911
20
-4.4908553543307086
11
3.9432067716535433
21
-4.4912838582677166
0
LINE
8
BLACK
6
CONTINUOUS
10
3.9432067716535433
20
-4.4912838582677166
11
3.943264803149606
21
-4.491443346456693
0
LINE
8
BLACK
6
CONTINUOUS
10
3.943264803149606
20
-4.491443346456693
11
3.9434016929133859
21
-4.491543937007874
0
LINE
8
BLACK
6
CONTINUOUS
10
3.9434016929133859
20
-4.491543937007874
11
3.9469890157480316
21
-4.4969249606299213
0
LINE
8
BLACK
6
CONTINUOUS
10
3.9469890157480316
20
-4.4969249606299213
11
3.950192992125984
21
-4.5001289370078741
0
LINE
8
BLACK
6
CONTINUOUS
10
3.950192992125984
20
-4.5001289370078741
11
3.953513937007874
21
-4.5017894094488184
0
LINE
8
BLACK
6
CONTINUOUS
10
3.953513937007874
20
-4.5017894094488184
11
3.9543375984251967
21
-4.5024003149606298
0
LINE
8
BLACK
6
CONTINUOUS
10
3.9543375984251967
20
-4.5024003149606298
11
3.9551408661417322
21
-4.504253503937008
0
LINE
8
BLACK
6
CONTINUOUS
10
3.9551408661417322
20
-4.504253503937008
11
3.9545650000000001
21
-4.5061895275590551
0
LINE
8
BLACK
6
CONTINUOUS
10
3.9545650000000001
20
-4.5061895275590551
11
3.9528794488188974
21
-4.5073023622047241
0
LINE
8
BLACK
6
CONTINUOUS
10
3.9528794488188974
20
-4.5073023622047241
11
3.9508729133858265
21
-4.5070714566929135
0
LINE
8
BLACK
6
CONTINUOUS
10
3.9508729133858265
20
-4.5070714566929135
11
3.9471233858267714
21
-4.505196692913386
0
LINE
8
BLACK
6
CONTINUOUS
10
3.9471233858267714
20
-4.505196692913386
11
3.9464142913385825
21
-4.5046707480314963
0
LINE
8
BLACK
6
CONTINUOUS
10
3.9464142913385825
20
-4.5046707480314963
11
3.9463559842519684
21
-4.5046435826771649
0
LINE
8
BLACK
6
CONTINUOUS
10
3.9463559842519684
20
-4.5046435826771649
11
3.9438975984251967
21
-4.5021851968503936
0
LINE
8
BLACK
6
CONTINUOUS
10
3.9438975984251967
20
-4.5021851968503936
11
3.9438975984251967
21
-4.5295991732283465
0
LINE
8
BLACK
6
CONTINUOUS
10
3.9438975984251967
20
-4.5295991732283465
11
3.9521934251968505
21
-4.5295991732283465
0
LINE
8
BLACK
6
CONTINUOUS
10
3.9521934251968505
20
-4.5295991732283465
11
3.9532033464566929
21
-4.5297772440944879
0
LINE
8
BLACK
6
CONTINUOUS
10
3.9532033464566929
20
-4.5297772440944879
11
3.9547505905511811
21
-4.5310755511811021
0
LINE
8
BLACK
6
CONTINUOUS
10
3.9547505905511811
20
-4.5310755511811021
11
3.955101338582677
21
-4.5330646850393697
0
LINE
8
BLACK
6
CONTINUOUS
10
3.955101338582677
20
-4.5330646850393697
11
3.9540914173228345
21
-4.5348138582677162
0
LINE
8
BLACK
6
CONTINUOUS
10
3.9540914173228345
20
-4.5348138582677162
11
3.9521934251968505
21
-4.5355046850393697
0
LINE
8
BLACK
6
CONTINUOUS
10
3.9521934251968505
20
-4.5355046850393697
11
3.9296962598425198
21
-4.5355046850393697
0
LINE
8
BLACK
6
CONTINUOUS
10
3.9296962598425198
20
-4.5355046850393697
11
3.9286863385826769
21
-4.5353266141732282
0
LINE
8
BLACK
6
CONTINUOUS
10
3.9286863385826769
20
-4.5353266141732282
11
3.9271390944881888
21
-4.5340283070866141
0
LINE
8
BLACK
6
CONTINUOUS
10
3.9271390944881888
20
-4.5340283070866141
11
3.9267883464566928
21
-4.5320391732283465
0
LINE
8
BLACK
6
CONTINUOUS
10
3.9267883464566928
20
-4.5320391732283465
11
3.9277982677165353
21
-4.5302899999999999
0
LINE
8
BLACK
6
CONTINUOUS
10
3.9277982677165353
20
-4.5302899999999999
11
3.9296962598425198
21
-4.5295991732283465
0
LINE
8
BLACK
6
CONTINUOUS
10
3.9296962598425198
20
-4.5295991732283465
11
3.9379920866141731
21
-4.5295991732283465
0
LINE
8
BLACK
6
CONTINUOUS
10
3.9379920866141731
20
-4.5295991732283465
11
3.9379920866141731
21
-4.4931818503937011
0
LINE
8
BLACK
6
CONTINUOUS
10
3.9379920866141731
20
-4.4931818503937011
11
3.938170157480315
21
-4.4921719291338578
0
LINE
8
BLACK
6
CONTINUOUS
10
3.938170157480315
20
-4.4921719291338578
11
3.9382792519685039
21
-4.4920418503937007
0
LINE
8
BLACK
6
CONTINUOUS
10
3.9382792519685039
20
-4.4920418503937007
11
3.9382979527559052
21
-4.4918731102362202
0
LINE
8
BLACK
6
CONTINUOUS
10
3.9382979527559052
20
-4.4918731102362202
11
3.9389175590551182
21
-4.4912811811023623
0
LINE
8
BLACK
6
CONTINUOUS
10
3.9389175590551182
20
-4.4912811811023623
11
3.9394684645669291
21
-4.4906246850393696
0
LINE
8
BLACK
6
CONTINUOUS
10
3.9394684645669291
20
-4.4906246850393696
11
3.9396356692913383
21
-4.4905951968503937
0
LINE
8
BLACK
6
CONTINUOUS
10
3.9396356692913383
20
-4.4905951968503937
11
3.9397584645669292
21
-4.4904779133858268
0
LINE
8
BLACK
6
CONTINUOUS
10
3.9397584645669292
20
-4.4904779133858268
11
3.9406135826771651
21
-4.4904227559055121
0
LINE
8
BLACK
6
CONTINUOUS
10
3.9406135826771651
20
-4.4904227559055121
11
3.9414575984251967
21
-4.4902739370078741
0
LINE
8
BLACK
6
CONTINUOUS
10
3.9414575984251967
20
-4.4902739370078741
11
3.9416046456692913
21
-4.4903588188976373
0
LINE
8
BLACK
6
CONTINUOUS
10
3.981324842519685
20
-4.4904071653543305
11
3.9814600787401573
21
-4.4905206299212601
0
LINE
8
BLACK
6
CONTINUOUS
10
3.9814600787401573
20
-4.4905206299212601
11
3.9816354330708661
21
-4.4905408267716531
0
LINE
8
BLACK
6
CONTINUOUS
10
3.9816354330708661
20
-4.4905408267716531
11
3.9853849606299212
21
-4.4924155905511807
0
LINE
8
BLACK
6
CONTINUOUS
10
3.9853849606299212
20
-4.4924155905511807
11
3.9860940157480313
21
-4.4929414960629916
0
LINE
8
BLACK
6
CONTINUOUS
10
3.9860940157480313
20
-4.4929414960629916
11
3.9861523622047241
21
-4.4929687007874017
0
LINE
8
BLACK
6
CONTINUOUS
10
3.9861523622047241
20
-4.4929687007874017
11
3.9880271259842517
21
-4.4948434645669293
0
LINE
8
BLACK
6
CONTINUOUS
10
3.9880271259842517
20
-4.4948434645669293
11
3.9885333858267717
21
-4.4955665354330705
0
LINE
8
BLACK
6
CONTINUOUS
10
3.9885333858267717
20
-4.4955665354330705
11
3.9885802362204723
21
-4.4956108661417318
0
LINE
8
BLACK
6
CONTINUOUS
10
3.9885802362204723
20
-4.4956108661417318
11
3.9904549999999999
21
-4.4993603937007869
0
LINE
8
BLACK
6
CONTINUOUS
10
3.9904549999999999
20
-4.4993603937007869
11
3.990600275590551
21
-4.4998488188976378
0
LINE
8
BLACK
6
CONTINUOUS
10
3.990600275590551
20
-4.4998488188976378
11
3.9906785826771651
21
-4.499964763779527
0
LINE
8
BLACK
6
CONTINUOUS
10
3.9906785826771651
20
-4.499964763779527
11
3.9925533464566927
21
-4.5074638188976373
0
LINE
8
BLACK
6
CONTINUOUS
10
3.9925533464566927
20
-4.5074638188976373
11
3.9925948031496064
21
-4.5080516929133854
0
LINE
8
BLACK
6
CONTINUOUS
10
3.9925948031496064
20
-4.5080516929133854
11
3.9926414960629919
21
-4.5081799606299215
0
LINE
8
BLACK
6
CONTINUOUS
10
3.9926414960629919
20
-4.5081799606299215
11
3.9926414960629919
21
-4.5175537795275593
0
LINE
8
BLACK
6
CONTINUOUS
10
3.9926414960629919
20
-4.5175537795275593
11
3.9925391338582674
21
-4.5181341338582675
0
LINE
8
BLACK
6
CONTINUOUS
10
3.9925391338582674
20
-4.5181341338582675
11
3.9925533464566927
21
-4.5182699212598427
0
LINE
8
BLACK
6
CONTINUOUS
10
3.9925533464566927
20
-4.5182699212598427
11
3.9906785826771651
21
-4.5257689763779529
0
LINE
8
BLACK
6
CONTINUOUS
10
3.9906785826771651
20
-4.5257689763779529
11
3.9904709842519686
21
-4.5262344094488185
0
LINE
8
BLACK
6
CONTINUOUS
10
3.9904709842519686
20
-4.5262344094488185
11
3.9904549999999999
21
-4.5263733464566931
0
LINE
8
BLACK
6
CONTINUOUS
10
3.9904549999999999
20
-4.5263733464566931
11
3.9885802362204723
21
-4.5301228740157482
0
LINE
8
BLACK
6
CONTINUOUS
10
3.9885802362204723
20
-4.5301228740157482
11
3.9880542913385826
21
-4.5308319291338579
0
LINE
8
BLACK
6
CONTINUOUS
10
3.9880542913385826
20
-4.5308319291338579
11
3.9880271259842517
21
-4.5308902755905507
0
LINE
8
BLACK
6
CONTINUOUS
10
3.9880271259842517
20
-4.5308902755905507
11
3.9861524015748029
21
-4.5327650393700782
0
LINE
8
BLACK
6
CONTINUOUS
10
3.9861524015748029
20
-4.5327650393700782
11
3.985429212598425
21
-4.5332714173228341
0
LINE
8
BLACK
6
CONTINUOUS
10
3.985429212598425
20
-4.5332714173228341
11
3.9853849606299212
21
-4.5333181889763781
0
LINE
8
BLACK
6
CONTINUOUS
10
3.9853849606299212
20
-4.5333181889763781
11
3.9816354330708661
21
-4.5351929527559056
0
LINE
8
BLACK
6
CONTINUOUS
10
3.9816354330708661
20
-4.5351929527559056
11
3.9806524803149603
21
-4.5354853149606296
0
LINE
8
BLACK
6
CONTINUOUS
10
3.9806524803149603
20
-4.5354853149606296
11
3.9804807874015746
21
-4.5354442913385826
0
LINE
8
BLACK
6
CONTINUOUS
10
3.9804807874015746
20
-4.5354442913385826
11
3.9803149212598425
21
-4.5355046850393697
0
LINE
8
BLACK
6
CONTINUOUS
10
3.9803149212598425
20
-4.5355046850393697
11
3.9765653937007874
21
-4.5355046850393697
0
LINE
8
BLACK
6
CONTINUOUS
10
3.9765653937007874
20
-4.5355046850393697
11
3.975555472440945
21
-4.5353266141732282
0
LINE
8
BLACK
6
CONTINUOUS
10
3.975555472440945
20
-4.5353266141732282
11
3.9754201968503935
21
-4.5352131102362208
0
LINE
8
BLACK
6
CONTINUOUS
10
3.9754201968503935
20
-4.5352131102362208
11
3.9752448818897639
21
-4.5351929527559056
0
LINE
8
BLACK
6
CONTINUOUS
10
3.9752448818897639
20
-4.5351929527559056
11
3.9714953543307088
21
-4.5333181889763781
0
LINE
8
BLACK
6
CONTINUOUS
10
3.9714953543307088
20
-4.5333181889763781
11
3.9707862204724407
21
-4.5327922047244096
0
LINE
8
BLACK
6
CONTINUOUS
10
3.9707862204724407
20
-4.5327922047244096
11
3.9707279133858266
21
-4.5327650393700782
0
LINE
8
BLACK
6
CONTINUOUS
10
3.9707279133858266
20
-4.5327650393700782
11
3.9688531496062991
21
-4.5308902362204719
0
LINE
8
BLACK
6
CONTINUOUS
10
3.9688531496062991
20
-4.5308902362204719
11
3.9683468503937007
21
-4.5301671653543307
0
LINE
8
BLACK
6
CONTINUOUS
10
3.9683468503937007
20
-4.5301671653543307
11
3.9683000787401572
21
-4.5301228740157482
0
LINE
8
BLACK
6
CONTINUOUS
10
3.9683000787401572
20
-4.5301228740157482
11
3.9664253149606297
21
-4.5263733464566931
0
LINE
8
BLACK
6
CONTINUOUS
10
3.9664253149606297
20
-4.5263733464566931
11
3.9662799999999998
21
-4.5258848818897635
0
LINE
8
BLACK
6
CONTINUOUS
10
3.9662799999999998
20
-4.5258848818897635
11
3.9662017322834644
21
-4.5257689763779529
0
LINE
8
BLACK
6
CONTINUOUS
10
3.9662017322834644
20
-4.5257689763779529
11
3.9643269685039368
21
-4.5182699212598427
0
LINE
8
BLACK
6
CONTINUOUS
10
3.9643269685039368
20
-4.5182699212598427
11
3.9642854724409449
21
-4.5176820078740159
0
LINE
8
BLACK
6
CONTINUOUS
10
3.9642854724409449
20
-4.5176820078740159
11
3.9642388188976376
21
-4.5175537795275593
0
LINE
8
BLACK
6
CONTINUOUS
10
3.9642388188976376
20
-4.5175537795275593
11
3.9642388188976376
21
-4.5081799606299215
0
LINE
8
BLACK
6
CONTINUOUS
10
3.9642388188976376
20
-4.5081799606299215
11
3.9643411417322834
21
-4.5075995669291338
0
LINE
8
BLACK
6
CONTINUOUS
10
3.9643411417322834
20
-4.5075995669291338
11
3.9643269685039368
21
-4.5074638188976373
0
LINE
8
BLACK
6
CONTINUOUS
10
3.9643269685039368
20
-4.5074638188976373
11
3.9662017322834644
21
-4.499964763779527
0
LINE
8
BLACK
6
CONTINUOUS
10
3.9662017322834644
20
-4.499964763779527
11
3.9664092913385827
21
-4.4994992913385827
0
LINE
8
BLACK
6
CONTINUOUS
10
3.9664092913385827
20
-4.4994992913385827
11
3.9664253149606297
21
-4.4993603937007869
0
LINE
8
BLACK
6
CONTINUOUS
10
3.9664253149606297
20
-4.4993603937007869
11
3.9683000787401572
21
-4.4956108661417318
0
LINE
8
BLACK
6
CONTINUOUS
10
3.9683000787401572
20
-4.4956108661417318
11
3.9688259842519682
21
-4.4949017716535433
0
LINE
8
BLACK
6
CONTINUOUS
10
3.9688259842519682
20
-4.4949017716535433
11
3.9688531889763778
21
-4.4948434645669293
0
LINE
8
BLACK
6
CONTINUOUS
10
3.9688531889763778
20
-4.4948434645669293
11
3.9707279527559054
21
-4.4929687007874017
0
LINE
8
BLACK
6
CONTINUOUS
10
3.9707279527559054
20
-4.4929687007874017
11
3.971451023622047
21
-4.4924624015748034
0
LINE
8
BLACK
6
CONTINUOUS
10
3.971451023622047
20
-4.4924624015748034
11
3.9714953543307088
21
-4.4924155905511807
0
LINE
8
BLACK
6
CONTINUOUS
10
3.9714953543307088
20
-4.4924155905511807
11
3.9752448818897639
21
-4.4905408267716531
0
LINE
8
BLACK
6
CONTINUOUS
10
3.9752448818897639
20
-4.4905408267716531
11
3.9762277952755904
21
-4.4902484645669292
0
LINE
8
BLACK
6
CONTINUOUS
10
3.9762277952755904
20
-4.4902484645669292
11
3.9763994881889762
21
-4.4902894488188974
0
LINE
8
BLACK
6
CONTINUOUS
10
3.9763994881889762
20
-4.4902894488188974
11
3.9765653937007874
21
-4.4902290944881891
0
LINE
8
BLACK
6
CONTINUOUS
10
3.9765653937007874
20
-4.4902290944881891
11
3.9803149212598425
21
-4.4902290944881891
0
LINE
8
BLACK
6
CONTINUOUS
10
3.9803149212598425
20
-4.4902290944881891
11
3.981324842519685
21
-4.4904071653543305
0
LINE
8
BLACK
6
CONTINUOUS
10
3.9745649606299214
20
-4.4974833464566926
11
3.9733678346456691
21
-4.4986804724409444
0
LINE
8
BLACK
6
CONTINUOUS
10
3.9733678346456691
20
-4.4986804724409444
11
3.9718523228346454
21
-4.5017114566929131
0
LINE
8
BLACK
6
CONTINUOUS
10
3.9718523228346454
20
-4.5017114566929131
11
3.9701443307086612
21
-4.5085435039370081
0
LINE
8
BLACK
6
CONTINUOUS
10
3.9701443307086612
20
-4.5085435039370081
11
3.9701443307086612
21
-4.5171902362204728
0
LINE
8
BLACK
6
CONTINUOUS
10
3.9701443307086612
20
-4.5171902362204728
11
3.9718523228346454
21
-4.5240222834645669
0
LINE
8
BLACK
6
CONTINUOUS
10
3.9718523228346454
20
-4.5240222834645669
11
3.9733678346456691
21
-4.5270532677165356
0
LINE
8
BLACK
6
CONTINUOUS
10
3.9733678346456691
20
-4.5270532677165356
11
3.9745649606299214
21
-4.5282504330708662
0
LINE
8
BLACK
6
CONTINUOUS
10
3.9745649606299214
20
-4.5282504330708662
11
3.977262440944882
21
-4.5295991732283465
0
LINE
8
BLACK
6
CONTINUOUS
10
3.977262440944882
20
-4.5295991732283465
11
3.979617874015748
21
-4.5295991732283465
0
LINE
8
BLACK
6
CONTINUOUS
10
3.979617874015748
20
-4.5295991732283465
11
3.9823153149606298
21
-4.5282504330708662
0
LINE
8
BLACK
6
CONTINUOUS
10
3.9823153149606298
20
-4.5282504330708662
11
3.9835124409448817
21
-4.5270532677165356
0
LINE
8
BLACK
6
CONTINUOUS
10
3.9835124409448817
20
-4.5270532677165356
11
3.9850279527559054
21
-4.5240222834645669
0
LINE
8
BLACK
6
CONTINUOUS
10
3.9850279527559054
20
-4.5240222834645669
11
3.9867359842519683
21
-4.5171902362204728
0
LINE
8
BLACK
6
CONTINUOUS
10
3.9867359842519683
20
-4.5171902362204728
11
3.9867359842519683
21
-4.5085435039370081
0
LINE
8
BLACK
6
CONTINUOUS
10
3.9867359842519683
20
-4.5085435039370081
11
3.9850279527559054
21
-4.5017114566929131
0
LINE
8
BLACK
6
CONTINUOUS
10
3.9850279527559054
20
-4.5017114566929131
11
3.9835124803149604
21
-4.4986804724409444
0
LINE
8
BLACK
6
CONTINUOUS
10
3.9835124803149604
20
-4.4986804724409444
11
3.9823153543307086
21
-4.4974833464566926
0
LINE
8
BLACK
6
CONTINUOUS
10
3.9823153543307086
20
-4.4974833464566926
11
3.979617874015748
21
-4.4961346062992122
0
LINE
8
BLACK
6
CONTINUOUS
10
3.979617874015748
20
-4.4961346062992122
11
3.977262440944882
21
-4.4961346062992122
0
LINE
8
BLACK
6
CONTINUOUS
10
3.977262440944882
20
-4.4961346062992122
11
3.9745649606299214
21
-4.4974833464566926
0
LINE
8
BLACK
6
CONTINUOUS
10
4.1350556299212595
20
-4.4904071653543305
11
4.1351908661417323
21
-4.4905206299212601
0
LINE
8
BLACK
6
CONTINUOUS
10
4.1351908661417323
20
-4.4905206299212601
11
4.1353662204724406
21
-4.4905408267716531
0
LINE
8
BLACK
6
CONTINUOUS
10
4.1353662204724406
20
-4.4905408267716531
11
4.1391157480314957
21
-4.4924155905511807
0
LINE
8
BLACK
6
CONTINUOUS
10
4.1391157480314957
20
-4.4924155905511807
11
4.1398248031496063
21
-4.4929414960629916
0
LINE
8
BLACK
6
CONTINUOUS
10
4.1398248031496063
20
-4.4929414960629916
11
4.1398831496062991
21
-4.4929687007874017
0
LINE
8
BLACK
6
CONTINUOUS
10
4.1398831496062991
20
-4.4929687007874017
11
4.1436326771653542
21
-4.4967182283464568
0
LINE
8
BLACK
6
CONTINUOUS
10
4.1436326771653542
20
-4.4967182283464568
11
4.1442209055118111
21
-4.4975582677165358
0
LINE
8
BLACK
6
CONTINUOUS
10
4.1442209055118111
20
-4.4975582677165358
11
4.1442462992125986
21
-4.4978485433070867
0
LINE
8
BLACK
6
CONTINUOUS
10
4.1442462992125986
20
-4.4978485433070867
11
4.1444093700787397
21
-4.4980899999999995
0
LINE
8
BLACK
6
CONTINUOUS
10
4.1444093700787397
20
-4.4980899999999995
11
4.1462841338582672
21
-4.5055890551181097
0
LINE
8
BLACK
6
CONTINUOUS
10
4.1462841338582672
20
-4.5055890551181097
11
4.1463255905511813
21
-4.5061769291338578
0
LINE
8
BLACK
6
CONTINUOUS
10
4.1463255905511813
20
-4.5061769291338578
11
4.1463722834645669
21
-4.506305196850394
0
LINE
8
BLACK
6
CONTINUOUS
10
4.1463722834645669
20
-4.506305196850394
11
4.1463722834645669
21
-4.5194285433070869
0
LINE
8
BLACK
6
CONTINUOUS
10
4.1463722834645669
20
-4.5194285433070869
11
4.1462699212598428
21
-4.520008897637795
0
LINE
8
BLACK
6
CONTINUOUS
10
4.1462699212598428
20
-4.520008897637795
11
4.1462841338582672
21
-4.5201446850393703
0
LINE
8
BLACK
6
CONTINUOUS
10
4.1462841338582672
20
-4.5201446850393703
11
4.1444093700787397
21
-4.5276437401574805
0
LINE
8
BLACK
6
CONTINUOUS
10
4.1444093700787397
20
-4.5276437401574805
11
4.1439916535433072
21
-4.5285803149606298
0
LINE
8
BLACK
6
CONTINUOUS
10
4.1439916535433072
20
-4.5285803149606298
11
4.1437558267716534
21
-4.528751377952756
0
LINE
8
BLACK
6
CONTINUOUS
10
4.1437558267716534
20
-4.528751377952756
11
4.143632716535433
21
-4.5290154724409444
0
LINE
8
BLACK
6
CONTINUOUS
10
4.143632716535433
20
-4.5290154724409444
11
4.1398831496062991
21
-4.532765078740157
0
LINE
8
BLACK
6
CONTINUOUS
10
4.1398831496062991
20
-4.532765078740157
11
4.1391600393700783
21
-4.5332713385826775
0
LINE
8
BLACK
6
CONTINUOUS
10
4.1391600393700783
20
-4.5332713385826775
11
4.1391157480314957
21
-4.5333181889763781
0
LINE
8
BLACK
6
CONTINUOUS
10
4.1391157480314957
20
-4.5333181889763781
11
4.1353662204724406
21
-4.5351929527559056
0
LINE
8
BLACK
6
CONTINUOUS
10
4.1353662204724406
20
-4.5351929527559056
11
4.1343832677165357
21
-4.5354853149606296
0
LINE
8
BLACK
6
CONTINUOUS
10
4.1343832677165357
20
-4.5354853149606296
11
4.1342115748031496
21
-4.5354442913385826
0
LINE
8
BLACK
6
CONTINUOUS
10
4.1342115748031496
20
-4.5354442913385826
11
4.1340457086614171
21
-4.5355046850393697
0
LINE
8
BLACK
6
CONTINUOUS
10
4.1340457086614171
20
-4.5355046850393697
11
4.1265466535433069
21
-4.5355046850393697
0
LINE
8
BLACK
6
CONTINUOUS
10
4.1265466535433069
20
-4.5355046850393697
11
4.1255367322834644
21
-4.5353266141732282
0
LINE
8
BLACK
6
CONTINUOUS
10
4.1255367322834644
20
-4.5353266141732282
11
4.1254014566929129
21
-4.5352131102362208
0
LINE
8
BLACK
6
CONTINUOUS
10
4.1254014566929129
20
-4.5352131102362208
11
4.1252261417322833
21
-4.5351929527559056
0
LINE
8
BLACK
6
CONTINUOUS
10
4.1252261417322833
20
-4.5351929527559056
11
4.1214766141732282
21
-4.5333181889763781
0
LINE
8
BLACK
6
CONTINUOUS
10
4.1214766141732282
20
-4.5333181889763781
11
4.1207675590551176
21
-4.5327922834645671
0
LINE
8
BLACK
6
CONTINUOUS
10
4.1207675590551176
20
-4.5327922834645671
11
4.1207092125984248
21
-4.532765078740157
0
LINE
8
BLACK
6
CONTINUOUS
10
4.1207092125984248
20
-4.532765078740157
11
4.1169596850393697
21
-4.5290155118110231
0
LINE
8
BLACK
6
CONTINUOUS
10
4.1169596850393697
20
-4.5290155118110231
11
4.1163714566929137
21
-4.5281754724409451
0
LINE
8
BLACK
6
CONTINUOUS
10
4.1163714566929137
20
-4.5281754724409451
11
4.1163460629921262
21
-4.5278851574803145
0
LINE
8
BLACK
6
CONTINUOUS
10
4.1163460629921262
20
-4.5278851574803145
11
4.1161829921259843
21
-4.5276437401574805
0
LINE
8
BLACK
6
CONTINUOUS
10
4.1161829921259843
20
-4.5276437401574805
11
4.1143082283464567
21
-4.5201446850393703
0
LINE
8
BLACK
6
CONTINUOUS
10
4.1143082283464567
20
-4.5201446850393703
11
4.1142667322834647
21
-4.5195567716535434
0
LINE
8
BLACK
6
CONTINUOUS
10
4.1142667322834647
20
-4.5195567716535434
11
4.114220078740157
21
-4.5194285433070869
0
LINE
8
BLACK
6
CONTINUOUS
10
4.114220078740157
20
-4.5194285433070869
11
4.114220078740157
21
-4.506305196850394
0
LINE
8
BLACK
6
CONTINUOUS
10
4.114220078740157
20
-4.506305196850394
11
4.1143224015748032
21
-4.5057248031496062
0
LINE
8
BLACK
6
CONTINUOUS
10
4.1143224015748032
20
-4.5057248031496062
11
4.1143082283464567
21
-4.5055890551181097
0
LINE
8
BLACK
6
CONTINUOUS
10
4.1143082283464567
20
-4.5055890551181097
11
4.1161829921259843
21
-4.4980899999999995
0
LINE
8
BLACK
6
CONTINUOUS
10
4.1161829921259843
20
-4.4980899999999995
11
4.1166007086614176
21
-4.4971534251968501
0
LINE
8
BLACK
6
CONTINUOUS
10
4.1166007086614176
20
-4.4971534251968501
11
4.1168365354330705
21
-4.4969822834645665
0
LINE
8
BLACK
6
CONTINUOUS
10
4.1168365354330705
20
-4.4969822834645665
11
4.1169596850393697
21
-4.4967182283464568
0
LINE
8
BLACK
6
CONTINUOUS
10
4.1169596850393697
20
-4.4967182283464568
11
4.1207092125984248
21
-4.4929687007874017
0
LINE
8
BLACK
6
CONTINUOUS
10
4.1207092125984248
20
-4.4929687007874017
11
4.1214323622047244
21
-4.4924622834645671
0
LINE
8
BLACK
6
CONTINUOUS
10
4.1214323622047244
20
-4.4924622834645671
11
4.1214766141732282
21
-4.4924155905511807
0
LINE
8
BLACK
6
CONTINUOUS
10
4.1214766141732282
20
-4.4924155905511807
11
4.1252261417322833
21
-4.4905408267716531
0
LINE
8
BLACK
6
CONTINUOUS
10
4.1252261417322833
20
-4.4905408267716531
11
4.1262090551181103
21
-4.4902484645669292
0
LINE
8
BLACK
6
CONTINUOUS
10
4.1262090551181103
20
-4.4902484645669292
11
4.1263807480314956
21
-4.4902894488188974
0
LINE
8
BLACK
6
CONTINUOUS
10
4.1263807480314956
20
-4.4902894488188974
11
4.1265466535433069
21
-4.4902290944881891
0
LINE
8
BLACK
6
CONTINUOUS
10
4.1265466535433069
20
-4.4902290944881891
11
4.1340457086614171
21
-4.4902290944881891
0
LINE
8
BLACK
6
CONTINUOUS
10
4.1340457086614171
20
-4.4902290944881891
11
4.1350556299212595
21
-4.4904071653543305
0
LINE
8
BLACK
6
CONTINUOUS
10
4.1245462204724408
20
-4.4974833464566926
11
4.1217138188976374
21
-4.5003157086614172
0
LINE
8
BLACK
6
CONTINUOUS
10
4.1217138188976374
20
-4.5003157086614172
11
4.1201255905511811
21
-4.5066687401574805
0
LINE
8
BLACK
6
CONTINUOUS
10
4.1201255905511811
20
-4.5066687401574805
11
4.1201255905511811
21
-4.5190650000000003
0
LINE
8
BLACK
6
CONTINUOUS
10
4.1201255905511811
20
-4.5190650000000003
11
4.1217138188976374
21
-4.5254179921259841
0
LINE
8
BLACK
6
CONTINUOUS
10
4.1217138188976374
20
-4.5254179921259841
11
4.1245462204724408
21
-4.5282504330708662
0
LINE
8
BLACK
6
CONTINUOUS
10
4.1245462204724408
20
-4.5282504330708662
11
4.1272437007874014
21
-4.5295991732283465
0
LINE
8
BLACK
6
CONTINUOUS
10
4.1272437007874014
20
-4.5295991732283465
11
4.1333486614173225
21
-4.5295991732283465
0
LINE
8
BLACK
6
CONTINUOUS
10
4.1333486614173225
20
-4.5295991732283465
11
4.1360461023622044
21
-4.5282504330708662
0
LINE
8
BLACK
6
CONTINUOUS
10
4.1360461023622044
20
-4.5282504330708662
11
4.1388785039370077
21
-4.5254179921259841
0
LINE
8
BLACK
6
CONTINUOUS
10
4.1388785039370077
20
-4.5254179921259841
11
4.1404667716535428
21
-4.5190650000000003
0
LINE
8
BLACK
6
CONTINUOUS
10
4.1404667716535428
20
-4.5190650000000003
11
4.1404667716535428
21
-4.5066687401574805
0
LINE
8
BLACK
6
CONTINUOUS
10
4.1404667716535428
20
-4.5066687401574805
11
4.1388785039370077
21
-4.5003157086614172
0
LINE
8
BLACK
6
CONTINUOUS
10
4.1388785039370077
20
-4.5003157086614172
11
4.1360461417322831
21
-4.4974833464566926
0
LINE
8
BLACK
6
CONTINUOUS
10
4.1360461417322831
20
-4.4974833464566926
11
4.1333486614173225
21
-4.4961346062992122
0
LINE
8
BLACK
6
CONTINUOUS
10
4.1333486614173225
20
-4.4961346062992122
11
4.1272437007874014
21
-4.4961346062992122
0
LINE
8
BLACK
6
CONTINUOUS
10
4.1272437007874014
20
-4.4961346062992122
11
4.1245462204724408
21
-4.4974833464566926
0
LINE
8
BLACK
6
CONTINUOUS
10
4.1705356299212601
20
-4.4903823622047243
11
4.1706000000000003
21
-4.4903806299212601
0
LINE
8
BLACK
6
CONTINUOUS
10
4.1706000000000003
20
-4.4903806299212601
11
4.176224291338583
21
-4.4922553937007876
0
LINE
8
BLACK
6
CONTINUOUS
10
4.176224291338583
20
-4.4922553937007876
11
4.1771260629921256
21
-4.4927436614173226
0
LINE
8
BLACK
6
CONTINUOUS
10
4.1771260629921256
20
-4.4927436614173226
11
4.1772184645669288
21
-4.4928940944881885
0
LINE
8
BLACK
6
CONTINUOUS
10
4.1772184645669288
20
-4.4928940944881885
11
4.177378464566929
21
-4.4929687007874017
0
LINE
8
BLACK
6
CONTINUOUS
10
4.177378464566929
20
-4.4929687007874017
11
4.1811279921259841
21
-4.4967182283464568
0
LINE
8
BLACK
6
CONTINUOUS
10
4.1811279921259841
20
-4.4967182283464568
11
4.1816343700787399
21
-4.4974413779527556
0
LINE
8
BLACK
6
CONTINUOUS
10
4.1816343700787399
20
-4.4974413779527556
11
4.1816811023622042
21
-4.4974856299212593
0
LINE
8
BLACK
6
CONTINUOUS
10
4.1816811023622042
20
-4.4974856299212593
11
4.1835558661417318
21
-4.5012351574803144
0
LINE
8
BLACK
6
CONTINUOUS
10
4.1835558661417318
20
-4.5012351574803144
11
4.1837011417322838
21
-4.5017235826771653
0
LINE
8
BLACK
6
CONTINUOUS
10
4.1837011417322838
20
-4.5017235826771653
11
4.183779448818898
21
-4.5018395275590546
0
LINE
8
BLACK
6
CONTINUOUS
10
4.183779448818898
20
-4.5018395275590546
11
4.1856542125984255
21
-4.5093385826771648
0
LINE
8
BLACK
6
CONTINUOUS
10
4.1856542125984255
20
-4.5093385826771648
11
4.1856956692913387
21
-4.5099264566929129
0
LINE
8
BLACK
6
CONTINUOUS
10
4.1856956692913387
20
-4.5099264566929129
11
4.1857423622047243
21
-4.5100547244094491
0
LINE
8
BLACK
6
CONTINUOUS
10
4.1857423622047243
20
-4.5100547244094491
11
4.1857423622047243
21
-4.5156790157480318
0
LINE
8
BLACK
6
CONTINUOUS
10
4.1857423622047243
20
-4.5156790157480318
11
4.1856400000000002
21
-4.5162593700787399
0
LINE
8
BLACK
6
CONTINUOUS
10
4.1856400000000002
20
-4.5162593700787399
11
4.1856542125984255
21
-4.5163951574803152
0
LINE
8
BLACK
6
CONTINUOUS
10
4.1856542125984255
20
-4.5163951574803152
11
4.183779448818898
21
-4.5238942125984254
0
LINE
8
BLACK
6
CONTINUOUS
10
4.183779448818898
20
-4.5238942125984254
11
4.1835718503937009
21
-4.5243596456692909
0
LINE
8
BLACK
6
CONTINUOUS
10
4.1835718503937009
20
-4.5243596456692909
11
4.1835558661417318
21
-4.5244985826771655
0
LINE
8
BLACK
6
CONTINUOUS
10
4.1835558661417318
20
-4.5244985826771655
11
4.1816811023622042
21
-4.5282481102362206
0
LINE
8
BLACK
6
CONTINUOUS
10
4.1816811023622042
20
-4.5282481102362206
11
4.181155236220472
21
-4.5289570866141728
0
LINE
8
BLACK
6
CONTINUOUS
10
4.181155236220472
20
-4.5289570866141728
11
4.1811280314960628
21
-4.5290154724409444
0
LINE
8
BLACK
6
CONTINUOUS
10
4.1811280314960628
20
-4.5290154724409444
11
4.177378464566929
21
-4.532765078740157
0
LINE
8
BLACK
6
CONTINUOUS
10
4.177378464566929
20
-4.532765078740157
11
4.17653842519685
21
-4.5333532677165351
0
LINE
8
BLACK
6
CONTINUOUS
10
4.17653842519685
20
-4.5333532677165351
11
4.1763625590551179
21
-4.5333686220472442
0
LINE
8
BLACK
6
CONTINUOUS
10
4.1763625590551179
20
-4.5333686220472442
11
4.176224291338583
21
-4.533478385826772
0
LINE
8
BLACK
6
CONTINUOUS
10
4.176224291338583
20
-4.533478385826772
11
4.1706000000000003
21
-4.5353531496062995
0
LINE
8
BLACK
6
CONTINUOUS
10
4.1706000000000003
20
-4.5353531496062995
11
4.1697268110236223
21
-4.5354825984251965
0
LINE
8
BLACK
6
CONTINUOUS
10
4.1697268110236223
20
-4.5354825984251965
11
4.1696662598425194
21
-4.5355046850393697
0
LINE
8
BLACK
6
CONTINUOUS
10
4.1696662598425194
20
-4.5355046850393697
11
4.1659167322834643
21
-4.5355046850393697
0
LINE
8
BLACK
6
CONTINUOUS
10
4.1659167322834643
20
-4.5355046850393697
11
4.1650473228346456
21
-4.5353513779527557
0
LINE
8
BLACK
6
CONTINUOUS
10
4.1650473228346456
20
-4.5353513779527557
11
4.1649829527559055
21
-4.5353531496062995
0
LINE
8
BLACK
6
CONTINUOUS
10
4.1649829527559055
20
-4.5353531496062995
11
4.1593587007874016
21
-4.533478385826772
0
LINE
8
BLACK
6
CONTINUOUS
10
4.1593587007874016
20
-4.533478385826772
11
4.158456929133858
21
-4.5329900787401574
0
LINE
8
BLACK
6
CONTINUOUS
10
4.158456929133858
20
-4.5329900787401574
11
4.1583644881889761
21
-4.5328396456692914
0
LINE
8
BLACK
6
CONTINUOUS
10
4.1583644881889761
20
-4.5328396456692914
11
4.1582044881889759
21
-4.5327650393700782
0
LINE
8
BLACK
6
CONTINUOUS
10
4.1582044881889759
20
-4.5327650393700782
11
4.1563297244094484
21
-4.5308902362204719
0
LINE
8
BLACK
6
CONTINUOUS
10
4.1563297244094484
20
-4.5308902362204719
11
4.1557415354330711
21
-4.5300501968503939
0
LINE
8
BLACK
6
CONTINUOUS
10
4.1557415354330711
20
-4.5300501968503939
11
4.1555655511811018
21
-4.5280381102362206
0
LINE
8
BLACK
6
CONTINUOUS
10
4.1555655511811018
20
-4.5280381102362206
11
4.1567240551181097
21
-4.5263835826771652
0
LINE
8
BLACK
6
CONTINUOUS
10
4.1567240551181097
20
-4.5263835826771652
11
4.1586750393700784
21
-4.5258608661417323
0
LINE
8
BLACK
6
CONTINUOUS
10
4.1586750393700784
20
-4.5258608661417323
11
4.1605056299212597
21
-4.5267144881889765
0
LINE
8
BLACK
6
CONTINUOUS
10
4.1605056299212597
20
-4.5267144881889765
11
4.1618874803149604
21
-4.5280963779527559
0
LINE
8
BLACK
6
CONTINUOUS
10
4.1618874803149604
20
-4.5280963779527559
11
4.1663958661417322
21
-4.5295991732283465
0
LINE
8
BLACK
6
CONTINUOUS
10
4.1663958661417322
20
-4.5295991732283465
11
4.1691871259842515
21
-4.5295991732283465
0
LINE
8
BLACK
6
CONTINUOUS
10
4.1691871259842515
20
-4.5295991732283465
11
4.1736955118110233
21
-4.5280963385826771
0
LINE
8
BLACK
6
CONTINUOUS
10
4.1736955118110233
20
-4.5280963385826771
11
4.1766133070866145
21
-4.525178503937008
0
LINE
8
BLACK
6
CONTINUOUS
10
4.1766133070866145
20
-4.525178503937008
11
4.1781288188976378
21
-4.5221475196850394
0
LINE
8
BLACK
6
CONTINUOUS
10
4.1781288188976378
20
-4.5221475196850394
11
4.1798368503937011
21
-4.5153154724409452
0
LINE
8
BLACK
6
CONTINUOUS
10
4.1798368503937011
20
-4.5153154724409452
11
4.1798368503937011
21
-4.5104182677165356
0
LINE
8
BLACK
6
CONTINUOUS
10
4.1798368503937011
20
-4.5104182677165356
11
4.1781288188976378
21
-4.5035862204724406
0
LINE
8
BLACK
6
CONTINUOUS
10
4.1781288188976378
20
-4.5035862204724406
11
4.1766133464566932
21
-4.5005552362204719
0
LINE
8
BLACK
6
CONTINUOUS
10
4.1766133464566932
20
-4.5005552362204719
11
4.1736955118110233
21
-4.4976374015748029
0
LINE
8
BLACK
6
CONTINUOUS
10
4.1736955118110233
20
-4.4976374015748029
11
4.1691871259842515
21
-4.4961346062992122
0
LINE
8
BLACK
6
CONTINUOUS
10
4.1691871259842515
20
-4.4961346062992122
11
4.1663958661417322
21
-4.4961346062992122
0
LINE
8
BLACK
6
CONTINUOUS
10
4.1663958661417322
20
-4.4961346062992122
11
4.1618874803149604
21
-4.4976374015748029
0
LINE
8
BLACK
6
CONTINUOUS
10
4.1618874803149604
20
-4.4976374015748029
11
4.160505590551181
21
-4.4990192913385822
0
LINE
8
BLACK
6
CONTINUOUS
10
4.160505590551181
20
-4.4990192913385822
11
4.159665551181102
21
-4.4996074803149604
0
LINE
8
BLACK
6
CONTINUOUS
10
4.159665551181102
20
-4.4996074803149604
11
4.1576534645669287
21
-4.4997835433070863
0
LINE
8
BLACK
6
CONTINUOUS
10
4.1576534645669287
20
-4.4997835433070863
11
4.1559988976377955
21
-4.4986249999999997
0
LINE
8
BLACK
6
CONTINUOUS
10
4.1559988976377955
20
-4.4986249999999997
11
4.1554761811023617
21
-4.4966740551181097
0
LINE
8
BLACK
6
CONTINUOUS
10
4.1554761811023617
20
-4.4966740551181097
11
4.1563297637795271
21
-4.4948434645669293
0
LINE
8
BLACK
6
CONTINUOUS
10
4.1563297637795271
20
-4.4948434645669293
11
4.1582045275590547
21
-4.4929687007874017
0
LINE
8
BLACK
6
CONTINUOUS
10
4.1582045275590547
20
-4.4929687007874017
11
4.1590445669291336
21
-4.4923805118110236
0
LINE
8
BLACK
6
CONTINUOUS
10
4.1590445669291336
20
-4.4923805118110236
11
4.159220393700787
21
-4.4923651181102358
0
LINE
8
BLACK
6
CONTINUOUS
10
4.159220393700787
20
-4.4923651181102358
11
4.1593587007874016
21
-4.4922553937007876
0
LINE
8
BLACK
6
CONTINUOUS
10
4.1593587007874016
20
-4.4922553937007876
11
4.1649829527559055
21
-4.4903806299212601
0
LINE
8
BLACK
6
CONTINUOUS
10
4.1649829527559055
20
-4.4903806299212601
11
4.1658561811023622
21
-4.4902511023622047
0
LINE
8
BLACK
6
CONTINUOUS
10
4.1658561811023622
20
-4.4902511023622047
11
4.1659167322834643
21
-4.4902290944881891
0
LINE
8
BLACK
6
CONTINUOUS
10
4.1659167322834643
20
-4.4902290944881891
11
4.1696662598425194
21
-4.4902290944881891
0
LINE
8
BLACK
6
CONTINUOUS
10
4.1696662598425194
20
-4.4902290944881891
11
4.1705356299212601
21
-4.4903823622047243
0
LINE
8
BLACK
6
CONTINUOUS
10
5.5291187007874019
20
-4.4903588188976373
11
5.5292881102362204
21
-4.4903479133858264
0
LINE
8
BLACK
6
CONTINUOUS
10
5.5292881102362204
20
-4.4903479133858264
11
5.5299787007874013
21
-4.4908553543307086
0
LINE
8
BLACK
6
CONTINUOUS
10
5.5299787007874013
20
-4.4908553543307086
11
5.5307208267716534
21
-4.4912838582677166
0
LINE
8
BLACK
6
CONTINUOUS
10
5.5307208267716534
20
-4.4912838582677166
11
5.5307788582677162
21
-4.491443346456693
0
LINE
8
BLACK
6
CONTINUOUS
10
5.5307788582677162
20
-4.491443346456693
11
5.5309157480314957
21
-4.491543937007874
0
LINE
8
BLACK
6
CONTINUOUS
10
5.5309157480314957
20
-4.491543937007874
11
5.5345030708661413
21
-4.4969249606299213
0
LINE
8
BLACK
6
CONTINUOUS
10
5.5345030708661413
20
-4.4969249606299213
11
5.5377070472440941
21
-4.5001289370078741
0
LINE
8
BLACK
6
CONTINUOUS
10
5.5377070472440941
20
-4.5001289370078741
11
5.5410279921259837
21
-4.5017894094488184
0
LINE
8
BLACK
6
CONTINUOUS
10
5.5410279921259837
20
-4.5017894094488184
11
5.5418516535433069
21
-4.5024003149606298
0
LINE
8
BLACK
6
CONTINUOUS
10
5.5418516535433069
20
-4.5024003149606298
11
5.5426549212598424
21
-4.504253503937008
0
LINE
8
BLACK
6
CONTINUOUS
10
5.5426549212598424
20
-4.504253503937008
11
5.5420790551181103
21
-4.5061895275590551
0
LINE
8
BLACK
6
CONTINUOUS
10
5.5420790551181103
20
-4.5061895275590551
11
5.5403935039370076
21
-4.5073023622047241
0
LINE
8
BLACK
6
CONTINUOUS
10
5.5403935039370076
20
-4.5073023622047241
11
5.5383869685039366
21
-4.5070714566929135
0
LINE
8
BLACK
6
CONTINUOUS
10
5.5383869685039366
20
-4.5070714566929135
11
5.5346374409448815
21
-4.505196692913386
0
LINE
8
BLACK
6
CONTINUOUS
10
5.5346374409448815
20
-4.505196692913386
11
5.5339283464566931
21
-4.5046707480314963
0
LINE
8
BLACK
6
CONTINUOUS
10
5.5339283464566931
20
-4.5046707480314963
11
5.533870039370079
21
-4.5046435826771649
0
LINE
8
BLACK
6
CONTINUOUS
10
5.533870039370079
20
-4.5046435826771649
11
5.5314116535433069
21
-4.5021851968503936
0
LINE
8
BLACK
6
CONTINUOUS
10
5.5314116535433069
20
-4.5021851968503936
11
5.5314116535433069
21
-4.5295991732283465
0
LINE
8
BLACK
6
CONTINUOUS
10
5.5314116535433069
20
-4.5295991732283465
11
5.5397074803149602
21
-4.5295991732283465
0
LINE
8
BLACK
6
CONTINUOUS
10
5.5397074803149602
20
-4.5295991732283465
11
5.5407174015748026
21
-4.5297772440944879
0
LINE
8
BLACK
6
CONTINUOUS
10
5.5407174015748026
20
-4.5297772440944879
11
5.5422646456692908
21
-4.5310755511811021
0
LINE
8
BLACK
6
CONTINUOUS
10
5.5422646456692908
20
-4.5310755511811021
11
5.5426153937007872
21
-4.5330646850393697
0
LINE
8
BLACK
6
CONTINUOUS
10
5.5426153937007872
20
-4.5330646850393697
11
5.5416054724409447
21
-4.5348138582677162
0
LINE
8
BLACK
6
CONTINUOUS
10
5.5416054724409447
20
-4.5348138582677162
11
5.5397074803149602
21
-4.5355046850393697
0
LINE
8
BLACK
6
CONTINUOUS
10
5.5397074803149602
20
-4.5355046850393697
11
5.5172103149606295
21
-4.5355046850393697
0
LINE
8
BLACK
6
CONTINUOUS
10
5.5172103149606295
20
-4.5355046850393697
11
5.5162003937007871
21
-4.5353266141732282
0
LINE
8
BLACK
6
CONTINUOUS
10
5.5162003937007871
20
-4.5353266141732282
11
5.5146531496062989
21
-4.5340283070866141
0
LINE
8
BLACK
6
CONTINUOUS
10
5.5146531496062989
20
-4.5340283070866141
11
5.5143024015748034
21
-4.5320391732283465
0
LINE
8
BLACK
6
CONTINUOUS
10
5.5143024015748034
20
-4.5320391732283465
11
5.5153123228346459
21
-4.5302899999999999
0
LINE
8
BLACK
6
CONTINUOUS
10
5.5153123228346459
20
-4.5302899999999999
11
5.5172103149606295
21
-4.5295991732283465
0
LINE
8
BLACK
6
CONTINUOUS
10
5.5172103149606295
20
-4.5295991732283465
11
5.5255061417322837
21
-4.5295991732283465
0
LINE
8
BLACK
6
CONTINUOUS
10
5.5255061417322837
20
-4.5295991732283465
11
5.5255061417322837
21
-4.4931818503937011
0
LINE
8
BLACK
6
CONTINUOUS
10
5.5255061417322837
20
-4.4931818503937011
11
5.5256842125984251
21
-4.4921719291338578
0
LINE
8
BLACK
6
CONTINUOUS
10
5.5256842125984251
20
-4.4921719291338578
11
5.5257933070866141
21
-4.4920418503937007
0
LINE
8
BLACK
6
CONTINUOUS
10
5.5257933070866141
20
-4.4920418503937007
11
5.5258120078740154
21
-4.4918731102362202
0
LINE
8
BLACK
6
CONTINUOUS
10
5.5258120078740154
20
-4.4918731102362202
11
5.5264316141732284
21
-4.4912811811023623
0
LINE
8
BLACK
6
CONTINUOUS
10
5.5264316141732284
20
-4.4912811811023623
11
5.5269825196850393
21
-4.4906246850393696
0
LINE
8
BLACK
6
CONTINUOUS
10
5.5269825196850393
20
-4.4906246850393696
11
5.5271497244094485
21
-4.4905951968503937
0
LINE
8
BLACK
6
CONTINUOUS
10
5.5271497244094485
20
-4.4905951968503937
11
5.527272519685039
21
-4.4904779133858268
0
LINE
8
BLACK
6
CONTINUOUS
10
5.527272519685039
20
-4.4904779133858268
11
5.5281276377952757
21
-4.4904227559055121
0
LINE
8
BLACK
6
CONTINUOUS
10
5.5281276377952757
20
-4.4904227559055121
11
5.5289716535433069
21
-4.4902739370078741
0
LINE
8
BLACK
6
CONTINUOUS
10
5.5289716535433069
20
-4.4902739370078741
11
5.5291187007874019
21
-4.4903588188976373
0
LINE
8
BLACK
6
CONTINUOUS
10
5.5688388976377947
20
-4.4904071653543305
11
5.5689741338582675
21
-4.4905206299212601
0
LINE
8
BLACK
6
CONTINUOUS
10
5.5689741338582675
20
-4.4905206299212601
11
5.5691494881889758
21
-4.4905408267716531
0
LINE
8
BLACK
6
CONTINUOUS
10
5.5691494881889758
20
-4.4905408267716531
11
5.5728990157480309
21
-4.4924155905511807
0
LINE
8
BLACK
6
CONTINUOUS
10
5.5728990157480309
20
-4.4924155905511807
11
5.5736080708661415
21
-4.4929414960629916
0
LINE
8
BLACK
6
CONTINUOUS
10
5.5736080708661415
20
-4.4929414960629916
11
5.5736664173228343
21
-4.4929687007874017
0
LINE
8
BLACK
6
CONTINUOUS
10
5.5736664173228343
20
-4.4929687007874017
11
5.5755411811023619
21
-4.4948434645669293
0
LINE
8
BLACK
6
CONTINUOUS
10
5.5755411811023619
20
-4.4948434645669293
11
5.5760474409448815
21
-4.4955665354330705
0
LINE
8
BLACK
6
CONTINUOUS
10
5.5760474409448815
20
-4.4955665354330705
11
5.5760942913385829
21
-4.4956108661417318
0
LINE
8
BLACK
6
CONTINUOUS
10
5.5760942913385829
20
-4.4956108661417318
11
5.5779690551181105
21
-4.4993603937007869
0
LINE
8
BLACK
6
CONTINUOUS
10
5.5779690551181105
20
-4.4993603937007869
11
5.5781143307086616
21
-4.4998488188976378
0
LINE
8
BLACK
6
CONTINUOUS
10
5.5781143307086616
20
-4.4998488188976378
11
5.5781926377952757
21
-4.499964763779527
0
LINE
8
BLACK
6
CONTINUOUS
10
5.5781926377952757
20
-4.499964763779527
11
5.5800674015748033
21
-4.5074638188976373
0
LINE
8
BLACK
6
CONTINUOUS
10
5.5800674015748033
20
-4.5074638188976373
11
5.5801088582677165
21
-4.5080516929133854
0
LINE
8
BLACK
6
CONTINUOUS
10
5.5801088582677165
20
-4.5080516929133854
11
5.5801555511811021
21
-4.5081799606299215
0
LINE
8
BLACK
6
CONTINUOUS
10
5.5801555511811021
20
-4.5081799606299215
11
5.5801555511811021
21
-4.5175537795275593
0
LINE
8
BLACK
6
CONTINUOUS
10
5.5801555511811021
20
-4.5175537795275593
11
5.580053188976378
21
-4.5181341338582675
0
LINE
8
BLACK
6
CONTINUOUS
10
5.580053188976378
20
-4.5181341338582675
11
5.5800674015748033
21
-4.5182699212598427
0
LINE
8
BLACK
6
CONTINUOUS
10
5.5800674015748033
20
-4.5182699212598427
11
5.5781926377952757
21
-4.5257689763779529
0
LINE
8
BLACK
6
CONTINUOUS
10
5.5781926377952757
20
-4.5257689763779529
11
5.5779850393700787
21
-4.5262344094488185
0
LINE
8
BLACK
6
CONTINUOUS
10
5.5779850393700787
20
-4.5262344094488185
11
5.5779690551181105
21
-4.5263733464566931
0
LINE
8
BLACK
6
CONTINUOUS
10
5.5779690551181105
20
-4.5263733464566931
11
5.5760942913385829
21
-4.5301228740157482
0
LINE
8
BLACK
6
CONTINUOUS
10
5.5760942913385829
20
-4.5301228740157482
11
5.5755683464566932
21
-4.5308319291338579
0
LINE
8
BLACK
6
CONTINUOUS
10
5.5755683464566932
20
-4.5308319291338579
11
5.5755411811023619
21
-4.5308902755905507
0
LINE
8
BLACK
6
CONTINUOUS
10
5.5755411811023619
20
-4.5308902755905507
11
5.5736664566929131
21
-4.5327650393700782
0
LINE
8
BLACK
6
CONTINUOUS
10
5.5736664566929131
20
-4.5327650393700782
11
5.5729432677165356
21
-4.5332714173228341
0
LINE
8
BLACK
6
CONTINUOUS
10
5.5729432677165356
20
-4.5332714173228341
11
5.5728990157480309
21
-4.5333181889763781
0
LINE
8
BLACK
6
CONTINUOUS
10
5.5728990157480309
20
-4.5333181889763781
11
5.5691494881889758
21
-4.5351929527559056
0
LINE
8
BLACK
6
CONTINUOUS
10
5.5691494881889758
20
-4.5351929527559056
11
5.5681665354330709
21
-4.5354853149606296
0
LINE
8
BLACK
6
CONTINUOUS
10
5.5681665354330709
20
-4.5354853149606296
11
5.5679948425196848
21
-4.5354442913385826
0
LINE
8
BLACK
6
CONTINUOUS
10
5.5679948425196848
20
-4.5354442913385826
11
5.5678289763779523
21
-4.5355046850393697
0
LINE
8
BLACK
6
CONTINUOUS
10
5.5678289763779523
20
-4.5355046850393697
11
5.5640794488188972
21
-4.5355046850393697
0
LINE
8
BLACK
6
CONTINUOUS
10
5.5640794488188972
20
-4.5355046850393697
11
5.5630695275590547
21
-4.5353266141732282
0
LINE
8
BLACK
6
CONTINUOUS
10
5.5630695275590547
20
-4.5353266141732282
11
5.5629342519685041
21
-4.5352131102362208
0
LINE
8
BLACK
6
CONTINUOUS
10
5.5629342519685041
20
-4.5352131102362208
11
5.5627589370078736
21
-4.5351929527559056
0
LINE
8
BLACK
6
CONTINUOUS
10
5.5627589370078736
20
-4.5351929527559056
11
5.5590094094488185
21
-4.5333181889763781
0
LINE
8
BLACK
6
CONTINUOUS
10
5.5590094094488185
20
-4.5333181889763781
11
5.5583002755905513
21
-4.5327922047244096
0
LINE
8
BLACK
6
CONTINUOUS
10
5.5583002755905513
20
-4.5327922047244096
11
5.5582419685039373
21
-4.5327650393700782
0
LINE
8
BLACK
6
CONTINUOUS
10
5.5582419685039373
20
-4.5327650393700782
11
5.5563672047244097
21
-4.5308902362204719
0
LINE
8
BLACK
6
CONTINUOUS
10
5.5563672047244097
20
-4.5308902362204719
11
5.5558609055118113
21
-4.5301671653543307
0
LINE
8
BLACK
6
CONTINUOUS
10
5.5558609055118113
20
-4.5301671653543307
11
5.5558141338582674
21
-4.5301228740157482
0
LINE
8
BLACK
6
CONTINUOUS
10
5.5558141338582674
20
-4.5301228740157482
11
5.5539393700787398
21
-4.5263733464566931
0
LINE
8
BLACK
6
CONTINUOUS
10
5.5539393700787398
20
-4.5263733464566931
11
5.55379405511811
21
-4.5258848818897635
0
LINE
8
BLACK
6
CONTINUOUS
10
5.55379405511811
20
-4.5258848818897635
11
5.5537157874015746
21
-4.5257689763779529
0
LINE
8
BLACK
6
CONTINUOUS
10
5.5537157874015746
20
-4.5257689763779529
11
5.551841023622047
21
-4.5182699212598427
0
LINE
8
BLACK
6
CONTINUOUS
10
5.551841023622047
20
-4.5182699212598427
11
5.551799527559055
21
-4.5176820078740159
0
LINE
8
BLACK
6
CONTINUOUS
10
5.551799527559055
20
-4.5176820078740159
11
5.5517528740157482
21
-4.5175537795275593
0
LINE
8
BLACK
6
CONTINUOUS
10
5.5517528740157482
20
-4.5175537795275593
11
5.5517528740157482
21
-4.5081799606299215
0
LINE
8
BLACK
6
CONTINUOUS
10
5.5517528740157482
20
-4.5081799606299215
11
5.5518551968503935
21
-4.5075995669291338
0
LINE
8
BLACK
6
CONTINUOUS
10
5.5518551968503935
20
-4.5075995669291338
11
5.551841023622047
21
-4.5074638188976373
0
LINE
8
BLACK
6
CONTINUOUS
10
5.551841023622047
20
-4.5074638188976373
11
5.5537157874015746
21
-4.499964763779527
0
LINE
8
BLACK
6
CONTINUOUS
10
5.5537157874015746
20
-4.499964763779527
11
5.5539233464566928
21
-4.4994992913385827
0
LINE
8
BLACK
6
CONTINUOUS
10
5.5539233464566928
20
-4.4994992913385827
11
5.5539393700787398
21
-4.4993603937007869
0
LINE
8
BLACK
6
CONTINUOUS
10
5.5539393700787398
20
-4.4993603937007869
11
5.5558141338582674
21
-4.4956108661417318
0
LINE
8
BLACK
6
CONTINUOUS
10
5.5558141338582674
20
-4.4956108661417318
11
5.5563400393700784
21
-4.4949017716535433
0
LINE
8
BLACK
6
CONTINUOUS
10
5.5563400393700784
20
-4.4949017716535433
11
5.5563672440944885
21
-4.4948434645669293
0
LINE
8
BLACK
6
CONTINUOUS
10
5.5563672440944885
20
-4.4948434645669293
11
5.558242007874016
21
-4.4929687007874017
0
LINE
8
BLACK
6
CONTINUOUS
10
5.558242007874016
20
-4.4929687007874017
11
5.5589650787401572
21
-4.4924624015748034
0
LINE
8
BLACK
6
CONTINUOUS
10
5.5589650787401572
20
-4.4924624015748034
11
5.5590094094488185
21
-4.4924155905511807
0
LINE
8
BLACK
6
CONTINUOUS
10
5.5590094094488185
20
-4.4924155905511807
11
5.5627589370078736
21
-4.4905408267716531
0
LINE
8
BLACK
6
CONTINUOUS
10
5.5627589370078736
20
-4.4905408267716531
11
5.5637418503937006
21
-4.4902484645669292
0
LINE
8
BLACK
6
CONTINUOUS
10
5.5637418503937006
20
-4.4902484645669292
11
5.5639135433070868
21
-4.4902894488188974
0
LINE
8
BLACK
6
CONTINUOUS
10
5.5639135433070868
20
-4.4902894488188974
11
5.5640794488188972
21
-4.4902290944881891
0
LINE
8
BLACK
6
CONTINUOUS
10
5.5640794488188972
20
-4.4902290944881891
11
5.5678289763779523
21
-4.4902290944881891
0
LINE
8
BLACK
6
CONTINUOUS
10
5.5678289763779523
20
-4.4902290944881891
11
5.5688388976377947
21
-4.4904071653543305
0
LINE
8
BLACK
6
CONTINUOUS
10
5.5620790157480311
20
-4.4974833464566926
11
5.5608818897637793
21
-4.4986804724409444
0
LINE
8
BLACK
6
CONTINUOUS
10
5.5608818897637793
20
-4.4986804724409444
11
5.559366377952756
21
-4.5017114566929131
0
LINE
8
BLACK
6
CONTINUOUS
10
5.559366377952756
20
-4.5017114566929131
11
5.5576583858267714
21
-4.5085435039370081
0
LINE
8
BLACK
6
CONTINUOUS
10
5.5576583858267714
20
-4.5085435039370081
11
5.5576583858267714
21
-4.5171902362204728
0
LINE
8
BLACK
6
CONTINUOUS
10
5.5576583858267714
20
-4.5171902362204728
11
5.559366377952756
21
-4.5240222834645669
0
LINE
8
BLACK
6
CONTINUOUS
10
5.559366377952756
20
-4.5240222834645669
11
5.5608818897637793
21
-4.5270532677165356
0
LINE
8
BLACK
6
CONTINUOUS
10
5.5608818897637793
20
-4.5270532677165356
11
5.5620790157480311
21
-4.5282504330708662
0
LINE
8
BLACK
6
CONTINUOUS
10
5.5620790157480311
20
-4.5282504330708662
11
5.5647764960629917
21
-4.5295991732283465
0
LINE
8
BLACK
6
CONTINUOUS
10
5.5647764960629917
20
-4.5295991732283465
11
5.5671319291338586
21
-4.5295991732283465
0
LINE
8
BLACK
6
CONTINUOUS
10
5.5671319291338586
20
-4.5295991732283465
11
5.5698293700787405
21
-4.5282504330708662
0
LINE
8
BLACK
6
CONTINUOUS
10
5.5698293700787405
20
-4.5282504330708662
11
5.5710264960629923
21
-4.5270532677165356
0
LINE
8
BLACK
6
CONTINUOUS
10
5.5710264960629923
20
-4.5270532677165356
11
5.5725420078740155
21
-4.5240222834645669
0
LINE
8
BLACK
6
CONTINUOUS
10
5.5725420078740155
20
-4.5240222834645669
11
5.5742500393700789
21
-4.5171902362204728
0
LINE
8
BLACK
6
CONTINUOUS
10
5.5742500393700789
20
-4.5171902362204728
11
5.5742500393700789
21
-4.5085435039370081
0
LINE
8
BLACK
6
CONTINUOUS
10
5.5742500393700789
20
-4.5085435039370081
11
5.5725420078740155
21
-4.5017114566929131
0
LINE
8
BLACK
6
CONTINUOUS
10
5.5725420078740155
20
-4.5017114566929131
11
5.571026535433071
21
-4.4986804724409444
0
LINE
8
BLACK
6
CONTINUOUS
10
5.571026535433071
20
-4.4986804724409444
11
5.5698294094488192
21
-4.4974833464566926
0
LINE
8
BLACK
6
CONTINUOUS
10
5.5698294094488192
20
-4.4974833464566926
11
5.5671319291338586
21
-4.4961346062992122
0
LINE
8
BLACK
6
CONTINUOUS
10
5.5671319291338586
20
-4.4961346062992122
11
5.5647764960629917
21
-4.4961346062992122
0
LINE
8
BLACK
6
CONTINUOUS
10
5.5647764960629917
20
-4.4961346062992122
11
5.5620790157480311
21
-4.4974833464566926
0
LINE
8
BLACK
6
CONTINUOUS
10
5.6416046456692914
20
-4.4903588188976373
11
5.6417740551181099
21
-4.4903479133858264
0
LINE
8
BLACK
6
CONTINUOUS
10
5.6417740551181099
20
-4.4903479133858264
11
5.6424646456692908
21
-4.4908553543307086
0
LINE
8
BLACK
6
CONTINUOUS
10
5.6424646456692908
20
-4.4908553543307086
11
5.643206771653543
21
-4.4912838582677166
0
LINE
8
BLACK
6
CONTINUOUS
10
5.643206771653543
20
-4.4912838582677166
11
5.6432648031496058
21
-4.491443346456693
0
LINE
8
BLACK
6
CONTINUOUS
10
5.6432648031496058
20
-4.491443346456693
11
5.6434016929133861
21
-4.491543937007874
0
LINE
8
BLACK
6
CONTINUOUS
10
5.6434016929133861
20
-4.491543937007874
11
5.6469890157480318
21
-4.4969249606299213
0
LINE
8
BLACK
6
CONTINUOUS
10
5.6469890157480318
20
-4.4969249606299213
11
5.6501929921259837
21
-4.5001289370078741
0
LINE
8
BLACK
6
CONTINUOUS
10
5.6501929921259837
20
-4.5001289370078741
11
5.6535139370078742
21
-4.5017894094488184
0
LINE
8
BLACK
6
CONTINUOUS
10
5.6535139370078742
20
-4.5017894094488184
11
5.6543375984251965
21
-4.5024003149606298
0
LINE
8
BLACK
6
CONTINUOUS
10
5.6543375984251965
20
-4.5024003149606298
11
5.6551408661417319
21
-4.504253503937008
0
LINE
8
BLACK
6
CONTINUOUS
10
5.6551408661417319
20
-4.504253503937008
11
5.6545649999999998
21
-4.5061895275590551
0
LINE
8
BLACK
6
CONTINUOUS
10
5.6545649999999998
20
-4.5061895275590551
11
5.6528794488188971
21
-4.5073023622047241
0
LINE
8
BLACK
6
CONTINUOUS
10
5.6528794488188971
20
-4.5073023622047241
11
5.6508729133858262
21
-4.5070714566929135
0
LINE
8
BLACK
6
CONTINUOUS
10
5.6508729133858262
20
-4.5070714566929135
11
5.6471233858267711
21
-4.505196692913386
0
LINE
8
BLACK
6
CONTINUOUS
10
5.6471233858267711
20
-4.505196692913386
11
5.6464142913385826
21
-4.5046707480314963
0
LINE
8
BLACK
6
CONTINUOUS
10
5.6464142913385826
20
-4.5046707480314963
11
5.6463559842519686
21
-4.5046435826771649
0
LINE
8
BLACK
6
CONTINUOUS
10
5.6463559842519686
20
-4.5046435826771649
11
5.6438975984251964
21
-4.5021851968503936
0
LINE
8
BLACK
6
CONTINUOUS
10
5.6438975984251964
20
-4.5021851968503936
11
5.6438975984251964
21
-4.5295991732283465
0
LINE
8
BLACK
6
CONTINUOUS
10
5.6438975984251964
20
-4.5295991732283465
11
5.6521934251968506
21
-4.5295991732283465
0
LINE
8
BLACK
6
CONTINUOUS
10
5.6521934251968506
20
-4.5295991732283465
11
5.6532033464566931
21
-4.5297772440944879
0
LINE
8
BLACK
6
CONTINUOUS
10
5.6532033464566931
20
-4.5297772440944879
11
5.6547505905511812
21
-4.5310755511811021
0
LINE
8
BLACK
6
CONTINUOUS
10
5.6547505905511812
20
-4.5310755511811021
11
5.6551013385826767
21
-4.5330646850393697
0
LINE
8
BLACK
6
CONTINUOUS
10
5.6551013385826767
20
-4.5330646850393697
11
5.6540914173228343
21
-4.5348138582677162
0
LINE
8
BLACK
6
CONTINUOUS
10
5.6540914173228343
20
-4.5348138582677162
11
5.6521934251968506
21
-4.5355046850393697
0
LINE
8
BLACK
6
CONTINUOUS
10
5.6521934251968506
20
-4.5355046850393697
11
5.62969625984252
21
-4.5355046850393697
0
LINE
8
BLACK
6
CONTINUOUS
10
5.62969625984252
20
-4.5355046850393697
11
5.6286863385826766
21
-4.5353266141732282
0
LINE
8
BLACK
6
CONTINUOUS
10
5.6286863385826766
20
-4.5353266141732282
11
5.6271390944881885
21
-4.5340283070866141
0
LINE
8
BLACK
6
CONTINUOUS
10
5.6271390944881885
20
-4.5340283070866141
11
5.626788346456693
21
-4.5320391732283465
0
LINE
8
BLACK
6
CONTINUOUS
10
5.626788346456693
20
-4.5320391732283465
11
5.6277982677165355
21
-4.5302899999999999
0
LINE
8
BLACK
6
CONTINUOUS
10
5.6277982677165355
20
-4.5302899999999999
11
5.62969625984252
21
-4.5295991732283465
0
LINE
8
BLACK
6
CONTINUOUS
10
5.62969625984252
20
-4.5295991732283465
11
5.6379920866141733
21
-4.5295991732283465
0
LINE
8
BLACK
6
CONTINUOUS
10
5.6379920866141733
20
-4.5295991732283465
11
5.6379920866141733
21
-4.4931818503937011
0
LINE
8
BLACK
6
CONTINUOUS
10
5.6379920866141733
20
-4.4931818503937011
11
5.6381701574803147
21
-4.4921719291338578
0
LINE
8
BLACK
6
CONTINUOUS
10
5.6381701574803147
20
-4.4921719291338578
11
5.6382792519685037
21
-4.4920418503937007
0
LINE
8
BLACK
6
CONTINUOUS
10
5.6382792519685037
20
-4.4920418503937007
11
5.638297952755905
21
-4.4918731102362202
0
LINE
8
BLACK
6
CONTINUOUS
10
5.638297952755905
20
-4.4918731102362202
11
5.6389175590551179
21
-4.4912811811023623
0
LINE
8
BLACK
6
CONTINUOUS
10
5.6389175590551179
20
-4.4912811811023623
11
5.6394684645669289
21
-4.4906246850393696
0
LINE
8
BLACK
6
CONTINUOUS
10
5.6394684645669289
20
-4.4906246850393696
11
5.6396356692913381
21
-4.4905951968503937
0
LINE
8
BLACK
6
CONTINUOUS
10
5.6396356692913381
20
-4.4905951968503937
11
5.6397584645669294
21
-4.4904779133858268
0
LINE
8
BLACK
6
CONTINUOUS
10
5.6397584645669294
20
-4.4904779133858268
11
5.6406135826771653
21
-4.4904227559055121
0
LINE
8
BLACK
6
CONTINUOUS
10
5.6406135826771653
20
-4.4904227559055121
11
5.6414575984251965
21
-4.4902739370078741
0
LINE
8
BLACK
6
CONTINUOUS
10
5.6414575984251965
20
-4.4902739370078741
11
5.6416046456692914
21
-4.4903588188976373
0
LINE
8
BLACK
6
CONTINUOUS
10
5.6813248425196852
20
-4.4904071653543305
11
5.681460078740157
21
-4.4905206299212601
0
LINE
8
BLACK
6
CONTINUOUS
10
5.681460078740157
20
-4.4905206299212601
11
5.6816354330708663
21
-4.4905408267716531
0
LINE
8
BLACK
6
CONTINUOUS
10
5.6816354330708663
20
-4.4905408267716531
11
5.6853849606299214
21
-4.4924155905511807
0
LINE
8
BLACK
6
CONTINUOUS
10
5.6853849606299214
20
-4.4924155905511807
11
5.6860940157480311
21
-4.4929414960629916
0
LINE
8
BLACK
6
CONTINUOUS
10
5.6860940157480311
20
-4.4929414960629916
11
5.6861523622047239
21
-4.4929687007874017
0
LINE
8
BLACK
6
CONTINUOUS
10
5.6861523622047239
20
-4.4929687007874017
11
5.6880271259842514
21
-4.4948434645669293
0
LINE
8
BLACK
6
CONTINUOUS
10
5.6880271259842514
20
-4.4948434645669293
11
5.6885333858267719
21
-4.4955665354330705
0
LINE
8
BLACK
6
CONTINUOUS
10
5.6885333858267719
20
-4.4955665354330705
11
5.6885802362204725
21
-4.4956108661417318
0
LINE
8
BLACK
6
CONTINUOUS
10
5.6885802362204725
20
-4.4956108661417318
11
5.690455
21
-4.4993603937007869
0
LINE
8
BLACK
6
CONTINUOUS
10
5.690455
20
-4.4993603937007869
11
5.6906002755905511
21
-4.4998488188976378
0
LINE
8
BLACK
6
CONTINUOUS
10
5.6906002755905511
20
-4.4998488188976378
11
5.6906785826771653
21
-4.499964763779527
0
LINE
8
BLACK
6
CONTINUOUS
10
5.6906785826771653
20
-4.499964763779527
11
5.6925533464566929
21
-4.5074638188976373
0
LINE
8
BLACK
6
CONTINUOUS
10
5.6925533464566929
20
-4.5074638188976373
11
5.6925948031496061
21
-4.5080516929133854
0
LINE
8
BLACK
6
CONTINUOUS
10
5.6925948031496061
20
-4.5080516929133854
11
5.6926414960629916
21
-4.5081799606299215
0
LINE
8
BLACK
6
CONTINUOUS
10
5.6926414960629916
20
-4.5081799606299215
11
5.6926414960629916
21
-4.5175537795275593
0
LINE
8
BLACK
6
CONTINUOUS
10
5.6926414960629916
20
-4.5175537795275593
11
5.6925391338582676
21
-4.5181341338582675
0
LINE
8
BLACK
6
CONTINUOUS
10
5.6925391338582676
20
-4.5181341338582675
11
5.6925533464566929
21
-4.5182699212598427
0
LINE
8
BLACK
6
CONTINUOUS
10
5.6925533464566929
20
-4.5182699212598427
11
5.6906785826771653
21
-4.5257689763779529
0
LINE
8
BLACK
6
CONTINUOUS
10
5.6906785826771653
20
-4.5257689763779529
11
5.6904709842519683
21
-4.5262344094488185
0
LINE
8
BLACK
6
CONTINUOUS
10
5.6904709842519683
20
-4.5262344094488185
11
5.690455
21
-4.5263733464566931
0
LINE
8
BLACK
6
CONTINUOUS
10
5.690455
20
-4.5263733464566931
11
5.6885802362204725
21
-4.5301228740157482
0
LINE
8
BLACK
6
CONTINUOUS
10
5.6885802362204725
20
-4.5301228740157482
11
5.6880542913385828
21
-4.5308319291338579
0
LINE
8
BLACK
6
CONTINUOUS
10
5.6880542913385828
20
-4.5308319291338579
11
5.6880271259842514
21
-4.5308902755905507
0
LINE
8
BLACK
6
CONTINUOUS
10
5.6880271259842514
20
-4.5308902755905507
11
5.6861524015748026
21
-4.5327650393700782
0
LINE
8
BLACK
6
CONTINUOUS
10
5.6861524015748026
20
-4.5327650393700782
11
5.6854292125984252
21
-4.5332714173228341
0
LINE
8
BLACK
6
CONTINUOUS
10
5.6854292125984252
20
-4.5332714173228341
11
5.6853849606299214
21
-4.5333181889763781
0
LINE
8
BLACK
6
CONTINUOUS
10
5.6853849606299214
20
-4.5333181889763781
11
5.6816354330708663
21
-4.5351929527559056
0
LINE
8
BLACK
6
CONTINUOUS
10
5.6816354330708663
20
-4.5351929527559056
11
5.6806524803149605
21
-4.5354853149606296
0
LINE
8
BLACK
6
CONTINUOUS
10
5.6806524803149605
20
-4.5354853149606296
11
5.6804807874015744
21
-4.5354442913385826
0
LINE
8
BLACK
6
CONTINUOUS
10
5.6804807874015744
20
-4.5354442913385826
11
5.6803149212598427
21
-4.5355046850393697
0
LINE
8
BLACK
6
CONTINUOUS
10
5.6803149212598427
20
-4.5355046850393697
11
5.6765653937007876
21
-4.5355046850393697
0
LINE
8
BLACK
6
CONTINUOUS
10
5.6765653937007876
20
-4.5355046850393697
11
5.6755554724409452
21
-4.5353266141732282
0
LINE
8
BLACK
6
CONTINUOUS
10
5.6755554724409452
20
-4.5353266141732282
11
5.6754201968503937
21
-4.5352131102362208
0
LINE
8
BLACK
6
CONTINUOUS
10
5.6754201968503937
20
-4.5352131102362208
11
5.6752448818897641
21
-4.5351929527559056
0
LINE
8
BLACK
6
CONTINUOUS
10
5.6752448818897641
20
-4.5351929527559056
11
5.6714953543307089
21
-4.5333181889763781
0
LINE
8
BLACK
6
CONTINUOUS
10
5.6714953543307089
20
-4.5333181889763781
11
5.6707862204724409
21
-4.5327922047244096
0
LINE
8
BLACK
6
CONTINUOUS
10
5.6707862204724409
20
-4.5327922047244096
11
5.6707279133858268
21
-4.5327650393700782
0
LINE
8
BLACK
6
CONTINUOUS
10
5.6707279133858268
20
-4.5327650393700782
11
5.6688531496062993
21
-4.5308902362204719
0
LINE
8
BLACK
6
CONTINUOUS
10
5.6688531496062993
20
-4.5308902362204719
11
5.6683468503937009
21
-4.5301671653543307
0
LINE
8
BLACK
6
CONTINUOUS
10
5.6683468503937009
20
-4.5301671653543307
11
5.668300078740157
21
-4.5301228740157482
0
LINE
8
BLACK
6
CONTINUOUS
10
5.668300078740157
20
-4.5301228740157482
11
5.6664253149606294
21
-4.5263733464566931
0
LINE
8
BLACK
6
CONTINUOUS
10
5.6664253149606294
20
-4.5263733464566931
11
5.6662799999999995
21
-4.5258848818897635
0
LINE
8
BLACK
6
CONTINUOUS
10
5.6662799999999995
20
-4.5258848818897635
11
5.6662017322834641
21
-4.5257689763779529
0
LINE
8
BLACK
6
CONTINUOUS
10
5.6662017322834641
20
-4.5257689763779529
11
5.6643269685039366
21
-4.5182699212598427
0
LINE
8
BLACK
6
CONTINUOUS
10
5.6643269685039366
20
-4.5182699212598427
11
5.6642854724409446
21
-4.5176820078740159
0
LINE
8
BLACK
6
CONTINUOUS
10
5.6642854724409446
20
-4.5176820078740159
11
5.6642388188976378
21
-4.5175537795275593
0
LINE
8
BLACK
6
CONTINUOUS
10
5.6642388188976378
20
-4.5175537795275593
11
5.6642388188976378
21
-4.5081799606299215
0
LINE
8
BLACK
6
CONTINUOUS
10
5.6642388188976378
20
-4.5081799606299215
11
5.6643411417322831
21
-4.5075995669291338
0
LINE
8
BLACK
6
CONTINUOUS
10
5.6643411417322831
20
-4.5075995669291338
11
5.6643269685039366
21
-4.5074638188976373
0
LINE
8
BLACK
6
CONTINUOUS
10
5.6643269685039366
20
-4.5074638188976373
11
5.6662017322834641
21
-4.499964763779527
0
LINE
8
BLACK
6
CONTINUOUS
10
5.6662017322834641
20
-4.499964763779527
11
5.6664092913385824
21
-4.4994992913385827
0
LINE
8
BLACK
6
CONTINUOUS
10
5.6664092913385824
20
-4.4994992913385827
11
5.6664253149606294
21
-4.4993603937007869
0
LINE
8
BLACK
6
CONTINUOUS
10
5.6664253149606294
20
-4.4993603937007869
11
5.668300078740157
21
-4.4956108661417318
0
LINE
8
BLACK
6
CONTINUOUS
10
5.668300078740157
20
-4.4956108661417318
11
5.6688259842519679
21
-4.4949017716535433
0
LINE
8
BLACK
6
CONTINUOUS
10
5.6688259842519679
20
-4.4949017716535433
11
5.668853188976378
21
-4.4948434645669293
0
LINE
8
BLACK
6
CONTINUOUS
10
5.668853188976378
20
-4.4948434645669293
11
5.6707279527559056
21
-4.4929687007874017
0
LINE
8
BLACK
6
CONTINUOUS
10
5.6707279527559056
20
-4.4929687007874017
11
5.6714510236220468
21
-4.4924624015748034
0
LINE
8
BLACK
6
CONTINUOUS
10
5.6714510236220468
20
-4.4924624015748034
11
5.6714953543307089
21
-4.4924155905511807
0
LINE
8
BLACK
6
CONTINUOUS
10
5.6714953543307089
20
-4.4924155905511807
11
5.6752448818897641
21
-4.4905408267716531
0
LINE
8
BLACK
6
CONTINUOUS
10
5.6752448818897641
20
-4.4905408267716531
11
5.6762277952755902
21
-4.4902484645669292
0
LINE
8
BLACK
6
CONTINUOUS
10
5.6762277952755902
20
-4.4902484645669292
11
5.6763994881889763
21
-4.4902894488188974
0
LINE
8
BLACK
6
CONTINUOUS
10
5.6763994881889763
20
-4.4902894488188974
11
5.6765653937007876
21
-4.4902290944881891
0
LINE
8
BLACK
6
CONTINUOUS
10
5.6765653937007876
20
-4.4902290944881891
11
5.6803149212598427
21
-4.4902290944881891
0
LINE
8
BLACK
6
CONTINUOUS
10
5.6803149212598427
20
-4.4902290944881891
11
5.6813248425196852
21
-4.4904071653543305
0
LINE
8
BLACK
6
CONTINUOUS
10
5.6745649606299216
20
-4.4974833464566926
11
5.6733678346456689
21
-4.4986804724409444
0
LINE
8
BLACK
6
CONTINUOUS
10
5.6733678346456689
20
-4.4986804724409444
11
5.6718523228346456
21
-4.5017114566929131
0
LINE
8
BLACK
6
CONTINUOUS
10
5.6718523228346456
20
-4.5017114566929131
11
5.670144330708661
21
-4.5085435039370081
0
LINE
8
BLACK
6
CONTINUOUS
10
5.670144330708661
20
-4.5085435039370081
11
5.670144330708661
21
-4.5171902362204728
0
LINE
8
BLACK
6
CONTINUOUS
10
5.670144330708661
20
-4.5171902362204728
11
5.6718523228346456
21
-4.5240222834645669
0
LINE
8
BLACK
6
CONTINUOUS
10
5.6718523228346456
20
-4.5240222834645669
11
5.6733678346456689
21
-4.5270532677165356
0
LINE
8
BLACK
6
CONTINUOUS
10
5.6733678346456689
20
-4.5270532677165356
11
5.6745649606299216
21
-4.5282504330708662
0
LINE
8
BLACK
6
CONTINUOUS
10
5.6745649606299216
20
-4.5282504330708662
11
5.6772624409448822
21
-4.5295991732283465
0
LINE
8
BLACK
6
CONTINUOUS
10
5.6772624409448822
20
-4.5295991732283465
11
5.6796178740157481
21
-4.5295991732283465
0
LINE
8
BLACK
6
CONTINUOUS
10
5.6796178740157481
20
-4.5295991732283465
11
5.68231531496063
21
-4.5282504330708662
0
LINE
8
BLACK
6
CONTINUOUS
10
5.68231531496063
20
-4.5282504330708662
11
5.6835124409448818
21
-4.5270532677165356
0
LINE
8
BLACK
6
CONTINUOUS
10
5.6835124409448818
20
-4.5270532677165356
11
5.6850279527559051
21
-4.5240222834645669
0
LINE
8
BLACK
6
CONTINUOUS
10
5.6850279527559051
20
-4.5240222834645669
11
5.6867359842519685
21
-4.5171902362204728
0
LINE
8
BLACK
6
CONTINUOUS
10
5.6867359842519685
20
-4.5171902362204728
11
5.6867359842519685
21
-4.5085435039370081
0
LINE
8
BLACK
6
CONTINUOUS
10
5.6867359842519685
20
-4.5085435039370081
11
5.6850279527559051
21
-4.5017114566929131
0
LINE
8
BLACK
6
CONTINUOUS
10
5.6850279527559051
20
-4.5017114566929131
11
5.6835124803149606
21
-4.4986804724409444
0
LINE
8
BLACK
6
CONTINUOUS
10
5.6835124803149606
20
-4.4986804724409444
11
5.6823153543307088
21
-4.4974833464566926
0
LINE
8
BLACK
6
CONTINUOUS
10
5.6823153543307088
20
-4.4974833464566926
11
5.6796178740157481
21
-4.4961346062992122
0
LINE
8
BLACK
6
CONTINUOUS
10
5.6796178740157481
20
-4.4961346062992122
11
5.6772624409448822
21
-4.4961346062992122
0
LINE
8
BLACK
6
CONTINUOUS
10
5.6772624409448822
20
-4.4961346062992122
11
5.6745649606299216
21
-4.4974833464566926
0
LINE
8
BLACK
6
CONTINUOUS
10
5.8350556299212597
20
-4.4904071653543305
11
5.8351908661417324
21
-4.4905206299212601
0
LINE
8
BLACK
6
CONTINUOUS
10
5.8351908661417324
20
-4.4905206299212601
11
5.8353662204724408
21
-4.4905408267716531
0
LINE
8
BLACK
6
CONTINUOUS
10
5.8353662204724408
20
-4.4905408267716531
11
5.8391157480314959
21
-4.4924155905511807
0
LINE
8
BLACK
6
CONTINUOUS
10
5.8391157480314959
20
-4.4924155905511807
11
5.8398248031496065
21
-4.4929414960629916
0
LINE
8
BLACK
6
CONTINUOUS
10
5.8398248031496065
20
-4.4929414960629916
11
5.8398831496062993
21
-4.4929687007874017
0
LINE
8
BLACK
6
CONTINUOUS
10
5.8398831496062993
20
-4.4929687007874017
11
5.8436326771653544
21
-4.4967182283464568
0
LINE
8
BLACK
6
CONTINUOUS
10
5.8436326771653544
20
-4.4967182283464568
11
5.8442209055118113
21
-4.4975582677165358
0
LINE
8
BLACK
6
CONTINUOUS
10
5.8442209055118113
20
-4.4975582677165358
11
5.8442462992125979
21
-4.4978485433070867
0
LINE
8
BLACK
6
CONTINUOUS
10
5.8442462992125979
20
-4.4978485433070867
11
5.8444093700787398
21
-4.4980899999999995
0
LINE
8
BLACK
6
CONTINUOUS
10
5.8444093700787398
20
-4.4980899999999995
11
5.8462841338582674
21
-4.5055890551181097
0
LINE
8
BLACK
6
CONTINUOUS
10
5.8462841338582674
20
-4.5055890551181097
11
5.8463255905511806
21
-4.5061769291338578
0
LINE
8
BLACK
6
CONTINUOUS
10
5.8463255905511806
20
-4.5061769291338578
11
5.8463722834645671
21
-4.506305196850394
0
LINE
8
BLACK
6
CONTINUOUS
10
5.8463722834645671
20
-4.506305196850394
11
5.8463722834645671
21
-4.5194285433070869
0
LINE
8
BLACK
6
CONTINUOUS
10
5.8463722834645671
20
-4.5194285433070869
11
5.8462699212598421
21
-4.520008897637795
0
LINE
8
BLACK
6
CONTINUOUS
10
5.8462699212598421
20
-4.520008897637795
11
5.8462841338582674
21
-4.5201446850393703
0
LINE
8
BLACK
6
CONTINUOUS
10
5.8462841338582674
20
-4.5201446850393703
11
5.8444093700787398
21
-4.5276437401574805
0
LINE
8
BLACK
6
CONTINUOUS
10
5.8444093700787398
20
-4.5276437401574805
11
5.8439916535433065
21
-4.5285803149606298
0
LINE
8
BLACK
6
CONTINUOUS
10
5.8439916535433065
20
-4.5285803149606298
11
5.8437558267716536
21
-4.528751377952756
0
LINE
8
BLACK
6
CONTINUOUS
10
5.8437558267716536
20
-4.528751377952756
11
5.8436327165354331
21
-4.5290154724409444
0
LINE
8
BLACK
6
CONTINUOUS
10
5.8436327165354331
20
-4.5290154724409444
11
5.8398831496062993
21
-4.532765078740157
0
LINE
8
BLACK
6
CONTINUOUS
10
5.8398831496062993
20
-4.532765078740157
11
5.8391600393700784
21
-4.5332713385826775
0
LINE
8
BLACK
6
CONTINUOUS
10
5.8391600393700784
20
-4.5332713385826775
11
5.8391157480314959
21
-4.5333181889763781
0
LINE
8
BLACK
6
CONTINUOUS
10
5.8391157480314959
20
-4.5333181889763781
11
5.8353662204724408
21
-4.5351929527559056
0
LINE
8
BLACK
6
CONTINUOUS
10
5.8353662204724408
20
-4.5351929527559056
11
5.834383267716535
21
-4.5354853149606296
0
LINE
8
BLACK
6
CONTINUOUS
10
5.834383267716535
20
-4.5354853149606296
11
5.8342115748031498
21
-4.5354442913385826
0
LINE
8
BLACK
6
CONTINUOUS
10
5.8342115748031498
20
-4.5354442913385826
11
5.8340457086614173
21
-4.5355046850393697
0
LINE
8
BLACK
6
CONTINUOUS
10
5.8340457086614173
20
-4.5355046850393697
11
5.826546653543307
21
-4.5355046850393697
0
LINE
8
BLACK
6
CONTINUOUS
10
5.826546653543307
20
-4.5355046850393697
11
5.8255367322834646
21
-4.5353266141732282
0
LINE
8
BLACK
6
CONTINUOUS
10
5.8255367322834646
20
-4.5353266141732282
11
5.8254014566929131
21
-4.5352131102362208
0
LINE
8
BLACK
6
CONTINUOUS
10
5.8254014566929131
20
-4.5352131102362208
11
5.8252261417322835
21
-4.5351929527559056
0
LINE
8
BLACK
6
CONTINUOUS
10
5.8252261417322835
20
-4.5351929527559056
11
5.8214766141732284
21
-4.5333181889763781
0
LINE
8
BLACK
6
CONTINUOUS
10
5.8214766141732284
20
-4.5333181889763781
11
5.8207675590551178
21
-4.5327922834645671
0
LINE
8
BLACK
6
CONTINUOUS
10
5.8207675590551178
20
-4.5327922834645671
11
5.820709212598425
21
-4.532765078740157
0
LINE
8
BLACK
6
CONTINUOUS
10
5.820709212598425
20
-4.532765078740157
11
5.8169596850393699
21
-4.5290155118110231
0
LINE
8
BLACK
6
CONTINUOUS
10
5.8169596850393699
20
-4.5290155118110231
11
5.816371456692913
21
-4.5281754724409451
0
LINE
8
BLACK
6
CONTINUOUS
10
5.816371456692913
20
-4.5281754724409451
11
5.8163460629921255
21
-4.5278851574803145
0
LINE
8
BLACK
6
CONTINUOUS
10
5.8163460629921255
20
-4.5278851574803145
11
5.8161829921259844
21
-4.5276437401574805
0
LINE
8
BLACK
6
CONTINUOUS
10
5.8161829921259844
20
-4.5276437401574805
11
5.8143082283464569
21
-4.5201446850393703
0
LINE
8
BLACK
6
CONTINUOUS
10
5.8143082283464569
20
-4.5201446850393703
11
5.814266732283464
21
-4.5195567716535434
0
LINE
8
BLACK
6
CONTINUOUS
10
5.814266732283464
20
-4.5195567716535434
11
5.8142200787401572
21
-4.5194285433070869
0
LINE
8
BLACK
6
CONTINUOUS
10
5.8142200787401572
20
-4.5194285433070869
11
5.8142200787401572
21
-4.506305196850394
0
LINE
8
BLACK
6
CONTINUOUS
10
5.8142200787401572
20
-4.506305196850394
11
5.8143224015748034
21
-4.5057248031496062
0
LINE
8
BLACK
6
CONTINUOUS
10
5.8143224015748034
20
-4.5057248031496062
11
5.8143082283464569
21
-4.5055890551181097
0
LINE
8
BLACK
6
CONTINUOUS
10
5.8143082283464569
20
-4.5055890551181097
11
5.8161829921259844
21
-4.4980899999999995
0
LINE
8
BLACK
6
CONTINUOUS
10
5.8161829921259844
20
-4.4980899999999995
11
5.8166007086614169
21
-4.4971534251968501
0
LINE
8
BLACK
6
CONTINUOUS
10
5.8166007086614169
20
-4.4971534251968501
11
5.8168365354330707
21
-4.4969822834645665
0
LINE
8
BLACK
6
CONTINUOUS
10
5.8168365354330707
20
-4.4969822834645665
11
5.8169596850393699
21
-4.4967182283464568
0
LINE
8
BLACK
6
CONTINUOUS
10
5.8169596850393699
20
-4.4967182283464568
11
5.820709212598425
21
-4.4929687007874017
0
LINE
8
BLACK
6
CONTINUOUS
10
5.820709212598425
20
-4.4929687007874017
11
5.8214323622047246
21
-4.4924622834645671
0
LINE
8
BLACK
6
CONTINUOUS
10
5.8214323622047246
20
-4.4924622834645671
11
5.8214766141732284
21
-4.4924155905511807
0
LINE
8
BLACK
6
CONTINUOUS
10
5.8214766141732284
20
-4.4924155905511807
11
5.8252261417322835
21
-4.4905408267716531
0
LINE
8
BLACK
6
CONTINUOUS
10
5.8252261417322835
20
-4.4905408267716531
11
5.8262090551181105
21
-4.4902484645669292
0
LINE
8
BLACK
6
CONTINUOUS
10
5.8262090551181105
20
-4.4902484645669292
11
5.8263807480314957
21
-4.4902894488188974
0
LINE
8
BLACK
6
CONTINUOUS
10
5.8263807480314957
20
-4.4902894488188974
11
5.826546653543307
21
-4.4902290944881891
0
LINE
8
BLACK
6
CONTINUOUS
10
5.826546653543307
20
-4.4902290944881891
11
5.8340457086614173
21
-4.4902290944881891
0
LINE
8
BLACK
6
CONTINUOUS
10
5.8340457086614173
20
-4.4902290944881891
11
5.8350556299212597
21
-4.4904071653543305
0
LINE
8
BLACK
6
CONTINUOUS
10
5.824546220472441
20
-4.4974833464566926
11
5.8217138188976376
21
-4.5003157086614172
0
LINE
8
BLACK
6
CONTINUOUS
10
5.8217138188976376
20
-4.5003157086614172
11
5.8201255905511813
21
-4.5066687401574805
0
LINE
8
BLACK
6
CONTINUOUS
10
5.8201255905511813
20
-4.5066687401574805
11
5.8201255905511813
21
-4.5190650000000003
0
LINE
8
BLACK
6
CONTINUOUS
10
5.8201255905511813
20
-4.5190650000000003
11
5.8217138188976376
21
-4.5254179921259841
0
LINE
8
BLACK
6
CONTINUOUS
10
5.8217138188976376
20
-4.5254179921259841
11
5.824546220472441
21
-4.5282504330708662
0
LINE
8
BLACK
6
CONTINUOUS
10
5.824546220472441
20
-4.5282504330708662
11
5.8272437007874016
21
-4.5295991732283465
0
LINE
8
BLACK
6
CONTINUOUS
10
5.8272437007874016
20
-4.5295991732283465
11
5.8333486614173227
21
-4.5295991732283465
0
LINE
8
BLACK
6
CONTINUOUS
10
5.8333486614173227
20
-4.5295991732283465
11
5.8360461023622046
21
-4.5282504330708662
0
LINE
8
BLACK
6
CONTINUOUS
10
5.8360461023622046
20
-4.5282504330708662
11
5.8388785039370079
21
-4.5254179921259841
0
LINE
8
BLACK
6
CONTINUOUS
10
5.8388785039370079
20
-4.5254179921259841
11
5.840466771653543
21
-4.5190650000000003
0
LINE
8
BLACK
6
CONTINUOUS
10
5.840466771653543
20
-4.5190650000000003
11
5.840466771653543
21
-4.5066687401574805
0
LINE
8
BLACK
6
CONTINUOUS
10
5.840466771653543
20
-4.5066687401574805
11
5.8388785039370079
21
-4.5003157086614172
0
LINE
8
BLACK
6
CONTINUOUS
10
5.8388785039370079
20
-4.5003157086614172
11
5.8360461417322833
21
-4.4974833464566926
0
LINE
8
BLACK
6
CONTINUOUS
10
5.8360461417322833
20
-4.4974833464566926
11
5.8333486614173227
21
-4.4961346062992122
0
LINE
8
BLACK
6
CONTINUOUS
10
5.8333486614173227
20
-4.4961346062992122
11
5.8272437007874016
21
-4.4961346062992122
0
LINE
8
BLACK
6
CONTINUOUS
10
5.8272437007874016
20
-4.4961346062992122
11
5.824546220472441
21
-4.4974833464566926
0
LINE
8
BLACK
6
CONTINUOUS
10
5.8705356299212594
20
-4.4903823622047243
11
5.8705999999999996
21
-4.4903806299212601
0
LINE
8
BLACK
6
CONTINUOUS
10
5.8705999999999996
20
-4.4903806299212601
11
5.8762242913385823
21
-4.4922553937007876
0
LINE
8
BLACK
6
CONTINUOUS
10
5.8762242913385823
20
-4.4922553937007876
11
5.8771260629921258
21
-4.4927436614173226
0
LINE
8
BLACK
6
CONTINUOUS
10
5.8771260629921258
20
-4.4927436614173226
11
5.877218464566929
21
-4.4928940944881885
0
LINE
8
BLACK
6
CONTINUOUS
10
5.877218464566929
20
-4.4928940944881885
11
5.8773784645669291
21
-4.4929687007874017
0
LINE
8
BLACK
6
CONTINUOUS
10
5.8773784645669291
20
-4.4929687007874017
11
5.8811279921259842
21
-4.4967182283464568
0
LINE
8
BLACK
6
CONTINUOUS
10
5.8811279921259842
20
-4.4967182283464568
11
5.8816343700787401
21
-4.4974413779527556
0
LINE
8
BLACK
6
CONTINUOUS
10
5.8816343700787401
20
-4.4974413779527556
11
5.8816811023622044
21
-4.4974856299212593
0
LINE
8
BLACK
6
CONTINUOUS
10
5.8816811023622044
20
-4.4974856299212593
11
5.883555866141732
21
-4.5012351574803144
0
LINE
8
BLACK
6
CONTINUOUS
10
5.883555866141732
20
-4.5012351574803144
11
5.8837011417322831
21
-4.5017235826771653
0
LINE
8
BLACK
6
CONTINUOUS
10
5.8837011417322831
20
-4.5017235826771653
11
5.8837794488188973
21
-4.5018395275590546
0
LINE
8
BLACK
6
CONTINUOUS
10
5.8837794488188973
20
-4.5018395275590546
11
5.8856542125984248
21
-4.5093385826771648
0
LINE
8
BLACK
6
CONTINUOUS
10
5.8856542125984248
20
-4.5093385826771648
11
5.885695669291338
21
-4.5099264566929129
0
LINE
8
BLACK
6
CONTINUOUS
10
5.885695669291338
20
-4.5099264566929129
11
5.8857423622047245
21
-4.5100547244094491
0
LINE
8
BLACK
6
CONTINUOUS
10
5.8857423622047245
20
-4.5100547244094491
11
5.8857423622047245
21
-4.5156790157480318
0
LINE
8
BLACK
6
CONTINUOUS
10
5.8857423622047245
20
-4.5156790157480318
11
5.8856399999999995
21
-4.5162593700787399
0
LINE
8
BLACK
6
CONTINUOUS
10
5.8856399999999995
20
-4.5162593700787399
11
5.8856542125984248
21
-4.5163951574803152
0
LINE
8
BLACK
6
CONTINUOUS
10
5.8856542125984248
20
-4.5163951574803152
11
5.8837794488188973
21
-4.5238942125984254
0
LINE
8
BLACK
6
CONTINUOUS
10
5.8837794488188973
20
-4.5238942125984254
11
5.8835718503937002
21
-4.5243596456692909
0
LINE
8
BLACK
6
CONTINUOUS
10
5.8835718503937002
20
-4.5243596456692909
11
5.883555866141732
21
-4.5244985826771655
0
LINE
8
BLACK
6
CONTINUOUS
10
5.883555866141732
20
-4.5244985826771655
11
5.8816811023622044
21
-4.5282481102362206
0
LINE
8
BLACK
6
CONTINUOUS
10
5.8816811023622044
20
-4.5282481102362206
11
5.8811552362204722
21
-4.5289570866141728
0
LINE
8
BLACK
6
CONTINUOUS
10
5.8811552362204722
20
-4.5289570866141728
11
5.881128031496063
21
-4.5290154724409444
0
LINE
8
BLACK
6
CONTINUOUS
10
5.881128031496063
20
-4.5290154724409444
11
5.8773784645669291
21
-4.532765078740157
0
LINE
8
BLACK
6
CONTINUOUS
10
5.8773784645669291
20
-4.532765078740157
11
5.8765384251968502
21
-4.5333532677165351
0
LINE
8
BLACK
6
CONTINUOUS
10
5.8765384251968502
20
-4.5333532677165351
11
5.8763625590551181
21
-4.5333686220472442
0
LINE
8
BLACK
6
CONTINUOUS
10
5.8763625590551181
20
-4.5333686220472442
11
5.8762242913385823
21
-4.533478385826772
0
LINE
8
BLACK
6
CONTINUOUS
10
5.8762242913385823
20
-4.533478385826772
11
5.8705999999999996
21
-4.5353531496062995
0
LINE
8
BLACK
6
CONTINUOUS
10
5.8705999999999996
20
-4.5353531496062995
11
5.8697268110236216
21
-4.5354825984251965
0
LINE
8
BLACK
6
CONTINUOUS
10
5.8697268110236216
20
-4.5354825984251965
11
5.8696662598425196
21
-4.5355046850393697
0
LINE
8
BLACK
6
CONTINUOUS
10
5.8696662598425196
20
-4.5355046850393697
11
5.8659167322834644
21
-4.5355046850393697
0
LINE
8
BLACK
6
CONTINUOUS
10
5.8659167322834644
20
-4.5355046850393697
11
5.8650473228346458
21
-4.5353513779527557
0
LINE
8
BLACK
6
CONTINUOUS
10
5.8650473228346458
20
-4.5353513779527557
11
5.8649829527559056
21
-4.5353531496062995
0
LINE
8
BLACK
6
CONTINUOUS
10
5.8649829527559056
20
-4.5353531496062995
11
5.8593587007874017
21
-4.533478385826772
0
LINE
8
BLACK
6
CONTINUOUS
10
5.8593587007874017
20
-4.533478385826772
11
5.8584569291338582
21
-4.5329900787401574
0
LINE
8
BLACK
6
CONTINUOUS
10
5.8584569291338582
20
-4.5329900787401574
11
5.8583644881889763
21
-4.5328396456692914
0
LINE
8
BLACK
6
CONTINUOUS
10
5.8583644881889763
20
-4.5328396456692914
11
5.8582044881889761
21
-4.5327650393700782
0
LINE
8
BLACK
6
CONTINUOUS
10
5.8582044881889761
20
-4.5327650393700782
11
5.8563297244094485
21
-4.5308902362204719
0
LINE
8
BLACK
6
CONTINUOUS
10
5.8563297244094485
20
-4.5308902362204719
11
5.8557415354330704
21
-4.5300501968503939
0
LINE
8
BLACK
6
CONTINUOUS
10
5.8557415354330704
20
-4.5300501968503939
11
5.855565551181102
21
-4.5280381102362206
0
LINE
8
BLACK
6
CONTINUOUS
10
5.855565551181102
20
-4.5280381102362206
11
5.8567240551181099
21
-4.5263835826771652
0
LINE
8
BLACK
6
CONTINUOUS
10
5.8567240551181099
20
-4.5263835826771652
11
5.8586750393700786
21
-4.5258608661417323
0
LINE
8
BLACK
6
CONTINUOUS
10
5.8586750393700786
20
-4.5258608661417323
11
5.8605056299212599
21
-4.5267144881889765
0
LINE
8
BLACK
6
CONTINUOUS
10
5.8605056299212599
20
-4.5267144881889765
11
5.8618874803149605
21
-4.5280963779527559
0
LINE
8
BLACK
6
CONTINUOUS
10
5.8618874803149605
20
-4.5280963779527559
11
5.8663958661417324
21
-4.5295991732283465
0
LINE
8
BLACK
6
CONTINUOUS
10
5.8663958661417324
20
-4.5295991732283465
11
5.8691871259842516
21
-4.5295991732283465
0
LINE
8
BLACK
6
CONTINUOUS
10
5.8691871259842516
20
-4.5295991732283465
11
5.8736955118110235
21
-4.5280963385826771
0
LINE
8
BLACK
6
CONTINUOUS
10
5.8736955118110235
20
-4.5280963385826771
11
5.8766133070866138
21
-4.525178503937008
0
LINE
8
BLACK
6
CONTINUOUS
10
5.8766133070866138
20
-4.525178503937008
11
5.8781288188976379
21
-4.5221475196850394
0
LINE
8
BLACK
6
CONTINUOUS
10
5.8781288188976379
20
-4.5221475196850394
11
5.8798368503937004
21
-4.5153154724409452
0
LINE
8
BLACK
6
CONTINUOUS
10
5.8798368503937004
20
-4.5153154724409452
11
5.8798368503937004
21
-4.5104182677165356
0
LINE
8
BLACK
6
CONTINUOUS
10
5.8798368503937004
20
-4.5104182677165356
11
5.8781288188976379
21
-4.5035862204724406
0
LINE
8
BLACK
6
CONTINUOUS
10
5.8781288188976379
20
-4.5035862204724406
11
5.8766133464566925
21
-4.5005552362204719
0
LINE
8
BLACK
6
CONTINUOUS
10
5.8766133464566925
20
-4.5005552362204719
11
5.8736955118110235
21
-4.4976374015748029
0
LINE
8
BLACK
6
CONTINUOUS
10
5.8736955118110235
20
-4.4976374015748029
11
5.8691871259842516
21
-4.4961346062992122
0
LINE
8
BLACK
6
CONTINUOUS
10
5.8691871259842516
20
-4.4961346062992122
11
5.8663958661417324
21
-4.4961346062992122
0
LINE
8
BLACK
6
CONTINUOUS
10
5.8663958661417324
20
-4.4961346062992122
11
5.8618874803149605
21
-4.4976374015748029
0
LINE
8
BLACK
6
CONTINUOUS
10
5.8618874803149605
20
-4.4976374015748029
11
5.8605055905511811
21
-4.4990192913385822
0
LINE
8
BLACK
6
CONTINUOUS
10
5.8605055905511811
20
-4.4990192913385822
11
5.8596655511811022
21
-4.4996074803149604
0
LINE
8
BLACK
6
CONTINUOUS
10
5.8596655511811022
20
-4.4996074803149604
11
5.8576534645669289
21
-4.4997835433070863
0
LINE
8
BLACK
6
CONTINUOUS
10
5.8576534645669289
20
-4.4997835433070863
11
5.8559988976377948
21
-4.4986249999999997
0
LINE
8
BLACK
6
CONTINUOUS
10
5.8559988976377948
20
-4.4986249999999997
11
5.8554761811023619
21
-4.4966740551181097
0
LINE
8
BLACK
6
CONTINUOUS
10
5.8554761811023619
20
-4.4966740551181097
11
5.8563297637795273
21
-4.4948434645669293
0
LINE
8
BLACK
6
CONTINUOUS
10
5.8563297637795273
20
-4.4948434645669293
11
5.8582045275590549
21
-4.4929687007874017
0
LINE
8
BLACK
6
CONTINUOUS
10
5.8582045275590549
20
-4.4929687007874017
11
5.8590445669291338
21
-4.4923805118110236
0
LINE
8
BLACK
6
CONTINUOUS
10
5.8590445669291338
20
-4.4923805118110236
11
5.8592203937007872
21
-4.4923651181102358
0
LINE
8
BLACK
6
CONTINUOUS
10
5.8592203937007872
20
-4.4923651181102358
11
5.8593587007874017
21
-4.4922553937007876
0
LINE
8
BLACK
6
CONTINUOUS
10
5.8593587007874017
20
-4.4922553937007876
11
5.8649829527559056
21
-4.4903806299212601
0
LINE
8
BLACK
6
CONTINUOUS
10
5.8649829527559056
20
-4.4903806299212601
11
5.8658561811023624
21
-4.4902511023622047
0
LINE
8
BLACK
6
CONTINUOUS
10
5.8658561811023624
20
-4.4902511023622047
11
5.8659167322834644
21
-4.4902290944881891
0
LINE
8
BLACK
6
CONTINUOUS
10
5.8659167322834644
20
-4.4902290944881891
11
5.8696662598425196
21
-4.4902290944881891
0
LINE
8
BLACK
6
CONTINUOUS
10
5.8696662598425196
20
-4.4902290944881891
11
5.8705356299212594
21
-4.4903823622047243
0
LINE
8
BLACK
6
CONTINUOUS
10
4.0592988582677165
20
-4.4903213385826772
11
4.0595678346456694
21
-4.4902739370078741
0
LINE
8
BLACK
6
CONTINUOUS
10
4.0595678346456694
20
-4.4902739370078741
11
4.060226771653543
21
-4.4906543700787402
0
LINE
8
BLACK
6
CONTINUOUS
10
4.060226771653543
20
-4.4906543700787402
11
4.0609429921259839
21
-4.4909114566929134
0
LINE
8
BLACK
6
CONTINUOUS
10
4.0609429921259839
20
-4.4909114566929134
11
4.0610805905511809
21
-4.4911473228346459
0
LINE
8
BLACK
6
CONTINUOUS
10
4.0610805905511809
20
-4.4911473228346459
11
4.0613170078740159
21
-4.4912838582677166
0
LINE
8
BLACK
6
CONTINUOUS
10
4.0613170078740159
20
-4.4912838582677166
11
4.0615772047244096
21
-4.4919987401574799
0
LINE
8
BLACK
6
CONTINUOUS
10
4.0615772047244096
20
-4.4919987401574799
11
4.0619606692913388
21
-4.492656141732283
0
LINE
8
BLACK
6
CONTINUOUS
10
4.0619606692913388
20
-4.492656141732283
11
4.0619144094488187
21
-4.4929252362204721
0
LINE
8
BLACK
6
CONTINUOUS
10
4.0619144094488187
20
-4.4929252362204721
11
4.0620078346456694
21
-4.4931818503937011
0
LINE
8
BLACK
6
CONTINUOUS
10
4.0620078346456694
20
-4.4931818503937011
11
4.0620078346456694
21
-4.5325519291338585
0
LINE
8
BLACK
6
CONTINUOUS
10
4.0620078346456694
20
-4.5325519291338585
11
4.0618297637795271
21
-4.533561850393701
0
LINE
8
BLACK
6
CONTINUOUS
10
4.0618297637795271
20
-4.533561850393701
11
4.0605314566929129
21
-4.5351090944881891
0
LINE
8
BLACK
6
CONTINUOUS
10
4.0605314566929129
20
-4.5351090944881891
11
4.0585423228346453
21
-4.5354598425196846
0
LINE
8
BLACK
6
CONTINUOUS
10
4.0585423228346453
20
-4.5354598425196846
11
4.0567931496062988
21
-4.5344499212598421
0
LINE
8
BLACK
6
CONTINUOUS
10
4.0567931496062988
20
-4.5344499212598421
11
4.0561023228346453
21
-4.5325519291338585
0
LINE
8
BLACK
6
CONTINUOUS
10
4.0561023228346453
20
-4.5325519291338585
11
4.0561023228346453
21
-4.504300590551181
0
LINE
8
BLACK
6
CONTINUOUS
10
4.0561023228346453
20
-4.504300590551181
11
4.0391216141732285
21
-4.5340168897637794
0
LINE
8
BLACK
6
CONTINUOUS
10
4.0391216141732285
20
-4.5340168897637794
11
4.0384659448818896
21
-4.5348054330708658
0
LINE
8
BLACK
6
CONTINUOUS
10
4.0384659448818896
20
-4.5348054330708658
11
4.0382097637795278
21
-4.534899921259842
0
LINE
8
BLACK
6
CONTINUOUS
10
4.0382097637795278
20
-4.534899921259842
11
4.0380342913385823
21
-4.5351090944881891
0
LINE
8
BLACK
6
CONTINUOUS
10
4.0380342913385823
20
-4.5351090944881891
11
4.0372848818897635
21
-4.5352412204724413
0
LINE
8
BLACK
6
CONTINUOUS
10
4.0372848818897635
20
-4.5352412204724413
11
4.0365710629921256
21
-4.5355046456692909
0
LINE
8
BLACK
6
CONTINUOUS
10
4.0365710629921256
20
-4.5355046456692909
11
4.0363140944881888
21
-4.5354124015748027
0
LINE
8
BLACK
6
CONTINUOUS
10
4.0363140944881888
20
-4.5354124015748027
11
4.0360451574803147
21
-4.5354598425196846
0
LINE
8
BLACK
6
CONTINUOUS
10
4.0360451574803147
20
-4.5354598425196846
11
4.0353861811023624
21
-4.5350793700787397
0
LINE
8
BLACK
6
CONTINUOUS
10
4.0353861811023624
20
-4.5350793700787397
11
4.0346700000000002
21
-4.5348223228346454
0
LINE
8
BLACK
6
CONTINUOUS
10
4.0346700000000002
20
-4.5348223228346454
11
4.0345324015748032
21
-4.534586417322835
0
LINE
8
BLACK
6
CONTINUOUS
10
4.0345324015748032
20
-4.534586417322835
11
4.0342959842519681
21
-4.5344499212598421
0
LINE
8
BLACK
6
CONTINUOUS
10
4.0342959842519681
20
-4.5344499212598421
11
4.0340357480314957
21
-4.5337349606299213
0
LINE
8
BLACK
6
CONTINUOUS
10
4.0340357480314957
20
-4.5337349606299213
11
4.0336523228346453
21
-4.533077598425197
0
LINE
8
BLACK
6
CONTINUOUS
10
4.0336523228346453
20
-4.533077598425197
11
4.0336985039370079
21
-4.5328084645669291
0
LINE
8
BLACK
6
CONTINUOUS
10
4.0336985039370079
20
-4.5328084645669291
11
4.0336051574803147
21
-4.5325519291338585
0
LINE
8
BLACK
6
CONTINUOUS
10
4.0336051574803147
20
-4.5325519291338585
11
4.0336051574803147
21
-4.4931818503937011
0
LINE
8
BLACK
6
CONTINUOUS
10
4.0336051574803147
20
-4.4931818503937011
11
4.033783228346457
21
-4.4921719291338578
0
LINE
8
BLACK
6
CONTINUOUS
10
4.033783228346457
20
-4.4921719291338578
11
4.0350815354330711
21
-4.4906246850393696
0
LINE
8
BLACK
6
CONTINUOUS
10
4.0350815354330711
20
-4.4906246850393696
11
4.0370706692913387
21
-4.4902739370078741
0
LINE
8
BLACK
6
CONTINUOUS
10
4.0370706692913387
20
-4.4902739370078741
11
4.0388198425196853
21
-4.4912838582677166
0
LINE
8
BLACK
6
CONTINUOUS
10
4.0388198425196853
20
-4.4912838582677166
11
4.0395106692913387
21
-4.4931818503937011
0
LINE
8
BLACK
6
CONTINUOUS
10
4.0395106692913387
20
-4.4931818503937011
11
4.0395106692913387
21
-4.5214331496062989
0
LINE
8
BLACK
6
CONTINUOUS
10
4.0395106692913387
20
-4.5214331496062989
11
4.0564913779527556
21
-4.4917168503937006
0
LINE
8
BLACK
6
CONTINUOUS
10
4.0564913779527556
20
-4.4917168503937006
11
4.0571470472440945
21
-4.4909283464566929
0
LINE
8
BLACK
6
CONTINUOUS
10
4.0571470472440945
20
-4.4909283464566929
11
4.0574031889763775
21
-4.490833818897638
0
LINE
8
BLACK
6
CONTINUOUS
10
4.0574031889763775
20
-4.490833818897638
11
4.0575787007874018
21
-4.4906246850393696
0
LINE
8
BLACK
6
CONTINUOUS
10
4.0575787007874018
20
-4.4906246850393696
11
4.0583280708661418
21
-4.4904925196850396
0
LINE
8
BLACK
6
CONTINUOUS
10
4.0583280708661418
20
-4.4904925196850396
11
4.0590419291338584
21
-4.4902291338582678
0
LINE
8
BLACK
6
CONTINUOUS
10
4.0590419291338584
20
-4.4902291338582678
11
4.0592988582677165
21
-4.4903213385826772
0
LINE
8
BLACK
6
CONTINUOUS
10
4.1005437007874015
20
-4.4903213385826772
11
4.1008126771653544
21
-4.4902739370078741
0
LINE
8
BLACK
6
CONTINUOUS
10
4.1008126771653544
20
-4.4902739370078741
11
4.1014716141732279
21
-4.4906543700787402
0
LINE
8
BLACK
6
CONTINUOUS
10
4.1014716141732279
20
-4.4906543700787402
11
4.1021878346456688
21
-4.4909114566929134
0
LINE
8
BLACK
6
CONTINUOUS
10
4.1021878346456688
20
-4.4909114566929134
11
4.1023254330708658
21
-4.4911473228346459
0
LINE
8
BLACK
6
CONTINUOUS
10
4.1023254330708658
20
-4.4911473228346459
11
4.1025618503937009
21
-4.4912838582677166
0
LINE
8
BLACK
6
CONTINUOUS
10
4.1025618503937009
20
-4.4912838582677166
11
4.1028220472440946
21
-4.4919987401574799
0
LINE
8
BLACK
6
CONTINUOUS
10
4.1028220472440946
20
-4.4919987401574799
11
4.1032055118110238
21
-4.492656141732283
0
LINE
8
BLACK
6
CONTINUOUS
10
4.1032055118110238
20
-4.492656141732283
11
4.1031592519685036
21
-4.4929252362204721
0
LINE
8
BLACK
6
CONTINUOUS
10
4.1031592519685036
20
-4.4929252362204721
11
4.1032526771653544
21
-4.4931818503937011
0
LINE
8
BLACK
6
CONTINUOUS
10
4.1032526771653544
20
-4.4931818503937011
11
4.1032526771653544
21
-4.5325519291338585
0
LINE
8
BLACK
6
CONTINUOUS
10
4.1032526771653544
20
-4.5325519291338585
11
4.1030746062992129
21
-4.533561850393701
0
LINE
8
BLACK
6
CONTINUOUS
10
4.1030746062992129
20
-4.533561850393701
11
4.1017762992125979
21
-4.5351090944881891
0
LINE
8
BLACK
6
CONTINUOUS
10
4.1017762992125979
20
-4.5351090944881891
11
4.0997871653543303
21
-4.5354598425196846
0
LINE
8
BLACK
6
CONTINUOUS
10
4.0997871653543303
20
-4.5354598425196846
11
4.0980379921259837
21
-4.5344499212598421
0
LINE
8
BLACK
6
CONTINUOUS
10
4.0980379921259837
20
-4.5344499212598421
11
4.0973471653543303
21
-4.5325519291338585
0
LINE
8
BLACK
6
CONTINUOUS
10
4.0973471653543303
20
-4.5325519291338585
11
4.0973471653543303
21
-4.504300590551181
0
LINE
8
BLACK
6
CONTINUOUS
10
4.0973471653543303
20
-4.504300590551181
11
4.0803664566929134
21
-4.5340168897637794
0
LINE
8
BLACK
6
CONTINUOUS
10
4.0803664566929134
20
-4.5340168897637794
11
4.0797107874015746
21
-4.5348054330708658
0
LINE
8
BLACK
6
CONTINUOUS
10
4.0797107874015746
20
-4.5348054330708658
11
4.0794546062992127
21
-4.534899921259842
0
LINE
8
BLACK
6
CONTINUOUS
10
4.0794546062992127
20
-4.534899921259842
11
4.0792791338582672
21
-4.5351090944881891
0
LINE
8
BLACK
6
CONTINUOUS
10
4.0792791338582672
20
-4.5351090944881891
11
4.0785297244094485
21
-4.5352412204724413
0
LINE
8
BLACK
6
CONTINUOUS
10
4.0785297244094485
20
-4.5352412204724413
11
4.0778159055118106
21
-4.5355046456692909
0
LINE
8
BLACK
6
CONTINUOUS
10
4.0778159055118106
20
-4.5355046456692909
11
4.0775589370078738
21
-4.5354124015748027
0
LINE
8
BLACK
6
CONTINUOUS
10
4.0775589370078738
20
-4.5354124015748027
11
4.0772899999999996
21
-4.5354598425196846
0
LINE
8
BLACK
6
CONTINUOUS
10
4.0772899999999996
20
-4.5354598425196846
11
4.0766310236220473
21
-4.5350793700787397
0
LINE
8
BLACK
6
CONTINUOUS
10
4.0766310236220473
20
-4.5350793700787397
11
4.0759148425196852
21
-4.5348223228346454
0
LINE
8
BLACK
6
CONTINUOUS
10
4.0759148425196852
20
-4.5348223228346454
11
4.0757772440944882
21
-4.534586417322835
0
LINE
8
BLACK
6
CONTINUOUS
10
4.0757772440944882
20
-4.534586417322835
11
4.0755408267716531
21
-4.5344499212598421
0
LINE
8
BLACK
6
CONTINUOUS
10
4.0755408267716531
20
-4.5344499212598421
11
4.0752805905511806
21
-4.5337349606299213
0
LINE
8
BLACK
6
CONTINUOUS
10
4.0752805905511806
20
-4.5337349606299213
11
4.0748971653543302
21
-4.533077598425197
0
LINE
8
BLACK
6
CONTINUOUS
10
4.0748971653543302
20
-4.533077598425197
11
4.0749433464566929
21
-4.5328084645669291
0
LINE
8
BLACK
6
CONTINUOUS
10
4.0749433464566929
20
-4.5328084645669291
11
4.0748499999999996
21
-4.5325519291338585
0
LINE
8
BLACK
6
CONTINUOUS
10
4.0748499999999996
20
-4.5325519291338585
11
4.0748499999999996
21
-4.4931818503937011
0
LINE
8
BLACK
6
CONTINUOUS
10
4.0748499999999996
20
-4.4931818503937011
11
4.0750280708661419
21
-4.4921719291338578
0
LINE
8
BLACK
6
CONTINUOUS
10
4.0750280708661419
20
-4.4921719291338578
11
4.0763263779527561
21
-4.4906246850393696
0
LINE
8
BLACK
6
CONTINUOUS
10
4.0763263779527561
20
-4.4906246850393696
11
4.0783155118110237
21
-4.4902739370078741
0
LINE
8
BLACK
6
CONTINUOUS
10
4.0783155118110237
20
-4.4902739370078741
11
4.0800646850393703
21
-4.4912838582677166
0
LINE
8
BLACK
6
CONTINUOUS
10
4.0800646850393703
20
-4.4912838582677166
11
4.0807555118110237
21
-4.4931818503937011
0
LINE
8
BLACK
6
CONTINUOUS
10
4.0807555118110237
20
-4.4931818503937011
11
4.0807555118110237
21
-4.5214331496062989
0
LINE
8
BLACK
6
CONTINUOUS
10
4.0807555118110237
20
-4.5214331496062989
11
4.0977362204724406
21
-4.4917168503937006
0
LINE
8
BLACK
6
CONTINUOUS
10
4.0977362204724406
20
-4.4917168503937006
11
4.0983918897637794
21
-4.4909283464566929
0
LINE
8
BLACK
6
CONTINUOUS
10
4.0983918897637794
20
-4.4909283464566929
11
4.0986480314960625
21
-4.490833818897638
0
LINE
8
BLACK
6
CONTINUOUS
10
4.0986480314960625
20
-4.490833818897638
11
4.0988235433070868
21
-4.4906246850393696
0
LINE
8
BLACK
6
CONTINUOUS
10
4.0988235433070868
20
-4.4906246850393696
11
4.0995729133858267
21
-4.4904925196850396
0
LINE
8
BLACK
6
CONTINUOUS
10
4.0995729133858267
20
-4.4904925196850396
11
4.1002867716535434
21
-4.4902291338582678
0
LINE
8
BLACK
6
CONTINUOUS
10
4.1002867716535434
20
-4.4902291338582678
11
4.1005437007874015
21
-4.4903213385826772
0
LINE
8
BLACK
6
CONTINUOUS
10
5.7592988582677167
20
-4.4903213385826772
11
5.7595678346456696
21
-4.4902739370078741
0
LINE
8
BLACK
6
CONTINUOUS
10
5.7595678346456696
20
-4.4902739370078741
11
5.7602267716535431
21
-4.4906543700787402
0
LINE
8
BLACK
6
CONTINUOUS
10
5.7602267716535431
20
-4.4906543700787402
11
5.760942992125984
21
-4.4909114566929134
0
LINE
8
BLACK
6
CONTINUOUS
10
5.760942992125984
20
-4.4909114566929134
11
5.761080590551181
21
-4.4911473228346459
0
LINE
8
BLACK
6
CONTINUOUS
10
5.761080590551181
20
-4.4911473228346459
11
5.7613170078740152
21
-4.4912838582677166
0
LINE
8
BLACK
6
CONTINUOUS
10
5.7613170078740152
20
-4.4912838582677166
11
5.7615772047244089
21
-4.4919987401574799
0
LINE
8
BLACK
6
CONTINUOUS
10
5.7615772047244089
20
-4.4919987401574799
11
5.7619606692913381
21
-4.492656141732283
0
LINE
8
BLACK
6
CONTINUOUS
10
5.7619606692913381
20
-4.492656141732283
11
5.7619144094488188
21
-4.4929252362204721
0
LINE
8
BLACK
6
CONTINUOUS
10
5.7619144094488188
20
-4.4929252362204721
11
5.7620078346456696
21
-4.4931818503937011
0
LINE
8
BLACK
6
CONTINUOUS
10
5.7620078346456696
20
-4.4931818503937011
11
5.7620078346456696
21
-4.5325519291338585
0
LINE
8
BLACK
6
CONTINUOUS
10
5.7620078346456696
20
-4.5325519291338585
11
5.7618297637795273
21
-4.533561850393701
0
LINE
8
BLACK
6
CONTINUOUS
10
5.7618297637795273
20
-4.533561850393701
11
5.7605314566929131
21
-4.5351090944881891
0
LINE
8
BLACK
6
CONTINUOUS
10
5.7605314566929131
20
-4.5351090944881891
11
5.7585423228346455
21
-4.5354598425196846
0
LINE
8
BLACK
6
CONTINUOUS
10
5.7585423228346455
20
-4.5354598425196846
11
5.756793149606299
21
-4.5344499212598421
0
LINE
8
BLACK
6
CONTINUOUS
10
5.756793149606299
20
-4.5344499212598421
11
5.7561023228346455
21
-4.5325519291338585
0
LINE
8
BLACK
6
CONTINUOUS
10
5.7561023228346455
20
-4.5325519291338585
11
5.7561023228346455
21
-4.504300590551181
0
LINE
8
BLACK
6
CONTINUOUS
10
5.7561023228346455
20
-4.504300590551181
11
5.7391216141732286
21
-4.5340168897637794
0
LINE
8
BLACK
6
CONTINUOUS
10
5.7391216141732286
20
-4.5340168897637794
11
5.7384659448818898
21
-4.5348054330708658
0
LINE
8
BLACK
6
CONTINUOUS
10
5.7384659448818898
20
-4.5348054330708658
11
5.7382097637795271
21
-4.534899921259842
0
LINE
8
BLACK
6
CONTINUOUS
10
5.7382097637795271
20
-4.534899921259842
11
5.7380342913385824
21
-4.5351090944881891
0
LINE
8
BLACK
6
CONTINUOUS
10
5.7380342913385824
20
-4.5351090944881891
11
5.7372848818897637
21
-4.5352412204724413
0
LINE
8
BLACK
6
CONTINUOUS
10
5.7372848818897637
20
-4.5352412204724413
11
5.7365710629921258
21
-4.5355046456692909
0
LINE
8
BLACK
6
CONTINUOUS
10
5.7365710629921258
20
-4.5355046456692909
11
5.736314094488189
21
-4.5354124015748027
0
LINE
8
BLACK
6
CONTINUOUS
10
5.736314094488189
20
-4.5354124015748027
11
5.7360451574803148
21
-4.5354598425196846
0
LINE
8
BLACK
6
CONTINUOUS
10
5.7360451574803148
20
-4.5354598425196846
11
5.7353861811023616
21
-4.5350793700787397
0
LINE
8
BLACK
6
CONTINUOUS
10
5.7353861811023616
20
-4.5350793700787397
11
5.7346699999999995
21
-4.5348223228346454
0
LINE
8
BLACK
6
CONTINUOUS
10
5.7346699999999995
20
-4.5348223228346454
11
5.7345324015748034
21
-4.534586417322835
0
LINE
8
BLACK
6
CONTINUOUS
10
5.7345324015748034
20
-4.534586417322835
11
5.7342959842519683
21
-4.5344499212598421
0
LINE
8
BLACK
6
CONTINUOUS
10
5.7342959842519683
20
-4.5344499212598421
11
5.7340357480314958
21
-4.5337349606299213
0
LINE
8
BLACK
6
CONTINUOUS
10
5.7340357480314958
20
-4.5337349606299213
11
5.7336523228346454
21
-4.533077598425197
0
LINE
8
BLACK
6
CONTINUOUS
10
5.7336523228346454
20
-4.533077598425197
11
5.7336985039370081
21
-4.5328084645669291
0
LINE
8
BLACK
6
CONTINUOUS
10
5.7336985039370081
20
-4.5328084645669291
11
5.7336051574803149
21
-4.5325519291338585
0
LINE
8
BLACK
6
CONTINUOUS
10
5.7336051574803149
20
-4.5325519291338585
11
5.7336051574803149
21
-4.4931818503937011
0
LINE
8
BLACK
6
CONTINUOUS
10
5.7336051574803149
20
-4.4931818503937011
11
5.7337832283464563
21
-4.4921719291338578
0
LINE
8
BLACK
6
CONTINUOUS
10
5.7337832283464563
20
-4.4921719291338578
11
5.7350815354330704
21
-4.4906246850393696
0
LINE
8
BLACK
6
CONTINUOUS
10
5.7350815354330704
20
-4.4906246850393696
11
5.737070669291338
21
-4.4902739370078741
0
LINE
8
BLACK
6
CONTINUOUS
10
5.737070669291338
20
-4.4902739370078741
11
5.7388198425196846
21
-4.4912838582677166
0
LINE
8
BLACK
6
CONTINUOUS
10
5.7388198425196846
20
-4.4912838582677166
11
5.739510669291338
21
-4.4931818503937011
0
LINE
8
BLACK
6
CONTINUOUS
10
5.739510669291338
20
-4.4931818503937011
11
5.739510669291338
21
-4.5214331496062989
0
LINE
8
BLACK
6
CONTINUOUS
10
5.739510669291338
20
-4.5214331496062989
11
5.7564913779527558
21
-4.4917168503937006
0
LINE
8
BLACK
6
CONTINUOUS
10
5.7564913779527558
20
-4.4917168503937006
11
5.7571470472440947
21
-4.4909283464566929
0
LINE
8
BLACK
6
CONTINUOUS
10
5.7571470472440947
20
-4.4909283464566929
11
5.7574031889763777
21
-4.490833818897638
0
LINE
8
BLACK
6
CONTINUOUS
10
5.7574031889763777
20
-4.490833818897638
11
5.7575787007874011
21
-4.4906246850393696
0
LINE
8
BLACK
6
CONTINUOUS
10
5.7575787007874011
20
-4.4906246850393696
11
5.758328070866142
21
-4.4904925196850396
0
LINE
8
BLACK
6
CONTINUOUS
10
5.758328070866142
20
-4.4904925196850396
11
5.7590419291338577
21
-4.4902291338582678
0
LINE
8
BLACK
6
CONTINUOUS
10
5.7590419291338577
20
-4.4902291338582678
11
5.7592988582677167
21
-4.4903213385826772
0
LINE
8
BLACK
6
CONTINUOUS
10
5.8005437007874017
20
-4.4903213385826772
11
5.8008126771653545
21
-4.4902739370078741
0
LINE
8
BLACK
6
CONTINUOUS
10
5.8008126771653545
20
-4.4902739370078741
11
5.8014716141732281
21
-4.4906543700787402
0
LINE
8
BLACK
6
CONTINUOUS
10
5.8014716141732281
20
-4.4906543700787402
11
5.802187834645669
21
-4.4909114566929134
0
LINE
8
BLACK
6
CONTINUOUS
10
5.802187834645669
20
-4.4909114566929134
11
5.802325433070866
21
-4.4911473228346459
0
LINE
8
BLACK
6
CONTINUOUS
10
5.802325433070866
20
-4.4911473228346459
11
5.8025618503937011
21
-4.4912838582677166
0
LINE
8
BLACK
6
CONTINUOUS
10
5.8025618503937011
20
-4.4912838582677166
11
5.8028220472440948
21
-4.4919987401574799
0
LINE
8
BLACK
6
CONTINUOUS
10
5.8028220472440948
20
-4.4919987401574799
11
5.8032055118110231
21
-4.492656141732283
0
LINE
8
BLACK
6
CONTINUOUS
10
5.8032055118110231
20
-4.492656141732283
11
5.8031592519685038
21
-4.4929252362204721
0
LINE
8
BLACK
6
CONTINUOUS
10
5.8031592519685038
20
-4.4929252362204721
11
5.8032526771653545
21
-4.4931818503937011
0
LINE
8
BLACK
6
CONTINUOUS
10
5.8032526771653545
20
-4.4931818503937011
11
5.8032526771653545
21
-4.5325519291338585
0
LINE
8
BLACK
6
CONTINUOUS
10
5.8032526771653545
20
-4.5325519291338585
11
5.8030746062992122
21
-4.533561850393701
0
LINE
8
BLACK
6
CONTINUOUS
10
5.8030746062992122
20
-4.533561850393701
11
5.8017762992125981
21
-4.5351090944881891
0
LINE
8
BLACK
6
CONTINUOUS
10
5.8017762992125981
20
-4.5351090944881891
11
5.7997871653543305
21
-4.5354598425196846
0
LINE
8
BLACK
6
CONTINUOUS
10
5.7997871653543305
20
-4.5354598425196846
11
5.7980379921259839
21
-4.5344499212598421
0
LINE
8
BLACK
6
CONTINUOUS
10
5.7980379921259839
20
-4.5344499212598421
11
5.7973471653543305
21
-4.5325519291338585
0
LINE
8
BLACK
6
CONTINUOUS
10
5.7973471653543305
20
-4.5325519291338585
11
5.7973471653543305
21
-4.504300590551181
0
LINE
8
BLACK
6
CONTINUOUS
10
5.7973471653543305
20
-4.504300590551181
11
5.7803664566929136
21
-4.5340168897637794
0
LINE
8
BLACK
6
CONTINUOUS
10
5.7803664566929136
20
-4.5340168897637794
11
5.7797107874015747
21
-4.5348054330708658
0
LINE
8
BLACK
6
CONTINUOUS
10
5.7797107874015747
20
-4.5348054330708658
11
5.779454606299212
21
-4.534899921259842
0
LINE
8
BLACK
6
CONTINUOUS
10
5.779454606299212
20
-4.534899921259842
11
5.7792791338582674
21
-4.5351090944881891
0
LINE
8
BLACK
6
CONTINUOUS
10
5.7792791338582674
20
-4.5351090944881891
11
5.7785297244094487
21
-4.5352412204724413
0
LINE
8
BLACK
6
CONTINUOUS
10
5.7785297244094487
20
-4.5352412204724413
11
5.7778159055118108
21
-4.5355046456692909
0
LINE
8
BLACK
6
CONTINUOUS
10
5.7778159055118108
20
-4.5355046456692909
11
5.7775589370078739
21
-4.5354124015748027
0
LINE
8
BLACK
6
CONTINUOUS
10
5.7775589370078739
20
-4.5354124015748027
11
5.7772899999999998
21
-4.5354598425196846
0
LINE
8
BLACK
6
CONTINUOUS
10
5.7772899999999998
20
-4.5354598425196846
11
5.7766310236220475
21
-4.5350793700787397
0
LINE
8
BLACK
6
CONTINUOUS
10
5.7766310236220475
20
-4.5350793700787397
11
5.7759148425196853
21
-4.5348223228346454
0
LINE
8
BLACK
6
CONTINUOUS
10
5.7759148425196853
20
-4.5348223228346454
11
5.7757772440944883
21
-4.534586417322835
0
LINE
8
BLACK
6
CONTINUOUS
10
5.7757772440944883
20
-4.534586417322835
11
5.7755408267716533
21
-4.5344499212598421
0
LINE
8
BLACK
6
CONTINUOUS
10
5.7755408267716533
20
-4.5344499212598421
11
5.7752805905511808
21
-4.5337349606299213
0
LINE
8
BLACK
6
CONTINUOUS
10
5.7752805905511808
20
-4.5337349606299213
11
5.7748971653543304
21
-4.533077598425197
0
LINE
8
BLACK
6
CONTINUOUS
10
5.7748971653543304
20
-4.533077598425197
11
5.774943346456693
21
-4.5328084645669291
0
LINE
8
BLACK
6
CONTINUOUS
10
5.774943346456693
20
-4.5328084645669291
11
5.7748499999999998
21
-4.5325519291338585
0
LINE
8
BLACK
6
CONTINUOUS
10
5.7748499999999998
20
-4.5325519291338585
11
5.7748499999999998
21
-4.4931818503937011
0
LINE
8
BLACK
6
CONTINUOUS
10
5.7748499999999998
20
-4.4931818503937011
11
5.7750280708661412
21
-4.4921719291338578
0
LINE
8
BLACK
6
CONTINUOUS
10
5.7750280708661412
20
-4.4921719291338578
11
5.7763263779527554
21
-4.4906246850393696
0
LINE
8
BLACK
6
CONTINUOUS
10
5.7763263779527554
20
-4.4906246850393696
11
5.7783155118110239
21
-4.4902739370078741
0
LINE
8
BLACK
6
CONTINUOUS
10
5.7783155118110239
20
-4.4902739370078741
11
5.7800646850393695
21
-4.4912838582677166
0
LINE
8
BLACK
6
CONTINUOUS
10
5.7800646850393695
20
-4.4912838582677166
11
5.7807555118110239
21
-4.4931818503937011
0
LINE
8
BLACK
6
CONTINUOUS
10
5.7807555118110239
20
-4.4931818503937011
11
5.7807555118110239
21
-4.5214331496062989
0
LINE
8
BLACK
6
CONTINUOUS
10
5.7807555118110239
20
-4.5214331496062989
11
5.7977362204724407
21
-4.4917168503937006
0
LINE
8
BLACK
6
CONTINUOUS
10
5.7977362204724407
20
-4.4917168503937006
11
5.7983918897637796
21
-4.4909283464566929
0
LINE
8
BLACK
6
CONTINUOUS
10
5.7983918897637796
20
-4.4909283464566929
11
5.7986480314960627
21
-4.490833818897638
0
LINE
8
BLACK
6
CONTINUOUS
10
5.7986480314960627
20
-4.490833818897638
11
5.798823543307086
21
-4.4906246850393696
0
LINE
8
BLACK
6
CONTINUOUS
10
5.798823543307086
20
-4.4906246850393696
11
5.7995729133858269
21
-4.4904925196850396
0
LINE
8
BLACK
6
CONTINUOUS
10
5.7995729133858269
20
-4.4904925196850396
11
5.8002867716535436
21
-4.4902291338582678
0
LINE
8
BLACK
6
CONTINUOUS
10
5.8002867716535436
20
-4.4902291338582678
11
5.8005437007874017
21
-4.4903213385826772
0
LINE
8
BLACK
6
CONTINUOUS
10
3.9186125196850394
20
-4.4910467322834648
11
3.9195077165354331
21
-4.492857322834646
0
LINE
8
BLACK
6
CONTINUOUS
10
3.9195077165354331
20
-4.492857322834646
11
3.9190297244094485
21
-4.4948197637795273
0
LINE
8
BLACK
6
CONTINUOUS
10
3.9190297244094485
20
-4.4948197637795273
11
3.9069983070866141
21
-4.5128668897637798
0
LINE
8
BLACK
6
CONTINUOUS
10
3.9069983070866141
20
-4.5128668897637798
11
3.9190297244094485
21
-4.5309140157480314
0
LINE
8
BLACK
6
CONTINUOUS
10
3.9190297244094485
20
-4.5309140157480314
11
3.9194417716535432
21
-4.5318531102362201
0
LINE
8
BLACK
6
CONTINUOUS
10
3.9194417716535432
20
-4.5318531102362201
11
3.9192197637795276
21
-4.5338606692913386
0
LINE
8
BLACK
6
CONTINUOUS
10
3.9192197637795276
20
-4.5338606692913386
11
3.9177592519685041
21
-4.5352558661417319
0
LINE
8
BLACK
6
CONTINUOUS
10
3.9177592519685041
20
-4.5352558661417319
11
3.9157436614173227
21
-4.5353858267716536
0
LINE
8
BLACK
6
CONTINUOUS
10
3.9157436614173227
20
-4.5353858267716536
11
3.9141160236220474
21
-4.534189803149606
0
LINE
8
BLACK
6
CONTINUOUS
10
3.9141160236220474
20
-4.534189803149606
11
3.9034495275590548
21
-4.5181900393700785
0
LINE
8
BLACK
6
CONTINUOUS
10
3.9034495275590548
20
-4.5181900393700785
11
3.8927830314960628
21
-4.534189803149606
0
LINE
8
BLACK
6
CONTINUOUS
10
3.8927830314960628
20
-4.534189803149606
11
3.8920746456692914
21
-4.5349313385826768
0
LINE
8
BLACK
6
CONTINUOUS
10
3.8920746456692914
20
-4.5349313385826768
11
3.8901361417322833
21
-4.5354985826771657
0
LINE
8
BLACK
6
CONTINUOUS
10
3.8901361417322833
20
-4.5354985826771657
11
3.8882865354330707
21
-4.5346870472440948
0
LINE
8
BLACK
6
CONTINUOUS
10
3.8882865354330707
20
-4.5346870472440948
11
3.887391338582677
21
-4.5328764566929136
0
LINE
8
BLACK
6
CONTINUOUS
10
3.887391338582677
20
-4.5328764566929136
11
3.8878693307086611
21
-4.5309140551181102
0
LINE
8
BLACK
6
CONTINUOUS
10
3.8878693307086611
20
-4.5309140551181102
11
3.899900748031496
21
-4.5128668897637798
0
LINE
8
BLACK
6
CONTINUOUS
10
3.899900748031496
20
-4.5128668897637798
11
3.8878693307086611
21
-4.4948197244094485
0
LINE
8
BLACK
6
CONTINUOUS
10
3.8878693307086611
20
-4.4948197244094485
11
3.8874572834645669
21
-4.4938806692913387
0
LINE
8
BLACK
6
CONTINUOUS
10
3.8874572834645669
20
-4.4938806692913387
11
3.8876792913385825
21
-4.4918731102362202
0
LINE
8
BLACK
6
CONTINUOUS
10
3.8876792913385825
20
-4.4918731102362202
11
3.8891398031496061
21
-4.4904779133858268
0
LINE
8
BLACK
6
CONTINUOUS
10
3.8891398031496061
20
-4.4904779133858268
11
3.8911553937007874
21
-4.4903479527559051
0
LINE
8
BLACK
6
CONTINUOUS
10
3.8911553937007874
20
-4.4903479527559051
11
3.8927830314960628
21
-4.4915439763779528
0
LINE
8
BLACK
6
CONTINUOUS
10
3.8927830314960628
20
-4.4915439763779528
11
3.9034495275590548
21
-4.5075437007874015
0
LINE
8
BLACK
6
CONTINUOUS
10
3.9034495275590548
20
-4.5075437007874015
11
3.9141160236220474
21
-4.4915439763779528
0
LINE
8
BLACK
6
CONTINUOUS
10
3.9141160236220474
20
-4.4915439763779528
11
3.9148244094488187
21
-4.4908024409448819
0
LINE
8
BLACK
6
CONTINUOUS
10
3.9148244094488187
20
-4.4908024409448819
11
3.9167629133858268
21
-4.490235196850394
0
LINE
8
BLACK
6
CONTINUOUS
10
3.9167629133858268
20
-4.490235196850394
11
3.9186125196850394
21
-4.4910467322834648
0
LINE
8
BLACK
6
CONTINUOUS
10
5.6186125196850396
20
-4.4910467322834648
11
5.6195077165354332
21
-4.492857322834646
0
LINE
8
BLACK
6
CONTINUOUS
10
5.6195077165354332
20
-4.492857322834646
11
5.6190297244094483
21
-4.4948197637795273
0
LINE
8
BLACK
6
CONTINUOUS
10
5.6190297244094483
20
-4.4948197637795273
11
5.6069983070866138
21
-4.5128668897637798
0
LINE
8
BLACK
6
CONTINUOUS
10
5.6069983070866138
20
-4.5128668897637798
11
5.6190297244094483
21
-4.5309140157480314
0
LINE
8
BLACK
6
CONTINUOUS
10
5.6190297244094483
20
-4.5309140157480314
11
5.619441771653543
21
-4.5318531102362201
0
LINE
8
BLACK
6
CONTINUOUS
10
5.619441771653543
20
-4.5318531102362201
11
5.6192197637795278
21
-4.5338606692913386
0
LINE
8
BLACK
6
CONTINUOUS
10
5.6192197637795278
20
-4.5338606692913386
11
5.6177592519685042
21
-4.5352558661417319
0
LINE
8
BLACK
6
CONTINUOUS
10
5.6177592519685042
20
-4.5352558661417319
11
5.6157436614173228
21
-4.5353858267716536
0
LINE
8
BLACK
6
CONTINUOUS
10
5.6157436614173228
20
-4.5353858267716536
11
5.6141160236220475
21
-4.534189803149606
0
LINE
8
BLACK
6
CONTINUOUS
10
5.6141160236220475
20
-4.534189803149606
11
5.6034495275590546
21
-4.5181900393700785
0
LINE
8
BLACK
6
CONTINUOUS
10
5.6034495275590546
20
-4.5181900393700785
11
5.5927830314960625
21
-4.534189803149606
0
LINE
8
BLACK
6
CONTINUOUS
10
5.5927830314960625
20
-4.534189803149606
11
5.5920746456692916
21
-4.5349313385826768
0
LINE
8
BLACK
6
CONTINUOUS
10
5.5920746456692916
20
-4.5349313385826768
11
5.590136141732283
21
-4.5354985826771657
0
LINE
8
BLACK
6
CONTINUOUS
10
5.590136141732283
20
-4.5354985826771657
11
5.5882865354330704
21
-4.5346870472440948
0
LINE
8
BLACK
6
CONTINUOUS
10
5.5882865354330704
20
-4.5346870472440948
11
5.5873913385826768
21
-4.5328764566929136
0
LINE
8
BLACK
6
CONTINUOUS
10
5.5873913385826768
20
-4.5328764566929136
11
5.5878693307086609
21
-4.5309140551181102
0
LINE
8
BLACK
6
CONTINUOUS
10
5.5878693307086609
20
-4.5309140551181102
11
5.5999007480314962
21
-4.5128668897637798
0
LINE
8
BLACK
6
CONTINUOUS
10
5.5999007480314962
20
-4.5128668897637798
11
5.5878693307086609
21
-4.4948197244094485
0
LINE
8
BLACK
6
CONTINUOUS
10
5.5878693307086609
20
-4.4948197244094485
11
5.587457283464567
21
-4.4938806692913387
0
LINE
8
BLACK
6
CONTINUOUS
10
5.587457283464567
20
-4.4938806692913387
11
5.5876792913385822
21
-4.4918731102362202
0
LINE
8
BLACK
6
CONTINUOUS
10
5.5876792913385822
20
-4.4918731102362202
11
5.5891398031496058
21
-4.4904779133858268
0
LINE
8
BLACK
6
CONTINUOUS
10
5.5891398031496058
20
-4.4904779133858268
11
5.5911553937007872
21
-4.4903479527559051
0
LINE
8
BLACK
6
CONTINUOUS
10
5.5911553937007872
20
-4.4903479527559051
11
5.5927830314960625
21
-4.4915439763779528
0
LINE
8
BLACK
6
CONTINUOUS
10
5.5927830314960625
20
-4.4915439763779528
11
5.6034495275590546
21
-4.5075437007874015
0
LINE
8
BLACK
6
CONTINUOUS
10
5.6034495275590546
20
-4.5075437007874015
11
5.6141160236220475
21
-4.4915439763779528
0
LINE
8
BLACK
6
CONTINUOUS
10
5.6141160236220475
20
-4.4915439763779528
11
5.6148244094488184
21
-4.4908024409448819
0
LINE
8
BLACK
6
CONTINUOUS
10
5.6148244094488184
20
-4.4908024409448819
11
5.616762913385827
21
-4.490235196850394
0
LINE
8
BLACK
6
CONTINUOUS
10
5.616762913385827
20
-4.490235196850394
11
5.6186125196850396
21
-4.4910467322834648
0
LINE
8
BLACK
6
CONTINUOUS
10
4.5569926377952754
20
-4.1187841732283461
11
4.5571278740157481
21
-4.1188976377952757
0
LINE
8
BLACK
6
CONTINUOUS
10
4.5571278740157481
20
-4.1188976377952757
11
4.5573032283464565
21
-4.1189178346456696
0
LINE
8
BLACK
6
CONTINUOUS
10
4.5573032283464565
20
-4.1189178346456696
11
4.5610527952755904
21
-4.1207925984251972
0
LINE
8
BLACK
6
CONTINUOUS
10
4.5610527952755904
20
-4.1207925984251972
11
4.5618764566929135
21
-4.1214035039370076
0
LINE
8
BLACK
6
CONTINUOUS
10
4.5618764566929135
20
-4.1214035039370076
11
4.5620522834645669
21
-4.1218091732283462
0
LINE
8
BLACK
6
CONTINUOUS
10
4.5620522834645669
20
-4.1218091732283462
11
4.5623733070866139
21
-4.1221131102362207
0
LINE
8
BLACK
6
CONTINUOUS
10
4.5623733070866139
20
-4.1221131102362207
11
4.5642480708661415
21
-4.1258626377952758
0
LINE
8
BLACK
6
CONTINUOUS
10
4.5642480708661415
20
-4.1258626377952758
11
4.5645404330708663
21
-4.126845551181102
0
LINE
8
BLACK
6
CONTINUOUS
10
4.5645404330708663
20
-4.126845551181102
11
4.5644994094488185
21
-4.1270172440944881
0
LINE
8
BLACK
6
CONTINUOUS
10
4.5644994094488185
20
-4.1270172440944881
11
4.5645598031496064
21
-4.1271831496062994
0
LINE
8
BLACK
6
CONTINUOUS
10
4.5645598031496064
20
-4.1271831496062994
11
4.5645598031496064
21
-4.1328074409448821
0
LINE
8
BLACK
6
CONTINUOUS
10
4.5645598031496064
20
-4.1328074409448821
11
4.5643817322834641
21
-4.1338173622047245
0
LINE
8
BLACK
6
CONTINUOUS
10
4.5643817322834641
20
-4.1338173622047245
11
4.5642682283464566
21
-4.1339525984251964
0
LINE
8
BLACK
6
CONTINUOUS
10
4.5642682283464566
20
-4.1339525984251964
11
4.5642480708661415
21
-4.1341279527559056
0
LINE
8
BLACK
6
CONTINUOUS
10
4.5642480708661415
20
-4.1341279527559056
11
4.5632274015748031
21
-4.1361692519685036
0
LINE
8
BLACK
6
CONTINUOUS
10
4.5632274015748031
20
-4.1361692519685036
11
4.564164212598425
21
-4.1369553543307083
0
LINE
8
BLACK
6
CONTINUOUS
10
4.564164212598425
20
-4.1369553543307083
11
4.5645149606299213
21
-4.1389444881889759
0
LINE
8
BLACK
6
CONTINUOUS
10
4.5645149606299213
20
-4.1389444881889759
11
4.5635050393700789
21
-4.1406936614173224
0
LINE
8
BLACK
6
CONTINUOUS
10
4.5635050393700789
20
-4.1406936614173224
11
4.5616070472440944
21
-4.1413844881889759
0
LINE
8
BLACK
6
CONTINUOUS
10
4.5616070472440944
20
-4.1413844881889759
11
4.5353603149606299
21
-4.1413844881889759
0
LINE
8
BLACK
6
CONTINUOUS
10
4.5353603149606299
20
-4.1413844881889759
11
4.5343503937007874
21
-4.1412064173228345
0
LINE
8
BLACK
6
CONTINUOUS
10
4.5343503937007874
20
-4.1412064173228345
11
4.5328031496062993
21
-4.1399081102362203
0
LINE
8
BLACK
6
CONTINUOUS
10
4.5328031496062993
20
-4.1399081102362203
11
4.5324524015748029
21
-4.1379189763779527
0
LINE
8
BLACK
6
CONTINUOUS
10
4.5324524015748029
20
-4.1379189763779527
11
4.5334623228346453
21
-4.1361698031496061
0
LINE
8
BLACK
6
CONTINUOUS
10
4.5334623228346453
20
-4.1361698031496061
11
4.5353603149606299
21
-4.1354789763779527
0
LINE
8
BLACK
6
CONTINUOUS
10
4.5353603149606299
20
-4.1354789763779527
11
4.5566344094488187
21
-4.1354789763779527
0
LINE
8
BLACK
6
CONTINUOUS
10
4.5566344094488187
20
-4.1354789763779527
11
4.557305551181102
21
-4.1348078346456694
0
LINE
8
BLACK
6
CONTINUOUS
10
4.557305551181102
20
-4.1348078346456694
11
4.5586542913385824
21
-4.1321103937007875
0
LINE
8
BLACK
6
CONTINUOUS
10
4.5586542913385824
20
-4.1321103937007875
11
4.5586542913385824
21
-4.127880196850394
0
LINE
8
BLACK
6
CONTINUOUS
10
4.5586542913385824
20
-4.127880196850394
11
4.557531417322835
21
-4.1256344488188974
0
LINE
8
BLACK
6
CONTINUOUS
10
4.557531417322835
20
-4.1256344488188974
11
4.5552856692913384
21
-4.1245116141732279
0
LINE
8
BLACK
6
CONTINUOUS
10
4.5552856692913384
20
-4.1245116141732279
11
4.5353603149606299
21
-4.1245116141732279
0
LINE
8
BLACK
6
CONTINUOUS
10
4.5353603149606299
20
-4.1245116141732279
11
4.5343503937007874
21
-4.1243335433070865
0
LINE
8
BLACK
6
CONTINUOUS
10
4.5343503937007874
20
-4.1243335433070865
11
4.5328031496062993
21
-4.1230352362204723
0
LINE
8
BLACK
6
CONTINUOUS
10
4.5328031496062993
20
-4.1230352362204723
11
4.5324524015748029
21
-4.1210461023622047
0
LINE
8
BLACK
6
CONTINUOUS
10
4.5324524015748029
20
-4.1210461023622047
11
4.5334623228346453
21
-4.1192969291338581
0
LINE
8
BLACK
6
CONTINUOUS
10
4.5334623228346453
20
-4.1192969291338581
11
4.5353603149606299
21
-4.1186061023622047
0
LINE
8
BLACK
6
CONTINUOUS
10
4.5353603149606299
20
-4.1186061023622047
11
4.555982716535433
21
-4.1186061023622047
0
LINE
8
BLACK
6
CONTINUOUS
10
4.555982716535433
20
-4.1186061023622047
11
4.5569926377952754
21
-4.1187841732283461
0
LINE
8
BLACK
6
CONTINUOUS
10
4.6969926377952751
20
-4.1187841732283461
11
4.6971278740157478
21
-4.1188976377952757
0
LINE
8
BLACK
6
CONTINUOUS
10
4.6971278740157478
20
-4.1188976377952757
11
4.6973032283464562
21
-4.1189178346456696
0
LINE
8
BLACK
6
CONTINUOUS
10
4.6973032283464562
20
-4.1189178346456696
11
4.7010527952755901
21
-4.1207925984251972
0
LINE
8
BLACK
6
CONTINUOUS
10
4.7010527952755901
20
-4.1207925984251972
11
4.7018764566929132
21
-4.1214035039370076
0
LINE
8
BLACK
6
CONTINUOUS
10
4.7018764566929132
20
-4.1214035039370076
11
4.7020522834645666
21
-4.1218091732283462
0
LINE
8
BLACK
6
CONTINUOUS
10
4.7020522834645666
20
-4.1218091732283462
11
4.7023733070866145
21
-4.1221131102362207
0
LINE
8
BLACK
6
CONTINUOUS
10
4.7023733070866145
20
-4.1221131102362207
11
4.7042480708661421
21
-4.1258626377952758
0
LINE
8
BLACK
6
CONTINUOUS
10
4.7042480708661421
20
-4.1258626377952758
11
4.704540433070866
21
-4.126845551181102
0
LINE
8
BLACK
6
CONTINUOUS
10
4.704540433070866
20
-4.126845551181102
11
4.7044994094488191
21
-4.1270172440944881
0
LINE
8
BLACK
6
CONTINUOUS
10
4.7044994094488191
20
-4.1270172440944881
11
4.7045598031496061
21
-4.1271831496062994
0
LINE
8
BLACK
6
CONTINUOUS
10
4.7045598031496061
20
-4.1271831496062994
11
4.7045598031496061
21
-4.1328074409448821
0
LINE
8
BLACK
6
CONTINUOUS
10
4.7045598031496061
20
-4.1328074409448821
11
4.7043817322834647
21
-4.1338173622047245
0
LINE
8
BLACK
6
CONTINUOUS
10
4.7043817322834647
20
-4.1338173622047245
11
4.7042682283464563
21
-4.1339525984251964
0
LINE
8
BLACK
6
CONTINUOUS
10
4.7042682283464563
20
-4.1339525984251964
11
4.7042480708661421
21
-4.1341279527559056
0
LINE
8
BLACK
6
CONTINUOUS
10
4.7042480708661421
20
-4.1341279527559056
11
4.7032274015748028
21
-4.1361692519685036
0
LINE
8
BLACK
6
CONTINUOUS
10
4.7032274015748028
20
-4.1361692519685036
11
4.7041642125984247
21
-4.1369553543307083
0
LINE
8
BLACK
6
CONTINUOUS
10
4.7041642125984247
20
-4.1369553543307083
11
4.704514960629921
21
-4.1389444881889759
0
LINE
8
BLACK
6
CONTINUOUS
10
4.704514960629921
20
-4.1389444881889759
11
4.7035050393700786
21
-4.1406936614173224
0
LINE
8
BLACK
6
CONTINUOUS
10
4.7035050393700786
20
-4.1406936614173224
11
4.7016070472440941
21
-4.1413844881889759
0
LINE
8
BLACK
6
CONTINUOUS
10
4.7016070472440941
20
-4.1413844881889759
11
4.6753603149606295
21
-4.1413844881889759
0
LINE
8
BLACK
6
CONTINUOUS
10
4.6753603149606295
20
-4.1413844881889759
11
4.6743503937007871
21
-4.1412064173228345
0
LINE
8
BLACK
6
CONTINUOUS
10
4.6743503937007871
20
-4.1412064173228345
11
4.6728031496062989
21
-4.1399081102362203
0
LINE
8
BLACK
6
CONTINUOUS
10
4.6728031496062989
20
-4.1399081102362203
11
4.6724524015748035
21
-4.1379189763779527
0
LINE
8
BLACK
6
CONTINUOUS
10
4.6724524015748035
20
-4.1379189763779527
11
4.6734623228346459
21
-4.1361698031496061
0
LINE
8
BLACK
6
CONTINUOUS
10
4.6734623228346459
20
-4.1361698031496061
11
4.6753603149606295
21
-4.1354789763779527
0
LINE
8
BLACK
6
CONTINUOUS
10
4.6753603149606295
20
-4.1354789763779527
11
4.6966344094488184
21
-4.1354789763779527
0
LINE
8
BLACK
6
CONTINUOUS
10
4.6966344094488184
20
-4.1354789763779527
11
4.6973055511811026
21
-4.1348078346456694
0
LINE
8
BLACK
6
CONTINUOUS
10
4.6973055511811026
20
-4.1348078346456694
11
4.6986542913385829
21
-4.1321103937007875
0
LINE
8
BLACK
6
CONTINUOUS
10
4.6986542913385829
20
-4.1321103937007875
11
4.6986542913385829
21
-4.127880196850394
0
LINE
8
BLACK
6
CONTINUOUS
10
4.6986542913385829
20
-4.127880196850394
11
4.6975314173228346
21
-4.1256344488188974
0
LINE
8
BLACK
6
CONTINUOUS
10
4.6975314173228346
20
-4.1256344488188974
11
4.6952856692913381
21
-4.1245116141732279
0
LINE
8
BLACK
6
CONTINUOUS
10
4.6952856692913381
20
-4.1245116141732279
11
4.6753603149606295
21
-4.1245116141732279
0
LINE
8
BLACK
6
CONTINUOUS
10
4.6753603149606295
20
-4.1245116141732279
11
4.6743503937007871
21
-4.1243335433070865
0
LINE
8
BLACK
6
CONTINUOUS
10
4.6743503937007871
20
-4.1243335433070865
11
4.6728031496062989
21
-4.1230352362204723
0
LINE
8
BLACK
6
CONTINUOUS
10
4.6728031496062989
20
-4.1230352362204723
11
4.6724524015748035
21
-4.1210461023622047
0
LINE
8
BLACK
6
CONTINUOUS
10
4.6724524015748035
20
-4.1210461023622047
11
4.6734623228346459
21
-4.1192969291338581
0
LINE
8
BLACK
6
CONTINUOUS
10
4.6734623228346459
20
-4.1192969291338581
11
4.6753603149606295
21
-4.1186061023622047
0
LINE
8
BLACK
6
CONTINUOUS
10
4.6753603149606295
20
-4.1186061023622047
11
4.6959827165354326
21
-4.1186061023622047
0
LINE
8
BLACK
6
CONTINUOUS
10
4.6959827165354326
20
-4.1186061023622047
11
4.6969926377952751
21
-4.1187841732283461
0
LINE
8
BLACK
6
CONTINUOUS
10
4.8369926377952757
20
-4.1187841732283461
11
4.8371278740157475
21
-4.1188976377952757
0
LINE
8
BLACK
6
CONTINUOUS
10
4.8371278740157475
20
-4.1188976377952757
11
4.8373032283464568
21
-4.1189178346456696
0
LINE
8
BLACK
6
CONTINUOUS
10
4.8373032283464568
20
-4.1189178346456696
11
4.8410527952755906
21
-4.1207925984251972
0
LINE
8
BLACK
6
CONTINUOUS
10
4.8410527952755906
20
-4.1207925984251972
11
4.8418764566929129
21
-4.1214035039370076
0
LINE
8
BLACK
6
CONTINUOUS
10
4.8418764566929129
20
-4.1214035039370076
11
4.8420522834645672
21
-4.1218091732283462
0
LINE
8
BLACK
6
CONTINUOUS
10
4.8420522834645672
20
-4.1218091732283462
11
4.8423733070866142
21
-4.1221131102362207
0
LINE
8
BLACK
6
CONTINUOUS
10
4.8423733070866142
20
-4.1221131102362207
11
4.8442480708661417
21
-4.1258626377952758
0
LINE
8
BLACK
6
CONTINUOUS
10
4.8442480708661417
20
-4.1258626377952758
11
4.8445404330708657
21
-4.126845551181102
0
LINE
8
BLACK
6
CONTINUOUS
10
4.8445404330708657
20
-4.126845551181102
11
4.8444994094488187
21
-4.1270172440944881
0
LINE
8
BLACK
6
CONTINUOUS
10
4.8444994094488187
20
-4.1270172440944881
11
4.8445598031496058
21
-4.1271831496062994
0
LINE
8
BLACK
6
CONTINUOUS
10
4.8445598031496058
20
-4.1271831496062994
11
4.8445598031496058
21
-4.1328074409448821
0
LINE
8
BLACK
6
CONTINUOUS
10
4.8445598031496058
20
-4.1328074409448821
11
4.8443817322834644
21
-4.1338173622047245
0
LINE
8
BLACK
6
CONTINUOUS
10
4.8443817322834644
20
-4.1338173622047245
11
4.8442682283464569
21
-4.1339525984251964
0
LINE
8
BLACK
6
CONTINUOUS
10
4.8442682283464569
20
-4.1339525984251964
11
4.8442480708661417
21
-4.1341279527559056
0
LINE
8
BLACK
6
CONTINUOUS
10
4.8442480708661417
20
-4.1341279527559056
11
4.8432274015748034
21
-4.1361692519685036
0
LINE
8
BLACK
6
CONTINUOUS
10
4.8432274015748034
20
-4.1361692519685036
11
4.8441642125984252
21
-4.1369553543307083
0
LINE
8
BLACK
6
CONTINUOUS
10
4.8441642125984252
20
-4.1369553543307083
11
4.8445149606299207
21
-4.1389444881889759
0
LINE
8
BLACK
6
CONTINUOUS
10
4.8445149606299207
20
-4.1389444881889759
11
4.8435050393700783
21
-4.1406936614173224
0
LINE
8
BLACK
6
CONTINUOUS
10
4.8435050393700783
20
-4.1406936614173224
11
4.8416070472440946
21
-4.1413844881889759
0
LINE
8
BLACK
6
CONTINUOUS
10
4.8416070472440946
20
-4.1413844881889759
11
4.8153603149606301
21
-4.1413844881889759
0
LINE
8
BLACK
6
CONTINUOUS
10
4.8153603149606301
20
-4.1413844881889759
11
4.8143503937007877
21
-4.1412064173228345
0
LINE
8
BLACK
6
CONTINUOUS
10
4.8143503937007877
20
-4.1412064173228345
11
4.8128031496062995
21
-4.1399081102362203
0
LINE
8
BLACK
6
CONTINUOUS
10
4.8128031496062995
20
-4.1399081102362203
11
4.8124524015748031
21
-4.1379189763779527
0
LINE
8
BLACK
6
CONTINUOUS
10
4.8124524015748031
20
-4.1379189763779527
11
4.8134623228346456
21
-4.1361698031496061
0
LINE
8
BLACK
6
CONTINUOUS
10
4.8134623228346456
20
-4.1361698031496061
11
4.8153603149606301
21
-4.1354789763779527
0
LINE
8
BLACK
6
CONTINUOUS
10
4.8153603149606301
20
-4.1354789763779527
11
4.8366344094488189
21
-4.1354789763779527
0
LINE
8
BLACK
6
CONTINUOUS
10
4.8366344094488189
20
-4.1354789763779527
11
4.8373055511811023
21
-4.1348078346456694
0
LINE
8
BLACK
6
CONTINUOUS
10
4.8373055511811023
20
-4.1348078346456694
11
4.8386542913385826
21
-4.1321103937007875
0
LINE
8
BLACK
6
CONTINUOUS
10
4.8386542913385826
20
-4.1321103937007875
11
4.8386542913385826
21
-4.127880196850394
0
LINE
8
BLACK
6
CONTINUOUS
10
4.8386542913385826
20
-4.127880196850394
11
4.8375314173228343
21
-4.1256344488188974
0
LINE
8
BLACK
6
CONTINUOUS
10
4.8375314173228343
20
-4.1256344488188974
11
4.8352856692913386
21
-4.1245116141732279
0
LINE
8
BLACK
6
CONTINUOUS
10
4.8352856692913386
20
-4.1245116141732279
11
4.8153603149606301
21
-4.1245116141732279
0
LINE
8
BLACK
6
CONTINUOUS
10
4.8153603149606301
20
-4.1245116141732279
11
4.8143503937007877
21
-4.1243335433070865
0
LINE
8
BLACK
6
CONTINUOUS
10
4.8143503937007877
20
-4.1243335433070865
11
4.8128031496062995
21
-4.1230352362204723
0
LINE
8
BLACK
6
CONTINUOUS
10
4.8128031496062995
20
-4.1230352362204723
11
4.8124524015748031
21
-4.1210461023622047
0
LINE
8
BLACK
6
CONTINUOUS
10
4.8124524015748031
20
-4.1210461023622047
11
4.8134623228346456
21
-4.1192969291338581
0
LINE
8
BLACK
6
CONTINUOUS
10
4.8134623228346456
20
-4.1192969291338581
11
4.8153603149606301
21
-4.1186061023622047
0
LINE
8
BLACK
6
CONTINUOUS
10
4.8153603149606301
20
-4.1186061023622047
11
4.8359827165354332
21
-4.1186061023622047
0
LINE
8
BLACK
6
CONTINUOUS
10
4.8359827165354332
20
-4.1186061023622047
11
4.8369926377952757
21
-4.1187841732283461
0
LINE
8
BLACK
6
CONTINUOUS
10
4.9769926377952753
20
-4.1187841732283461
11
4.9771278740157481
21
-4.1188976377952757
0
LINE
8
BLACK
6
CONTINUOUS
10
4.9771278740157481
20
-4.1188976377952757
11
4.9773032283464564
21
-4.1189178346456696
0
LINE
8
BLACK
6
CONTINUOUS
10
4.9773032283464564
20
-4.1189178346456696
11
4.9810527952755903
21
-4.1207925984251972
0
LINE
8
BLACK
6
CONTINUOUS
10
4.9810527952755903
20
-4.1207925984251972
11
4.9818764566929135
21
-4.1214035039370076
0
LINE
8
BLACK
6
CONTINUOUS
10
4.9818764566929135
20
-4.1214035039370076
11
4.9820522834645669
21
-4.1218091732283462
0
LINE
8
BLACK
6
CONTINUOUS
10
4.9820522834645669
20
-4.1218091732283462
11
4.9823733070866139
21
-4.1221131102362207
0
LINE
8
BLACK
6
CONTINUOUS
10
4.9823733070866139
20
-4.1221131102362207
11
4.9842480708661414
21
-4.1258626377952758
0
LINE
8
BLACK
6
CONTINUOUS
10
4.9842480708661414
20
-4.1258626377952758
11
4.9845404330708662
21
-4.126845551181102
0
LINE
8
BLACK
6
CONTINUOUS
10
4.9845404330708662
20
-4.126845551181102
11
4.9844994094488184
21
-4.1270172440944881
0
LINE
8
BLACK
6
CONTINUOUS
10
4.9844994094488184
20
-4.1270172440944881
11
4.9845598031496063
21
-4.1271831496062994
0
LINE
8
BLACK
6
CONTINUOUS
10
4.9845598031496063
20
-4.1271831496062994
11
4.9845598031496063
21
-4.1328074409448821
0
LINE
8
BLACK
6
CONTINUOUS
10
4.9845598031496063
20
-4.1328074409448821
11
4.984381732283464
21
-4.1338173622047245
0
LINE
8
BLACK
6
CONTINUOUS
10
4.984381732283464
20
-4.1338173622047245
11
4.9842682283464566
21
-4.1339525984251964
0
LINE
8
BLACK
6
CONTINUOUS
10
4.9842682283464566
20
-4.1339525984251964
11
4.9842480708661414
21
-4.1341279527559056
0
LINE
8
BLACK
6
CONTINUOUS
10
4.9842480708661414
20
-4.1341279527559056
11
4.983227401574803
21
-4.1361692519685036
0
LINE
8
BLACK
6
CONTINUOUS
10
4.983227401574803
20
-4.1361692519685036
11
4.9841642125984249
21
-4.1369553543307083
0
LINE
8
BLACK
6
CONTINUOUS
10
4.9841642125984249
20
-4.1369553543307083
11
4.9845149606299213
21
-4.1389444881889759
0
LINE
8
BLACK
6
CONTINUOUS
10
4.9845149606299213
20
-4.1389444881889759
11
4.9835050393700788
21
-4.1406936614173224
0
LINE
8
BLACK
6
CONTINUOUS
10
4.9835050393700788
20
-4.1406936614173224
11
4.9816070472440943
21
-4.1413844881889759
0
LINE
8
BLACK
6
CONTINUOUS
10
4.9816070472440943
20
-4.1413844881889759
11
4.9553603149606298
21
-4.1413844881889759
0
LINE
8
BLACK
6
CONTINUOUS
10
4.9553603149606298
20
-4.1413844881889759
11
4.9543503937007873
21
-4.1412064173228345
0
LINE
8
BLACK
6
CONTINUOUS
10
4.9543503937007873
20
-4.1412064173228345
11
4.9528031496062992
21
-4.1399081102362203
0
LINE
8
BLACK
6
CONTINUOUS
10
4.9528031496062992
20
-4.1399081102362203
11
4.9524524015748028
21
-4.1379189763779527
0
LINE
8
BLACK
6
CONTINUOUS
10
4.9524524015748028
20
-4.1379189763779527
11
4.9534623228346453
21
-4.1361698031496061
0
LINE
8
BLACK
6
CONTINUOUS
10
4.9534623228346453
20
-4.1361698031496061
11
4.9553603149606298
21
-4.1354789763779527
0
LINE
8
BLACK
6
CONTINUOUS
10
4.9553603149606298
20
-4.1354789763779527
11
4.9766344094488186
21
-4.1354789763779527
0
LINE
8
BLACK
6
CONTINUOUS
10
4.9766344094488186
20
-4.1354789763779527
11
4.977305551181102
21
-4.1348078346456694
0
LINE
8
BLACK
6
CONTINUOUS
10
4.977305551181102
20
-4.1348078346456694
11
4.9786542913385823
21
-4.1321103937007875
0
LINE
8
BLACK
6
CONTINUOUS
10
4.9786542913385823
20
-4.1321103937007875
11
4.9786542913385823
21
-4.127880196850394
0
LINE
8
BLACK
6
CONTINUOUS
10
4.9786542913385823
20
-4.127880196850394
11
4.9775314173228349
21
-4.1256344488188974
0
LINE
8
BLACK
6
CONTINUOUS
10
4.9775314173228349
20
-4.1256344488188974
11
4.9752856692913383
21
-4.1245116141732279
0
LINE
8
BLACK
6
CONTINUOUS
10
4.9752856692913383
20
-4.1245116141732279
11
4.9553603149606298
21
-4.1245116141732279
0
LINE
8
BLACK
6
CONTINUOUS
10
4.9553603149606298
20
-4.1245116141732279
11
4.9543503937007873
21
-4.1243335433070865
0
LINE
8
BLACK
6
CONTINUOUS
10
4.9543503937007873
20
-4.1243335433070865
11
4.9528031496062992
21
-4.1230352362204723
0
LINE
8
BLACK
6
CONTINUOUS
10
4.9528031496062992
20
-4.1230352362204723
11
4.9524524015748028
21
-4.1210461023622047
0
LINE
8
BLACK
6
CONTINUOUS
10
4.9524524015748028
20
-4.1210461023622047
11
4.9534623228346453
21
-4.1192969291338581
0
LINE
8
BLACK
6
CONTINUOUS
10
4.9534623228346453
20
-4.1192969291338581
11
4.9553603149606298
21
-4.1186061023622047
0
LINE
8
BLACK
6
CONTINUOUS
10
4.9553603149606298
20
-4.1186061023622047
11
4.9759827165354329
21
-4.1186061023622047
0
LINE
8
BLACK
6
CONTINUOUS
10
4.9759827165354329
20
-4.1186061023622047
11
4.9769926377952753
21
-4.1187841732283461
0
LINE
8
BLACK
6
CONTINUOUS
10
4.5244988976377956
20
-4.0784160236220472
11
4.525189724409449
21
-4.0803140157480318
0
LINE
8
BLACK
6
CONTINUOUS
10
4.525189724409449
20
-4.0803140157480318
11
4.525189724409449
21
-4.102082716535433
0
LINE
8
BLACK
6
CONTINUOUS
10
4.525189724409449
20
-4.102082716535433
11
4.5604438976377955
21
-4.0869738188976381
0
LINE
8
BLACK
6
CONTINUOUS
10
4.5604438976377955
20
-4.0869738188976381
11
4.5614422834645669
21
-4.0867396850393698
0
LINE
8
BLACK
6
CONTINUOUS
10
4.5614422834645669
20
-4.0867396850393698
11
4.5633758661417323
21
-4.0873235039370082
0
LINE
8
BLACK
6
CONTINUOUS
10
4.5633758661417323
20
-4.0873235039370082
11
4.5644818110236223
21
-4.0890136614173231
0
LINE
8
BLACK
6
CONTINUOUS
10
4.5644818110236223
20
-4.0890136614173231
11
4.5642425984251966
21
-4.0910192125984253
0
LINE
8
BLACK
6
CONTINUOUS
10
4.5642425984251966
20
-4.0910192125984253
11
4.5627701968503933
21
-4.092401850393701
0
LINE
8
BLACK
6
CONTINUOUS
10
4.5627701968503933
20
-4.092401850393701
11
4.5234001181102359
21
-4.109274724409449
0
LINE
8
BLACK
6
CONTINUOUS
10
4.5234001181102359
20
-4.109274724409449
11
4.5224016929133857
21
-4.1095088582677164
0
LINE
8
BLACK
6
CONTINUOUS
10
4.5224016929133857
20
-4.1095088582677164
11
4.5220677559055114
21
-4.1094080314960628
0
LINE
8
BLACK
6
CONTINUOUS
10
4.5220677559055114
20
-4.1094080314960628
11
4.5217242125984249
21
-4.1094686220472436
0
LINE
8
BLACK
6
CONTINUOUS
10
4.5217242125984249
20
-4.1094686220472436
11
4.5211275984251964
21
-4.109124133858268
0
LINE
8
BLACK
6
CONTINUOUS
10
4.5211275984251964
20
-4.109124133858268
11
4.5204681496062991
21
-4.1089250393700789
0
LINE
8
BLACK
6
CONTINUOUS
10
4.5204681496062991
20
-4.1089250393700789
11
4.5202771259842516
21
-4.1086331102362204
0
LINE
8
BLACK
6
CONTINUOUS
10
4.5202771259842516
20
-4.1086331102362204
11
4.5199750393700784
21
-4.1084587007874012
0
LINE
8
BLACK
6
CONTINUOUS
10
4.5199750393700784
20
-4.1084587007874012
11
4.5197394094488184
21
-4.1078113385826773
0
LINE
8
BLACK
6
CONTINUOUS
10
4.5197394094488184
20
-4.1078113385826773
11
4.5193622047244091
21
-4.1072348818897639
0
LINE
8
BLACK
6
CONTINUOUS
10
4.5193622047244091
20
-4.1072348818897639
11
4.5194035039370082
21
-4.1068884645669295
0
LINE
8
BLACK
6
CONTINUOUS
10
4.5194035039370082
20
-4.1068884645669295
11
4.5192842125984249
21
-4.1065607086614175
0
LINE
8
BLACK
6
CONTINUOUS
10
4.5192842125984249
20
-4.1065607086614175
11
4.5192842125984249
21
-4.0803140157480318
0
LINE
8
BLACK
6
CONTINUOUS
10
4.5192842125984249
20
-4.0803140157480318
11
4.5194622834645672
21
-4.0793040944881893
0
LINE
8
BLACK
6
CONTINUOUS
10
4.5194622834645672
20
-4.0793040944881893
11
4.5207605905511814
21
-4.0777568503937003
0
LINE
8
BLACK
6
CONTINUOUS
10
4.5207605905511814
20
-4.0777568503937003
11
4.522749724409449
21
-4.0774061023622048
0
LINE
8
BLACK
6
CONTINUOUS
10
4.522749724409449
20
-4.0774061023622048
11
4.5244988976377956
21
-4.0784160236220472
0
LINE
8
BLACK
6
CONTINUOUS
10
4.6644988976377952
20
-4.0784160236220472
11
4.6651897244094487
21
-4.0803140157480318
0
LINE
8
BLACK
6
CONTINUOUS
10
4.6651897244094487
20
-4.0803140157480318
11
4.6651897244094487
21
-4.102082716535433
0
LINE
8
BLACK
6
CONTINUOUS
10
4.6651897244094487
20
-4.102082716535433
11
4.7004438976377951
21
-4.0869738188976381
0
LINE
8
BLACK
6
CONTINUOUS
10
4.7004438976377951
20
-4.0869738188976381
11
4.7014422834645666
21
-4.0867396850393698
0
LINE
8
BLACK
6
CONTINUOUS
10
4.7014422834645666
20
-4.0867396850393698
11
4.703375866141732
21
-4.0873235039370082
0
LINE
8
BLACK
6
CONTINUOUS
10
4.703375866141732
20
-4.0873235039370082
11
4.704481811023622
21
-4.0890136614173231
0
LINE
8
BLACK
6
CONTINUOUS
10
4.704481811023622
20
-4.0890136614173231
11
4.7042425984251963
21
-4.0910192125984253
0
LINE
8
BLACK
6
CONTINUOUS
10
4.7042425984251963
20
-4.0910192125984253
11
4.7027701968503939
21
-4.092401850393701
0
LINE
8
BLACK
6
CONTINUOUS
10
4.7027701968503939
20
-4.092401850393701
11
4.6634001181102365
21
-4.109274724409449
0
LINE
8
BLACK
6
CONTINUOUS
10
4.6634001181102365
20
-4.109274724409449
11
4.6624016929133854
21
-4.1095088582677164
0
LINE
8
BLACK
6
CONTINUOUS
10
4.6624016929133854
20
-4.1095088582677164
11
4.6620677559055119
21
-4.1094080314960628
0
LINE
8
BLACK
6
CONTINUOUS
10
4.6620677559055119
20
-4.1094080314960628
11
4.6617242125984255
21
-4.1094686220472436
0
LINE
8
BLACK
6
CONTINUOUS
10
4.6617242125984255
20
-4.1094686220472436
11
4.661127598425197
21
-4.109124133858268
0
LINE
8
BLACK
6
CONTINUOUS
10
4.661127598425197
20
-4.109124133858268
11
4.6604681496062987
21
-4.1089250393700789
0
LINE
8
BLACK
6
CONTINUOUS
10
4.6604681496062987
20
-4.1089250393700789
11
4.6602771259842521
21
-4.1086331102362204
0
LINE
8
BLACK
6
CONTINUOUS
10
4.6602771259842521
20
-4.1086331102362204
11
4.659975039370079
21
-4.1084587007874012
0
LINE
8
BLACK
6
CONTINUOUS
10
4.659975039370079
20
-4.1084587007874012
11
4.6597394094488189
21
-4.1078113385826773
0
LINE
8
BLACK
6
CONTINUOUS
10
4.6597394094488189
20
-4.1078113385826773
11
4.6593622047244097
21
-4.1072348818897639
0
LINE
8
BLACK
6
CONTINUOUS
10
4.6593622047244097
20
-4.1072348818897639
11
4.6594035039370079
21
-4.1068884645669295
0
LINE
8
BLACK
6
CONTINUOUS
10
4.6594035039370079
20
-4.1068884645669295
11
4.6592842125984255
21
-4.1065607086614175
0
LINE
8
BLACK
6
CONTINUOUS
10
4.6592842125984255
20
-4.1065607086614175
11
4.6592842125984255
21
-4.0803140157480318
0
LINE
8
BLACK
6
CONTINUOUS
10
4.6592842125984255
20
-4.0803140157480318
11
4.6594622834645669
21
-4.0793040944881893
0
LINE
8
BLACK
6
CONTINUOUS
10
4.6594622834645669
20
-4.0793040944881893
11
4.6607605905511811
21
-4.0777568503937003
0
LINE
8
BLACK
6
CONTINUOUS
10
4.6607605905511811
20
-4.0777568503937003
11
4.6627497244094487
21
-4.0774061023622048
0
LINE
8
BLACK
6
CONTINUOUS
10
4.6627497244094487
20
-4.0774061023622048
11
4.6644988976377952
21
-4.0784160236220472
0
LINE
8
BLACK
6
CONTINUOUS
10
4.8044988976377949
20
-4.0784160236220472
11
4.8051897244094484
21
-4.0803140157480318
0
LINE
8
BLACK
6
CONTINUOUS
10
4.8051897244094484
20
-4.0803140157480318
11
4.8051897244094484
21
-4.102082716535433
0
LINE
8
BLACK
6
CONTINUOUS
10
4.8051897244094484
20
-4.102082716535433
11
4.8404438976377948
21
-4.0869738188976381
0
LINE
8
BLACK
6
CONTINUOUS
10
4.8404438976377948
20
-4.0869738188976381
11
4.8414422834645672
21
-4.0867396850393698
0
LINE
8
BLACK
6
CONTINUOUS
10
4.8414422834645672
20
-4.0867396850393698
11
4.8433758661417325
21
-4.0873235039370082
0
LINE
8
BLACK
6
CONTINUOUS
10
4.8433758661417325
20
-4.0873235039370082
11
4.8444818110236216
21
-4.0890136614173231
0
LINE
8
BLACK
6
CONTINUOUS
10
4.8444818110236216
20
-4.0890136614173231
11
4.8442425984251969
21
-4.0910192125984253
0
LINE
8
BLACK
6
CONTINUOUS
10
4.8442425984251969
20
-4.0910192125984253
11
4.8427701968503936
21
-4.092401850393701
0
LINE
8
BLACK
6
CONTINUOUS
10
4.8427701968503936
20
-4.092401850393701
11
4.8034001181102361
21
-4.109274724409449
0
LINE
8
BLACK
6
CONTINUOUS
10
4.8034001181102361
20
-4.109274724409449
11
4.8024016929133859
21
-4.1095088582677164
0
LINE
8
BLACK
6
CONTINUOUS
10
4.8024016929133859
20
-4.1095088582677164
11
4.8020677559055116
21
-4.1094080314960628
0
LINE
8
BLACK
6
CONTINUOUS
10
4.8020677559055116
20
-4.1094080314960628
11
4.8017242125984252
21
-4.1094686220472436
0
LINE
8
BLACK
6
CONTINUOUS
10
4.8017242125984252
20
-4.1094686220472436
11
4.8011275984251967
21
-4.109124133858268
0
LINE
8
BLACK
6
CONTINUOUS
10
4.8011275984251967
20
-4.109124133858268
11
4.8004681496062993
21
-4.1089250393700789
0
LINE
8
BLACK
6
CONTINUOUS
10
4.8004681496062993
20
-4.1089250393700789
11
4.8002771259842518
21
-4.1086331102362204
0
LINE
8
BLACK
6
CONTINUOUS
10
4.8002771259842518
20
-4.1086331102362204
11
4.7999750393700786
21
-4.1084587007874012
0
LINE
8
BLACK
6
CONTINUOUS
10
4.7999750393700786
20
-4.1084587007874012
11
4.7997394094488186
21
-4.1078113385826773
0
LINE
8
BLACK
6
CONTINUOUS
10
4.7997394094488186
20
-4.1078113385826773
11
4.7993622047244093
21
-4.1072348818897639
0
LINE
8
BLACK
6
CONTINUOUS
10
4.7993622047244093
20
-4.1072348818897639
11
4.7994035039370075
21
-4.1068884645669295
0
LINE
8
BLACK
6
CONTINUOUS
10
4.7994035039370075
20
-4.1068884645669295
11
4.7992842125984252
21
-4.1065607086614175
0
LINE
8
BLACK
6
CONTINUOUS
10
4.7992842125984252
20
-4.1065607086614175
11
4.7992842125984252
21
-4.0803140157480318
0
LINE
8
BLACK
6
CONTINUOUS
10
4.7992842125984252
20
-4.0803140157480318
11
4.7994622834645666
21
-4.0793040944881893
0
LINE
8
BLACK
6
CONTINUOUS
10
4.7994622834645666
20
-4.0793040944881893
11
4.8007605905511808
21
-4.0777568503937003
0
LINE
8
BLACK
6
CONTINUOUS
10
4.8007605905511808
20
-4.0777568503937003
11
4.8027497244094484
21
-4.0774061023622048
0
LINE
8
BLACK
6
CONTINUOUS
10
4.8027497244094484
20
-4.0774061023622048
11
4.8044988976377949
21
-4.0784160236220472
0
LINE
8
BLACK
6
CONTINUOUS
10
4.9444988976377955
20
-4.0784160236220472
11
4.9451897244094489
21
-4.0803140157480318
0
LINE
8
BLACK
6
CONTINUOUS
10
4.9451897244094489
20
-4.0803140157480318
11
4.9451897244094489
21
-4.102082716535433
0
LINE
8
BLACK
6
CONTINUOUS
10
4.9451897244094489
20
-4.102082716535433
11
4.9804438976377954
21
-4.0869738188976381
0
LINE
8
BLACK
6
CONTINUOUS
10
4.9804438976377954
20
-4.0869738188976381
11
4.9814422834645669
21
-4.0867396850393698
0
LINE
8
BLACK
6
CONTINUOUS
10
4.9814422834645669
20
-4.0867396850393698
11
4.9833758661417322
21
-4.0873235039370082
0
LINE
8
BLACK
6
CONTINUOUS
10
4.9833758661417322
20
-4.0873235039370082
11
4.9844818110236222
21
-4.0890136614173231
0
LINE
8
BLACK
6
CONTINUOUS
10
4.9844818110236222
20
-4.0890136614173231
11
4.9842425984251966
21
-4.0910192125984253
0
LINE
8
BLACK
6
CONTINUOUS
10
4.9842425984251966
20
-4.0910192125984253
11
4.9827701968503932
21
-4.092401850393701
0
LINE
8
BLACK
6
CONTINUOUS
10
4.9827701968503932
20
-4.092401850393701
11
4.9434001181102358
21
-4.109274724409449
0
LINE
8
BLACK
6
CONTINUOUS
10
4.9434001181102358
20
-4.109274724409449
11
4.9424016929133856
21
-4.1095088582677164
0
LINE
8
BLACK
6
CONTINUOUS
10
4.9424016929133856
20
-4.1095088582677164
11
4.9420677559055113
21
-4.1094080314960628
0
LINE
8
BLACK
6
CONTINUOUS
10
4.9420677559055113
20
-4.1094080314960628
11
4.9417242125984249
21
-4.1094686220472436
0
LINE
8
BLACK
6
CONTINUOUS
10
4.9417242125984249
20
-4.1094686220472436
11
4.9411275984251963
21
-4.109124133858268
0
LINE
8
BLACK
6
CONTINUOUS
10
4.9411275984251963
20
-4.109124133858268
11
4.940468149606299
21
-4.1089250393700789
0
LINE
8
BLACK
6
CONTINUOUS
10
4.940468149606299
20
-4.1089250393700789
11
4.9402771259842515
21
-4.1086331102362204
0
LINE
8
BLACK
6
CONTINUOUS
10
4.9402771259842515
20
-4.1086331102362204
11
4.9399750393700783
21
-4.1084587007874012
0
LINE
8
BLACK
6
CONTINUOUS
10
4.9399750393700783
20
-4.1084587007874012
11
4.9397394094488192
21
-4.1078113385826773
0
LINE
8
BLACK
6
CONTINUOUS
10
4.9397394094488192
20
-4.1078113385826773
11
4.939362204724409
21
-4.1072348818897639
0
LINE
8
BLACK
6
CONTINUOUS
10
4.939362204724409
20
-4.1072348818897639
11
4.9394035039370081
21
-4.1068884645669295
0
LINE
8
BLACK
6
CONTINUOUS
10
4.9394035039370081
20
-4.1068884645669295
11
4.9392842125984249
21
-4.1065607086614175
0
LINE
8
BLACK
6
CONTINUOUS
10
4.9392842125984249
20
-4.1065607086614175
11
4.9392842125984249
21
-4.0803140157480318
0
LINE
8
BLACK
6
CONTINUOUS
10
4.9392842125984249
20
-4.0803140157480318
11
4.9394622834645672
21
-4.0793040944881893
0
LINE
8
BLACK
6
CONTINUOUS
10
4.9394622834645672
20
-4.0793040944881893
11
4.9407605905511813
21
-4.0777568503937003
0
LINE
8
BLACK
6
CONTINUOUS
10
4.9407605905511813
20
-4.0777568503937003
11
4.9427497244094489
21
-4.0774061023622048
0
LINE
8
BLACK
6
CONTINUOUS
10
4.9427497244094489
20
-4.0774061023622048
11
4.9444988976377955
21
-4.0784160236220472
0
LINE
8
BLACK
6
CONTINUOUS
10
4.5487741338582675
20
-4.041824724409449
11
4.5489964173228348
21
-4.0417855511811025
0
LINE
8
BLACK
6
CONTINUOUS
10
4.5489964173228348
20
-4.0417855511811025
11
4.5496938976377947
21
-4.0421882677165355
0
LINE
8
BLACK
6
CONTINUOUS
10
4.5496938976377947
20
-4.0421882677165355
11
4.5504427165354331
21
-4.0424842125984251
0
LINE
8
BLACK
6
CONTINUOUS
10
4.5504427165354331
20
-4.0424842125984251
11
4.5505501574803144
21
-4.0426826377952754
0
LINE
8
BLACK
6
CONTINUOUS
10
4.5505501574803144
20
-4.0426826377952754
11
4.5507455905511813
21
-4.0427954724409449
0
LINE
8
BLACK
6
CONTINUOUS
10
4.5507455905511813
20
-4.0427954724409449
11
4.5510209842519682
21
-4.0435521653543303
0
LINE
8
BLACK
6
CONTINUOUS
10
4.5510209842519682
20
-4.0435521653543303
11
4.5514044881889761
21
-4.0442603543307083
0
LINE
8
BLACK
6
CONTINUOUS
10
4.5514044881889761
20
-4.0442603543307083
11
4.5513592125984248
21
-4.0444814173228343
0
LINE
8
BLACK
6
CONTINUOUS
10
4.5513592125984248
20
-4.0444814173228343
11
4.5514364173228348
21
-4.0446934645669295
0
LINE
8
BLACK
6
CONTINUOUS
10
4.5514364173228348
20
-4.0446934645669295
11
4.5514364173228348
21
-4.060488346456693
0
LINE
8
BLACK
6
CONTINUOUS
10
4.5514364173228348
20
-4.060488346456693
11
4.5616070472440944
21
-4.060488346456693
0
LINE
8
BLACK
6
CONTINUOUS
10
4.5616070472440944
20
-4.060488346456693
11
4.5626169685039368
21
-4.0606664173228344
0
LINE
8
BLACK
6
CONTINUOUS
10
4.5626169685039368
20
-4.0606664173228344
11
4.564164212598425
21
-4.0619647244094486
0
LINE
8
BLACK
6
CONTINUOUS
10
4.564164212598425
20
-4.0619647244094486
11
4.5645149606299213
21
-4.0639538582677162
0
LINE
8
BLACK
6
CONTINUOUS
10
4.5645149606299213
20
-4.0639538582677162
11
4.5635050393700789
21
-4.0657030314960627
0
LINE
8
BLACK
6
CONTINUOUS
10
4.5635050393700789
20
-4.0657030314960627
11
4.5616070472440944
21
-4.0663938582677162
0
LINE
8
BLACK
6
CONTINUOUS
10
4.5616070472440944
20
-4.0663938582677162
11
4.5514364173228348
21
-4.0663938582677162
0
LINE
8
BLACK
6
CONTINUOUS
10
4.5514364173228348
20
-4.0663938582677162
11
4.5514364173228348
21
-4.0690653937007877
0
LINE
8
BLACK
6
CONTINUOUS
10
4.5514364173228348
20
-4.0690653937007877
11
4.5512583464566925
21
-4.0700753149606301
0
LINE
8
BLACK
6
CONTINUOUS
10
4.5512583464566925
20
-4.0700753149606301
11
4.5499600393700783
21
-4.0716225590551183
0
LINE
8
BLACK
6
CONTINUOUS
10
4.5499600393700783
20
-4.0716225590551183
11
4.5479709055118107
21
-4.0719733070866138
0
LINE
8
BLACK
6
CONTINUOUS
10
4.5479709055118107
20
-4.0719733070866138
11
4.5462217322834642
21
-4.0709633858267713
0
LINE
8
BLACK
6
CONTINUOUS
10
4.5462217322834642
20
-4.0709633858267713
11
4.5455309055118107
21
-4.0690653937007877
0
LINE
8
BLACK
6
CONTINUOUS
10
4.5455309055118107
20
-4.0690653937007877
11
4.5455309055118107
21
-4.0663938582677162
0
LINE
8
BLACK
6
CONTINUOUS
10
4.5455309055118107
20
-4.0663938582677162
11
4.5353603149606299
21
-4.0663938582677162
0
LINE
8
BLACK
6
CONTINUOUS
10
4.5353603149606299
20
-4.0663938582677162
11
4.5343503937007874
21
-4.0662157874015747
0
LINE
8
BLACK
6
CONTINUOUS
10
4.5343503937007874
20
-4.0662157874015747
11
4.5328031496062993
21
-4.0649174803149606
0
LINE
8
BLACK
6
CONTINUOUS
10
4.5328031496062993
20
-4.0649174803149606
11
4.5324524015748029
21
-4.062928346456693
0
LINE
8
BLACK
6
CONTINUOUS
10
4.5324524015748029
20
-4.062928346456693
11
4.5334623228346453
21
-4.0611791732283464
0
LINE
8
BLACK
6
CONTINUOUS
10
4.5334623228346453
20
-4.0611791732283464
11
4.5353603149606299
21
-4.060488346456693
0
LINE
8
BLACK
6
CONTINUOUS
10
4.5353603149606299
20
-4.060488346456693
11
4.5455309055118107
21
-4.060488346456693
0
LINE
8
BLACK
6
CONTINUOUS
10
4.5455309055118107
20
-4.060488346456693
11
4.5455309055118107
21
-4.0487901574803145
0
LINE
8
BLACK
6
CONTINUOUS
10
4.5455309055118107
20
-4.0487901574803145
11
4.5212959448818895
21
-4.0568685039370074
0
LINE
8
BLACK
6
CONTINUOUS
10
4.5212959448818895
20
-4.0568685039370074
11
4.520281535433071
21
-4.0570189370078742
0
LINE
8
BLACK
6
CONTINUOUS
10
4.520281535433071
20
-4.0570189370078742
11
4.5184031496062991
21
-4.0562765354330708
0
LINE
8
BLACK
6
CONTINUOUS
10
4.5184031496062991
20
-4.0562765354330708
11
4.517441377952756
21
-4.0545003937007875
0
LINE
8
BLACK
6
CONTINUOUS
10
4.517441377952756
20
-4.0545003937007875
11
4.517846338582677
21
-4.0525216141732283
0
LINE
8
BLACK
6
CONTINUOUS
10
4.517846338582677
20
-4.0525216141732283
11
4.5194284645669294
21
-4.0512660629921262
0
LINE
8
BLACK
6
CONTINUOUS
10
4.5194284645669294
20
-4.0512660629921262
11
4.5475498818897639
21
-4.0418922440944884
0
LINE
8
BLACK
6
CONTINUOUS
10
4.5475498818897639
20
-4.0418922440944884
11
4.5485642913385824
21
-4.0417418110236216
0
LINE
8
BLACK
6
CONTINUOUS
10
4.5485642913385824
20
-4.0417418110236216
11
4.5487741338582675
21
-4.041824724409449
0
LINE
8
BLACK
6
CONTINUOUS
10
4.688774133858268
20
-4.041824724409449
11
4.6889964173228345
21
-4.0417855511811025
0
LINE
8
BLACK
6
CONTINUOUS
10
4.6889964173228345
20
-4.0417855511811025
11
4.6896938976377953
21
-4.0421882677165355
0
LINE
8
BLACK
6
CONTINUOUS
10
4.6896938976377953
20
-4.0421882677165355
11
4.6904427165354328
21
-4.0424842125984251
0
LINE
8
BLACK
6
CONTINUOUS
10
4.6904427165354328
20
-4.0424842125984251
11
4.690550157480315
21
-4.0426826377952754
0
LINE
8
BLACK
6
CONTINUOUS
10
4.690550157480315
20
-4.0426826377952754
11
4.690745590551181
21
-4.0427954724409449
0
LINE
8
BLACK
6
CONTINUOUS
10
4.690745590551181
20
-4.0427954724409449
11
4.6910209842519688
21
-4.0435521653543303
0
LINE
8
BLACK
6
CONTINUOUS
10
4.6910209842519688
20
-4.0435521653543303
11
4.6914044881889767
21
-4.0442603543307083
0
LINE
8
BLACK
6
CONTINUOUS
10
4.6914044881889767
20
-4.0442603543307083
11
4.6913592125984254
21
-4.0444814173228343
0
LINE
8
BLACK
6
CONTINUOUS
10
4.6913592125984254
20
-4.0444814173228343
11
4.6914364173228345
21
-4.0446934645669295
0
LINE
8
BLACK
6
CONTINUOUS
10
4.6914364173228345
20
-4.0446934645669295
11
4.6914364173228345
21
-4.060488346456693
0
LINE
8
BLACK
6
CONTINUOUS
10
4.6914364173228345
20
-4.060488346456693
11
4.7016070472440941
21
-4.060488346456693
0
LINE
8
BLACK
6
CONTINUOUS
10
4.7016070472440941
20
-4.060488346456693
11
4.7026169685039365
21
-4.0606664173228344
0
LINE
8
BLACK
6
CONTINUOUS
10
4.7026169685039365
20
-4.0606664173228344
11
4.7041642125984247
21
-4.0619647244094486
0
LINE
8
BLACK
6
CONTINUOUS
10
4.7041642125984247
20
-4.0619647244094486
11
4.704514960629921
21
-4.0639538582677162
0
LINE
8
BLACK
6
CONTINUOUS
10
4.704514960629921
20
-4.0639538582677162
11
4.7035050393700786
21
-4.0657030314960627
0
LINE
8
BLACK
6
CONTINUOUS
10
4.7035050393700786
20
-4.0657030314960627
11
4.7016070472440941
21
-4.0663938582677162
0
LINE
8
BLACK
6
CONTINUOUS
10
4.7016070472440941
20
-4.0663938582677162
11
4.6914364173228345
21
-4.0663938582677162
0
LINE
8
BLACK
6
CONTINUOUS
10
4.6914364173228345
20
-4.0663938582677162
11
4.6914364173228345
21
-4.0690653937007877
0
LINE
8
BLACK
6
CONTINUOUS
10
4.6914364173228345
20
-4.0690653937007877
11
4.691258346456693
21
-4.0700753149606301
0
LINE
8
BLACK
6
CONTINUOUS
10
4.691258346456693
20
-4.0700753149606301
11
4.6899600393700789
21
-4.0716225590551183
0
LINE
8
BLACK
6
CONTINUOUS
10
4.6899600393700789
20
-4.0716225590551183
11
4.6879709055118113
21
-4.0719733070866138
0
LINE
8
BLACK
6
CONTINUOUS
10
4.6879709055118113
20
-4.0719733070866138
11
4.6862217322834647
21
-4.0709633858267713
0
LINE
8
BLACK
6
CONTINUOUS
10
4.6862217322834647
20
-4.0709633858267713
11
4.6855309055118113
21
-4.0690653937007877
0
LINE
8
BLACK
6
CONTINUOUS
10
4.6855309055118113
20
-4.0690653937007877
11
4.6855309055118113
21
-4.0663938582677162
0
LINE
8
BLACK
6
CONTINUOUS
10
4.6855309055118113
20
-4.0663938582677162
11
4.6753603149606295
21
-4.0663938582677162
0
LINE
8
BLACK
6
CONTINUOUS
10
4.6753603149606295
20
-4.0663938582677162
11
4.6743503937007871
21
-4.0662157874015747
0
LINE
8
BLACK
6
CONTINUOUS
10
4.6743503937007871
20
-4.0662157874015747
11
4.6728031496062989
21
-4.0649174803149606
0
LINE
8
BLACK
6
CONTINUOUS
10
4.6728031496062989
20
-4.0649174803149606
11
4.6724524015748035
21
-4.062928346456693
0
LINE
8
BLACK
6
CONTINUOUS
10
4.6724524015748035
20
-4.062928346456693
11
4.6734623228346459
21
-4.0611791732283464
0
LINE
8
BLACK
6
CONTINUOUS
10
4.6734623228346459
20
-4.0611791732283464
11
4.6753603149606295
21
-4.060488346456693
0
LINE
8
BLACK
6
CONTINUOUS
10
4.6753603149606295
20
-4.060488346456693
11
4.6855309055118113
21
-4.060488346456693
0
LINE
8
BLACK
6
CONTINUOUS
10
4.6855309055118113
20
-4.060488346456693
11
4.6855309055118113
21
-4.0487901574803145
0
LINE
8
BLACK
6
CONTINUOUS
10
4.6855309055118113
20
-4.0487901574803145
11
4.66129594488189
21
-4.0568685039370074
0
LINE
8
BLACK
6
CONTINUOUS
10
4.66129594488189
20
-4.0568685039370074
11
4.6602815354330707
21
-4.0570189370078742
0
LINE
8
BLACK
6
CONTINUOUS
10
4.6602815354330707
20
-4.0570189370078742
11
4.6584031496062988
21
-4.0562765354330708
0
LINE
8
BLACK
6
CONTINUOUS
10
4.6584031496062988
20
-4.0562765354330708
11
4.6574413779527557
21
-4.0545003937007875
0
LINE
8
BLACK
6
CONTINUOUS
10
4.6574413779527557
20
-4.0545003937007875
11
4.6578463385826767
21
-4.0525216141732283
0
LINE
8
BLACK
6
CONTINUOUS
10
4.6578463385826767
20
-4.0525216141732283
11
4.6594284645669291
21
-4.0512660629921262
0
LINE
8
BLACK
6
CONTINUOUS
10
4.6594284645669291
20
-4.0512660629921262
11
4.6875498818897636
21
-4.0418922440944884
0
LINE
8
BLACK
6
CONTINUOUS
10
4.6875498818897636
20
-4.0418922440944884
11
4.688564291338583
21
-4.0417418110236216
0
LINE
8
BLACK
6
CONTINUOUS
10
4.688564291338583
20
-4.0417418110236216
11
4.688774133858268
21
-4.041824724409449
0
LINE
8
BLACK
6
CONTINUOUS
10
4.8287741338582677
20
-4.041824724409449
11
4.8289964173228341
21
-4.0417855511811025
0
LINE
8
BLACK
6
CONTINUOUS
10
4.8289964173228341
20
-4.0417855511811025
11
4.829693897637795
21
-4.0421882677165355
0
LINE
8
BLACK
6
CONTINUOUS
10
4.829693897637795
20
-4.0421882677165355
11
4.8304427165354333
21
-4.0424842125984251
0
LINE
8
BLACK
6
CONTINUOUS
10
4.8304427165354333
20
-4.0424842125984251
11
4.8305501574803147
21
-4.0426826377952754
0
LINE
8
BLACK
6
CONTINUOUS
10
4.8305501574803147
20
-4.0426826377952754
11
4.8307455905511807
21
-4.0427954724409449
0
LINE
8
BLACK
6
CONTINUOUS
10
4.8307455905511807
20
-4.0427954724409449
11
4.8310209842519685
21
-4.0435521653543303
0
LINE
8
BLACK
6
CONTINUOUS
10
4.8310209842519685
20
-4.0435521653543303
11
4.8314044881889764
21
-4.0442603543307083
0
LINE
8
BLACK
6
CONTINUOUS
10
4.8314044881889764
20
-4.0442603543307083
11
4.831359212598425
21
-4.0444814173228343
0
LINE
8
BLACK
6
CONTINUOUS
10
4.831359212598425
20
-4.0444814173228343
11
4.8314364173228341
21
-4.0446934645669295
0
LINE
8
BLACK
6
CONTINUOUS
10
4.8314364173228341
20
-4.0446934645669295
11
4.8314364173228341
21
-4.060488346456693
0
LINE
8
BLACK
6
CONTINUOUS
10
4.8314364173228341
20
-4.060488346456693
11
4.8416070472440946
21
-4.060488346456693
0
LINE
8
BLACK
6
CONTINUOUS
10
4.8416070472440946
20
-4.060488346456693
11
4.8426169685039371
21
-4.0606664173228344
0
LINE
8
BLACK
6
CONTINUOUS
10
4.8426169685039371
20
-4.0606664173228344
11
4.8441642125984252
21
-4.0619647244094486
0
LINE
8
BLACK
6
CONTINUOUS
10
4.8441642125984252
20
-4.0619647244094486
11
4.8445149606299207
21
-4.0639538582677162
0
LINE
8
BLACK
6
CONTINUOUS
10
4.8445149606299207
20
-4.0639538582677162
11
4.8435050393700783
21
-4.0657030314960627
0
LINE
8
BLACK
6
CONTINUOUS
10
4.8435050393700783
20
-4.0657030314960627
11
4.8416070472440946
21
-4.0663938582677162
0
LINE
8
BLACK
6
CONTINUOUS
10
4.8416070472440946
20
-4.0663938582677162
11
4.8314364173228341
21
-4.0663938582677162
0
LINE
8
BLACK
6
CONTINUOUS
10
4.8314364173228341
20
-4.0663938582677162
11
4.8314364173228341
21
-4.0690653937007877
0
LINE
8
BLACK
6
CONTINUOUS
10
4.8314364173228341
20
-4.0690653937007877
11
4.8312583464566927
21
-4.0700753149606301
0
LINE
8
BLACK
6
CONTINUOUS
10
4.8312583464566927
20
-4.0700753149606301
11
4.8299600393700786
21
-4.0716225590551183
0
LINE
8
BLACK
6
CONTINUOUS
10
4.8299600393700786
20
-4.0716225590551183
11
4.827970905511811
21
-4.0719733070866138
0
LINE
8
BLACK
6
CONTINUOUS
10
4.827970905511811
20
-4.0719733070866138
11
4.8262217322834644
21
-4.0709633858267713
0
LINE
8
BLACK
6
CONTINUOUS
10
4.8262217322834644
20
-4.0709633858267713
11
4.825530905511811
21
-4.0690653937007877
0
LINE
8
BLACK
6
CONTINUOUS
10
4.825530905511811
20
-4.0690653937007877
11
4.825530905511811
21
-4.0663938582677162
0
LINE
8
BLACK
6
CONTINUOUS
10
4.825530905511811
20
-4.0663938582677162
11
4.8153603149606301
21
-4.0663938582677162
0
LINE
8
BLACK
6
CONTINUOUS
10
4.8153603149606301
20
-4.0663938582677162
11
4.8143503937007877
21
-4.0662157874015747
0
LINE
8
BLACK
6
CONTINUOUS
10
4.8143503937007877
20
-4.0662157874015747
11
4.8128031496062995
21
-4.0649174803149606
0
LINE
8
BLACK
6
CONTINUOUS
10
4.8128031496062995
20
-4.0649174803149606
11
4.8124524015748031
21
-4.062928346456693
0
LINE
8
BLACK
6
CONTINUOUS
10
4.8124524015748031
20
-4.062928346456693
11
4.8134623228346456
21
-4.0611791732283464
0
LINE
8
BLACK
6
CONTINUOUS
10
4.8134623228346456
20
-4.0611791732283464
11
4.8153603149606301
21
-4.060488346456693
0
LINE
8
BLACK
6
CONTINUOUS
10
4.8153603149606301
20
-4.060488346456693
11
4.825530905511811
21
-4.060488346456693
0
LINE
8
BLACK
6
CONTINUOUS
10
4.825530905511811
20
-4.060488346456693
11
4.825530905511811
21
-4.0487901574803145
0
LINE
8
BLACK
6
CONTINUOUS
10
4.825530905511811
20
-4.0487901574803145
11
4.8012959448818897
21
-4.0568685039370074
0
LINE
8
BLACK
6
CONTINUOUS
10
4.8012959448818897
20
-4.0568685039370074
11
4.8002815354330703
21
-4.0570189370078742
0
LINE
8
BLACK
6
CONTINUOUS
10
4.8002815354330703
20
-4.0570189370078742
11
4.7984031496062993
21
-4.0562765354330708
0
LINE
8
BLACK
6
CONTINUOUS
10
4.7984031496062993
20
-4.0562765354330708
11
4.7974413779527554
21
-4.0545003937007875
0
LINE
8
BLACK
6
CONTINUOUS
10
4.7974413779527554
20
-4.0545003937007875
11
4.7978463385826773
21
-4.0525216141732283
0
LINE
8
BLACK
6
CONTINUOUS
10
4.7978463385826773
20
-4.0525216141732283
11
4.7994284645669287
21
-4.0512660629921262
0
LINE
8
BLACK
6
CONTINUOUS
10
4.7994284645669287
20
-4.0512660629921262
11
4.8275498818897633
21
-4.0418922440944884
0
LINE
8
BLACK
6
CONTINUOUS
10
4.8275498818897633
20
-4.0418922440944884
11
4.8285642913385827
21
-4.0417418110236216
0
LINE
8
BLACK
6
CONTINUOUS
10
4.8285642913385827
20
-4.0417418110236216
11
4.8287741338582677
21
-4.041824724409449
0
LINE
8
BLACK
6
CONTINUOUS
10
4.9687741338582674
20
-4.041824724409449
11
4.9689964173228347
21
-4.0417855511811025
0
LINE
8
BLACK
6
CONTINUOUS
10
4.9689964173228347
20
-4.0417855511811025
11
4.9696938976377956
21
-4.0421882677165355
0
LINE
8
BLACK
6
CONTINUOUS
10
4.9696938976377956
20
-4.0421882677165355
11
4.970442716535433
21
-4.0424842125984251
0
LINE
8
BLACK
6
CONTINUOUS
10
4.970442716535433
20
-4.0424842125984251
11
4.9705501574803153
21
-4.0426826377952754
0
LINE
8
BLACK
6
CONTINUOUS
10
4.9705501574803153
20
-4.0426826377952754
11
4.9707455905511813
21
-4.0427954724409449
0
LINE
8
BLACK
6
CONTINUOUS
10
4.9707455905511813
20
-4.0427954724409449
11
4.9710209842519681
21
-4.0435521653543303
0
LINE
8
BLACK
6
CONTINUOUS
10
4.9710209842519681
20
-4.0435521653543303
11
4.9714044881889761
21
-4.0442603543307083
0
LINE
8
BLACK
6
CONTINUOUS
10
4.9714044881889761
20
-4.0442603543307083
11
4.9713592125984247
21
-4.0444814173228343
0
LINE
8
BLACK
6
CONTINUOUS
10
4.9713592125984247
20
-4.0444814173228343
11
4.9714364173228347
21
-4.0446934645669295
0
LINE
8
BLACK
6
CONTINUOUS
10
4.9714364173228347
20
-4.0446934645669295
11
4.9714364173228347
21
-4.060488346456693
0
LINE
8
BLACK
6
CONTINUOUS
10
4.9714364173228347
20
-4.060488346456693
11
4.9816070472440943
21
-4.060488346456693
0
LINE
8
BLACK
6
CONTINUOUS
10
4.9816070472440943
20
-4.060488346456693
11
4.9826169685039368
21
-4.0606664173228344
0
LINE
8
BLACK
6
CONTINUOUS
10
4.9826169685039368
20
-4.0606664173228344
11
4.9841642125984249
21
-4.0619647244094486
0
LINE
8
BLACK
6
CONTINUOUS
10
4.9841642125984249
20
-4.0619647244094486
11
4.9845149606299213
21
-4.0639538582677162
0
LINE
8
BLACK
6
CONTINUOUS
10
4.9845149606299213
20
-4.0639538582677162
11
4.9835050393700788
21
-4.0657030314960627
0
LINE
8
BLACK
6
CONTINUOUS
10
4.9835050393700788
20
-4.0657030314960627
11
4.9816070472440943
21
-4.0663938582677162
0
LINE
8
BLACK
6
CONTINUOUS
10
4.9816070472440943
20
-4.0663938582677162
11
4.9714364173228347
21
-4.0663938582677162
0
LINE
8
BLACK
6
CONTINUOUS
10
4.9714364173228347
20
-4.0663938582677162
11
4.9714364173228347
21
-4.0690653937007877
0
LINE
8
BLACK
6
CONTINUOUS
10
4.9714364173228347
20
-4.0690653937007877
11
4.9712583464566924
21
-4.0700753149606301
0
LINE
8
BLACK
6
CONTINUOUS
10
4.9712583464566924
20
-4.0700753149606301
11
4.9699600393700782
21
-4.0716225590551183
0
LINE
8
BLACK
6
CONTINUOUS
10
4.9699600393700782
20
-4.0716225590551183
11
4.9679709055118106
21
-4.0719733070866138
0
LINE
8
BLACK
6
CONTINUOUS
10
4.9679709055118106
20
-4.0719733070866138
11
4.9662217322834641
21
-4.0709633858267713
0
LINE
8
BLACK
6
CONTINUOUS
10
4.9662217322834641
20
-4.0709633858267713
11
4.9655309055118106
21
-4.0690653937007877
0
LINE
8
BLACK
6
CONTINUOUS
10
4.9655309055118106
20
-4.0690653937007877
11
4.9655309055118106
21
-4.0663938582677162
0
LINE
8
BLACK
6
CONTINUOUS
10
4.9655309055118106
20
-4.0663938582677162
11
4.9553603149606298
21
-4.0663938582677162
0
LINE
8
BLACK
6
CONTINUOUS
10
4.9553603149606298
20
-4.0663938582677162
11
4.9543503937007873
21
-4.0662157874015747
0
LINE
8
BLACK
6
CONTINUOUS
10
4.9543503937007873
20
-4.0662157874015747
11
4.9528031496062992
21
-4.0649174803149606
0
LINE
8
BLACK
6
CONTINUOUS
10
4.9528031496062992
20
-4.0649174803149606
11
4.9524524015748028
21
-4.062928346456693
0
LINE
8
BLACK
6
CONTINUOUS
10
4.9524524015748028
20
-4.062928346456693
11
4.9534623228346453
21
-4.0611791732283464
0
LINE
8
BLACK
6
CONTINUOUS
10
4.9534623228346453
20
-4.0611791732283464
11
4.9553603149606298
21
-4.060488346456693
0
LINE
8
BLACK
6
CONTINUOUS
10
4.9553603149606298
20
-4.060488346456693
11
4.9655309055118106
21
-4.060488346456693
0
LINE
8
BLACK
6
CONTINUOUS
10
4.9655309055118106
20
-4.060488346456693
11
4.9655309055118106
21
-4.0487901574803145
0
LINE
8
BLACK
6
CONTINUOUS
10
4.9655309055118106
20
-4.0487901574803145
11
4.9412959448818894
21
-4.0568685039370074
0
LINE
8
BLACK
6
CONTINUOUS
10
4.9412959448818894
20
-4.0568685039370074
11
4.9402815354330709
21
-4.0570189370078742
0
LINE
8
BLACK
6
CONTINUOUS
10
4.9402815354330709
20
-4.0570189370078742
11
4.938403149606299
21
-4.0562765354330708
0
LINE
8
BLACK
6
CONTINUOUS
10
4.938403149606299
20
-4.0562765354330708
11
4.9374413779527559
21
-4.0545003937007875
0
LINE
8
BLACK
6
CONTINUOUS
10
4.9374413779527559
20
-4.0545003937007875
11
4.937846338582677
21
-4.0525216141732283
0
LINE
8
BLACK
6
CONTINUOUS
10
4.937846338582677
20
-4.0525216141732283
11
4.9394284645669293
21
-4.0512660629921262
0
LINE
8
BLACK
6
CONTINUOUS
10
4.9394284645669293
20
-4.0512660629921262
11
4.9675498818897639
21
-4.0418922440944884
0
LINE
8
BLACK
6
CONTINUOUS
10
4.9675498818897639
20
-4.0418922440944884
11
4.9685642913385824
21
-4.0417418110236216
0
LINE
8
BLACK
6
CONTINUOUS
10
4.9685642913385824
20
-4.0417418110236216
11
4.9687741338582674
21
-4.041824724409449
0
LINE
8
BLACK
6
CONTINUOUS
10
5.2595463385826768
20
-4.0165105118110231
11
5.2596133858267713
21
-4.0164916929133856
0
LINE
8
BLACK
6
CONTINUOUS
10
5.2596133858267713
20
-4.0164916929133856
11
5.259724921259842
21
-4.0165420078740155
0
LINE
8
BLACK
6
CONTINUOUS
10
5.259724921259842
20
-4.0165420078740155
11
5.2604024409448815
21
-4.0166614960629916
0
LINE
8
BLACK
6
CONTINUOUS
10
5.2604024409448815
20
-4.0166614960629916
11
5.2608827952755908
21
-4.0170645669291334
0
LINE
8
BLACK
6
CONTINUOUS
10
5.2608827952755908
20
-4.0170645669291334
11
5.2614543700787397
21
-4.0173225196850391
0
LINE
8
BLACK
6
CONTINUOUS
10
5.2614543700787397
20
-4.0173225196850391
11
5.26163342519685
21
-4.0176944488188973
0
LINE
8
BLACK
6
CONTINUOUS
10
5.26163342519685
20
-4.0176944488188973
11
5.2619496850393697
21
-4.0179598031496058
0
LINE
8
BLACK
6
CONTINUOUS
10
5.2619496850393697
20
-4.0179598031496058
11
5.2620585433070861
21
-4.0185773228346457
0
LINE
8
BLACK
6
CONTINUOUS
10
5.2620585433070861
20
-4.0185773228346457
11
5.2623306299212596
21
-4.0191423622047244
0
LINE
8
BLACK
6
CONTINUOUS
10
5.2623306299212596
20
-4.0191423622047244
11
5.2642053937007871
21
-4.03789
0
LINE
8
BLACK
6
CONTINUOUS
10
5.2642053937007871
20
-4.03789
11
5.2641287007874018
21
-4.0389126377952751
0
LINE
8
BLACK
6
CONTINUOUS
10
5.2641287007874018
20
-4.0389126377952751
11
5.2641177165354334
21
-4.0389287007874017
0
LINE
8
BLACK
6
CONTINUOUS
10
5.2641177165354334
20
-4.0389287007874017
11
5.2641194094488188
21
-4.0389480314960631
0
LINE
8
BLACK
6
CONTINUOUS
10
5.2641194094488188
20
-4.0389480314960631
11
5.2635510236220471
21
-4.0397597637795277
0
LINE
8
BLACK
6
CONTINUOUS
10
5.2635510236220471
20
-4.0397597637795277
11
5.2629907874015744
21
-4.0405813779527557
0
LINE
8
BLACK
6
CONTINUOUS
10
5.2629907874015744
20
-4.0405813779527557
11
5.2629720472440944
21
-4.0405866141732281
0
LINE
8
BLACK
6
CONTINUOUS
10
5.2629720472440944
20
-4.0405866141732281
11
5.2629609055118109
21
-4.0406025984251972
0
LINE
8
BLACK
6
CONTINUOUS
10
5.2629609055118109
20
-4.0406025984251972
11
5.2620019685039372
21
-4.0408594881889766
0
LINE
8
BLACK
6
CONTINUOUS
10
5.2620019685039372
20
-4.0408594881889766
11
5.2610464173228344
21
-4.0411283070866144
0
LINE
8
BLACK
6
CONTINUOUS
10
5.2610464173228344
20
-4.0411283070866144
11
5.2610286614173223
21
-4.0411202755905506
0
LINE
8
BLACK
6
CONTINUOUS
10
5.2610286614173223
20
-4.0411202755905506
11
5.2610099212598422
21
-4.0411253149606301
0
LINE
8
BLACK
6
CONTINUOUS
10
5.2610099212598422
20
-4.0411253149606301
11
5.2601115354330705
21
-4.0407063779527554
0
LINE
8
BLACK
6
CONTINUOUS
10
5.2601115354330705
20
-4.0407063779527554
11
5.259205433070866
21
-4.0402974803149609
0
LINE
8
BLACK
6
CONTINUOUS
10
5.259205433070866
20
-4.0402974803149609
11
5.2591969685039368
21
-4.0402799212598426
0
LINE
8
BLACK
6
CONTINUOUS
10
5.2591969685039368
20
-4.0402799212598426
11
5.2591793700787397
21
-4.0402717322834647
0
LINE
8
BLACK
6
CONTINUOUS
10
5.2591793700787397
20
-4.0402717322834647
11
5.25764342519685
21
-4.038735787401575
0
LINE
8
BLACK
6
CONTINUOUS
10
5.25764342519685
20
-4.038735787401575
11
5.2549459448818894
21
-4.0373870472440947
0
LINE
8
BLACK
6
CONTINUOUS
10
5.2549459448818894
20
-4.0373870472440947
11
5.2469662204724408
21
-4.0373870472440947
0
LINE
8
BLACK
6
CONTINUOUS
10
5.2469662204724408
20
-4.0373870472440947
11
5.2442687401574801
21
-4.038735787401575
0
LINE
8
BLACK
6
CONTINUOUS
10
5.2442687401574801
20
-4.038735787401575
11
5.2430716141732283
21
-4.0399329133858268
0
LINE
8
BLACK
6
CONTINUOUS
10
5.2430716141732283
20
-4.0399329133858268
11
5.241722874015748
21
-4.0426303937007875
0
LINE
8
BLACK
6
CONTINUOUS
10
5.241722874015748
20
-4.0426303937007875
11
5.241722874015748
21
-4.0506101181102361
0
LINE
8
BLACK
6
CONTINUOUS
10
5.241722874015748
20
-4.0506101181102361
11
5.2430716141732283
21
-4.0533075984251967
0
LINE
8
BLACK
6
CONTINUOUS
10
5.2430716141732283
20
-4.0533075984251967
11
5.2442687401574801
21
-4.0545047637795273
0
LINE
8
BLACK
6
CONTINUOUS
10
5.2442687401574801
20
-4.0545047637795273
11
5.2469662204724408
21
-4.0558535039370076
0
LINE
8
BLACK
6
CONTINUOUS
10
5.2469662204724408
20
-4.0558535039370076
11
5.2549459448818894
21
-4.0558535039370076
0
LINE
8
BLACK
6
CONTINUOUS
10
5.2549459448818894
20
-4.0558535039370076
11
5.2576433858267713
21
-4.0545047637795273
0
LINE
8
BLACK
6
CONTINUOUS
10
5.2576433858267713
20
-4.0545047637795273
11
5.2591793307086609
21
-4.0529688188976376
0
LINE
8
BLACK
6
CONTINUOUS
10
5.2591793307086609
20
-4.0529688188976376
11
5.2600193700787399
21
-4.0523805905511807
0
LINE
8
BLACK
6
CONTINUOUS
10
5.2600193700787399
20
-4.0523805905511807
11
5.2620314960629919
21
-4.0522045275590548
0
LINE
8
BLACK
6
CONTINUOUS
10
5.2620314960629919
20
-4.0522045275590548
11
5.2636860236220473
21
-4.0533630314960627
0
LINE
8
BLACK
6
CONTINUOUS
10
5.2636860236220473
20
-4.0533630314960627
11
5.2642087795275589
21
-4.0553140157480314
0
LINE
8
BLACK
6
CONTINUOUS
10
5.2642087795275589
20
-4.0553140157480314
11
5.2633551968503935
21
-4.0571446062992127
0
LINE
8
BLACK
6
CONTINUOUS
10
5.2633551968503935
20
-4.0571446062992127
11
5.2614804724409447
21
-4.0590193700787403
0
LINE
8
BLACK
6
CONTINUOUS
10
5.2614804724409447
20
-4.0590193700787403
11
5.2607572834645664
21
-4.0595257480314961
0
LINE
8
BLACK
6
CONTINUOUS
10
5.2607572834645664
20
-4.0595257480314961
11
5.2607130314960626
21
-4.0595725196850392
0
LINE
8
BLACK
6
CONTINUOUS
10
5.2607130314960626
20
-4.0595725196850392
11
5.2569635039370075
21
-4.0614472834645667
0
LINE
8
BLACK
6
CONTINUOUS
10
5.2569635039370075
20
-4.0614472834645667
11
5.2559805511811026
21
-4.0617396456692916
0
LINE
8
BLACK
6
CONTINUOUS
10
5.2559805511811026
20
-4.0617396456692916
11
5.2558088582677165
21
-4.0616986220472437
0
LINE
8
BLACK
6
CONTINUOUS
10
5.2558088582677165
20
-4.0616986220472437
11
5.255642992125984
21
-4.0617590157480317
0
LINE
8
BLACK
6
CONTINUOUS
10
5.255642992125984
20
-4.0617590157480317
11
5.2462691732283462
21
-4.0617590157480317
0
LINE
8
BLACK
6
CONTINUOUS
10
5.2462691732283462
20
-4.0617590157480317
11
5.2452592519685037
21
-4.0615809448818894
0
LINE
8
BLACK
6
CONTINUOUS
10
5.2452592519685037
20
-4.0615809448818894
11
5.2451239763779522
21
-4.0614674409448819
0
LINE
8
BLACK
6
CONTINUOUS
10
5.2451239763779522
20
-4.0614674409448819
11
5.2449486614173226
21
-4.0614472834645667
0
LINE
8
BLACK
6
CONTINUOUS
10
5.2449486614173226
20
-4.0614472834645667
11
5.2411991338582675
21
-4.0595725196850392
0
LINE
8
BLACK
6
CONTINUOUS
10
5.2411991338582675
20
-4.0595725196850392
11
5.2404900000000003
21
-4.0590465354330707
0
LINE
8
BLACK
6
CONTINUOUS
10
5.2404900000000003
20
-4.0590465354330707
11
5.2404316929133854
21
-4.0590193700787403
0
LINE
8
BLACK
6
CONTINUOUS
10
5.2404316929133854
20
-4.0590193700787403
11
5.2385569291338578
21
-4.0571445669291339
0
LINE
8
BLACK
6
CONTINUOUS
10
5.2385569291338578
20
-4.0571445669291339
11
5.2380506299212595
21
-4.0564214960629918
0
LINE
8
BLACK
6
CONTINUOUS
10
5.2380506299212595
20
-4.0564214960629918
11
5.2380038582677164
21
-4.0563772047244093
0
LINE
8
BLACK
6
CONTINUOUS
10
5.2380038582677164
20
-4.0563772047244093
11
5.2361290944881889
21
-4.0526276771653542
0
LINE
8
BLACK
6
CONTINUOUS
10
5.2361290944881889
20
-4.0526276771653542
11
5.235836732283464
21
-4.0516447244094485
0
LINE
8
BLACK
6
CONTINUOUS
10
5.235836732283464
20
-4.0516447244094485
11
5.2358777165354331
21
-4.0514730314960632
0
LINE
8
BLACK
6
CONTINUOUS
10
5.2358777165354331
20
-4.0514730314960632
11
5.2358173622047239
21
-4.0513071653543307
0
LINE
8
BLACK
6
CONTINUOUS
10
5.2358173622047239
20
-4.0513071653543307
11
5.2358173622047239
21
-4.0419333464566929
0
LINE
8
BLACK
6
CONTINUOUS
10
5.2358173622047239
20
-4.0419333464566929
11
5.2359954330708662
21
-4.0409234251968504
0
LINE
8
BLACK
6
CONTINUOUS
10
5.2359954330708662
20
-4.0409234251968504
11
5.236108897637795
21
-4.040788149606299
0
LINE
8
BLACK
6
CONTINUOUS
10
5.236108897637795
20
-4.040788149606299
11
5.2361290944881889
21
-4.0406128346456693
0
LINE
8
BLACK
6
CONTINUOUS
10
5.2361290944881889
20
-4.0406128346456693
11
5.2380038582677164
21
-4.0368633070866142
0
LINE
8
BLACK
6
CONTINUOUS
10
5.2380038582677164
20
-4.0368633070866142
11
5.2385297637795274
21
-4.0361542125984249
0
LINE
8
BLACK
6
CONTINUOUS
10
5.2385297637795274
20
-4.0361542125984249
11
5.2385569685039366
21
-4.0360959055118109
0
LINE
8
BLACK
6
CONTINUOUS
10
5.2385569685039366
20
-4.0360959055118109
11
5.2404317322834642
21
-4.0342211417322833
0
LINE
8
BLACK
6
CONTINUOUS
10
5.2404317322834642
20
-4.0342211417322833
11
5.2411548031496062
21
-4.0337148425196849
0
LINE
8
BLACK
6
CONTINUOUS
10
5.2411548031496062
20
-4.0337148425196849
11
5.2411991338582675
21
-4.0336680314960631
0
LINE
8
BLACK
6
CONTINUOUS
10
5.2411991338582675
20
-4.0336680314960631
11
5.2449486614173226
21
-4.0317932677165356
0
LINE
8
BLACK
6
CONTINUOUS
10
5.2449486614173226
20
-4.0317932677165356
11
5.2459315748031496
21
-4.0315009055118107
0
LINE
8
BLACK
6
CONTINUOUS
10
5.2459315748031496
20
-4.0315009055118107
11
5.2461032677165349
21
-4.0315418897637798
0
LINE
8
BLACK
6
CONTINUOUS
10
5.2461032677165349
20
-4.0315418897637798
11
5.2462691732283462
21
-4.0314815354330706
0
LINE
8
BLACK
6
CONTINUOUS
10
5.2462691732283462
20
-4.0314815354330706
11
5.255642992125984
21
-4.0314815354330706
0
LINE
8
BLACK
6
CONTINUOUS
10
5.255642992125984
20
-4.0314815354330706
11
5.2566529133858264
21
-4.0316596062992129
0
LINE
8
BLACK
6
CONTINUOUS
10
5.2566529133858264
20
-4.0316596062992129
11
5.2567881496062991
21
-4.0317730708661417
0
LINE
8
BLACK
6
CONTINUOUS
10
5.2567881496062991
20
-4.0317730708661417
11
5.2569635039370075
21
-4.0317932677165356
0
LINE
8
BLACK
6
CONTINUOUS
10
5.2569635039370075
20
-4.0317932677165356
11
5.257697401574803
21
-4.032160196850394
0
LINE
8
BLACK
6
CONTINUOUS
10
5.257697401574803
20
-4.032160196850394
11
5.2567203149606296
21
-4.0223889370078743
0
LINE
8
BLACK
6
CONTINUOUS
10
5.2567203149606296
20
-4.0223889370078743
11
5.2406448818897635
21
-4.0223889370078743
0
LINE
8
BLACK
6
CONTINUOUS
10
5.2406448818897635
20
-4.0223889370078743
11
5.2396349606299211
21
-4.022210866141732
0
LINE
8
BLACK
6
CONTINUOUS
10
5.2396349606299211
20
-4.022210866141732
11
5.2380877165354329
21
-4.0209125590551178
0
LINE
8
BLACK
6
CONTINUOUS
10
5.2380877165354329
20
-4.0209125590551178
11
5.2377369685039366
21
-4.0189234251968502
0
LINE
8
BLACK
6
CONTINUOUS
10
5.2377369685039366
20
-4.0189234251968502
11
5.238746889763779
21
-4.0171742519685036
0
LINE
8
BLACK
6
CONTINUOUS
10
5.238746889763779
20
-4.0171742519685036
11
5.2406448818897635
21
-4.0164834251968502
0
LINE
8
BLACK
6
CONTINUOUS
10
5.2406448818897635
20
-4.0164834251968502
11
5.2593925196850391
21
-4.0164834251968502
0
LINE
8
BLACK
6
CONTINUOUS
10
5.2593925196850391
20
-4.0164834251968502
11
5.2595463385826768
21
-4.0165105118110231
0
LINE
8
BLACK
6
CONTINUOUS
10
5.2881738188976373
20
-4.0166131496062993
11
5.2883432283464566
21
-4.0166022440944884
0
LINE
8
BLACK
6
CONTINUOUS
10
5.2883432283464566
20
-4.0166022440944884
11
5.2890338188976376
21
-4.0171096850393697
0
LINE
8
BLACK
6
CONTINUOUS
10
5.2890338188976376
20
-4.0171096850393697
11
5.2897759448818897
21
-4.0175381889763777
0
LINE
8
BLACK
6
CONTINUOUS
10
5.2897759448818897
20
-4.0175381889763777
11
5.2898339763779525
21
-4.0176976771653541
0
LINE
8
BLACK
6
CONTINUOUS
10
5.2898339763779525
20
-4.0176976771653541
11
5.289970866141732
21
-4.0177982677165351
0
LINE
8
BLACK
6
CONTINUOUS
10
5.289970866141732
20
-4.0177982677165351
11
5.2935581889763776
21
-4.0231792913385824
0
LINE
8
BLACK
6
CONTINUOUS
10
5.2935581889763776
20
-4.0231792913385824
11
5.2967621653543304
21
-4.0263832677165352
0
LINE
8
BLACK
6
CONTINUOUS
10
5.2967621653543304
20
-4.0263832677165352
11
5.30008311023622
21
-4.0280437401574805
0
LINE
8
BLACK
6
CONTINUOUS
10
5.30008311023622
20
-4.0280437401574805
11
5.3009067716535432
21
-4.0286546456692909
0
LINE
8
BLACK
6
CONTINUOUS
10
5.3009067716535432
20
-4.0286546456692909
11
5.3017100393700787
21
-4.0305078346456691
0
LINE
8
BLACK
6
CONTINUOUS
10
5.3017100393700787
20
-4.0305078346456691
11
5.3011341732283466
21
-4.0324438582677162
0
LINE
8
BLACK
6
CONTINUOUS
10
5.3011341732283466
20
-4.0324438582677162
11
5.2994486220472439
21
-4.0335566929133861
0
LINE
8
BLACK
6
CONTINUOUS
10
5.2994486220472439
20
-4.0335566929133861
11
5.2974420866141729
21
-4.0333257874015747
0
LINE
8
BLACK
6
CONTINUOUS
10
5.2974420866141729
20
-4.0333257874015747
11
5.2936925590551178
21
-4.0314510236220471
0
LINE
8
BLACK
6
CONTINUOUS
10
5.2936925590551178
20
-4.0314510236220471
11
5.2929834645669294
21
-4.0309250787401574
0
LINE
8
BLACK
6
CONTINUOUS
10
5.2929834645669294
20
-4.0309250787401574
11
5.2929251574803144
21
-4.0308979133858269
0
LINE
8
BLACK
6
CONTINUOUS
10
5.2929251574803144
20
-4.0308979133858269
11
5.2904667716535432
21
-4.0284395275590548
0
LINE
8
BLACK
6
CONTINUOUS
10
5.2904667716535432
20
-4.0284395275590548
11
5.2904667716535432
21
-4.0558535039370076
0
LINE
8
BLACK
6
CONTINUOUS
10
5.2904667716535432
20
-4.0558535039370076
11
5.2987625984251965
21
-4.0558535039370076
0
LINE
8
BLACK
6
CONTINUOUS
10
5.2987625984251965
20
-4.0558535039370076
11
5.2997725196850389
21
-4.0560315748031499
0
LINE
8
BLACK
6
CONTINUOUS
10
5.2997725196850389
20
-4.0560315748031499
11
5.3013197637795271
21
-4.0573298818897641
0
LINE
8
BLACK
6
CONTINUOUS
10
5.3013197637795271
20
-4.0573298818897641
11
5.3016705118110234
21
-4.0593190157480317
0
LINE
8
BLACK
6
CONTINUOUS
10
5.3016705118110234
20
-4.0593190157480317
11
5.300660590551181
21
-4.0610681889763782
0
LINE
8
BLACK
6
CONTINUOUS
10
5.300660590551181
20
-4.0610681889763782
11
5.2987625984251965
21
-4.0617590157480317
0
LINE
8
BLACK
6
CONTINUOUS
10
5.2987625984251965
20
-4.0617590157480317
11
5.2762654330708658
21
-4.0617590157480317
0
LINE
8
BLACK
6
CONTINUOUS
10
5.2762654330708658
20
-4.0617590157480317
11
5.2752555118110234
21
-4.0615809448818894
0
LINE
8
BLACK
6
CONTINUOUS
10
5.2752555118110234
20
-4.0615809448818894
11
5.2737082677165352
21
-4.0602826377952752
0
LINE
8
BLACK
6
CONTINUOUS
10
5.2737082677165352
20
-4.0602826377952752
11
5.2733575196850389
21
-4.0582935039370076
0
LINE
8
BLACK
6
CONTINUOUS
10
5.2733575196850389
20
-4.0582935039370076
11
5.2743674409448822
21
-4.0565443307086611
0
LINE
8
BLACK
6
CONTINUOUS
10
5.2743674409448822
20
-4.0565443307086611
11
5.2762654330708658
21
-4.0558535039370076
0
LINE
8
BLACK
6
CONTINUOUS
10
5.2762654330708658
20
-4.0558535039370076
11
5.2845612598425191
21
-4.0558535039370076
0
LINE
8
BLACK
6
CONTINUOUS
10
5.2845612598425191
20
-4.0558535039370076
11
5.2845612598425191
21
-4.0194361811023622
0
LINE
8
BLACK
6
CONTINUOUS
10
5.2845612598425191
20
-4.0194361811023622
11
5.2847393307086614
21
-4.0184262598425198
0
LINE
8
BLACK
6
CONTINUOUS
10
5.2847393307086614
20
-4.0184262598425198
11
5.2848484251968504
21
-4.0182961811023619
0
LINE
8
BLACK
6
CONTINUOUS
10
5.2848484251968504
20
-4.0182961811023619
11
5.2848671259842517
21
-4.0181274409448822
0
LINE
8
BLACK
6
CONTINUOUS
10
5.2848671259842517
20
-4.0181274409448822
11
5.2854867322834647
21
-4.0175355118110234
0
LINE
8
BLACK
6
CONTINUOUS
10
5.2854867322834647
20
-4.0175355118110234
11
5.2860376377952756
21
-4.0168790157480316
0
LINE
8
BLACK
6
CONTINUOUS
10
5.2860376377952756
20
-4.0168790157480316
11
5.2862048425196848
21
-4.0168495275590548
0
LINE
8
BLACK
6
CONTINUOUS
10
5.2862048425196848
20
-4.0168495275590548
11
5.2863276377952753
21
-4.0167322440944879
0
LINE
8
BLACK
6
CONTINUOUS
10
5.2863276377952753
20
-4.0167322440944879
11
5.287182755905512
21
-4.0166770866141732
0
LINE
8
BLACK
6
CONTINUOUS
10
5.287182755905512
20
-4.0166770866141732
11
5.2880267716535432
21
-4.0165282677165353
0
LINE
8
BLACK
6
CONTINUOUS
10
5.2880267716535432
20
-4.0165282677165353
11
5.2881738188976373
21
-4.0166131496062993
0
LINE
8
BLACK
6
CONTINUOUS
10
5.325669133858268
20
-4.0166131496062993
11
5.3258385433070865
21
-4.0166022440944884
0
LINE
8
BLACK
6
CONTINUOUS
10
5.3258385433070865
20
-4.0166022440944884
11
5.3265291338582674
21
-4.0171096850393697
0
LINE
8
BLACK
6
CONTINUOUS
10
5.3265291338582674
20
-4.0171096850393697
11
5.3272712598425196
21
-4.0175381889763777
0
LINE
8
BLACK
6
CONTINUOUS
10
5.3272712598425196
20
-4.0175381889763777
11
5.3273292913385824
21
-4.0176976771653541
0
LINE
8
BLACK
6
CONTINUOUS
10
5.3273292913385824
20
-4.0176976771653541
11
5.3274661811023618
21
-4.0177982677165351
0
LINE
8
BLACK
6
CONTINUOUS
10
5.3274661811023618
20
-4.0177982677165351
11
5.3310535039370075
21
-4.0231792913385824
0
LINE
8
BLACK
6
CONTINUOUS
10
5.3310535039370075
20
-4.0231792913385824
11
5.3342574803149603
21
-4.0263832677165352
0
LINE
8
BLACK
6
CONTINUOUS
10
5.3342574803149603
20
-4.0263832677165352
11
5.3375784251968499
21
-4.0280437401574805
0
LINE
8
BLACK
6
CONTINUOUS
10
5.3375784251968499
20
-4.0280437401574805
11
5.338402086614173
21
-4.0286546456692909
0
LINE
8
BLACK
6
CONTINUOUS
10
5.338402086614173
20
-4.0286546456692909
11
5.3392053543307085
21
-4.0305078346456691
0
LINE
8
BLACK
6
CONTINUOUS
10
5.3392053543307085
20
-4.0305078346456691
11
5.3386294881889764
21
-4.0324438582677162
0
LINE
8
BLACK
6
CONTINUOUS
10
5.3386294881889764
20
-4.0324438582677162
11
5.3369439370078737
21
-4.0335566929133861
0
LINE
8
BLACK
6
CONTINUOUS
10
5.3369439370078737
20
-4.0335566929133861
11
5.3349374015748028
21
-4.0333257874015747
0
LINE
8
BLACK
6
CONTINUOUS
10
5.3349374015748028
20
-4.0333257874015747
11
5.3311878740157477
21
-4.0314510236220471
0
LINE
8
BLACK
6
CONTINUOUS
10
5.3311878740157477
20
-4.0314510236220471
11
5.3304787795275592
21
-4.0309250787401574
0
LINE
8
BLACK
6
CONTINUOUS
10
5.3304787795275592
20
-4.0309250787401574
11
5.3304204724409452
21
-4.0308979133858269
0
LINE
8
BLACK
6
CONTINUOUS
10
5.3304204724409452
20
-4.0308979133858269
11
5.327962086614173
21
-4.0284395275590548
0
LINE
8
BLACK
6
CONTINUOUS
10
5.327962086614173
20
-4.0284395275590548
11
5.327962086614173
21
-4.0558535039370076
0
LINE
8
BLACK
6
CONTINUOUS
10
5.327962086614173
20
-4.0558535039370076
11
5.3362579133858263
21
-4.0558535039370076
0
LINE
8
BLACK
6
CONTINUOUS
10
5.3362579133858263
20
-4.0558535039370076
11
5.3372678346456688
21
-4.0560315748031499
0
LINE
8
BLACK
6
CONTINUOUS
10
5.3372678346456688
20
-4.0560315748031499
11
5.3388150787401569
21
-4.0573298818897641
0
LINE
8
BLACK
6
CONTINUOUS
10
5.3388150787401569
20
-4.0573298818897641
11
5.3391658267716533
21
-4.0593190157480317
0
LINE
8
BLACK
6
CONTINUOUS
10
5.3391658267716533
20
-4.0593190157480317
11
5.3381559055118109
21
-4.0610681889763782
0
LINE
8
BLACK
6
CONTINUOUS
10
5.3381559055118109
20
-4.0610681889763782
11
5.3362579133858263
21
-4.0617590157480317
0
LINE
8
BLACK
6
CONTINUOUS
10
5.3362579133858263
20
-4.0617590157480317
11
5.3137607480314957
21
-4.0617590157480317
0
LINE
8
BLACK
6
CONTINUOUS
10
5.3137607480314957
20
-4.0617590157480317
11
5.3127508267716532
21
-4.0615809448818894
0
LINE
8
BLACK
6
CONTINUOUS
10
5.3127508267716532
20
-4.0615809448818894
11
5.3112035826771651
21
-4.0602826377952752
0
LINE
8
BLACK
6
CONTINUOUS
10
5.3112035826771651
20
-4.0602826377952752
11
5.3108528346456696
21
-4.0582935039370076
0
LINE
8
BLACK
6
CONTINUOUS
10
5.3108528346456696
20
-4.0582935039370076
11
5.311862755905512
21
-4.0565443307086611
0
LINE
8
BLACK
6
CONTINUOUS
10
5.311862755905512
20
-4.0565443307086611
11
5.3137607480314957
21
-4.0558535039370076
0
LINE
8
BLACK
6
CONTINUOUS
10
5.3137607480314957
20
-4.0558535039370076
11
5.3220565748031499
21
-4.0558535039370076
0
LINE
8
BLACK
6
CONTINUOUS
10
5.3220565748031499
20
-4.0558535039370076
11
5.3220565748031499
21
-4.0194361811023622
0
LINE
8
BLACK
6
CONTINUOUS
10
5.3220565748031499
20
-4.0194361811023622
11
5.3222346456692913
21
-4.0184262598425198
0
LINE
8
BLACK
6
CONTINUOUS
10
5.3222346456692913
20
-4.0184262598425198
11
5.3223437401574802
21
-4.0182961811023619
0
LINE
8
BLACK
6
CONTINUOUS
10
5.3223437401574802
20
-4.0182961811023619
11
5.3223624409448815
21
-4.0181274409448822
0
LINE
8
BLACK
6
CONTINUOUS
10
5.3223624409448815
20
-4.0181274409448822
11
5.3229820472440945
21
-4.0175355118110234
0
LINE
8
BLACK
6
CONTINUOUS
10
5.3229820472440945
20
-4.0175355118110234
11
5.3235329527559054
21
-4.0168790157480316
0
LINE
8
BLACK
6
CONTINUOUS
10
5.3235329527559054
20
-4.0168790157480316
11
5.3237001574803147
21
-4.0168495275590548
0
LINE
8
BLACK
6
CONTINUOUS
10
5.3237001574803147
20
-4.0168495275590548
11
5.3238229527559051
21
-4.0167322440944879
0
LINE
8
BLACK
6
CONTINUOUS
10
5.3238229527559051
20
-4.0167322440944879
11
5.3246780708661419
21
-4.0166770866141732
0
LINE
8
BLACK
6
CONTINUOUS
10
5.3246780708661419
20
-4.0166770866141732
11
5.325522086614173
21
-4.0165282677165353
0
LINE
8
BLACK
6
CONTINUOUS
10
5.325522086614173
20
-4.0165282677165353
11
5.325669133858268
21
-4.0166131496062993
0
LINE
8
BLACK
6
CONTINUOUS
10
5.3653893307086609
20
-4.0166614960629916
11
5.3655245669291336
21
-4.0167749606299212
0
LINE
8
BLACK
6
CONTINUOUS
10
5.3655245669291336
20
-4.0167749606299212
11
5.365699921259842
21
-4.0167951574803151
0
LINE
8
BLACK
6
CONTINUOUS
10
5.365699921259842
20
-4.0167951574803151
11
5.3694494488188971
21
-4.0186699212598427
0
LINE
8
BLACK
6
CONTINUOUS
10
5.3694494488188971
20
-4.0186699212598427
11
5.3701585039370077
21
-4.0191958267716537
0
LINE
8
BLACK
6
CONTINUOUS
10
5.3701585039370077
20
-4.0191958267716537
11
5.3702168503937004
21
-4.0192230314960629
0
LINE
8
BLACK
6
CONTINUOUS
10
5.3702168503937004
20
-4.0192230314960629
11
5.372091614173228
21
-4.0210977952755904
0
LINE
8
BLACK
6
CONTINUOUS
10
5.372091614173228
20
-4.0210977952755904
11
5.3725978740157476
21
-4.0218208661417325
0
LINE
8
BLACK
6
CONTINUOUS
10
5.3725978740157476
20
-4.0218208661417325
11
5.3726447244094491
21
-4.0218651968503938
0
LINE
8
BLACK
6
CONTINUOUS
10
5.3726447244094491
20
-4.0218651968503938
11
5.3745194881889766
21
-4.0256147244094489
0
LINE
8
BLACK
6
CONTINUOUS
10
5.3745194881889766
20
-4.0256147244094489
11
5.3746647637795277
21
-4.0261031496062989
0
LINE
8
BLACK
6
CONTINUOUS
10
5.3746647637795277
20
-4.0261031496062989
11
5.3747430708661419
21
-4.026219094488189
0
LINE
8
BLACK
6
CONTINUOUS
10
5.3747430708661419
20
-4.026219094488189
11
5.3766178346456694
21
-4.0337181496062993
0
LINE
8
BLACK
6
CONTINUOUS
10
5.3766178346456694
20
-4.0337181496062993
11
5.3766592913385827
21
-4.0343060236220474
0
LINE
8
BLACK
6
CONTINUOUS
10
5.3766592913385827
20
-4.0343060236220474
11
5.3767059842519682
21
-4.0344342913385827
0
LINE
8
BLACK
6
CONTINUOUS
10
5.3767059842519682
20
-4.0344342913385827
11
5.3767059842519682
21
-4.0438081102362204
0
LINE
8
BLACK
6
CONTINUOUS
10
5.3767059842519682
20
-4.0438081102362204
11
5.3766036220472442
21
-4.0443884645669295
0
LINE
8
BLACK
6
CONTINUOUS
10
5.3766036220472442
20
-4.0443884645669295
11
5.3766178346456694
21
-4.0445242519685038
0
LINE
8
BLACK
6
CONTINUOUS
10
5.3766178346456694
20
-4.0445242519685038
11
5.3747430708661419
21
-4.0520233070866141
0
LINE
8
BLACK
6
CONTINUOUS
10
5.3747430708661419
20
-4.0520233070866141
11
5.3745354724409449
21
-4.0524887401574805
0
LINE
8
BLACK
6
CONTINUOUS
10
5.3745354724409449
20
-4.0524887401574805
11
5.3745194881889766
21
-4.0526276771653542
0
LINE
8
BLACK
6
CONTINUOUS
10
5.3745194881889766
20
-4.0526276771653542
11
5.3726447244094491
21
-4.0563772047244093
0
LINE
8
BLACK
6
CONTINUOUS
10
5.3726447244094491
20
-4.0563772047244093
11
5.3721187795275593
21
-4.0570862598425199
0
LINE
8
BLACK
6
CONTINUOUS
10
5.3721187795275593
20
-4.0570862598425199
11
5.372091614173228
21
-4.0571446062992127
0
LINE
8
BLACK
6
CONTINUOUS
10
5.372091614173228
20
-4.0571446062992127
11
5.3702168897637792
21
-4.0590193700787403
0
LINE
8
BLACK
6
CONTINUOUS
10
5.3702168897637792
20
-4.0590193700787403
11
5.3694937007874017
21
-4.0595257480314961
0
LINE
8
BLACK
6
CONTINUOUS
10
5.3694937007874017
20
-4.0595257480314961
11
5.3694494488188971
21
-4.0595725196850392
0
LINE
8
BLACK
6
CONTINUOUS
10
5.3694494488188971
20
-4.0595725196850392
11
5.365699921259842
21
-4.0614472834645667
0
LINE
8
BLACK
6
CONTINUOUS
10
5.365699921259842
20
-4.0614472834645667
11
5.3647169685039371
21
-4.0617396456692916
0
LINE
8
BLACK
6
CONTINUOUS
10
5.3647169685039371
20
-4.0617396456692916
11
5.3645452755905509
21
-4.0616986220472437
0
LINE
8
BLACK
6
CONTINUOUS
10
5.3645452755905509
20
-4.0616986220472437
11
5.3643794094488184
21
-4.0617590157480317
0
LINE
8
BLACK
6
CONTINUOUS
10
5.3643794094488184
20
-4.0617590157480317
11
5.3606298818897633
21
-4.0617590157480317
0
LINE
8
BLACK
6
CONTINUOUS
10
5.3606298818897633
20
-4.0617590157480317
11
5.3596199606299209
21
-4.0615809448818894
0
LINE
8
BLACK
6
CONTINUOUS
10
5.3596199606299209
20
-4.0615809448818894
11
5.3594846850393703
21
-4.0614674409448819
0
LINE
8
BLACK
6
CONTINUOUS
10
5.3594846850393703
20
-4.0614674409448819
11
5.3593093700787398
21
-4.0614472834645667
0
LINE
8
BLACK
6
CONTINUOUS
10
5.3593093700787398
20
-4.0614472834645667
11
5.3555598425196846
21
-4.0595725196850392
0
LINE
8
BLACK
6
CONTINUOUS
10
5.3555598425196846
20
-4.0595725196850392
11
5.3548507086614174
21
-4.0590465354330707
0
LINE
8
BLACK
6
CONTINUOUS
10
5.3548507086614174
20
-4.0590465354330707
11
5.3547924015748034
21
-4.0590193700787403
0
LINE
8
BLACK
6
CONTINUOUS
10
5.3547924015748034
20
-4.0590193700787403
11
5.3529176377952759
21
-4.0571445669291339
0
LINE
8
BLACK
6
CONTINUOUS
10
5.3529176377952759
20
-4.0571445669291339
11
5.3524113385826775
21
-4.0564214960629918
0
LINE
8
BLACK
6
CONTINUOUS
10
5.3524113385826775
20
-4.0564214960629918
11
5.3523645669291335
21
-4.0563772047244093
0
LINE
8
BLACK
6
CONTINUOUS
10
5.3523645669291335
20
-4.0563772047244093
11
5.350489803149606
21
-4.0526276771653542
0
LINE
8
BLACK
6
CONTINUOUS
10
5.350489803149606
20
-4.0526276771653542
11
5.3503444881889761
21
-4.0521392125984255
0
LINE
8
BLACK
6
CONTINUOUS
10
5.3503444881889761
20
-4.0521392125984255
11
5.3502662204724407
21
-4.0520233070866141
0
LINE
8
BLACK
6
CONTINUOUS
10
5.3502662204724407
20
-4.0520233070866141
11
5.3483914566929132
21
-4.0445242519685038
0
LINE
8
BLACK
6
CONTINUOUS
10
5.3483914566929132
20
-4.0445242519685038
11
5.3483499606299212
21
-4.043936338582677
0
LINE
8
BLACK
6
CONTINUOUS
10
5.3483499606299212
20
-4.043936338582677
11
5.3483033070866144
21
-4.0438081102362204
0
LINE
8
BLACK
6
CONTINUOUS
10
5.3483033070866144
20
-4.0438081102362204
11
5.3483033070866144
21
-4.0344342913385827
0
LINE
8
BLACK
6
CONTINUOUS
10
5.3483033070866144
20
-4.0344342913385827
11
5.3484056299212597
21
-4.0338538976377949
0
LINE
8
BLACK
6
CONTINUOUS
10
5.3484056299212597
20
-4.0338538976377949
11
5.3483914566929132
21
-4.0337181496062993
0
LINE
8
BLACK
6
CONTINUOUS
10
5.3483914566929132
20
-4.0337181496062993
11
5.3502662204724407
21
-4.026219094488189
0
LINE
8
BLACK
6
CONTINUOUS
10
5.3502662204724407
20
-4.026219094488189
11
5.350473779527559
21
-4.0257536220472439
0
LINE
8
BLACK
6
CONTINUOUS
10
5.350473779527559
20
-4.0257536220472439
11
5.350489803149606
21
-4.0256147244094489
0
LINE
8
BLACK
6
CONTINUOUS
10
5.350489803149606
20
-4.0256147244094489
11
5.3523645669291335
21
-4.0218651968503938
0
LINE
8
BLACK
6
CONTINUOUS
10
5.3523645669291335
20
-4.0218651968503938
11
5.3528904724409445
21
-4.0211561023622044
0
LINE
8
BLACK
6
CONTINUOUS
10
5.3528904724409445
20
-4.0211561023622044
11
5.3529176771653546
21
-4.0210977952755904
0
LINE
8
BLACK
6
CONTINUOUS
10
5.3529176771653546
20
-4.0210977952755904
11
5.3547924409448822
21
-4.0192230314960629
0
LINE
8
BLACK
6
CONTINUOUS
10
5.3547924409448822
20
-4.0192230314960629
11
5.3555155118110234
21
-4.0187167322834645
0
LINE
8
BLACK
6
CONTINUOUS
10
5.3555155118110234
20
-4.0187167322834645
11
5.3555598425196846
21
-4.0186699212598427
0
LINE
8
BLACK
6
CONTINUOUS
10
5.3555598425196846
20
-4.0186699212598427
11
5.3593093700787398
21
-4.0167951574803151
0
LINE
8
BLACK
6
CONTINUOUS
10
5.3593093700787398
20
-4.0167951574803151
11
5.3602922834645668
21
-4.0165027952755903
0
LINE
8
BLACK
6
CONTINUOUS
10
5.3602922834645668
20
-4.0165027952755903
11
5.3604639763779529
21
-4.0165437795275594
0
LINE
8
BLACK
6
CONTINUOUS
10
5.3604639763779529
20
-4.0165437795275594
11
5.3606298818897633
21
-4.0164834251968502
0
LINE
8
BLACK
6
CONTINUOUS
10
5.3606298818897633
20
-4.0164834251968502
11
5.3643794094488184
21
-4.0164834251968502
0
LINE
8
BLACK
6
CONTINUOUS
10
5.3643794094488184
20
-4.0164834251968502
11
5.3653893307086609
21
-4.0166614960629916
0
LINE
8
BLACK
6
CONTINUOUS
10
5.3586294488188972
20
-4.0237376771653546
11
5.3574323228346454
21
-4.0249348031496064
0
LINE
8
BLACK
6
CONTINUOUS
10
5.3574323228346454
20
-4.0249348031496064
11
5.3559168110236222
21
-4.0279657874015751
0
LINE
8
BLACK
6
CONTINUOUS
10
5.3559168110236222
20
-4.0279657874015751
11
5.3542088188976376
21
-4.0347978346456692
0
LINE
8
BLACK
6
CONTINUOUS
10
5.3542088188976376
20
-4.0347978346456692
11
5.3542088188976376
21
-4.0434445669291339
0
LINE
8
BLACK
6
CONTINUOUS
10
5.3542088188976376
20
-4.0434445669291339
11
5.3559168110236222
21
-4.050276614173228
0
LINE
8
BLACK
6
CONTINUOUS
10
5.3559168110236222
20
-4.050276614173228
11
5.3574323228346454
21
-4.0533075984251967
0
LINE
8
BLACK
6
CONTINUOUS
10
5.3574323228346454
20
-4.0533075984251967
11
5.3586294488188972
21
-4.0545047637795273
0
LINE
8
BLACK
6
CONTINUOUS
10
5.3586294488188972
20
-4.0545047637795273
11
5.3613269291338579
21
-4.0558535039370076
0
LINE
8
BLACK
6
CONTINUOUS
10
5.3613269291338579
20
-4.0558535039370076
11
5.3636823622047247
21
-4.0558535039370076
0
LINE
8
BLACK
6
CONTINUOUS
10
5.3636823622047247
20
-4.0558535039370076
11
5.3663798031496066
21
-4.0545047637795273
0
LINE
8
BLACK
6
CONTINUOUS
10
5.3663798031496066
20
-4.0545047637795273
11
5.3675769291338584
21
-4.0533075984251967
0
LINE
8
BLACK
6
CONTINUOUS
10
5.3675769291338584
20
-4.0533075984251967
11
5.3690924409448817
21
-4.050276614173228
0
LINE
8
BLACK
6
CONTINUOUS
10
5.3690924409448817
20
-4.050276614173228
11
5.3708004724409451
21
-4.0434445669291339
0
LINE
8
BLACK
6
CONTINUOUS
10
5.3708004724409451
20
-4.0434445669291339
11
5.3708004724409451
21
-4.0347978346456692
0
LINE
8
BLACK
6
CONTINUOUS
10
5.3708004724409451
20
-4.0347978346456692
11
5.3690924409448817
21
-4.0279657874015751
0
LINE
8
BLACK
6
CONTINUOUS
10
5.3690924409448817
20
-4.0279657874015751
11
5.3675769685039372
21
-4.0249348031496064
0
LINE
8
BLACK
6
CONTINUOUS
10
5.3675769685039372
20
-4.0249348031496064
11
5.3663798425196845
21
-4.0237376771653546
0
LINE
8
BLACK
6
CONTINUOUS
10
5.3663798425196845
20
-4.0237376771653546
11
5.3636823622047247
21
-4.0223889370078743
0
LINE
8
BLACK
6
CONTINUOUS
10
5.3636823622047247
20
-4.0223889370078743
11
5.3613269291338579
21
-4.0223889370078743
0
LINE
8
BLACK
6
CONTINUOUS
10
5.3613269291338579
20
-4.0223889370078743
11
5.3586294488188972
21
-4.0237376771653546
0
LINE
8
BLACK
6
CONTINUOUS
10
5.4784110236220469
20
-4.0150455511811023
11
5.4796665748031499
21
-4.0166276771653546
0
LINE
8
BLACK
6
CONTINUOUS
10
5.4796665748031499
20
-4.0166276771653546
11
5.4890403937007877
21
-4.0447490944881892
0
LINE
8
BLACK
6
CONTINUOUS
10
5.4890403937007877
20
-4.0447490944881892
11
5.4891908267716536
21
-4.0457635039370077
0
LINE
8
BLACK
6
CONTINUOUS
10
5.4891908267716536
20
-4.0457635039370077
11
5.4891078740157475
21
-4.0459733464566927
0
LINE
8
BLACK
6
CONTINUOUS
10
5.4891078740157475
20
-4.0459733464566927
11
5.4891470866141727
21
-4.04619562992126
0
LINE
8
BLACK
6
CONTINUOUS
10
5.4891470866141727
20
-4.04619562992126
11
5.488744330708661
21
-4.04689311023622
0
LINE
8
BLACK
6
CONTINUOUS
10
5.488744330708661
20
-4.04689311023622
11
5.4884484251968502
21
-4.0476419291338583
0
LINE
8
BLACK
6
CONTINUOUS
10
5.4884484251968502
20
-4.0476419291338583
11
5.4882499606299211
21
-4.0477493700787397
0
LINE
8
BLACK
6
CONTINUOUS
10
5.4882499606299211
20
-4.0477493700787397
11
5.4881371653543303
21
-4.0479448031496066
0
LINE
8
BLACK
6
CONTINUOUS
10
5.4881371653543303
20
-4.0479448031496066
11
5.4873804330708662
21
-4.0482201968503935
0
LINE
8
BLACK
6
CONTINUOUS
10
5.4873804330708662
20
-4.0482201968503935
11
5.4866722834645669
21
-4.0486037007874014
0
LINE
8
BLACK
6
CONTINUOUS
10
5.4866722834645669
20
-4.0486037007874014
11
5.4864511811023622
21
-4.0485584251968501
0
LINE
8
BLACK
6
CONTINUOUS
10
5.4864511811023622
20
-4.0485584251968501
11
5.4862391732283466
21
-4.04863562992126
0
LINE
8
BLACK
6
CONTINUOUS
10
5.4862391732283466
20
-4.04863562992126
11
5.4704442913385822
21
-4.04863562992126
0
LINE
8
BLACK
6
CONTINUOUS
10
5.4704442913385822
20
-4.04863562992126
11
5.4704442913385822
21
-4.0588062598425196
0
LINE
8
BLACK
6
CONTINUOUS
10
5.4704442913385822
20
-4.0588062598425196
11
5.4702662204724408
21
-4.0598161811023621
0
LINE
8
BLACK
6
CONTINUOUS
10
5.4702662204724408
20
-4.0598161811023621
11
5.4689679133858267
21
-4.0613634251968502
0
LINE
8
BLACK
6
CONTINUOUS
10
5.4689679133858267
20
-4.0613634251968502
11
5.4669787795275591
21
-4.0617141732283466
0
LINE
8
BLACK
6
CONTINUOUS
10
5.4669787795275591
20
-4.0617141732283466
11
5.4652296062992125
21
-4.0607042519685042
0
LINE
8
BLACK
6
CONTINUOUS
10
5.4652296062992125
20
-4.0607042519685042
11
5.4645387795275591
21
-4.0588062598425196
0
LINE
8
BLACK
6
CONTINUOUS
10
5.4645387795275591
20
-4.0588062598425196
11
5.4645387795275591
21
-4.04863562992126
0
LINE
8
BLACK
6
CONTINUOUS
10
5.4645387795275591
20
-4.04863562992126
11
5.4618672440944884
21
-4.04863562992126
0
LINE
8
BLACK
6
CONTINUOUS
10
5.4618672440944884
20
-4.04863562992126
11
5.460857322834646
21
-4.0484575590551177
0
LINE
8
BLACK
6
CONTINUOUS
10
5.460857322834646
20
-4.0484575590551177
11
5.4593100787401569
21
-4.0471592519685036
0
LINE
8
BLACK
6
CONTINUOUS
10
5.4593100787401569
20
-4.0471592519685036
11
5.4589593307086615
21
-4.045170118110236
0
LINE
8
BLACK
6
CONTINUOUS
10
5.4589593307086615
20
-4.045170118110236
11
5.4599692519685039
21
-4.0434209448818894
0
LINE
8
BLACK
6
CONTINUOUS
10
5.4599692519685039
20
-4.0434209448818894
11
5.4618672440944884
21
-4.042730118110236
0
LINE
8
BLACK
6
CONTINUOUS
10
5.4618672440944884
20
-4.042730118110236
11
5.4645387795275591
21
-4.042730118110236
0
LINE
8
BLACK
6
CONTINUOUS
10
5.4645387795275591
20
-4.042730118110236
11
5.4645387795275591
21
-4.0325595275590551
0
LINE
8
BLACK
6
CONTINUOUS
10
5.4645387795275591
20
-4.0325595275590551
11
5.4647168503937005
21
-4.0315496062992127
0
LINE
8
BLACK
6
CONTINUOUS
10
5.4647168503937005
20
-4.0315496062992127
11
5.4660151574803146
21
-4.0300023622047245
0
LINE
8
BLACK
6
CONTINUOUS
10
5.4660151574803146
20
-4.0300023622047245
11
5.4680042913385822
21
-4.0296516141732281
0
LINE
8
BLACK
6
CONTINUOUS
10
5.4680042913385822
20
-4.0296516141732281
11
5.4697534645669288
21
-4.0306615354330706
0
LINE
8
BLACK
6
CONTINUOUS
10
5.4697534645669288
20
-4.0306615354330706
11
5.4704442913385822
21
-4.0325595275590551
0
LINE
8
BLACK
6
CONTINUOUS
10
5.4704442913385822
20
-4.0325595275590551
11
5.4704442913385822
21
-4.042730118110236
0
LINE
8
BLACK
6
CONTINUOUS
10
5.4704442913385822
20
-4.042730118110236
11
5.482142440944882
21
-4.042730118110236
0
LINE
8
BLACK
6
CONTINUOUS
10
5.482142440944882
20
-4.042730118110236
11
5.4740641338582678
21
-4.0184951574803147
0
LINE
8
BLACK
6
CONTINUOUS
10
5.4740641338582678
20
-4.0184951574803147
11
5.473913700787401
21
-4.0174807480314962
0
LINE
8
BLACK
6
CONTINUOUS
10
5.473913700787401
20
-4.0174807480314962
11
5.4746561023622045
21
-4.0156023622047243
0
LINE
8
BLACK
6
CONTINUOUS
10
5.4746561023622045
20
-4.0156023622047243
11
5.4764322440944877
21
-4.0146405905511813
0
LINE
8
BLACK
6
CONTINUOUS
10
5.4764322440944877
20
-4.0146405905511813
11
5.4784110236220469
21
-4.0150455511811023
0
LINE
8
BLACK
6
CONTINUOUS
10
5.5159063385826768
20
-4.0150455511811023
11
5.5171618897637797
21
-4.0166276771653546
0
LINE
8
BLACK
6
CONTINUOUS
10
5.5171618897637797
20
-4.0166276771653546
11
5.5265357086614175
21
-4.0447490944881892
0
LINE
8
BLACK
6
CONTINUOUS
10
5.5265357086614175
20
-4.0447490944881892
11
5.5266861417322835
21
-4.0457635039370077
0
LINE
8
BLACK
6
CONTINUOUS
10
5.5266861417322835
20
-4.0457635039370077
11
5.5266031889763783
21
-4.0459733464566927
0
LINE
8
BLACK
6
CONTINUOUS
10
5.5266031889763783
20
-4.0459733464566927
11
5.5266424015748035
21
-4.04619562992126
0
LINE
8
BLACK
6
CONTINUOUS
10
5.5266424015748035
20
-4.04619562992126
11
5.5262396456692908
21
-4.04689311023622
0
LINE
8
BLACK
6
CONTINUOUS
10
5.5262396456692908
20
-4.04689311023622
11
5.52594374015748
21
-4.0476419291338583
0
LINE
8
BLACK
6
CONTINUOUS
10
5.52594374015748
20
-4.0476419291338583
11
5.525745275590551
21
-4.0477493700787397
0
LINE
8
BLACK
6
CONTINUOUS
10
5.525745275590551
20
-4.0477493700787397
11
5.5256324803149601
21
-4.0479448031496066
0
LINE
8
BLACK
6
CONTINUOUS
10
5.5256324803149601
20
-4.0479448031496066
11
5.5248757480314961
21
-4.0482201968503935
0
LINE
8
BLACK
6
CONTINUOUS
10
5.5248757480314961
20
-4.0482201968503935
11
5.5241675984251968
21
-4.0486037007874014
0
LINE
8
BLACK
6
CONTINUOUS
10
5.5241675984251968
20
-4.0486037007874014
11
5.523946496062992
21
-4.0485584251968501
0
LINE
8
BLACK
6
CONTINUOUS
10
5.523946496062992
20
-4.0485584251968501
11
5.5237344881889765
21
-4.04863562992126
0
LINE
8
BLACK
6
CONTINUOUS
10
5.5237344881889765
20
-4.04863562992126
11
5.5079396062992121
21
-4.04863562992126
0
LINE
8
BLACK
6
CONTINUOUS
10
5.5079396062992121
20
-4.04863562992126
11
5.5079396062992121
21
-4.0588062598425196
0
LINE
8
BLACK
6
CONTINUOUS
10
5.5079396062992121
20
-4.0588062598425196
11
5.5077615354330707
21
-4.0598161811023621
0
LINE
8
BLACK
6
CONTINUOUS
10
5.5077615354330707
20
-4.0598161811023621
11
5.5064632283464565
21
-4.0613634251968502
0
LINE
8
BLACK
6
CONTINUOUS
10
5.5064632283464565
20
-4.0613634251968502
11
5.5044740944881889
21
-4.0617141732283466
0
LINE
8
BLACK
6
CONTINUOUS
10
5.5044740944881889
20
-4.0617141732283466
11
5.5027249212598424
21
-4.0607042519685042
0
LINE
8
BLACK
6
CONTINUOUS
10
5.5027249212598424
20
-4.0607042519685042
11
5.5020340944881889
21
-4.0588062598425196
0
LINE
8
BLACK
6
CONTINUOUS
10
5.5020340944881889
20
-4.0588062598425196
11
5.5020340944881889
21
-4.04863562992126
0
LINE
8
BLACK
6
CONTINUOUS
10
5.5020340944881889
20
-4.04863562992126
11
5.4993625590551183
21
-4.04863562992126
0
LINE
8
BLACK
6
CONTINUOUS
10
5.4993625590551183
20
-4.04863562992126
11
5.4983526377952758
21
-4.0484575590551177
0
LINE
8
BLACK
6
CONTINUOUS
10
5.4983526377952758
20
-4.0484575590551177
11
5.4968053937007877
21
-4.0471592519685036
0
LINE
8
BLACK
6
CONTINUOUS
10
5.4968053937007877
20
-4.0471592519685036
11
5.4964546456692913
21
-4.045170118110236
0
LINE
8
BLACK
6
CONTINUOUS
10
5.4964546456692913
20
-4.045170118110236
11
5.4974645669291338
21
-4.0434209448818894
0
LINE
8
BLACK
6
CONTINUOUS
10
5.4974645669291338
20
-4.0434209448818894
11
5.4993625590551183
21
-4.042730118110236
0
LINE
8
BLACK
6
CONTINUOUS
10
5.4993625590551183
20
-4.042730118110236
11
5.5020340944881889
21
-4.042730118110236
0
LINE
8
BLACK
6
CONTINUOUS
10
5.5020340944881889
20
-4.042730118110236
11
5.5020340944881889
21
-4.0325595275590551
0
LINE
8
BLACK
6
CONTINUOUS
10
5.5020340944881889
20
-4.0325595275590551
11
5.5022121653543303
21
-4.0315496062992127
0
LINE
8
BLACK
6
CONTINUOUS
10
5.5022121653543303
20
-4.0315496062992127
11
5.5035104724409445
21
-4.0300023622047245
0
LINE
8
BLACK
6
CONTINUOUS
10
5.5035104724409445
20
-4.0300023622047245
11
5.5054996062992121
21
-4.0296516141732281
0
LINE
8
BLACK
6
CONTINUOUS
10
5.5054996062992121
20
-4.0296516141732281
11
5.5072487795275586
21
-4.0306615354330706
0
LINE
8
BLACK
6
CONTINUOUS
10
5.5072487795275586
20
-4.0306615354330706
11
5.5079396062992121
21
-4.0325595275590551
0
LINE
8
BLACK
6
CONTINUOUS
10
5.5079396062992121
20
-4.0325595275590551
11
5.5079396062992121
21
-4.042730118110236
0
LINE
8
BLACK
6
CONTINUOUS
10
5.5079396062992121
20
-4.042730118110236
11
5.5196377559055119
21
-4.042730118110236
0
LINE
8
BLACK
6
CONTINUOUS
10
5.5196377559055119
20
-4.042730118110236
11
5.5115594488188977
21
-4.0184951574803147
0
LINE
8
BLACK
6
CONTINUOUS
10
5.5115594488188977
20
-4.0184951574803147
11
5.5114090157480318
21
-4.0174807480314962
0
LINE
8
BLACK
6
CONTINUOUS
10
5.5114090157480318
20
-4.0174807480314962
11
5.5121514173228343
21
-4.0156023622047243
0
LINE
8
BLACK
6
CONTINUOUS
10
5.5121514173228343
20
-4.0156023622047243
11
5.5139275590551176
21
-4.0146405905511813
0
LINE
8
BLACK
6
CONTINUOUS
10
5.5139275590551176
20
-4.0146405905511813
11
5.5159063385826768
21
-4.0150455511811023
0
LINE
8
BLACK
6
CONTINUOUS
10
5.4141332283464569
20
-4.0166614960629916
11
5.4156804724409451
21
-4.0179598031496058
0
LINE
8
BLACK
6
CONTINUOUS
10
5.4156804724409451
20
-4.0179598031496058
11
5.4160312204724406
21
-4.0199489370078743
0
LINE
8
BLACK
6
CONTINUOUS
10
5.4160312204724406
20
-4.0199489370078743
11
5.4150212992125981
21
-4.0216981102362208
0
LINE
8
BLACK
6
CONTINUOUS
10
5.4150212992125981
20
-4.0216981102362208
11
5.4131233070866145
21
-4.0223889370078743
0
LINE
8
BLACK
6
CONTINUOUS
10
5.4131233070866145
20
-4.0223889370078743
11
5.3913546062992124
21
-4.0223889370078743
0
LINE
8
BLACK
6
CONTINUOUS
10
5.3913546062992124
20
-4.0223889370078743
11
5.4064635039370081
21
-4.0576431102362207
0
LINE
8
BLACK
6
CONTINUOUS
10
5.4064635039370081
20
-4.0576431102362207
11
5.4066976377952756
21
-4.0586414960629922
0
LINE
8
BLACK
6
CONTINUOUS
10
5.4066976377952756
20
-4.0586414960629922
11
5.4061138188976381
21
-4.0605750787401576
0
LINE
8
BLACK
6
CONTINUOUS
10
5.4061138188976381
20
-4.0605750787401576
11
5.4044236614173231
21
-4.0616810236220475
0
LINE
8
BLACK
6
CONTINUOUS
10
5.4044236614173231
20
-4.0616810236220475
11
5.4024181102362201
21
-4.0614418110236219
0
LINE
8
BLACK
6
CONTINUOUS
10
5.4024181102362201
20
-4.0614418110236219
11
5.4010354724409444
21
-4.0599694094488186
0
LINE
8
BLACK
6
CONTINUOUS
10
5.4010354724409444
20
-4.0599694094488186
11
5.3841625984251964
21
-4.0205993307086612
0
LINE
8
BLACK
6
CONTINUOUS
10
5.3841625984251964
20
-4.0205993307086612
11
5.383928464566929
21
-4.0196009055118109
0
LINE
8
BLACK
6
CONTINUOUS
10
5.383928464566929
20
-4.0196009055118109
11
5.3840292519685038
21
-4.0192669685039366
0
LINE
8
BLACK
6
CONTINUOUS
10
5.3840292519685038
20
-4.0192669685039366
11
5.3839687007874018
21
-4.0189234251968502
0
LINE
8
BLACK
6
CONTINUOUS
10
5.3839687007874018
20
-4.0189234251968502
11
5.3843131496062995
21
-4.0183268110236217
0
LINE
8
BLACK
6
CONTINUOUS
10
5.3843131496062995
20
-4.0183268110236217
11
5.3845122834645665
21
-4.0176673622047243
0
LINE
8
BLACK
6
CONTINUOUS
10
5.3845122834645665
20
-4.0176673622047243
11
5.3848041732283463
21
-4.0174763385826768
0
LINE
8
BLACK
6
CONTINUOUS
10
5.3848041732283463
20
-4.0174763385826768
11
5.3849786220472442
21
-4.0171742519685036
0
LINE
8
BLACK
6
CONTINUOUS
10
5.3849786220472442
20
-4.0171742519685036
11
5.3856259448818893
21
-4.0169386220472436
0
LINE
8
BLACK
6
CONTINUOUS
10
5.3856259448818893
20
-4.0169386220472436
11
5.3862024409448814
21
-4.0165614173228343
0
LINE
8
BLACK
6
CONTINUOUS
10
5.3862024409448814
20
-4.0165614173228343
11
5.386548818897638
21
-4.0166027165354325
0
LINE
8
BLACK
6
CONTINUOUS
10
5.386548818897638
20
-4.0166027165354325
11
5.3868766141732278
21
-4.0164834251968502
0
LINE
8
BLACK
6
CONTINUOUS
10
5.3868766141732278
20
-4.0164834251968502
11
5.4131233070866145
21
-4.0164834251968502
0
LINE
8
BLACK
6
CONTINUOUS
10
5.4131233070866145
20
-4.0164834251968502
11
5.4141332283464569
21
-4.0166614960629916
0
LINE
8
BLACK
6
CONTINUOUS
10
5.4516285433070868
20
-4.0166614960629916
11
5.4531757874015749
21
-4.0179598031496058
0
LINE
8
BLACK
6
CONTINUOUS
10
5.4531757874015749
20
-4.0179598031496058
11
5.4535265354330704
21
-4.0199489370078743
0
LINE
8
BLACK
6
CONTINUOUS
10
5.4535265354330704
20
-4.0199489370078743
11
5.452516614173228
21
-4.0216981102362208
0
LINE
8
BLACK
6
CONTINUOUS
10
5.452516614173228
20
-4.0216981102362208
11
5.4506186220472443
21
-4.0223889370078743
0
LINE
8
BLACK
6
CONTINUOUS
10
5.4506186220472443
20
-4.0223889370078743
11
5.4288499212598422
21
-4.0223889370078743
0
LINE
8
BLACK
6
CONTINUOUS
10
5.4288499212598422
20
-4.0223889370078743
11
5.443958818897638
21
-4.0576431102362207
0
LINE
8
BLACK
6
CONTINUOUS
10
5.443958818897638
20
-4.0576431102362207
11
5.4441929527559054
21
-4.0586414960629922
0
LINE
8
BLACK
6
CONTINUOUS
10
5.4441929527559054
20
-4.0586414960629922
11
5.4436091338582679
21
-4.0605750787401576
0
LINE
8
BLACK
6
CONTINUOUS
10
5.4436091338582679
20
-4.0605750787401576
11
5.441918976377953
21
-4.0616810236220475
0
LINE
8
BLACK
6
CONTINUOUS
10
5.441918976377953
20
-4.0616810236220475
11
5.4399134251968499
21
-4.0614418110236219
0
LINE
8
BLACK
6
CONTINUOUS
10
5.4399134251968499
20
-4.0614418110236219
11
5.4385307874015743
21
-4.0599694094488186
0
LINE
8
BLACK
6
CONTINUOUS
10
5.4385307874015743
20
-4.0599694094488186
11
5.4216579133858263
21
-4.0205993307086612
0
LINE
8
BLACK
6
CONTINUOUS
10
5.4216579133858263
20
-4.0205993307086612
11
5.4214237795275588
21
-4.0196009055118109
0
LINE
8
BLACK
6
CONTINUOUS
10
5.4214237795275588
20
-4.0196009055118109
11
5.4215245669291336
21
-4.0192669685039366
0
LINE
8
BLACK
6
CONTINUOUS
10
5.4215245669291336
20
-4.0192669685039366
11
5.4214640157480316
21
-4.0189234251968502
0
LINE
8
BLACK
6
CONTINUOUS
10
5.4214640157480316
20
-4.0189234251968502
11
5.4218084645669293
21
-4.0183268110236217
0
LINE
8
BLACK
6
CONTINUOUS
10
5.4218084645669293
20
-4.0183268110236217
11
5.4220075984251963
21
-4.0176673622047243
0
LINE
8
BLACK
6
CONTINUOUS
10
5.4220075984251963
20
-4.0176673622047243
11
5.4222994881889761
21
-4.0174763385826768
0
LINE
8
BLACK
6
CONTINUOUS
10
5.4222994881889761
20
-4.0174763385826768
11
5.4224739370078741
21
-4.0171742519685036
0
LINE
8
BLACK
6
CONTINUOUS
10
5.4224739370078741
20
-4.0171742519685036
11
5.4231212598425191
21
-4.0169386220472436
0
LINE
8
BLACK
6
CONTINUOUS
10
5.4231212598425191
20
-4.0169386220472436
11
5.4236977559055113
21
-4.0165614173228343
0
LINE
8
BLACK
6
CONTINUOUS
10
5.4236977559055113
20
-4.0165614173228343
11
5.4240441338582679
21
-4.0166027165354325
0
LINE
8
BLACK
6
CONTINUOUS
10
5.4240441338582679
20
-4.0166027165354325
11
5.4243719291338586
21
-4.0164834251968502
0
LINE
8
BLACK
6
CONTINUOUS
10
5.4243719291338586
20
-4.0164834251968502
11
5.4506186220472443
21
-4.0164834251968502
0
LINE
8
BLACK
6
CONTINUOUS
10
5.4506186220472443
20
-4.0164834251968502
11
5.4516285433070868
21
-4.0166614960629916
0
LINE
8
BLACK
6
CONTINUOUS
10
5.5641144881889764
20
-4.0166614960629916
11
5.5656617322834645
21
-4.0179598031496058
0
LINE
8
BLACK
6
CONTINUOUS
10
5.5656617322834645
20
-4.0179598031496058
11
5.5660124803149609
21
-4.0199489370078743
0
LINE
8
BLACK
6
CONTINUOUS
10
5.5660124803149609
20
-4.0199489370078743
11
5.5650025590551184
21
-4.0216981102362208
0
LINE
8
BLACK
6
CONTINUOUS
10
5.5650025590551184
20
-4.0216981102362208
11
5.5631045669291339
21
-4.0223889370078743
0
LINE
8
BLACK
6
CONTINUOUS
10
5.5631045669291339
20
-4.0223889370078743
11
5.5413358661417318
21
-4.0223889370078743
0
LINE
8
BLACK
6
CONTINUOUS
10
5.5413358661417318
20
-4.0223889370078743
11
5.5564447637795276
21
-4.0576431102362207
0
LINE
8
BLACK
6
CONTINUOUS
10
5.5564447637795276
20
-4.0576431102362207
11
5.556678897637795
21
-4.0586414960629922
0
LINE
8
BLACK
6
CONTINUOUS
10
5.556678897637795
20
-4.0586414960629922
11
5.5560950787401575
21
-4.0605750787401576
0
LINE
8
BLACK
6
CONTINUOUS
10
5.5560950787401575
20
-4.0605750787401576
11
5.5544049212598425
21
-4.0616810236220475
0
LINE
8
BLACK
6
CONTINUOUS
10
5.5544049212598425
20
-4.0616810236220475
11
5.5523993700787404
21
-4.0614418110236219
0
LINE
8
BLACK
6
CONTINUOUS
10
5.5523993700787404
20
-4.0614418110236219
11
5.5510167322834647
21
-4.0599694094488186
0
LINE
8
BLACK
6
CONTINUOUS
10
5.5510167322834647
20
-4.0599694094488186
11
5.5341438582677167
21
-4.0205993307086612
0
LINE
8
BLACK
6
CONTINUOUS
10
5.5341438582677167
20
-4.0205993307086612
11
5.5339097244094484
21
-4.0196009055118109
0
LINE
8
BLACK
6
CONTINUOUS
10
5.5339097244094484
20
-4.0196009055118109
11
5.5340105118110232
21
-4.0192669685039366
0
LINE
8
BLACK
6
CONTINUOUS
10
5.5340105118110232
20
-4.0192669685039366
11
5.5339499606299212
21
-4.0189234251968502
0
LINE
8
BLACK
6
CONTINUOUS
10
5.5339499606299212
20
-4.0189234251968502
11
5.5342944094488189
21
-4.0183268110236217
0
LINE
8
BLACK
6
CONTINUOUS
10
5.5342944094488189
20
-4.0183268110236217
11
5.5344935433070868
21
-4.0176673622047243
0
LINE
8
BLACK
6
CONTINUOUS
10
5.5344935433070868
20
-4.0176673622047243
11
5.5347854330708657
21
-4.0174763385826768
0
LINE
8
BLACK
6
CONTINUOUS
10
5.5347854330708657
20
-4.0174763385826768
11
5.5349598818897636
21
-4.0171742519685036
0
LINE
8
BLACK
6
CONTINUOUS
10
5.5349598818897636
20
-4.0171742519685036
11
5.5356072047244096
21
-4.0169386220472436
0
LINE
8
BLACK
6
CONTINUOUS
10
5.5356072047244096
20
-4.0169386220472436
11
5.5361837007874017
21
-4.0165614173228343
0
LINE
8
BLACK
6
CONTINUOUS
10
5.5361837007874017
20
-4.0165614173228343
11
5.5365300787401575
21
-4.0166027165354325
0
LINE
8
BLACK
6
CONTINUOUS
10
5.5365300787401575
20
-4.0166027165354325
11
5.5368578740157481
21
-4.0164834251968502
0
LINE
8
BLACK
6
CONTINUOUS
10
5.5368578740157481
20
-4.0164834251968502
11
5.5631045669291339
21
-4.0164834251968502
0
LINE
8
BLACK
6
CONTINUOUS
10
5.5631045669291339
20
-4.0164834251968502
11
5.5641144881889764
21
-4.0166614960629916
0
LINE
8
BLACK
6
CONTINUOUS
10
4.8072753543307085
20
-3.9668638582677165
11
4.8074105905511813
21
-3.9669773228346457
0
LINE
8
BLACK
6
CONTINUOUS
10
4.8074105905511813
20
-3.9669773228346457
11
4.8075859448818896
21
-3.9669975196850391
0
LINE
8
BLACK
6
CONTINUOUS
10
4.8075859448818896
20
-3.9669975196850391
11
4.8113354724409447
21
-3.9688722834645667
0
LINE
8
BLACK
6
CONTINUOUS
10
4.8113354724409447
20
-3.9688722834645667
11
4.8120445275590553
21
-3.9693981889763781
0
LINE
8
BLACK
6
CONTINUOUS
10
4.8120445275590553
20
-3.9693981889763781
11
4.8121028740157481
21
-3.9694253937007873
0
LINE
8
BLACK
6
CONTINUOUS
10
4.8121028740157481
20
-3.9694253937007873
11
4.8139776377952757
21
-3.9713001574803148
0
LINE
8
BLACK
6
CONTINUOUS
10
4.8139776377952757
20
-3.9713001574803148
11
4.8144838976377953
21
-3.9720232283464565
0
LINE
8
BLACK
6
CONTINUOUS
10
4.8144838976377953
20
-3.9720232283464565
11
4.8145307480314958
21
-3.9720675590551182
0
LINE
8
BLACK
6
CONTINUOUS
10
4.8145307480314958
20
-3.9720675590551182
11
4.8164055118110234
21
-3.9758170866141733
0
LINE
8
BLACK
6
CONTINUOUS
10
4.8164055118110234
20
-3.9758170866141733
11
4.8165507874015745
21
-3.9763055118110233
0
LINE
8
BLACK
6
CONTINUOUS
10
4.8165507874015745
20
-3.9763055118110233
11
4.8166290944881887
21
-3.9764214566929135
0
LINE
8
BLACK
6
CONTINUOUS
10
4.8166290944881887
20
-3.9764214566929135
11
4.8185038582677162
21
-3.9839205118110237
0
LINE
8
BLACK
6
CONTINUOUS
10
4.8185038582677162
20
-3.9839205118110237
11
4.8185453149606294
21
-3.9845083858267714
0
LINE
8
BLACK
6
CONTINUOUS
10
4.8185453149606294
20
-3.9845083858267714
11
4.8185920078740159
21
-3.9846366535433071
0
LINE
8
BLACK
6
CONTINUOUS
10
4.8185920078740159
20
-3.9846366535433071
11
4.8185920078740159
21
-3.9940104724409449
0
LINE
8
BLACK
6
CONTINUOUS
10
4.8185920078740159
20
-3.9940104724409449
11
4.8184896456692909
21
-3.9945908267716534
0
LINE
8
BLACK
6
CONTINUOUS
10
4.8184896456692909
20
-3.9945908267716534
11
4.8185038582677162
21
-3.9947266141732283
0
LINE
8
BLACK
6
CONTINUOUS
10
4.8185038582677162
20
-3.9947266141732283
11
4.8166290944881887
21
-4.0022256692913381
0
LINE
8
BLACK
6
CONTINUOUS
10
4.8166290944881887
20
-4.0022256692913381
11
4.8164214960629916
21
-4.0026911023622045
0
LINE
8
BLACK
6
CONTINUOUS
10
4.8164214960629916
20
-4.0026911023622045
11
4.8164055118110234
21
-4.0028300393700791
0
LINE
8
BLACK
6
CONTINUOUS
10
4.8164055118110234
20
-4.0028300393700791
11
4.8145307480314958
21
-4.0065795669291342
0
LINE
8
BLACK
6
CONTINUOUS
10
4.8145307480314958
20
-4.0065795669291342
11
4.8140048031496061
21
-4.0072886220472439
0
LINE
8
BLACK
6
CONTINUOUS
10
4.8140048031496061
20
-4.0072886220472439
11
4.8139776377952757
21
-4.0073469685039367
0
LINE
8
BLACK
6
CONTINUOUS
10
4.8139776377952757
20
-4.0073469685039367
11
4.8121029133858269
21
-4.0092217322834642
0
LINE
8
BLACK
6
CONTINUOUS
10
4.8121029133858269
20
-4.0092217322834642
11
4.8113797244094485
21
-4.0097281102362201
0
LINE
8
BLACK
6
CONTINUOUS
10
4.8113797244094485
20
-4.0097281102362201
11
4.8113354724409447
21
-4.0097748818897641
0
LINE
8
BLACK
6
CONTINUOUS
10
4.8113354724409447
20
-4.0097748818897641
11
4.8075859448818896
21
-4.0116496456692916
0
LINE
8
BLACK
6
CONTINUOUS
10
4.8075859448818896
20
-4.0116496456692916
11
4.8066029921259839
21
-4.0119420078740156
0
LINE
8
BLACK
6
CONTINUOUS
10
4.8066029921259839
20
-4.0119420078740156
11
4.8064312992125986
21
-4.0119009842519686
0
LINE
8
BLACK
6
CONTINUOUS
10
4.8064312992125986
20
-4.0119009842519686
11
4.8062654330708661
21
-4.0119613779527556
0
LINE
8
BLACK
6
CONTINUOUS
10
4.8062654330708661
20
-4.0119613779527556
11
4.802515905511811
21
-4.0119613779527556
0
LINE
8
BLACK
6
CONTINUOUS
10
4.802515905511811
20
-4.0119613779527556
11
4.8015059842519685
21
-4.0117833070866142
0
LINE
8
BLACK
6
CONTINUOUS
10
4.8015059842519685
20
-4.0117833070866142
11
4.801370708661417
21
-4.0116698031496059
0
LINE
8
BLACK
6
CONTINUOUS
10
4.801370708661417
20
-4.0116698031496059
11
4.8011953937007874
21
-4.0116496456692916
0
LINE
8
BLACK
6
CONTINUOUS
10
4.8011953937007874
20
-4.0116496456692916
11
4.7974458661417323
21
-4.0097748818897641
0
LINE
8
BLACK
6
CONTINUOUS
10
4.7974458661417323
20
-4.0097748818897641
11
4.7967367322834642
21
-4.0092488976377956
0
LINE
8
BLACK
6
CONTINUOUS
10
4.7967367322834642
20
-4.0092488976377956
11
4.7966784251968502
21
-4.0092217322834642
0
LINE
8
BLACK
6
CONTINUOUS
10
4.7966784251968502
20
-4.0092217322834642
11
4.7948036614173226
21
-4.0073469291338579
0
LINE
8
BLACK
6
CONTINUOUS
10
4.7948036614173226
20
-4.0073469291338579
11
4.7942973622047242
21
-4.0066238582677167
0
LINE
8
BLACK
6
CONTINUOUS
10
4.7942973622047242
20
-4.0066238582677167
11
4.7942505905511812
21
-4.0065795669291342
0
LINE
8
BLACK
6
CONTINUOUS
10
4.7942505905511812
20
-4.0065795669291342
11
4.7923758267716536
21
-4.0028300393700791
0
LINE
8
BLACK
6
CONTINUOUS
10
4.7923758267716536
20
-4.0028300393700791
11
4.7922305118110238
21
-4.0023415748031494
0
LINE
8
BLACK
6
CONTINUOUS
10
4.7922305118110238
20
-4.0023415748031494
11
4.7921522440944884
21
-4.0022256692913381
0
LINE
8
BLACK
6
CONTINUOUS
10
4.7921522440944884
20
-4.0022256692913381
11
4.7902774803149608
21
-3.9947266141732283
0
LINE
8
BLACK
6
CONTINUOUS
10
4.7902774803149608
20
-3.9947266141732283
11
4.7902359842519688
21
-3.9941387007874014
0
LINE
8
BLACK
6
CONTINUOUS
10
4.7902359842519688
20
-3.9941387007874014
11
4.7901893307086612
21
-3.9940104724409449
0
LINE
8
BLACK
6
CONTINUOUS
10
4.7901893307086612
20
-3.9940104724409449
11
4.7901893307086612
21
-3.9846366535433071
0
LINE
8
BLACK
6
CONTINUOUS
10
4.7901893307086612
20
-3.9846366535433071
11
4.7902916535433073
21
-3.9840562598425198
0
LINE
8
BLACK
6
CONTINUOUS
10
4.7902916535433073
20
-3.9840562598425198
11
4.7902774803149608
21
-3.9839205118110237
0
LINE
8
BLACK
6
CONTINUOUS
10
4.7902774803149608
20
-3.9839205118110237
11
4.7921522440944884
21
-3.9764214566929135
0
LINE
8
BLACK
6
CONTINUOUS
10
4.7921522440944884
20
-3.9764214566929135
11
4.7923598031496066
21
-3.9759559842519683
0
LINE
8
BLACK
6
CONTINUOUS
10
4.7923598031496066
20
-3.9759559842519683
11
4.7923758267716536
21
-3.9758170866141733
0
LINE
8
BLACK
6
CONTINUOUS
10
4.7923758267716536
20
-3.9758170866141733
11
4.7942505905511812
21
-3.9720675590551182
0
LINE
8
BLACK
6
CONTINUOUS
10
4.7942505905511812
20
-3.9720675590551182
11
4.7947764960629922
21
-3.9713584645669289
0
LINE
8
BLACK
6
CONTINUOUS
10
4.7947764960629922
20
-3.9713584645669289
11
4.7948037007874014
21
-3.9713001574803148
0
LINE
8
BLACK
6
CONTINUOUS
10
4.7948037007874014
20
-3.9713001574803148
11
4.7966784645669289
21
-3.9694253937007873
0
LINE
8
BLACK
6
CONTINUOUS
10
4.7966784645669289
20
-3.9694253937007873
11
4.797401535433071
21
-3.9689190944881889
0
LINE
8
BLACK
6
CONTINUOUS
10
4.797401535433071
20
-3.9689190944881889
11
4.7974458661417323
21
-3.9688722834645667
0
LINE
8
BLACK
6
CONTINUOUS
10
4.7974458661417323
20
-3.9688722834645667
11
4.8011953937007874
21
-3.9669975196850391
0
LINE
8
BLACK
6
CONTINUOUS
10
4.8011953937007874
20
-3.9669975196850391
11
4.8021783070866144
21
-3.9667051574803147
0
LINE
8
BLACK
6
CONTINUOUS
10
4.8021783070866144
20
-3.9667051574803147
11
4.8023499999999997
21
-3.9667461417322833
0
LINE
8
BLACK
6
CONTINUOUS
10
4.8023499999999997
20
-3.9667461417322833
11
4.802515905511811
21
-3.9666857874015746
0
LINE
8
BLACK
6
CONTINUOUS
10
4.802515905511811
20
-3.9666857874015746
11
4.8062654330708661
21
-3.9666857874015746
0
LINE
8
BLACK
6
CONTINUOUS
10
4.8062654330708661
20
-3.9666857874015746
11
4.8072753543307085
21
-3.9668638582677165
0
LINE
8
BLACK
6
CONTINUOUS
10
4.8005154724409449
20
-3.9739400393700786
11
4.7993183464566931
21
-3.9751371653543308
0
LINE
8
BLACK
6
CONTINUOUS
10
4.7993183464566931
20
-3.9751371653543308
11
4.7978028346456689
21
-3.9781681496062991
0
LINE
8
BLACK
6
CONTINUOUS
10
4.7978028346456689
20
-3.9781681496062991
11
4.7960948425196852
21
-3.9850001968503936
0
LINE
8
BLACK
6
CONTINUOUS
10
4.7960948425196852
20
-3.9850001968503936
11
4.7960948425196852
21
-3.9936469291338583
0
LINE
8
BLACK
6
CONTINUOUS
10
4.7960948425196852
20
-3.9936469291338583
11
4.7978028346456689
21
-4.0004789763779529
0
LINE
8
BLACK
6
CONTINUOUS
10
4.7978028346456689
20
-4.0004789763779529
11
4.7993183464566931
21
-4.0035099606299216
0
LINE
8
BLACK
6
CONTINUOUS
10
4.7993183464566931
20
-4.0035099606299216
11
4.8005154724409449
21
-4.0047071259842522
0
LINE
8
BLACK
6
CONTINUOUS
10
4.8005154724409449
20
-4.0047071259842522
11
4.8032129527559055
21
-4.0060558661417325
0
LINE
8
BLACK
6
CONTINUOUS
10
4.8032129527559055
20
-4.0060558661417325
11
4.8055683858267715
21
-4.0060558661417325
0
LINE
8
BLACK
6
CONTINUOUS
10
4.8055683858267715
20
-4.0060558661417325
11
4.8082658267716534
21
-4.0047071259842522
0
LINE
8
BLACK
6
CONTINUOUS
10
4.8082658267716534
20
-4.0047071259842522
11
4.8094629527559052
21
-4.0035099606299216
0
LINE
8
BLACK
6
CONTINUOUS
10
4.8094629527559052
20
-4.0035099606299216
11
4.8109784645669293
21
-4.0004789763779529
0
LINE
8
BLACK
6
CONTINUOUS
10
4.8109784645669293
20
-4.0004789763779529
11
4.8126864960629918
21
-3.9936469291338583
0
LINE
8
BLACK
6
CONTINUOUS
10
4.8126864960629918
20
-3.9936469291338583
11
4.8126864960629918
21
-3.9850001968503936
0
LINE
8
BLACK
6
CONTINUOUS
10
4.8126864960629918
20
-3.9850001968503936
11
4.8109784645669293
21
-3.9781681496062991
0
LINE
8
BLACK
6
CONTINUOUS
10
4.8109784645669293
20
-3.9781681496062991
11
4.8094629921259839
21
-3.9751371653543308
0
LINE
8
BLACK
6
CONTINUOUS
10
4.8094629921259839
20
-3.9751371653543308
11
4.8082658661417321
21
-3.9739400393700786
0
LINE
8
BLACK
6
CONTINUOUS
10
4.8082658661417321
20
-3.9739400393700786
11
4.8055683858267715
21
-3.9725912992125982
0
LINE
8
BLACK
6
CONTINUOUS
10
4.8055683858267715
20
-3.9725912992125982
11
4.8032129527559055
21
-3.9725912992125982
0
LINE
8
BLACK
6
CONTINUOUS
10
4.8032129527559055
20
-3.9725912992125982
11
4.8005154724409449
21
-3.9739400393700786
0
LINE
8
BLACK
6
CONTINUOUS
10
4.8428959055118108
20
-3.9668638582677165
11
4.8430311417322836
21
-3.9669773228346457
0
LINE
8
BLACK
6
CONTINUOUS
10
4.8430311417322836
20
-3.9669773228346457
11
4.8432064960629919
21
-3.9669975196850391
0
LINE
8
BLACK
6
CONTINUOUS
10
4.8432064960629919
20
-3.9669975196850391
11
4.846956023622047
21
-3.9688722834645667
0
LINE
8
BLACK
6
CONTINUOUS
10
4.846956023622047
20
-3.9688722834645667
11
4.8476650787401576
21
-3.9693981889763781
0
LINE
8
BLACK
6
CONTINUOUS
10
4.8476650787401576
20
-3.9693981889763781
11
4.8477234251968504
21
-3.9694253937007873
0
LINE
8
BLACK
6
CONTINUOUS
10
4.8477234251968504
20
-3.9694253937007873
11
4.849598188976378
21
-3.9713001574803148
0
LINE
8
BLACK
6
CONTINUOUS
10
4.849598188976378
20
-3.9713001574803148
11
4.8498561811023624
21
-3.9716686220472441
0
LINE
8
BLACK
6
CONTINUOUS
10
4.8498561811023624
20
-3.9716686220472441
11
4.8499671259842518
21
-3.9717501574803147
0
LINE
8
BLACK
6
CONTINUOUS
10
4.8499671259842518
20
-3.9717501574803147
11
4.8537166535433069
21
-3.9773744881889761
0
LINE
8
BLACK
6
CONTINUOUS
10
4.8537166535433069
20
-3.9773744881889761
11
4.8541149606299214
21
-3.9782822047244095
0
LINE
8
BLACK
6
CONTINUOUS
10
4.8541149606299214
20
-3.9782822047244095
11
4.8541244094488185
21
-3.978296220472441
0
LINE
8
BLACK
6
CONTINUOUS
10
4.8541244094488185
20
-3.978296220472441
11
4.8559991732283461
21
-3.9857952755905512
0
LINE
8
BLACK
6
CONTINUOUS
10
4.8559991732283461
20
-3.9857952755905512
11
4.8560406299212593
21
-3.9863831496062989
0
LINE
8
BLACK
6
CONTINUOUS
10
4.8560406299212593
20
-3.9863831496062989
11
4.8560873228346457
21
-3.9865114173228346
0
LINE
8
BLACK
6
CONTINUOUS
10
4.8560873228346457
20
-3.9865114173228346
11
4.8560873228346457
21
-4.0015095275590546
0
LINE
8
BLACK
6
CONTINUOUS
10
4.8560873228346457
20
-4.0015095275590546
11
4.8559092519685034
21
-4.002519448818898
0
LINE
8
BLACK
6
CONTINUOUS
10
4.8559092519685034
20
-4.002519448818898
11
4.8557957480314959
21
-4.0026546850393698
0
LINE
8
BLACK
6
CONTINUOUS
10
4.8557957480314959
20
-4.0026546850393698
11
4.8557755905511808
21
-4.0028300393700791
0
LINE
8
BLACK
6
CONTINUOUS
10
4.8557755905511808
20
-4.0028300393700791
11
4.8539008267716532
21
-4.0065795669291342
0
LINE
8
BLACK
6
CONTINUOUS
10
4.8539008267716532
20
-4.0065795669291342
11
4.8533748818897635
21
-4.0072886220472439
0
LINE
8
BLACK
6
CONTINUOUS
10
4.8533748818897635
20
-4.0072886220472439
11
4.8533477165354331
21
-4.0073469685039367
0
LINE
8
BLACK
6
CONTINUOUS
10
4.8533477165354331
20
-4.0073469685039367
11
4.8514729921259843
21
-4.0092217322834642
0
LINE
8
BLACK
6
CONTINUOUS
10
4.8514729921259843
20
-4.0092217322834642
11
4.8507498031496059
21
-4.0097281102362201
0
LINE
8
BLACK
6
CONTINUOUS
10
4.8507498031496059
20
-4.0097281102362201
11
4.8507055511811021
21
-4.0097748818897641
0
LINE
8
BLACK
6
CONTINUOUS
10
4.8507055511811021
20
-4.0097748818897641
11
4.846956023622047
21
-4.0116496456692916
0
LINE
8
BLACK
6
CONTINUOUS
10
4.846956023622047
20
-4.0116496456692916
11
4.8459730708661413
21
-4.0119420078740156
0
LINE
8
BLACK
6
CONTINUOUS
10
4.8459730708661413
20
-4.0119420078740156
11
4.845801377952756
21
-4.0119009842519686
0
LINE
8
BLACK
6
CONTINUOUS
10
4.845801377952756
20
-4.0119009842519686
11
4.8456355118110235
21
-4.0119613779527556
0
LINE
8
BLACK
6
CONTINUOUS
10
4.8456355118110235
20
-4.0119613779527556
11
4.8381364566929133
21
-4.0119613779527556
0
LINE
8
BLACK
6
CONTINUOUS
10
4.8381364566929133
20
-4.0119613779527556
11
4.8371265354330708
21
-4.0117833070866142
0
LINE
8
BLACK
6
CONTINUOUS
10
4.8371265354330708
20
-4.0117833070866142
11
4.8369912598425193
21
-4.0116698031496059
0
LINE
8
BLACK
6
CONTINUOUS
10
4.8369912598425193
20
-4.0116698031496059
11
4.8368159448818897
21
-4.0116496456692916
0
LINE
8
BLACK
6
CONTINUOUS
10
4.8368159448818897
20
-4.0116496456692916
11
4.8330664173228346
21
-4.0097748818897641
0
LINE
8
BLACK
6
CONTINUOUS
10
4.8330664173228346
20
-4.0097748818897641
11
4.8323572834645665
21
-4.0092488976377956
0
LINE
8
BLACK
6
CONTINUOUS
10
4.8323572834645665
20
-4.0092488976377956
11
4.8322989763779525
21
-4.0092217322834642
0
LINE
8
BLACK
6
CONTINUOUS
10
4.8322989763779525
20
-4.0092217322834642
11
4.8304242125984249
21
-4.0073469291338579
0
LINE
8
BLACK
6
CONTINUOUS
10
4.8304242125984249
20
-4.0073469291338579
11
4.8299179133858265
21
-4.0066238582677167
0
LINE
8
BLACK
6
CONTINUOUS
10
4.8299179133858265
20
-4.0066238582677167
11
4.8298711417322835
21
-4.0065795669291342
0
LINE
8
BLACK
6
CONTINUOUS
10
4.8298711417322835
20
-4.0065795669291342
11
4.8279963779527559
21
-4.0028300393700791
0
LINE
8
BLACK
6
CONTINUOUS
10
4.8279963779527559
20
-4.0028300393700791
11
4.8277040157480311
21
-4.0018470866141733
0
LINE
8
BLACK
6
CONTINUOUS
10
4.8277040157480311
20
-4.0018470866141733
11
4.8277450000000002
21
-4.0016753937007872
0
LINE
8
BLACK
6
CONTINUOUS
10
4.8277450000000002
20
-4.0016753937007872
11
4.827684645669291
21
-4.0015095275590546
0
LINE
8
BLACK
6
CONTINUOUS
10
4.827684645669291
20
-4.0015095275590546
11
4.827684645669291
21
-3.9921357086614173
0
LINE
8
BLACK
6
CONTINUOUS
10
4.827684645669291
20
-3.9921357086614173
11
4.8278627165354333
21
-3.9911257874015749
0
LINE
8
BLACK
6
CONTINUOUS
10
4.8278627165354333
20
-3.9911257874015749
11
4.827976181102362
21
-3.9909905118110234
0
LINE
8
BLACK
6
CONTINUOUS
10
4.827976181102362
20
-3.9909905118110234
11
4.8279963779527559
21
-3.9908151968503938
0
LINE
8
BLACK
6
CONTINUOUS
10
4.8279963779527559
20
-3.9908151968503938
11
4.8298711417322835
21
-3.9870656692913387
0
LINE
8
BLACK
6
CONTINUOUS
10
4.8298711417322835
20
-3.9870656692913387
11
4.8303970472440945
21
-3.9863565748031493
0
LINE
8
BLACK
6
CONTINUOUS
10
4.8303970472440945
20
-3.9863565748031493
11
4.8304242519685037
21
-3.9862982677165353
0
LINE
8
BLACK
6
CONTINUOUS
10
4.8304242519685037
20
-3.9862982677165353
11
4.8322990157480312
21
-3.9844235039370077
0
LINE
8
BLACK
6
CONTINUOUS
10
4.8322990157480312
20
-3.9844235039370077
11
4.8330220866141733
21
-3.9839172047244094
0
LINE
8
BLACK
6
CONTINUOUS
10
4.8330220866141733
20
-3.9839172047244094
11
4.8330664173228346
21
-3.9838703937007871
0
LINE
8
BLACK
6
CONTINUOUS
10
4.8330664173228346
20
-3.9838703937007871
11
4.8368159448818897
21
-3.9819956299212595
0
LINE
8
BLACK
6
CONTINUOUS
10
4.8368159448818897
20
-3.9819956299212595
11
4.8377988582677167
21
-3.9817032677165352
0
LINE
8
BLACK
6
CONTINUOUS
10
4.8377988582677167
20
-3.9817032677165352
11
4.837970551181102
21
-3.9817442519685038
0
LINE
8
BLACK
6
CONTINUOUS
10
4.837970551181102
20
-3.9817442519685038
11
4.8381364566929133
21
-3.9816838976377951
0
LINE
8
BLACK
6
CONTINUOUS
10
4.8381364566929133
20
-3.9816838976377951
11
4.8456355118110235
21
-3.9816838976377951
0
LINE
8
BLACK
6
CONTINUOUS
10
4.8456355118110235
20
-3.9816838976377951
11
4.8466454330708659
21
-3.9818619685039369
0
LINE
8
BLACK
6
CONTINUOUS
10
4.8466454330708659
20
-3.9818619685039369
11
4.8467806692913387
21
-3.9819754330708661
0
LINE
8
BLACK
6
CONTINUOUS
10
4.8467806692913387
20
-3.9819754330708661
11
4.846956023622047
21
-3.9819956299212595
0
LINE
8
BLACK
6
CONTINUOUS
10
4.846956023622047
20
-3.9819956299212595
11
4.8492485433070867
21
-3.9831418897637794
0
LINE
8
BLACK
6
CONTINUOUS
10
4.8492485433070867
20
-3.9831418897637794
11
4.8485192519685034
21
-3.9802247244094486
0
LINE
8
BLACK
6
CONTINUOUS
10
4.8485192519685034
20
-3.9802247244094486
11
4.8452155511811021
21
-3.9752691732283463
0
LINE
8
BLACK
6
CONTINUOUS
10
4.8452155511811021
20
-3.9752691732283463
11
4.8438864173228344
21
-3.9739400393700786
0
LINE
8
BLACK
6
CONTINUOUS
10
4.8438864173228344
20
-3.9739400393700786
11
4.8411889370078738
21
-3.9725912992125982
0
LINE
8
BLACK
6
CONTINUOUS
10
4.8411889370078738
20
-3.9725912992125982
11
4.8343869291338581
21
-3.9725912992125982
0
LINE
8
BLACK
6
CONTINUOUS
10
4.8343869291338581
20
-3.9725912992125982
11
4.8333770078740157
21
-3.9724132283464564
0
LINE
8
BLACK
6
CONTINUOUS
10
4.8333770078740157
20
-3.9724132283464564
11
4.8318297637795276
21
-3.9711149212598422
0
LINE
8
BLACK
6
CONTINUOUS
10
4.8318297637795276
20
-3.9711149212598422
11
4.8314790157480312
21
-3.9691257874015746
0
LINE
8
BLACK
6
CONTINUOUS
10
4.8314790157480312
20
-3.9691257874015746
11
4.8324889370078736
21
-3.9673766141732281
0
LINE
8
BLACK
6
CONTINUOUS
10
4.8324889370078736
20
-3.9673766141732281
11
4.8343869291338581
21
-3.9666857874015746
0
LINE
8
BLACK
6
CONTINUOUS
10
4.8343869291338581
20
-3.9666857874015746
11
4.8418859842519684
21
-3.9666857874015746
0
LINE
8
BLACK
6
CONTINUOUS
10
4.8418859842519684
20
-3.9666857874015746
11
4.8428959055118108
21
-3.9668638582677165
0
LINE
8
BLACK
6
CONTINUOUS
10
4.8361360236220472
20
-3.988938149606299
11
4.8349388976377954
21
-3.9901352755905513
0
LINE
8
BLACK
6
CONTINUOUS
10
4.8349388976377954
20
-3.9901352755905513
11
4.8335901574803151
21
-3.9928327559055119
0
LINE
8
BLACK
6
CONTINUOUS
10
4.8335901574803151
20
-3.9928327559055119
11
4.8335901574803151
21
-4.000812480314961
0
LINE
8
BLACK
6
CONTINUOUS
10
4.8335901574803151
20
-4.000812480314961
11
4.8349388976377954
21
-4.0035099606299216
0
LINE
8
BLACK
6
CONTINUOUS
10
4.8349388976377954
20
-4.0035099606299216
11
4.8361360236220472
21
-4.0047071259842522
0
LINE
8
BLACK
6
CONTINUOUS
10
4.8361360236220472
20
-4.0047071259842522
11
4.8388335039370078
21
-4.0060558661417325
0
LINE
8
BLACK
6
CONTINUOUS
10
4.8388335039370078
20
-4.0060558661417325
11
4.8449384645669289
21
-4.0060558661417325
0
LINE
8
BLACK
6
CONTINUOUS
10
4.8449384645669289
20
-4.0060558661417325
11
4.8476359055118108
21
-4.0047071259842522
0
LINE
8
BLACK
6
CONTINUOUS
10
4.8476359055118108
20
-4.0047071259842522
11
4.8488330314960626
21
-4.0035099606299216
0
LINE
8
BLACK
6
CONTINUOUS
10
4.8488330314960626
20
-4.0035099606299216
11
4.8501818110236217
21
-4.000812480314961
0
LINE
8
BLACK
6
CONTINUOUS
10
4.8501818110236217
20
-4.000812480314961
11
4.8501818110236217
21
-3.9928327559055119
0
LINE
8
BLACK
6
CONTINUOUS
10
4.8501818110236217
20
-3.9928327559055119
11
4.8488330708661413
21
-3.9901352755905513
0
LINE
8
BLACK
6
CONTINUOUS
10
4.8488330708661413
20
-3.9901352755905513
11
4.8476359448818895
21
-3.988938149606299
0
LINE
8
BLACK
6
CONTINUOUS
10
4.8476359448818895
20
-3.988938149606299
11
4.8449384645669289
21
-3.9875894094488187
0
LINE
8
BLACK
6
CONTINUOUS
10
4.8449384645669289
20
-3.9875894094488187
11
4.8388335039370078
21
-3.9875894094488187
0
LINE
8
BLACK
6
CONTINUOUS
10
4.8388335039370078
20
-3.9875894094488187
11
4.8361360236220472
21
-3.988938149606299
0
LINE
8
BLACK
6
CONTINUOUS
10
4.8853927559055119
20
-3.9677405511811021
11
4.8860835826771654
21
-3.9696385433070867
0
LINE
8
BLACK
6
CONTINUOUS
10
4.8860835826771654
20
-3.9696385433070867
11
4.8860835826771654
21
-4.0090086220472436
0
LINE
8
BLACK
6
CONTINUOUS
10
4.8860835826771654
20
-4.0090086220472436
11
4.8860159448818896
21
-4.0093921259842515
0
LINE
8
BLACK
6
CONTINUOUS
10
4.8860159448818896
20
-4.0093921259842515
11
4.8860387401574803
21
-4.0095213779527556
0
LINE
8
BLACK
6
CONTINUOUS
10
4.8860387401574803
20
-4.0095213779527556
11
4.8859731102362201
21
-4.0096349606299215
0
LINE
8
BLACK
6
CONTINUOUS
10
4.8859731102362201
20
-4.0096349606299215
11
4.8859055118110239
21
-4.010018543307087
0
LINE
8
BLACK
6
CONTINUOUS
10
4.8859055118110239
20
-4.010018543307087
11
4.8854123622047245
21
-4.0106062204724404
0
LINE
8
BLACK
6
CONTINUOUS
10
4.8854123622047245
20
-4.0106062204724404
11
4.8850288188976378
21
-4.0112705511811022
0
LINE
8
BLACK
6
CONTINUOUS
10
4.8850288188976378
20
-4.0112705511811022
11
4.8847784645669288
21
-4.0113616535433074
0
LINE
8
BLACK
6
CONTINUOUS
10
4.8847784645669288
20
-4.0113616535433074
11
4.8846072047244089
21
-4.0115657874015751
0
LINE
8
BLACK
6
CONTINUOUS
10
4.8846072047244089
20
-4.0115657874015751
11
4.8838516141732287
21
-4.0116990157480314
0
LINE
8
BLACK
6
CONTINUOUS
10
4.8838516141732287
20
-4.0116990157480314
11
4.8831308267716533
21
-4.0119613779527556
0
LINE
8
BLACK
6
CONTINUOUS
10
4.8831308267716533
20
-4.0119613779527556
11
4.8643831889763778
21
-4.0119613779527556
0
LINE
8
BLACK
6
CONTINUOUS
10
4.8643831889763778
20
-4.0119613779527556
11
4.8633732677165353
21
-4.0117833070866142
0
LINE
8
BLACK
6
CONTINUOUS
10
4.8633732677165353
20
-4.0117833070866142
11
4.8618260236220472
21
-4.0104850000000001
0
LINE
8
BLACK
6
CONTINUOUS
10
4.8618260236220472
20
-4.0104850000000001
11
4.8614752755905508
21
-4.0084958661417325
0
LINE
8
BLACK
6
CONTINUOUS
10
4.8614752755905508
20
-4.0084958661417325
11
4.8624851968503933
21
-4.0067466929133859
0
LINE
8
BLACK
6
CONTINUOUS
10
4.8624851968503933
20
-4.0067466929133859
11
4.8643831889763778
21
-4.0060558661417325
0
LINE
8
BLACK
6
CONTINUOUS
10
4.8643831889763778
20
-4.0060558661417325
11
4.8801780708661413
21
-4.0060558661417325
0
LINE
8
BLACK
6
CONTINUOUS
10
4.8801780708661413
20
-4.0060558661417325
11
4.8801780708661413
21
-3.9696385433070867
0
LINE
8
BLACK
6
CONTINUOUS
10
4.8801780708661413
20
-3.9696385433070867
11
4.8803561417322836
21
-3.9686286220472442
0
LINE
8
BLACK
6
CONTINUOUS
10
4.8803561417322836
20
-3.9686286220472442
11
4.8816544488188978
21
-3.9670813779527556
0
LINE
8
BLACK
6
CONTINUOUS
10
4.8816544488188978
20
-3.9670813779527556
11
4.8836435826771654
21
-3.9667306299212597
0
LINE
8
BLACK
6
CONTINUOUS
10
4.8836435826771654
20
-3.9667306299212597
11
4.8853927559055119
21
-3.9677405511811021
0
LINE
8
BLACK
6
CONTINUOUS
10
4.920779960629921
20
-3.966712874015748
11
4.9208470078740154
21
-3.96669405511811
0
LINE
8
BLACK
6
CONTINUOUS
10
4.9208470078740154
20
-3.96669405511811
11
4.9209585433070862
21
-3.9667443700787399
0
LINE
8
BLACK
6
CONTINUOUS
10
4.9209585433070862
20
-3.9667443700787399
11
4.9216360629921256
21
-3.9668638582677165
0
LINE
8
BLACK
6
CONTINUOUS
10
4.9216360629921256
20
-3.9668638582677165
11
4.9221164173228349
21
-3.9672669291338583
0
LINE
8
BLACK
6
CONTINUOUS
10
4.9221164173228349
20
-3.9672669291338583
11
4.9226879921259838
21
-3.9675248818897635
0
LINE
8
BLACK
6
CONTINUOUS
10
4.9226879921259838
20
-3.9675248818897635
11
4.9228670472440941
21
-3.9678968110236221
0
LINE
8
BLACK
6
CONTINUOUS
10
4.9228670472440941
20
-3.9678968110236221
11
4.9231833070866138
21
-3.9681621653543306
0
LINE
8
BLACK
6
CONTINUOUS
10
4.9231833070866138
20
-3.9681621653543306
11
4.9232921653543302
21
-3.9687796850393702
0
LINE
8
BLACK
6
CONTINUOUS
10
4.9232921653543302
20
-3.9687796850393702
11
4.9235642519685037
21
-3.9693447244094489
0
LINE
8
BLACK
6
CONTINUOUS
10
4.9235642519685037
20
-3.9693447244094489
11
4.9254390157480312
21
-3.9880923622047244
0
LINE
8
BLACK
6
CONTINUOUS
10
4.9254390157480312
20
-3.9880923622047244
11
4.9253623228346459
21
-3.989115
0
LINE
8
BLACK
6
CONTINUOUS
10
4.9253623228346459
20
-3.989115
11
4.9253513385826775
21
-3.9891310629921257
0
LINE
8
BLACK
6
CONTINUOUS
10
4.9253513385826775
20
-3.9891310629921257
11
4.925353031496063
21
-3.9891503937007875
0
LINE
8
BLACK
6
CONTINUOUS
10
4.925353031496063
20
-3.9891503937007875
11
4.9247846456692912
21
-3.9899621259842517
0
LINE
8
BLACK
6
CONTINUOUS
10
4.9247846456692912
20
-3.9899621259842517
11
4.9242244094488186
21
-3.9907837401574802
0
LINE
8
BLACK
6
CONTINUOUS
10
4.9242244094488186
20
-3.9907837401574802
11
4.9242056692913385
21
-3.9907889763779525
0
LINE
8
BLACK
6
CONTINUOUS
10
4.9242056692913385
20
-3.9907889763779525
11
4.9241945275590551
21
-3.9908049606299212
0
LINE
8
BLACK
6
CONTINUOUS
10
4.9241945275590551
20
-3.9908049606299212
11
4.9232355905511813
21
-3.9910618503937005
0
LINE
8
BLACK
6
CONTINUOUS
10
4.9232355905511813
20
-3.9910618503937005
11
4.9222800393700785
21
-3.9913306692913384
0
LINE
8
BLACK
6
CONTINUOUS
10
4.9222800393700785
20
-3.9913306692913384
11
4.9222622834645664
21
-3.9913226377952755
0
LINE
8
BLACK
6
CONTINUOUS
10
4.9222622834645664
20
-3.9913226377952755
11
4.9222435433070864
21
-3.9913276771653541
0
LINE
8
BLACK
6
CONTINUOUS
10
4.9222435433070864
20
-3.9913276771653541
11
4.9213451574803146
21
-3.9909087401574803
0
LINE
8
BLACK
6
CONTINUOUS
10
4.9213451574803146
20
-3.9909087401574803
11
4.9204390551181101
21
-3.9904998425196849
0
LINE
8
BLACK
6
CONTINUOUS
10
4.9204390551181101
20
-3.9904998425196849
11
4.9204305905511809
21
-3.990482283464567
0
LINE
8
BLACK
6
CONTINUOUS
10
4.9204305905511809
20
-3.990482283464567
11
4.9204129921259838
21
-3.9904740944881887
0
LINE
8
BLACK
6
CONTINUOUS
10
4.9204129921259838
20
-3.9904740944881887
11
4.9188770472440941
21
-3.988938149606299
0
LINE
8
BLACK
6
CONTINUOUS
10
4.9188770472440941
20
-3.988938149606299
11
4.9161795669291335
21
-3.9875894094488187
0
LINE
8
BLACK
6
CONTINUOUS
10
4.9161795669291335
20
-3.9875894094488187
11
4.9081998425196849
21
-3.9875894094488187
0
LINE
8
BLACK
6
CONTINUOUS
10
4.9081998425196849
20
-3.9875894094488187
11
4.9055023622047242
21
-3.988938149606299
0
LINE
8
BLACK
6
CONTINUOUS
10
4.9055023622047242
20
-3.988938149606299
11
4.9043052362204724
21
-3.9901352755905513
0
LINE
8
BLACK
6
CONTINUOUS
10
4.9043052362204724
20
-3.9901352755905513
11
4.9029564960629921
21
-3.9928327559055119
0
LINE
8
BLACK
6
CONTINUOUS
10
4.9029564960629921
20
-3.9928327559055119
11
4.9029564960629921
21
-4.000812480314961
0
LINE
8
BLACK
6
CONTINUOUS
10
4.9029564960629921
20
-4.000812480314961
11
4.9043052362204724
21
-4.0035099606299216
0
LINE
8
BLACK
6
CONTINUOUS
10
4.9043052362204724
20
-4.0035099606299216
11
4.9055023622047242
21
-4.0047071259842522
0
LINE
8
BLACK
6
CONTINUOUS
10
4.9055023622047242
20
-4.0047071259842522
11
4.9081998425196849
21
-4.0060558661417325
0
LINE
8
BLACK
6
CONTINUOUS
10
4.9081998425196849
20
-4.0060558661417325
11
4.9161795669291335
21
-4.0060558661417325
0
LINE
8
BLACK
6
CONTINUOUS
10
4.9161795669291335
20
-4.0060558661417325
11
4.9188770078740154
21
-4.0047071259842522
0
LINE
8
BLACK
6
CONTINUOUS
10
4.9188770078740154
20
-4.0047071259842522
11
4.9204129527559051
21
-4.0031711811023625
0
LINE
8
BLACK
6
CONTINUOUS
10
4.9204129527559051
20
-4.0031711811023625
11
4.921252992125984
21
-4.0025829527559056
0
LINE
8
BLACK
6
CONTINUOUS
10
4.921252992125984
20
-4.0025829527559056
11
4.923265118110236
21
-4.0024068897637797
0
LINE
8
BLACK
6
CONTINUOUS
10
4.923265118110236
20
-4.0024068897637797
11
4.9249196456692914
21
-4.0035653937007876
0
LINE
8
BLACK
6
CONTINUOUS
10
4.9249196456692914
20
-4.0035653937007876
11
4.9254424015748031
21
-4.0055163779527554
0
LINE
8
BLACK
6
CONTINUOUS
10
4.9254424015748031
20
-4.0055163779527554
11
4.9245888188976377
21
-4.0073469685039367
0
LINE
8
BLACK
6
CONTINUOUS
10
4.9245888188976377
20
-4.0073469685039367
11
4.9227140944881889
21
-4.0092217322834642
0
LINE
8
BLACK
6
CONTINUOUS
10
4.9227140944881889
20
-4.0092217322834642
11
4.9219909055118105
21
-4.0097281102362201
0
LINE
8
BLACK
6
CONTINUOUS
10
4.9219909055118105
20
-4.0097281102362201
11
4.9219466535433067
21
-4.0097748818897641
0
LINE
8
BLACK
6
CONTINUOUS
10
4.9219466535433067
20
-4.0097748818897641
11
4.9181971259842516
21
-4.0116496456692916
0
LINE
8
BLACK
6
CONTINUOUS
10
4.9181971259842516
20
-4.0116496456692916
11
4.9172141732283468
21
-4.0119420078740156
0
LINE
8
BLACK
6
CONTINUOUS
10
4.9172141732283468
20
-4.0119420078740156
11
4.9170424803149606
21
-4.0119009842519686
0
LINE
8
BLACK
6
CONTINUOUS
10
4.9170424803149606
20
-4.0119009842519686
11
4.9168766141732281
21
-4.0119613779527556
0
LINE
8
BLACK
6
CONTINUOUS
10
4.9168766141732281
20
-4.0119613779527556
11
4.9075027952755903
21
-4.0119613779527556
0
LINE
8
BLACK
6
CONTINUOUS
10
4.9075027952755903
20
-4.0119613779527556
11
4.9064928740157479
21
-4.0117833070866142
0
LINE
8
BLACK
6
CONTINUOUS
10
4.9064928740157479
20
-4.0117833070866142
11
4.9063575984251964
21
-4.0116698031496059
0
LINE
8
BLACK
6
CONTINUOUS
10
4.9063575984251964
20
-4.0116698031496059
11
4.9061822834645668
21
-4.0116496456692916
0
LINE
8
BLACK
6
CONTINUOUS
10
4.9061822834645668
20
-4.0116496456692916
11
4.9024327559055116
21
-4.0097748818897641
0
LINE
8
BLACK
6
CONTINUOUS
10
4.9024327559055116
20
-4.0097748818897641
11
4.9017236220472435
21
-4.0092488976377956
0
LINE
8
BLACK
6
CONTINUOUS
10
4.9017236220472435
20
-4.0092488976377956
11
4.9016653149606295
21
-4.0092217322834642
0
LINE
8
BLACK
6
CONTINUOUS
10
4.9016653149606295
20
-4.0092217322834642
11
4.899790551181102
21
-4.0073469291338579
0
LINE
8
BLACK
6
CONTINUOUS
10
4.899790551181102
20
-4.0073469291338579
11
4.8992842519685036
21
-4.0066238582677167
0
LINE
8
BLACK
6
CONTINUOUS
10
4.8992842519685036
20
-4.0066238582677167
11
4.8992374803149605
21
-4.0065795669291342
0
LINE
8
BLACK
6
CONTINUOUS
10
4.8992374803149605
20
-4.0065795669291342
11
4.897362716535433
21
-4.0028300393700791
0
LINE
8
BLACK
6
CONTINUOUS
10
4.897362716535433
20
-4.0028300393700791
11
4.8970703543307081
21
-4.0018470866141733
0
LINE
8
BLACK
6
CONTINUOUS
10
4.8970703543307081
20
-4.0018470866141733
11
4.8971113385826772
21
-4.0016753937007872
0
LINE
8
BLACK
6
CONTINUOUS
10
4.8971113385826772
20
-4.0016753937007872
11
4.8970509842519681
21
-4.0015095275590546
0
LINE
8
BLACK
6
CONTINUOUS
10
4.8970509842519681
20
-4.0015095275590546
11
4.8970509842519681
21
-3.9921357086614173
0
LINE
8
BLACK
6
CONTINUOUS
10
4.8970509842519681
20
-3.9921357086614173
11
4.8972290551181104
21
-3.9911257874015749
0
LINE
8
BLACK
6
CONTINUOUS
10
4.8972290551181104
20
-3.9911257874015749
11
4.8973425196850391
21
-3.9909905118110234
0
LINE
8
BLACK
6
CONTINUOUS
10
4.8973425196850391
20
-3.9909905118110234
11
4.897362716535433
21
-3.9908151968503938
0
LINE
8
BLACK
6
CONTINUOUS
10
4.897362716535433
20
-3.9908151968503938
11
4.8992374803149605
21
-3.9870656692913387
0
LINE
8
BLACK
6
CONTINUOUS
10
4.8992374803149605
20
-3.9870656692913387
11
4.8997633858267715
21
-3.9863565748031493
0
LINE
8
BLACK
6
CONTINUOUS
10
4.8997633858267715
20
-3.9863565748031493
11
4.8997905905511807
21
-3.9862982677165353
0
LINE
8
BLACK
6
CONTINUOUS
10
4.8997905905511807
20
-3.9862982677165353
11
4.9016653543307083
21
-3.9844235039370077
0
LINE
8
BLACK
6
CONTINUOUS
10
4.9016653543307083
20
-3.9844235039370077
11
4.9023884251968504
21
-3.9839172047244094
0
LINE
8
BLACK
6
CONTINUOUS
10
4.9023884251968504
20
-3.9839172047244094
11
4.9024327559055116
21
-3.9838703937007871
0
LINE
8
BLACK
6
CONTINUOUS
10
4.9024327559055116
20
-3.9838703937007871
11
4.9061822834645668
21
-3.9819956299212595
0
LINE
8
BLACK
6
CONTINUOUS
10
4.9061822834645668
20
-3.9819956299212595
11
4.9071651968503938
21
-3.9817032677165352
0
LINE
8
BLACK
6
CONTINUOUS
10
4.9071651968503938
20
-3.9817032677165352
11
4.907336889763779
21
-3.9817442519685038
0
LINE
8
BLACK
6
CONTINUOUS
10
4.907336889763779
20
-3.9817442519685038
11
4.9075027952755903
21
-3.9816838976377951
0
LINE
8
BLACK
6
CONTINUOUS
10
4.9075027952755903
20
-3.9816838976377951
11
4.9168766141732281
21
-3.9816838976377951
0
LINE
8
BLACK
6
CONTINUOUS
10
4.9168766141732281
20
-3.9816838976377951
11
4.9178865354330705
21
-3.9818619685039369
0
LINE
8
BLACK
6
CONTINUOUS
10
4.9178865354330705
20
-3.9818619685039369
11
4.9180217716535433
21
-3.9819754330708661
0
LINE
8
BLACK
6
CONTINUOUS
10
4.9180217716535433
20
-3.9819754330708661
11
4.9181971259842516
21
-3.9819956299212595
0
LINE
8
BLACK
6
CONTINUOUS
10
4.9181971259842516
20
-3.9819956299212595
11
4.9189310236220471
21
-3.9823625590551179
0
LINE
8
BLACK
6
CONTINUOUS
10
4.9189310236220471
20
-3.9823625590551179
11
4.9179539370078738
21
-3.9725912992125982
0
LINE
8
BLACK
6
CONTINUOUS
10
4.9179539370078738
20
-3.9725912992125982
11
4.9018785039370076
21
-3.9725912992125982
0
LINE
8
BLACK
6
CONTINUOUS
10
4.9018785039370076
20
-3.9725912992125982
11
4.9008685826771652
21
-3.9724132283464564
0
LINE
8
BLACK
6
CONTINUOUS
10
4.9008685826771652
20
-3.9724132283464564
11
4.899321338582677
21
-3.9711149212598422
0
LINE
8
BLACK
6
CONTINUOUS
10
4.899321338582677
20
-3.9711149212598422
11
4.8989705905511807
21
-3.9691257874015746
0
LINE
8
BLACK
6
CONTINUOUS
10
4.8989705905511807
20
-3.9691257874015746
11
4.8999805118110231
21
-3.9673766141732281
0
LINE
8
BLACK
6
CONTINUOUS
10
4.8999805118110231
20
-3.9673766141732281
11
4.9018785039370076
21
-3.9666857874015746
0
LINE
8
BLACK
6
CONTINUOUS
10
4.9018785039370076
20
-3.9666857874015746
11
4.9206261417322832
21
-3.9666857874015746
0
LINE
8
BLACK
6
CONTINUOUS
10
4.9206261417322832
20
-3.9666857874015746
11
4.920779960629921
21
-3.966712874015748
0
LINE
8
BLACK
6
CONTINUOUS
10
4.9535070866141728
20
-3.9668638582677165
11
4.9536423228346456
21
-3.9669773228346457
0
LINE
8
BLACK
6
CONTINUOUS
10
4.9536423228346456
20
-3.9669773228346457
11
4.9538176771653539
21
-3.9669975196850391
0
LINE
8
BLACK
6
CONTINUOUS
10
4.9538176771653539
20
-3.9669975196850391
11
4.957567204724409
21
-3.9688722834645667
0
LINE
8
BLACK
6
CONTINUOUS
10
4.957567204724409
20
-3.9688722834645667
11
4.9582762598425196
21
-3.9693981889763781
0
LINE
8
BLACK
6
CONTINUOUS
10
4.9582762598425196
20
-3.9693981889763781
11
4.9583346062992124
21
-3.9694253937007873
0
LINE
8
BLACK
6
CONTINUOUS
10
4.9583346062992124
20
-3.9694253937007873
11
4.96020937007874
21
-3.9713001574803148
0
LINE
8
BLACK
6
CONTINUOUS
10
4.96020937007874
20
-3.9713001574803148
11
4.9607156299212596
21
-3.9720232283464565
0
LINE
8
BLACK
6
CONTINUOUS
10
4.9607156299212596
20
-3.9720232283464565
11
4.9607624803149601
21
-3.9720675590551182
0
LINE
8
BLACK
6
CONTINUOUS
10
4.9607624803149601
20
-3.9720675590551182
11
4.9626372440944877
21
-3.9758170866141733
0
LINE
8
BLACK
6
CONTINUOUS
10
4.9626372440944877
20
-3.9758170866141733
11
4.9629296062992125
21
-3.9767999999999999
0
LINE
8
BLACK
6
CONTINUOUS
10
4.9629296062992125
20
-3.9767999999999999
11
4.9628885826771656
21
-3.9769716929133856
0
LINE
8
BLACK
6
CONTINUOUS
10
4.9628885826771656
20
-3.9769716929133856
11
4.9629489763779526
21
-3.9771375984251969
0
LINE
8
BLACK
6
CONTINUOUS
10
4.9629489763779526
20
-3.9771375984251969
11
4.9629489763779526
21
-3.980887125984252
0
LINE
8
BLACK
6
CONTINUOUS
10
4.9629489763779526
20
-3.980887125984252
11
4.9627709055118112
21
-3.9818970472440944
0
LINE
8
BLACK
6
CONTINUOUS
10
4.9627709055118112
20
-3.9818970472440944
11
4.9626574015748028
21
-3.9820322834645667
0
LINE
8
BLACK
6
CONTINUOUS
10
4.9626574015748028
20
-3.9820322834645667
11
4.9626372440944877
21
-3.9822076377952755
0
LINE
8
BLACK
6
CONTINUOUS
10
4.9626372440944877
20
-3.9822076377952755
11
4.9607624803149601
21
-3.9859571653543306
0
LINE
8
BLACK
6
CONTINUOUS
10
4.9607624803149601
20
-3.9859571653543306
11
4.9602365748031492
21
-3.9866662204724408
0
LINE
8
BLACK
6
CONTINUOUS
10
4.9602365748031492
20
-3.9866662204724408
11
4.96020937007874
21
-3.9867245669291336
0
LINE
8
BLACK
6
CONTINUOUS
10
4.96020937007874
20
-3.9867245669291336
11
4.9583346062992124
21
-3.9885993307086611
0
LINE
8
BLACK
6
CONTINUOUS
10
4.9583346062992124
20
-3.9885993307086611
11
4.9576114960629925
21
-3.9891055905511812
0
LINE
8
BLACK
6
CONTINUOUS
10
4.9576114960629925
20
-3.9891055905511812
11
4.957567204724409
21
-3.9891524409448818
0
LINE
8
BLACK
6
CONTINUOUS
10
4.957567204724409
20
-3.9891524409448818
11
4.9538176771653539
21
-3.9910272047244093
0
LINE
8
BLACK
6
CONTINUOUS
10
4.9538176771653539
20
-3.9910272047244093
11
4.9533292125984252
21
-3.9911724803149604
0
LINE
8
BLACK
6
CONTINUOUS
10
4.9533292125984252
20
-3.9911724803149604
11
4.9532133070866138
21
-3.9912507874015746
0
LINE
8
BLACK
6
CONTINUOUS
10
4.9532133070866138
20
-3.9912507874015746
11
4.9460286614173228
21
-3.9930469291338584
0
LINE
8
BLACK
6
CONTINUOUS
10
4.9460286614173228
20
-3.9930469291338584
11
4.9429976771653541
21
-3.9945624409448817
0
LINE
8
BLACK
6
CONTINUOUS
10
4.9429976771653541
20
-3.9945624409448817
11
4.9418005511811023
21
-3.9957595669291339
0
LINE
8
BLACK
6
CONTINUOUS
10
4.9418005511811023
20
-3.9957595669291339
11
4.940451811023622
21
-3.9984570472440946
0
LINE
8
BLACK
6
CONTINUOUS
10
4.940451811023622
20
-3.9984570472440946
11
4.940451811023622
21
-4.000812480314961
0
LINE
8
BLACK
6
CONTINUOUS
10
4.940451811023622
20
-4.000812480314961
11
4.9418005511811023
21
-4.0035099606299216
0
LINE
8
BLACK
6
CONTINUOUS
10
4.9418005511811023
20
-4.0035099606299216
11
4.9429976771653541
21
-4.0047071259842522
0
LINE
8
BLACK
6
CONTINUOUS
10
4.9429976771653541
20
-4.0047071259842522
11
4.9456951574803147
21
-4.0060558661417325
0
LINE
8
BLACK
6
CONTINUOUS
10
4.9456951574803147
20
-4.0060558661417325
11
4.95389279527559
21
-4.0060558661417325
0
LINE
8
BLACK
6
CONTINUOUS
10
4.95389279527559
20
-4.0060558661417325
11
4.9590624409448818
21
-4.0043326377952759
0
LINE
8
BLACK
6
CONTINUOUS
10
4.9590624409448818
20
-4.0043326377952759
11
4.9600768503937003
21
-4.0041822047244091
0
LINE
8
BLACK
6
CONTINUOUS
10
4.9600768503937003
20
-4.0041822047244091
11
4.9619552755905509
21
-4.0049246062992125
0
LINE
8
BLACK
6
CONTINUOUS
10
4.9619552755905509
20
-4.0049246062992125
11
4.962917047244094
21
-4.0067007480314958
0
LINE
8
BLACK
6
CONTINUOUS
10
4.962917047244094
20
-4.0067007480314958
11
4.962512086614173
21
-4.008679527559055
0
LINE
8
BLACK
6
CONTINUOUS
10
4.962512086614173
20
-4.008679527559055
11
4.9609299606299215
21
-4.0099350787401571
0
LINE
8
BLACK
6
CONTINUOUS
10
4.9609299606299215
20
-4.0099350787401571
11
4.9553056692913389
21
-4.0118098425196846
0
LINE
8
BLACK
6
CONTINUOUS
10
4.9553056692913389
20
-4.0118098425196846
11
4.9544324803149609
21
-4.0119392913385825
0
LINE
8
BLACK
6
CONTINUOUS
10
4.9544324803149609
20
-4.0119392913385825
11
4.9543719291338579
21
-4.0119613779527556
0
LINE
8
BLACK
6
CONTINUOUS
10
4.9543719291338579
20
-4.0119613779527556
11
4.9449981102362202
21
-4.0119613779527556
0
LINE
8
BLACK
6
CONTINUOUS
10
4.9449981102362202
20
-4.0119613779527556
11
4.9439881889763777
21
-4.0117833070866142
0
LINE
8
BLACK
6
CONTINUOUS
10
4.9439881889763777
20
-4.0117833070866142
11
4.9438529133858262
21
-4.0116698031496059
0
LINE
8
BLACK
6
CONTINUOUS
10
4.9438529133858262
20
-4.0116698031496059
11
4.9436775984251966
21
-4.0116496456692916
0
LINE
8
BLACK
6
CONTINUOUS
10
4.9436775984251966
20
-4.0116496456692916
11
4.9399280708661415
21
-4.0097748818897641
0
LINE
8
BLACK
6
CONTINUOUS
10
4.9399280708661415
20
-4.0097748818897641
11
4.9392189370078743
21
-4.0092488976377956
0
LINE
8
BLACK
6
CONTINUOUS
10
4.9392189370078743
20
-4.0092488976377956
11
4.9391606299212594
21
-4.0092217322834642
0
LINE
8
BLACK
6
CONTINUOUS
10
4.9391606299212594
20
-4.0092217322834642
11
4.9372858661417318
21
-4.0073469291338579
0
LINE
8
BLACK
6
CONTINUOUS
10
4.9372858661417318
20
-4.0073469291338579
11
4.9367795669291334
21
-4.0066238582677167
0
LINE
8
BLACK
6
CONTINUOUS
10
4.9367795669291334
20
-4.0066238582677167
11
4.9367327952755904
21
-4.0065795669291342
0
LINE
8
BLACK
6
CONTINUOUS
10
4.9367327952755904
20
-4.0065795669291342
11
4.9348580314960628
21
-4.0028300393700791
0
LINE
8
BLACK
6
CONTINUOUS
10
4.9348580314960628
20
-4.0028300393700791
11
4.9345656692913389
21
-4.0018470866141733
0
LINE
8
BLACK
6
CONTINUOUS
10
4.9345656692913389
20
-4.0018470866141733
11
4.9346066535433071
21
-4.0016753937007872
0
LINE
8
BLACK
6
CONTINUOUS
10
4.9346066535433071
20
-4.0016753937007872
11
4.9345462992125979
21
-4.0015095275590546
0
LINE
8
BLACK
6
CONTINUOUS
10
4.9345462992125979
20
-4.0015095275590546
11
4.9345462992125979
21
-3.99776
0
LINE
8
BLACK
6
CONTINUOUS
10
4.9345462992125979
20
-3.99776
11
4.9347243700787402
21
-3.9967500787401575
0
LINE
8
BLACK
6
CONTINUOUS
10
4.9347243700787402
20
-3.9967500787401575
11
4.9348378346456689
21
-3.996614803149606
0
LINE
8
BLACK
6
CONTINUOUS
10
4.9348378346456689
20
-3.996614803149606
11
4.9348580314960628
21
-3.9964394881889764
0
LINE
8
BLACK
6
CONTINUOUS
10
4.9348580314960628
20
-3.9964394881889764
11
4.9367327952755904
21
-3.9926899606299213
0
LINE
8
BLACK
6
CONTINUOUS
10
4.9367327952755904
20
-3.9926899606299213
11
4.9372587007874014
21
-3.991980866141732
0
LINE
8
BLACK
6
CONTINUOUS
10
4.9372587007874014
20
-3.991980866141732
11
4.9372859055118106
21
-3.9919225590551179
0
LINE
8
BLACK
6
CONTINUOUS
10
4.9372859055118106
20
-3.9919225590551179
11
4.9391606692913381
21
-3.9900477952755904
0
LINE
8
BLACK
6
CONTINUOUS
10
4.9391606692913381
20
-3.9900477952755904
11
4.9398837401574802
21
-3.989541496062992
0
LINE
8
BLACK
6
CONTINUOUS
10
4.9398837401574802
20
-3.989541496062992
11
4.9399280708661415
21
-3.9894946850393698
0
LINE
8
BLACK
6
CONTINUOUS
10
4.9399280708661415
20
-3.9894946850393698
11
4.9436775984251966
21
-3.9876199212598422
0
LINE
8
BLACK
6
CONTINUOUS
10
4.9436775984251966
20
-3.9876199212598422
11
4.9441660236220475
21
-3.9874746062992124
0
LINE
8
BLACK
6
CONTINUOUS
10
4.9441660236220475
20
-3.9874746062992124
11
4.9442819685039368
21
-3.9873963385826769
0
LINE
8
BLACK
6
CONTINUOUS
10
4.9442819685039368
20
-3.9873963385826769
11
4.9514666141732286
21
-3.9856001574803148
0
LINE
8
BLACK
6
CONTINUOUS
10
4.9514666141732286
20
-3.9856001574803148
11
4.9544975984251964
21
-3.9840846850393699
0
LINE
8
BLACK
6
CONTINUOUS
10
4.9544975984251964
20
-3.9840846850393699
11
4.9556947244094491
21
-3.982887559055118
0
LINE
8
BLACK
6
CONTINUOUS
10
4.9556947244094491
20
-3.982887559055118
11
4.9570434645669295
21
-3.9801900787401574
0
LINE
8
BLACK
6
CONTINUOUS
10
4.9570434645669295
20
-3.9801900787401574
11
4.9570434645669295
21
-3.9778346456692915
0
LINE
8
BLACK
6
CONTINUOUS
10
4.9570434645669295
20
-3.9778346456692915
11
4.9556947244094491
21
-3.9751371653543308
0
LINE
8
BLACK
6
CONTINUOUS
10
4.9556947244094491
20
-3.9751371653543308
11
4.9544975984251964
21
-3.9739400393700786
0
LINE
8
BLACK
6
CONTINUOUS
10
4.9544975984251964
20
-3.9739400393700786
11
4.9518001181102358
21
-3.9725912992125982
0
LINE
8
BLACK
6
CONTINUOUS
10
4.9518001181102358
20
-3.9725912992125982
11
4.9436024803149605
21
-3.9725912992125982
0
LINE
8
BLACK
6
CONTINUOUS
10
4.9436024803149605
20
-3.9725912992125982
11
4.9384327952755909
21
-3.9743145275590552
0
LINE
8
BLACK
6
CONTINUOUS
10
4.9384327952755909
20
-3.9743145275590552
11
4.9374183858267715
21
-3.9744649606299212
0
LINE
8
BLACK
6
CONTINUOUS
10
4.9374183858267715
20
-3.9744649606299212
11
4.9355399999999996
21
-3.9737225590551182
0
LINE
8
BLACK
6
CONTINUOUS
10
4.9355399999999996
20
-3.9737225590551182
11
4.9345782283464565
21
-3.9719464173228345
0
LINE
8
BLACK
6
CONTINUOUS
10
4.9345782283464565
20
-3.9719464173228345
11
4.9349831889763776
21
-3.9699676377952753
0
LINE
8
BLACK
6
CONTINUOUS
10
4.9349831889763776
20
-3.9699676377952753
11
4.9365653149606299
21
-3.9687120866141732
0
LINE
8
BLACK
6
CONTINUOUS
10
4.9365653149606299
20
-3.9687120866141732
11
4.9421895669291338
21
-3.9668373228346456
0
LINE
8
BLACK
6
CONTINUOUS
10
4.9421895669291338
20
-3.9668373228346456
11
4.9430627952755906
21
-3.9667077952755903
0
LINE
8
BLACK
6
CONTINUOUS
10
4.9430627952755906
20
-3.9667077952755903
11
4.9431233464566926
21
-3.9666857874015746
0
LINE
8
BLACK
6
CONTINUOUS
10
4.9431233464566926
20
-3.9666857874015746
11
4.9524971653543304
21
-3.9666857874015746
0
LINE
8
BLACK
6
CONTINUOUS
10
4.9524971653543304
20
-3.9666857874015746
11
4.9535070866141728
21
-3.9668638582677165
0
LINE
8
BLACK
6
CONTINUOUS
10
5.0603687401574806
20
-3.9668638582677165
11
5.0605039763779525
21
-3.9669773228346457
0
LINE
8
BLACK
6
CONTINUOUS
10
5.0605039763779525
20
-3.9669773228346457
11
5.0606793307086617
21
-3.9669975196850391
0
LINE
8
BLACK
6
CONTINUOUS
10
5.0606793307086617
20
-3.9669975196850391
11
5.0644288582677168
21
-3.9688722834645667
0
LINE
8
BLACK
6
CONTINUOUS
10
5.0644288582677168
20
-3.9688722834645667
11
5.0651379133858265
21
-3.9693981889763781
0
LINE
8
BLACK
6
CONTINUOUS
10
5.0651379133858265
20
-3.9693981889763781
11
5.0651962598425193
21
-3.9694253937007873
0
LINE
8
BLACK
6
CONTINUOUS
10
5.0651962598425193
20
-3.9694253937007873
11
5.0670710236220469
21
-3.9713001574803148
0
LINE
8
BLACK
6
CONTINUOUS
10
5.0670710236220469
20
-3.9713001574803148
11
5.0675772834645665
21
-3.9720232283464565
0
LINE
8
BLACK
6
CONTINUOUS
10
5.0675772834645665
20
-3.9720232283464565
11
5.0676241338582679
21
-3.9720675590551182
0
LINE
8
BLACK
6
CONTINUOUS
10
5.0676241338582679
20
-3.9720675590551182
11
5.0694988976377955
21
-3.9758170866141733
0
LINE
8
BLACK
6
CONTINUOUS
10
5.0694988976377955
20
-3.9758170866141733
11
5.0697912598425194
21
-3.9767999999999999
0
LINE
8
BLACK
6
CONTINUOUS
10
5.0697912598425194
20
-3.9767999999999999
11
5.0697502362204725
21
-3.9769716929133856
0
LINE
8
BLACK
6
CONTINUOUS
10
5.0697502362204725
20
-3.9769716929133856
11
5.0698106299212595
21
-3.9771375984251969
0
LINE
8
BLACK
6
CONTINUOUS
10
5.0698106299212595
20
-3.9771375984251969
11
5.0698106299212595
21
-3.980887125984252
0
LINE
8
BLACK
6
CONTINUOUS
10
5.0698106299212595
20
-3.980887125984252
11
5.0696325590551181
21
-3.9818970472440944
0
LINE
8
BLACK
6
CONTINUOUS
10
5.0696325590551181
20
-3.9818970472440944
11
5.0695190551181097
21
-3.9820322834645667
0
LINE
8
BLACK
6
CONTINUOUS
10
5.0695190551181097
20
-3.9820322834645667
11
5.0694988976377955
21
-3.9822076377952755
0
LINE
8
BLACK
6
CONTINUOUS
10
5.0694988976377955
20
-3.9822076377952755
11
5.0676241338582679
21
-3.9859571653543306
0
LINE
8
BLACK
6
CONTINUOUS
10
5.0676241338582679
20
-3.9859571653543306
11
5.067098228346457
21
-3.9866662204724408
0
LINE
8
BLACK
6
CONTINUOUS
10
5.067098228346457
20
-3.9866662204724408
11
5.0670710236220469
21
-3.9867245669291336
0
LINE
8
BLACK
6
CONTINUOUS
10
5.0670710236220469
20
-3.9867245669291336
11
5.0651962598425193
21
-3.9885993307086611
0
LINE
8
BLACK
6
CONTINUOUS
10
5.0651962598425193
20
-3.9885993307086611
11
5.0644731496062994
21
-3.9891055905511812
0
LINE
8
BLACK
6
CONTINUOUS
10
5.0644731496062994
20
-3.9891055905511812
11
5.0644288582677168
21
-3.9891524409448818
0
LINE
8
BLACK
6
CONTINUOUS
10
5.0644288582677168
20
-3.9891524409448818
11
5.0606793307086617
21
-3.9910272047244093
0
LINE
8
BLACK
6
CONTINUOUS
10
5.0606793307086617
20
-3.9910272047244093
11
5.0601908661417321
21
-3.9911724803149604
0
LINE
8
BLACK
6
CONTINUOUS
10
5.0601908661417321
20
-3.9911724803149604
11
5.0600749606299216
21
-3.9912507874015746
0
LINE
8
BLACK
6
CONTINUOUS
10
5.0600749606299216
20
-3.9912507874015746
11
5.0528903149606297
21
-3.9930469291338584
0
LINE
8
BLACK
6
CONTINUOUS
10
5.0528903149606297
20
-3.9930469291338584
11
5.049859330708661
21
-3.9945624409448817
0
LINE
8
BLACK
6
CONTINUOUS
10
5.049859330708661
20
-3.9945624409448817
11
5.0486622047244092
21
-3.9957595669291339
0
LINE
8
BLACK
6
CONTINUOUS
10
5.0486622047244092
20
-3.9957595669291339
11
5.0473134645669289
21
-3.9984570472440946
0
LINE
8
BLACK
6
CONTINUOUS
10
5.0473134645669289
20
-3.9984570472440946
11
5.0473134645669289
21
-4.000812480314961
0
LINE
8
BLACK
6
CONTINUOUS
10
5.0473134645669289
20
-4.000812480314961
11
5.0486622047244092
21
-4.0035099606299216
0
LINE
8
BLACK
6
CONTINUOUS
10
5.0486622047244092
20
-4.0035099606299216
11
5.049859330708661
21
-4.0047071259842522
0
LINE
8
BLACK
6
CONTINUOUS
10
5.049859330708661
20
-4.0047071259842522
11
5.0525568110236216
21
-4.0060558661417325
0
LINE
8
BLACK
6
CONTINUOUS
10
5.0525568110236216
20
-4.0060558661417325
11
5.0607544488188978
21
-4.0060558661417325
0
LINE
8
BLACK
6
CONTINUOUS
10
5.0607544488188978
20
-4.0060558661417325
11
5.0659240944881887
21
-4.0043326377952759
0
LINE
8
BLACK
6
CONTINUOUS
10
5.0659240944881887
20
-4.0043326377952759
11
5.0669385039370081
21
-4.0041822047244091
0
LINE
8
BLACK
6
CONTINUOUS
10
5.0669385039370081
20
-4.0041822047244091
11
5.0688169291338578
21
-4.0049246062992125
0
LINE
8
BLACK
6
CONTINUOUS
10
5.0688169291338578
20
-4.0049246062992125
11
5.0697787007874018
21
-4.0067007480314958
0
LINE
8
BLACK
6
CONTINUOUS
10
5.0697787007874018
20
-4.0067007480314958
11
5.0693737401574799
21
-4.008679527559055
0
LINE
8
BLACK
6
CONTINUOUS
10
5.0693737401574799
20
-4.008679527559055
11
5.0677916141732284
21
-4.0099350787401571
0
LINE
8
BLACK
6
CONTINUOUS
10
5.0677916141732284
20
-4.0099350787401571
11
5.0621673228346458
21
-4.0118098425196846
0
LINE
8
BLACK
6
CONTINUOUS
10
5.0621673228346458
20
-4.0118098425196846
11
5.0612941338582678
21
-4.0119392913385825
0
LINE
8
BLACK
6
CONTINUOUS
10
5.0612941338582678
20
-4.0119392913385825
11
5.0612335826771648
21
-4.0119613779527556
0
LINE
8
BLACK
6
CONTINUOUS
10
5.0612335826771648
20
-4.0119613779527556
11
5.0518597637795271
21
-4.0119613779527556
0
LINE
8
BLACK
6
CONTINUOUS
10
5.0518597637795271
20
-4.0119613779527556
11
5.0508498425196846
21
-4.0117833070866142
0
LINE
8
BLACK
6
CONTINUOUS
10
5.0508498425196846
20
-4.0117833070866142
11
5.050714566929134
21
-4.0116698031496059
0
LINE
8
BLACK
6
CONTINUOUS
10
5.050714566929134
20
-4.0116698031496059
11
5.0505392519685035
21
-4.0116496456692916
0
LINE
8
BLACK
6
CONTINUOUS
10
5.0505392519685035
20
-4.0116496456692916
11
5.0467897244094484
21
-4.0097748818897641
0
LINE
8
BLACK
6
CONTINUOUS
10
5.0467897244094484
20
-4.0097748818897641
11
5.0460805905511812
21
-4.0092488976377956
0
LINE
8
BLACK
6
CONTINUOUS
10
5.0460805905511812
20
-4.0092488976377956
11
5.0460222834645672
21
-4.0092217322834642
0
LINE
8
BLACK
6
CONTINUOUS
10
5.0460222834645672
20
-4.0092217322834642
11
5.0441475196850396
21
-4.0073469291338579
0
LINE
8
BLACK
6
CONTINUOUS
10
5.0441475196850396
20
-4.0073469291338579
11
5.0436412204724412
21
-4.0066238582677167
0
LINE
8
BLACK
6
CONTINUOUS
10
5.0436412204724412
20
-4.0066238582677167
11
5.0435944488188973
21
-4.0065795669291342
0
LINE
8
BLACK
6
CONTINUOUS
10
5.0435944488188973
20
-4.0065795669291342
11
5.0417196850393697
21
-4.0028300393700791
0
LINE
8
BLACK
6
CONTINUOUS
10
5.0417196850393697
20
-4.0028300393700791
11
5.0414273228346458
21
-4.0018470866141733
0
LINE
8
BLACK
6
CONTINUOUS
10
5.0414273228346458
20
-4.0018470866141733
11
5.041468307086614
21
-4.0016753937007872
0
LINE
8
BLACK
6
CONTINUOUS
10
5.041468307086614
20
-4.0016753937007872
11
5.0414079527559057
21
-4.0015095275590546
0
LINE
8
BLACK
6
CONTINUOUS
10
5.0414079527559057
20
-4.0015095275590546
11
5.0414079527559057
21
-3.99776
0
LINE
8
BLACK
6
CONTINUOUS
10
5.0414079527559057
20
-3.99776
11
5.0415860236220471
21
-3.9967500787401575
0
LINE
8
BLACK
6
CONTINUOUS
10
5.0415860236220471
20
-3.9967500787401575
11
5.0416994881889758
21
-3.996614803149606
0
LINE
8
BLACK
6
CONTINUOUS
10
5.0416994881889758
20
-3.996614803149606
11
5.0417196850393697
21
-3.9964394881889764
0
LINE
8
BLACK
6
CONTINUOUS
10
5.0417196850393697
20
-3.9964394881889764
11
5.0435944488188973
21
-3.9926899606299213
0
LINE
8
BLACK
6
CONTINUOUS
10
5.0435944488188973
20
-3.9926899606299213
11
5.0441203543307083
21
-3.991980866141732
0
LINE
8
BLACK
6
CONTINUOUS
10
5.0441203543307083
20
-3.991980866141732
11
5.0441475590551184
21
-3.9919225590551179
0
LINE
8
BLACK
6
CONTINUOUS
10
5.0441475590551184
20
-3.9919225590551179
11
5.0460223228346459
21
-3.9900477952755904
0
LINE
8
BLACK
6
CONTINUOUS
10
5.0460223228346459
20
-3.9900477952755904
11
5.0467453937007871
21
-3.989541496062992
0
LINE
8
BLACK
6
CONTINUOUS
10
5.0467453937007871
20
-3.989541496062992
11
5.0467897244094484
21
-3.9894946850393698
0
LINE
8
BLACK
6
CONTINUOUS
10
5.0467897244094484
20
-3.9894946850393698
11
5.0505392519685035
21
-3.9876199212598422
0
LINE
8
BLACK
6
CONTINUOUS
10
5.0505392519685035
20
-3.9876199212598422
11
5.0510276771653544
21
-3.9874746062992124
0
LINE
8
BLACK
6
CONTINUOUS
10
5.0510276771653544
20
-3.9874746062992124
11
5.0511436220472437
21
-3.9873963385826769
0
LINE
8
BLACK
6
CONTINUOUS
10
5.0511436220472437
20
-3.9873963385826769
11
5.0583282677165355
21
-3.9856001574803148
0
LINE
8
BLACK
6
CONTINUOUS
10
5.0583282677165355
20
-3.9856001574803148
11
5.0613592519685042
21
-3.9840846850393699
0
LINE
8
BLACK
6
CONTINUOUS
10
5.0613592519685042
20
-3.9840846850393699
11
5.062556377952756
21
-3.982887559055118
0
LINE
8
BLACK
6
CONTINUOUS
10
5.062556377952756
20
-3.982887559055118
11
5.0639051181102364
21
-3.9801900787401574
0
LINE
8
BLACK
6
CONTINUOUS
10
5.0639051181102364
20
-3.9801900787401574
11
5.0639051181102364
21
-3.9778346456692915
0
LINE
8
BLACK
6
CONTINUOUS
10
5.0639051181102364
20
-3.9778346456692915
11
5.062556377952756
21
-3.9751371653543308
0
LINE
8
BLACK
6
CONTINUOUS
10
5.062556377952756
20
-3.9751371653543308
11
5.0613592519685042
21
-3.9739400393700786
0
LINE
8
BLACK
6
CONTINUOUS
10
5.0613592519685042
20
-3.9739400393700786
11
5.0586617716535436
21
-3.9725912992125982
0
LINE
8
BLACK
6
CONTINUOUS
10
5.0586617716535436
20
-3.9725912992125982
11
5.0504641338582674
21
-3.9725912992125982
0
LINE
8
BLACK
6
CONTINUOUS
10
5.0504641338582674
20
-3.9725912992125982
11
5.0452944488188978
21
-3.9743145275590552
0
LINE
8
BLACK
6
CONTINUOUS
10
5.0452944488188978
20
-3.9743145275590552
11
5.0442800393700784
21
-3.9744649606299212
0
LINE
8
BLACK
6
CONTINUOUS
10
5.0442800393700784
20
-3.9744649606299212
11
5.0424016535433074
21
-3.9737225590551182
0
LINE
8
BLACK
6
CONTINUOUS
10
5.0424016535433074
20
-3.9737225590551182
11
5.0414398818897634
21
-3.9719464173228345
0
LINE
8
BLACK
6
CONTINUOUS
10
5.0414398818897634
20
-3.9719464173228345
11
5.0418448425196853
21
-3.9699676377952753
0
LINE
8
BLACK
6
CONTINUOUS
10
5.0418448425196853
20
-3.9699676377952753
11
5.0434269685039368
21
-3.9687120866141732
0
LINE
8
BLACK
6
CONTINUOUS
10
5.0434269685039368
20
-3.9687120866141732
11
5.0490512204724407
21
-3.9668373228346456
0
LINE
8
BLACK
6
CONTINUOUS
10
5.0490512204724407
20
-3.9668373228346456
11
5.0499244488188975
21
-3.9667077952755903
0
LINE
8
BLACK
6
CONTINUOUS
10
5.0499244488188975
20
-3.9667077952755903
11
5.0499849999999995
21
-3.9666857874015746
0
LINE
8
BLACK
6
CONTINUOUS
10
5.0499849999999995
20
-3.9666857874015746
11
5.0593588188976373
21
-3.9666857874015746
0
LINE
8
BLACK
6
CONTINUOUS
10
5.0593588188976373
20
-3.9666857874015746
11
5.0603687401574806
21
-3.9668638582677165
0
LINE
8
BLACK
6
CONTINUOUS
10
4.9978750393700784
20
-3.9667533858267716
11
4.9980042913385825
21
-3.9667306299212597
0
LINE
8
BLACK
6
CONTINUOUS
10
4.9980042913385825
20
-3.9667306299212597
11
4.9981178740157475
21
-3.9667962204724407
0
LINE
8
BLACK
6
CONTINUOUS
10
4.9981178740157475
20
-3.9667962204724407
11
4.9985014566929129
21
-3.9668638582677165
0
LINE
8
BLACK
6
CONTINUOUS
10
4.9985014566929129
20
-3.9668638582677165
11
4.9990891338582673
21
-3.9673569685039367
0
LINE
8
BLACK
6
CONTINUOUS
10
4.9990891338582673
20
-3.9673569685039367
11
4.999753464566929
21
-3.9677405511811021
0
LINE
8
BLACK
6
CONTINUOUS
10
4.999753464566929
20
-3.9677405511811021
11
4.9998445669291334
21
-3.967990866141732
0
LINE
8
BLACK
6
CONTINUOUS
10
4.9998445669291334
20
-3.967990866141732
11
5.000048700787401
21
-3.9681621653543306
0
LINE
8
BLACK
6
CONTINUOUS
10
5.000048700787401
20
-3.9681621653543306
11
5.0001819291338583
21
-3.968917716535433
0
LINE
8
BLACK
6
CONTINUOUS
10
5.0001819291338583
20
-3.968917716535433
11
5.0004442913385825
21
-3.9696385433070867
0
LINE
8
BLACK
6
CONTINUOUS
10
5.0004442913385825
20
-3.9696385433070867
11
5.0004442913385825
21
-4.0090086220472436
0
LINE
8
BLACK
6
CONTINUOUS
10
5.0004442913385825
20
-4.0090086220472436
11
5.0002662204724411
21
-4.010018543307087
0
LINE
8
BLACK
6
CONTINUOUS
10
5.0002662204724411
20
-4.010018543307087
11
4.9989679133858269
21
-4.0115657874015751
0
LINE
8
BLACK
6
CONTINUOUS
10
4.9989679133858269
20
-4.0115657874015751
11
4.9969787795275593
21
-4.0119165354330706
0
LINE
8
BLACK
6
CONTINUOUS
10
4.9969787795275593
20
-4.0119165354330706
11
4.9952296062992128
21
-4.0109066141732281
0
LINE
8
BLACK
6
CONTINUOUS
10
4.9952296062992128
20
-4.0109066141732281
11
4.9945387795275593
21
-4.0090086220472436
0
LINE
8
BLACK
6
CONTINUOUS
10
4.9945387795275593
20
-4.0090086220472436
11
4.9945387795275593
21
-3.9932137007874013
0
LINE
8
BLACK
6
CONTINUOUS
10
4.9945387795275593
20
-3.9932137007874013
11
4.98249342519685
21
-3.9932137007874013
0
LINE
8
BLACK
6
CONTINUOUS
10
4.98249342519685
20
-3.9932137007874013
11
4.9814835039370076
21
-3.9930356299212599
0
LINE
8
BLACK
6
CONTINUOUS
10
4.9814835039370076
20
-3.9930356299212599
11
4.981348228346457
21
-3.992922125984252
0
LINE
8
BLACK
6
CONTINUOUS
10
4.981348228346457
20
-3.992922125984252
11
4.9811729133858265
21
-3.9929019685039369
0
LINE
8
BLACK
6
CONTINUOUS
10
4.9811729133858265
20
-3.9929019685039369
11
4.9774233858267714
21
-3.9910272047244093
0
LINE
8
BLACK
6
CONTINUOUS
10
4.9774233858267714
20
-3.9910272047244093
11
4.9767142913385829
21
-3.9905012992125983
0
LINE
8
BLACK
6
CONTINUOUS
10
4.9767142913385829
20
-3.9905012992125983
11
4.976655984251968
21
-3.9904740944881887
0
LINE
8
BLACK
6
CONTINUOUS
10
4.976655984251968
20
-3.9904740944881887
11
4.9747812204724404
21
-3.9885993307086611
0
LINE
8
BLACK
6
CONTINUOUS
10
4.9747812204724404
20
-3.9885993307086611
11
4.9742749212598421
21
-3.9878762204724407
0
LINE
8
BLACK
6
CONTINUOUS
10
4.9742749212598421
20
-3.9878762204724407
11
4.9742281102362202
21
-3.9878319291338582
0
LINE
8
BLACK
6
CONTINUOUS
10
4.9742281102362202
20
-3.9878319291338582
11
4.9723533464566927
21
-3.9840824015748031
0
LINE
8
BLACK
6
CONTINUOUS
10
4.9723533464566927
20
-3.9840824015748031
11
4.9720609842519687
21
-3.9830994488188973
0
LINE
8
BLACK
6
CONTINUOUS
10
4.9720609842519687
20
-3.9830994488188973
11
4.9721019685039369
21
-3.9829277559055116
0
LINE
8
BLACK
6
CONTINUOUS
10
4.9721019685039369
20
-3.9829277559055116
11
4.9720416141732287
21
-3.9827618897637795
0
LINE
8
BLACK
6
CONTINUOUS
10
4.9720416141732287
20
-3.9827618897637795
11
4.9720416141732287
21
-3.9771375984251969
0
LINE
8
BLACK
6
CONTINUOUS
10
4.9720416141732287
20
-3.9771375984251969
11
4.9722196850393701
21
-3.9761276771653544
0
LINE
8
BLACK
6
CONTINUOUS
10
4.9722196850393701
20
-3.9761276771653544
11
4.9723331496062988
21
-3.9759924015748029
0
LINE
8
BLACK
6
CONTINUOUS
10
4.9723331496062988
20
-3.9759924015748029
11
4.9723533464566927
21
-3.9758170866141733
0
LINE
8
BLACK
6
CONTINUOUS
10
4.9723533464566927
20
-3.9758170866141733
11
4.9742281102362202
21
-3.9720675590551182
0
LINE
8
BLACK
6
CONTINUOUS
10
4.9742281102362202
20
-3.9720675590551182
11
4.9747540157480312
21
-3.9713584645669289
0
LINE
8
BLACK
6
CONTINUOUS
10
4.9747540157480312
20
-3.9713584645669289
11
4.9747812204724404
21
-3.9713001574803148
0
LINE
8
BLACK
6
CONTINUOUS
10
4.9747812204724404
20
-3.9713001574803148
11
4.976655984251968
21
-3.9694253937007873
0
LINE
8
BLACK
6
CONTINUOUS
10
4.976655984251968
20
-3.9694253937007873
11
4.9773790551181101
21
-3.9689190944881889
0
LINE
8
BLACK
6
CONTINUOUS
10
4.9773790551181101
20
-3.9689190944881889
11
4.9774233858267714
21
-3.9688722834645667
0
LINE
8
BLACK
6
CONTINUOUS
10
4.9774233858267714
20
-3.9688722834645667
11
4.9811729133858265
21
-3.9669975196850391
0
LINE
8
BLACK
6
CONTINUOUS
10
4.9811729133858265
20
-3.9669975196850391
11
4.9821558267716535
21
-3.9667051574803147
0
LINE
8
BLACK
6
CONTINUOUS
10
4.9821558267716535
20
-3.9667051574803147
11
4.9823275196850396
21
-3.9667461417322833
0
LINE
8
BLACK
6
CONTINUOUS
10
4.9823275196850396
20
-3.9667461417322833
11
4.98249342519685
21
-3.9666857874015746
0
LINE
8
BLACK
6
CONTINUOUS
10
4.98249342519685
20
-3.9666857874015746
11
4.9974915354330705
21
-3.9666857874015746
0
LINE
8
BLACK
6
CONTINUOUS
10
4.9974915354330705
20
-3.9666857874015746
11
4.9978750393700784
21
-3.9667533858267716
0
LINE
8
BLACK
6
CONTINUOUS
10
4.980492992125984
20
-3.9739400393700786
11
4.9792958661417321
21
-3.9751371653543308
0
LINE
8
BLACK
6
CONTINUOUS
10
4.9792958661417321
20
-3.9751371653543308
11
4.9779471259842518
21
-3.9778346456692915
0
LINE
8
BLACK
6
CONTINUOUS
10
4.9779471259842518
20
-3.9778346456692915
11
4.9779471259842518
21
-3.982064842519685
0
LINE
8
BLACK
6
CONTINUOUS
10
4.9779471259842518
20
-3.982064842519685
11
4.9792958661417321
21
-3.9847623228346456
0
LINE
8
BLACK
6
CONTINUOUS
10
4.9792958661417321
20
-3.9847623228346456
11
4.980492992125984
21
-3.9859594488188974
0
LINE
8
BLACK
6
CONTINUOUS
10
4.980492992125984
20
-3.9859594488188974
11
4.9831904724409446
21
-3.9873081889763777
0
LINE
8
BLACK
6
CONTINUOUS
10
4.9831904724409446
20
-3.9873081889763777
11
4.9945387795275593
21
-3.9873081889763777
0
LINE
8
BLACK
6
CONTINUOUS
10
4.9945387795275593
20
-3.9873081889763777
11
4.9945387795275593
21
-3.9725912992125982
0
LINE
8
BLACK
6
CONTINUOUS
10
4.9945387795275593
20
-3.9725912992125982
11
4.9831904724409446
21
-3.9725912992125982
0
LINE
8
BLACK
6
CONTINUOUS
10
4.9831904724409446
20
-3.9725912992125982
11
4.980492992125984
21
-3.9739400393700786
0
LINE
8
BLACK
6
CONTINUOUS
10
5.0341220078740152
20
-3.9668638582677165
11
5.0356692519685042
21
-3.9681621653543306
0
LINE
8
BLACK
6
CONTINUOUS
10
5.0356692519685042
20
-3.9681621653543306
11
5.0360199999999997
21
-3.9701512992125982
0
LINE
8
BLACK
6
CONTINUOUS
10
5.0360199999999997
20
-3.9701512992125982
11
5.0350100787401573
21
-3.9719004724409448
0
LINE
8
BLACK
6
CONTINUOUS
10
5.0350100787401573
20
-3.9719004724409448
11
5.0331120866141728
21
-3.9725912992125982
0
LINE
8
BLACK
6
CONTINUOUS
10
5.0331120866141728
20
-3.9725912992125982
11
5.0248162598425195
21
-3.9725912992125982
0
LINE
8
BLACK
6
CONTINUOUS
10
5.0248162598425195
20
-3.9725912992125982
11
5.0248162598425195
21
-4.0090086220472436
0
LINE
8
BLACK
6
CONTINUOUS
10
5.0248162598425195
20
-4.0090086220472436
11
5.024638188976378
21
-4.010018543307087
0
LINE
8
BLACK
6
CONTINUOUS
10
5.024638188976378
20
-4.010018543307087
11
5.0233398818897639
21
-4.0115657874015751
0
LINE
8
BLACK
6
CONTINUOUS
10
5.0233398818897639
20
-4.0115657874015751
11
5.0213507480314963
21
-4.0119165354330706
0
LINE
8
BLACK
6
CONTINUOUS
10
5.0213507480314963
20
-4.0119165354330706
11
5.0196015748031497
21
-4.0109066141732281
0
LINE
8
BLACK
6
CONTINUOUS
10
5.0196015748031497
20
-4.0109066141732281
11
5.0189107480314963
21
-4.0090086220472436
0
LINE
8
BLACK
6
CONTINUOUS
10
5.0189107480314963
20
-4.0090086220472436
11
5.0189107480314963
21
-3.9725912992125982
0
LINE
8
BLACK
6
CONTINUOUS
10
5.0189107480314963
20
-3.9725912992125982
11
5.0106149212598421
21
-3.9725912992125982
0
LINE
8
BLACK
6
CONTINUOUS
10
5.0106149212598421
20
-3.9725912992125982
11
5.0096049999999996
21
-3.9724132283464564
0
LINE
8
BLACK
6
CONTINUOUS
10
5.0096049999999996
20
-3.9724132283464564
11
5.0080577559055115
21
-3.9711149212598422
0
LINE
8
BLACK
6
CONTINUOUS
10
5.0080577559055115
20
-3.9711149212598422
11
5.007707007874016
21
-3.9691257874015746
0
LINE
8
BLACK
6
CONTINUOUS
10
5.007707007874016
20
-3.9691257874015746
11
5.0087169291338585
21
-3.9673766141732281
0
LINE
8
BLACK
6
CONTINUOUS
10
5.0087169291338585
20
-3.9673766141732281
11
5.0106149212598421
21
-3.9666857874015746
0
LINE
8
BLACK
6
CONTINUOUS
10
5.0106149212598421
20
-3.9666857874015746
11
5.0331120866141728
21
-3.9666857874015746
0
LINE
8
BLACK
6
CONTINUOUS
10
5.0331120866141728
20
-3.9666857874015746
11
5.0341220078740152
21
-3.9668638582677165
0
LINE
8
BLACK
6
CONTINUOUS
10
4.9251392125984248
20
-3.6806183464566926
11
4.9260409842519683
21
-3.681106614173228
0
LINE
8
BLACK
6
CONTINUOUS
10
4.9260409842519683
20
-3.681106614173228
11
4.9260854724409446
21
-3.6811790551181103
0
LINE
8
BLACK
6
CONTINUOUS
10
4.9260854724409446
20
-3.6811790551181103
11
4.9261645275590551
21
-3.6812103149606297
0
LINE
8
BLACK
6
CONTINUOUS
10
4.9261645275590551
20
-3.6812103149606297
11
4.9266092519685039
21
-3.6820316141732281
0
LINE
8
BLACK
6
CONTINUOUS
10
4.9266092519685039
20
-3.6820316141732281
11
4.9270982677165351
21
-3.6828275984251966
0
LINE
8
BLACK
6
CONTINUOUS
10
4.9270982677165351
20
-3.6828275984251966
11
4.927085787401575
21
-3.6829116535433069
0
LINE
8
BLACK
6
CONTINUOUS
10
4.927085787401575
20
-3.6829116535433069
11
4.9271262992125981
21
-3.6829864566929134
0
LINE
8
BLACK
6
CONTINUOUS
10
4.9271262992125981
20
-3.6829864566929134
11
4.9269389763779525
21
-3.6839015748031496
0
LINE
8
BLACK
6
CONTINUOUS
10
4.9269389763779525
20
-3.6839015748031496
11
4.9268020078740156
21
-3.6848255511811021
0
LINE
8
BLACK
6
CONTINUOUS
10
4.9268020078740156
20
-3.6848255511811021
11
4.926738346456693
21
-3.6848819685039369
0
LINE
8
BLACK
6
CONTINUOUS
10
4.926738346456693
20
-3.6848819685039369
11
4.9267213385826771
21
-3.6849652362204726
0
LINE
8
BLACK
6
CONTINUOUS
10
4.9267213385826771
20
-3.6849652362204726
11
4.9259896456692909
21
-3.6855458661417324
0
LINE
8
BLACK
6
CONTINUOUS
10
4.9259896456692909
20
-3.6855458661417324
11
4.9252907480314958
21
-3.68616562992126
0
LINE
8
BLACK
6
CONTINUOUS
10
4.9252907480314958
20
-3.68616562992126
11
4.9252057874015751
21
-3.6861679133858267
0
LINE
8
BLACK
6
CONTINUOUS
10
4.9252057874015751
20
-3.6861679133858267
11
4.9251392125984248
21
-3.6862207874015747
0
LINE
8
BLACK
6
CONTINUOUS
10
4.9251392125984248
20
-3.6862207874015747
11
4.8857691338582674
21
-3.6993441338582675
0
LINE
8
BLACK
6
CONTINUOUS
10
4.8857691338582674
20
-3.6993441338582675
11
4.8847547244094489
21
-3.6994945669291339
0
LINE
8
BLACK
6
CONTINUOUS
10
4.8847547244094489
20
-3.6994945669291339
11
4.882876338582677
21
-3.6987521653543305
0
LINE
8
BLACK
6
CONTINUOUS
10
4.882876338582677
20
-3.6987521653543305
11
4.8819145669291339
21
-3.6969760236220472
0
LINE
8
BLACK
6
CONTINUOUS
10
4.8819145669291339
20
-3.6969760236220472
11
4.882319527559055
21
-3.694997244094488
0
LINE
8
BLACK
6
CONTINUOUS
10
4.882319527559055
20
-3.694997244094488
11
4.8839016535433073
21
-3.6937416929133859
0
LINE
8
BLACK
6
CONTINUOUS
10
4.8839016535433073
20
-3.6937416929133859
11
4.9148680314960629
21
-3.6834195669291336
0
LINE
8
BLACK
6
CONTINUOUS
10
4.9148680314960629
20
-3.6834195669291336
11
4.8839016535433073
21
-3.6730974409448818
0
LINE
8
BLACK
6
CONTINUOUS
10
4.8839016535433073
20
-3.6730974409448818
11
4.8829998818897637
21
-3.6726091338582676
0
LINE
8
BLACK
6
CONTINUOUS
10
4.8829998818897637
20
-3.6726091338582676
11
4.881942598425197
21
-3.6708881889763778
0
LINE
8
BLACK
6
CONTINUOUS
10
4.881942598425197
20
-3.6708881889763778
11
4.8822388582677165
21
-3.6688901968503935
0
LINE
8
BLACK
6
CONTINUOUS
10
4.8822388582677165
20
-3.6688901968503935
11
4.8837500787401575
21
-3.6675501574803149
0
LINE
8
BLACK
6
CONTINUOUS
10
4.8837500787401575
20
-3.6675501574803149
11
4.8857691338582674
21
-3.6674949999999997
0
LINE
8
BLACK
6
CONTINUOUS
10
4.8857691338582674
20
-3.6674949999999997
11
4.9251392125984248
21
-3.6806183464566926
0
LINE
8
BLACK
6
CONTINUOUS
10
5.0651392125984254
20
-3.6806183464566926
11
5.066040984251968
21
-3.681106614173228
0
LINE
8
BLACK
6
CONTINUOUS
10
5.066040984251968
20
-3.681106614173228
11
5.0660854724409452
21
-3.6811790551181103
0
LINE
8
BLACK
6
CONTINUOUS
10
5.0660854724409452
20
-3.6811790551181103
11
5.0661645275590548
21
-3.6812103149606297
0
LINE
8
BLACK
6
CONTINUOUS
10
5.0661645275590548
20
-3.6812103149606297
11
5.0666092519685035
21
-3.6820316141732281
0
LINE
8
BLACK
6
CONTINUOUS
10
5.0666092519685035
20
-3.6820316141732281
11
5.0670982677165357
21
-3.6828275984251966
0
LINE
8
BLACK
6
CONTINUOUS
10
5.0670982677165357
20
-3.6828275984251966
11
5.0670857874015747
21
-3.6829116535433069
0
LINE
8
BLACK
6
CONTINUOUS
10
5.0670857874015747
20
-3.6829116535433069
11
5.0671262992125987
21
-3.6829864566929134
0
LINE
8
BLACK
6
CONTINUOUS
10
5.0671262992125987
20
-3.6829864566929134
11
5.0669389763779522
21
-3.6839015748031496
0
LINE
8
BLACK
6
CONTINUOUS
10
5.0669389763779522
20
-3.6839015748031496
11
5.0668020078740152
21
-3.6848255511811021
0
LINE
8
BLACK
6
CONTINUOUS
10
5.0668020078740152
20
-3.6848255511811021
11
5.0667383464566926
21
-3.6848819685039369
0
LINE
8
BLACK
6
CONTINUOUS
10
5.0667383464566926
20
-3.6848819685039369
11
5.0667213385826768
21
-3.6849652362204726
0
LINE
8
BLACK
6
CONTINUOUS
10
5.0667213385826768
20
-3.6849652362204726
11
5.0659896456692914
21
-3.6855458661417324
0
LINE
8
BLACK
6
CONTINUOUS
10
5.0659896456692914
20
-3.6855458661417324
11
5.0652907480314964
21
-3.68616562992126
0
LINE
8
BLACK
6
CONTINUOUS
10
5.0652907480314964
20
-3.68616562992126
11
5.0652057874015748
21
-3.6861679133858267
0
LINE
8
BLACK
6
CONTINUOUS
10
5.0652057874015748
20
-3.6861679133858267
11
5.0651392125984254
21
-3.6862207874015747
0
LINE
8
BLACK
6
CONTINUOUS
10
5.0651392125984254
20
-3.6862207874015747
11
5.025769133858268
21
-3.6993441338582675
0
LINE
8
BLACK
6
CONTINUOUS
10
5.025769133858268
20
-3.6993441338582675
11
5.0247547244094486
21
-3.6994945669291339
0
LINE
8
BLACK
6
CONTINUOUS
10
5.0247547244094486
20
-3.6994945669291339
11
5.0228763385826767
21
-3.6987521653543305
0
LINE
8
BLACK
6
CONTINUOUS
10
5.0228763385826767
20
-3.6987521653543305
11
5.0219145669291336
21
-3.6969760236220472
0
LINE
8
BLACK
6
CONTINUOUS
10
5.0219145669291336
20
-3.6969760236220472
11
5.0223195275590546
21
-3.694997244094488
0
LINE
8
BLACK
6
CONTINUOUS
10
5.0223195275590546
20
-3.694997244094488
11
5.023901653543307
21
-3.6937416929133859
0
LINE
8
BLACK
6
CONTINUOUS
10
5.023901653543307
20
-3.6937416929133859
11
5.0548680314960626
21
-3.6834195669291336
0
LINE
8
BLACK
6
CONTINUOUS
10
5.0548680314960626
20
-3.6834195669291336
11
5.023901653543307
21
-3.6730974409448818
0
LINE
8
BLACK
6
CONTINUOUS
10
5.023901653543307
20
-3.6730974409448818
11
5.0229998818897634
21
-3.6726091338582676
0
LINE
8
BLACK
6
CONTINUOUS
10
5.0229998818897634
20
-3.6726091338582676
11
5.0219425984251966
21
-3.6708881889763778
0
LINE
8
BLACK
6
CONTINUOUS
10
5.0219425984251966
20
-3.6708881889763778
11
5.0222388582677162
21
-3.6688901968503935
0
LINE
8
BLACK
6
CONTINUOUS
10
5.0222388582677162
20
-3.6688901968503935
11
5.0237500787401572
21
-3.6675501574803149
0
LINE
8
BLACK
6
CONTINUOUS
10
5.0237500787401572
20
-3.6675501574803149
11
5.025769133858268
21
-3.6674949999999997
0
LINE
8
BLACK
6
CONTINUOUS
10
5.025769133858268
20
-3.6674949999999997
11
5.0651392125984254
21
-3.6806183464566926
0
LINE
8
BLACK
6
CONTINUOUS
10
5.5656996062992121
20
-3.6480646456692911
11
5.5658348425196849
21
-3.6481781102362203
0
LINE
8
BLACK
6
CONTINUOUS
10
5.5658348425196849
20
-3.6481781102362203
11
5.5660101968503932
21
-3.6481983070866142
0
LINE
8
BLACK
6
CONTINUOUS
10
5.5660101968503932
20
-3.6481983070866142
11
5.5697597244094483
21
-3.6500730708661417
0
LINE
8
BLACK
6
CONTINUOUS
10
5.5697597244094483
20
-3.6500730708661417
11
5.5704687795275589
21
-3.6505989763779527
0
LINE
8
BLACK
6
CONTINUOUS
10
5.5704687795275589
20
-3.6505989763779527
11
5.5705271259842517
21
-3.6506261811023619
0
LINE
8
BLACK
6
CONTINUOUS
10
5.5705271259842517
20
-3.6506261811023619
11
5.5724018897637793
21
-3.6525009448818895
0
LINE
8
BLACK
6
CONTINUOUS
10
5.5724018897637793
20
-3.6525009448818895
11
5.5729081496062989
21
-3.6532240157480316
0
LINE
8
BLACK
6
CONTINUOUS
10
5.5729081496062989
20
-3.6532240157480316
11
5.5729549999999994
21
-3.6532683464566928
0
LINE
8
BLACK
6
CONTINUOUS
10
5.5729549999999994
20
-3.6532683464566928
11
5.574829763779527
21
-3.657017874015748
0
LINE
8
BLACK
6
CONTINUOUS
10
5.574829763779527
20
-3.657017874015748
11
5.574975039370079
21
-3.6575062992125984
0
LINE
8
BLACK
6
CONTINUOUS
10
5.574975039370079
20
-3.6575062992125984
11
5.5750533464566931
21
-3.6576222440944881
0
LINE
8
BLACK
6
CONTINUOUS
10
5.5750533464566931
20
-3.6576222440944881
11
5.5769281102362207
21
-3.6651212992125983
0
LINE
8
BLACK
6
CONTINUOUS
10
5.5769281102362207
20
-3.6651212992125983
11
5.5769695669291339
21
-3.6657091732283464
0
LINE
8
BLACK
6
CONTINUOUS
10
5.5769695669291339
20
-3.6657091732283464
11
5.5770162598425195
21
-3.6658374409448817
0
LINE
8
BLACK
6
CONTINUOUS
10
5.5770162598425195
20
-3.6658374409448817
11
5.5770162598425195
21
-3.6752112598425195
0
LINE
8
BLACK
6
CONTINUOUS
10
5.5770162598425195
20
-3.6752112598425195
11
5.5769138976377954
21
-3.6757916141732281
0
LINE
8
BLACK
6
CONTINUOUS
10
5.5769138976377954
20
-3.6757916141732281
11
5.5769281102362207
21
-3.6759274015748029
0
LINE
8
BLACK
6
CONTINUOUS
10
5.5769281102362207
20
-3.6759274015748029
11
5.5750533464566931
21
-3.6834264566929131
0
LINE
8
BLACK
6
CONTINUOUS
10
5.5750533464566931
20
-3.6834264566929131
11
5.5748457480314961
21
-3.6838918897637796
0
LINE
8
BLACK
6
CONTINUOUS
10
5.5748457480314961
20
-3.6838918897637796
11
5.574829763779527
21
-3.6840308267716533
0
LINE
8
BLACK
6
CONTINUOUS
10
5.574829763779527
20
-3.6840308267716533
11
5.5729549999999994
21
-3.6877803543307084
0
LINE
8
BLACK
6
CONTINUOUS
10
5.5729549999999994
20
-3.6877803543307084
11
5.5724290551181097
21
-3.688489409448819
0
LINE
8
BLACK
6
CONTINUOUS
10
5.5724290551181097
20
-3.688489409448819
11
5.5724018897637793
21
-3.6885477559055118
0
LINE
8
BLACK
6
CONTINUOUS
10
5.5724018897637793
20
-3.6885477559055118
11
5.5705271653543305
21
-3.6904225196850393
0
LINE
8
BLACK
6
CONTINUOUS
10
5.5705271653543305
20
-3.6904225196850393
11
5.569803976377953
21
-3.6909288976377952
0
LINE
8
BLACK
6
CONTINUOUS
10
5.569803976377953
20
-3.6909288976377952
11
5.5697597244094483
21
-3.6909756692913387
0
LINE
8
BLACK
6
CONTINUOUS
10
5.5697597244094483
20
-3.6909756692913387
11
5.5660101968503932
21
-3.6928504330708662
0
LINE
8
BLACK
6
CONTINUOUS
10
5.5660101968503932
20
-3.6928504330708662
11
5.5650272440944883
21
-3.6931427952755906
0
LINE
8
BLACK
6
CONTINUOUS
10
5.5650272440944883
20
-3.6931427952755906
11
5.5648555511811022
21
-3.6931017716535433
0
LINE
8
BLACK
6
CONTINUOUS
10
5.5648555511811022
20
-3.6931017716535433
11
5.5646896850393697
21
-3.6931621653543307
0
LINE
8
BLACK
6
CONTINUOUS
10
5.5646896850393697
20
-3.6931621653543307
11
5.5609401574803146
21
-3.6931621653543307
0
LINE
8
BLACK
6
CONTINUOUS
10
5.5609401574803146
20
-3.6931621653543307
11
5.5599302362204721
21
-3.6929840944881889
0
LINE
8
BLACK
6
CONTINUOUS
10
5.5599302362204721
20
-3.6929840944881889
11
5.5597949606299215
21
-3.6928705905511809
0
LINE
8
BLACK
6
CONTINUOUS
10
5.5597949606299215
20
-3.6928705905511809
11
5.559619645669291
21
-3.6928504330708662
0
LINE
8
BLACK
6
CONTINUOUS
10
5.559619645669291
20
-3.6928504330708662
11
5.5558701181102359
21
-3.6909756692913387
0
LINE
8
BLACK
6
CONTINUOUS
10
5.5558701181102359
20
-3.6909756692913387
11
5.5551609842519687
21
-3.6904496850393702
0
LINE
8
BLACK
6
CONTINUOUS
10
5.5551609842519687
20
-3.6904496850393702
11
5.5551026771653538
21
-3.6904225196850393
0
LINE
8
BLACK
6
CONTINUOUS
10
5.5551026771653538
20
-3.6904225196850393
11
5.5532279133858262
21
-3.688547716535433
0
LINE
8
BLACK
6
CONTINUOUS
10
5.5532279133858262
20
-3.688547716535433
11
5.5527216141732278
21
-3.6878246456692914
0
LINE
8
BLACK
6
CONTINUOUS
10
5.5527216141732278
20
-3.6878246456692914
11
5.5526748425196848
21
-3.6877803543307084
0
LINE
8
BLACK
6
CONTINUOUS
10
5.5526748425196848
20
-3.6877803543307084
11
5.5508000787401572
21
-3.6840308267716533
0
LINE
8
BLACK
6
CONTINUOUS
10
5.5508000787401572
20
-3.6840308267716533
11
5.5506547637795274
21
-3.6835423622047245
0
LINE
8
BLACK
6
CONTINUOUS
10
5.5506547637795274
20
-3.6835423622047245
11
5.550576496062992
21
-3.6834264566929131
0
LINE
8
BLACK
6
CONTINUOUS
10
5.550576496062992
20
-3.6834264566929131
11
5.5487017322834644
21
-3.6759274015748029
0
LINE
8
BLACK
6
CONTINUOUS
10
5.5487017322834644
20
-3.6759274015748029
11
5.5486602362204724
21
-3.6753394881889765
0
LINE
8
BLACK
6
CONTINUOUS
10
5.5486602362204724
20
-3.6753394881889765
11
5.5486135826771656
21
-3.6752112598425195
0
LINE
8
BLACK
6
CONTINUOUS
10
5.5486135826771656
20
-3.6752112598425195
11
5.5486135826771656
21
-3.6658374409448817
0
LINE
8
BLACK
6
CONTINUOUS
10
5.5486135826771656
20
-3.6658374409448817
11
5.5487159055118109
21
-3.6652570472440944
0
LINE
8
BLACK
6
CONTINUOUS
10
5.5487159055118109
20
-3.6652570472440944
11
5.5487017322834644
21
-3.6651212992125983
0
LINE
8
BLACK
6
CONTINUOUS
10
5.5487017322834644
20
-3.6651212992125983
11
5.550576496062992
21
-3.6576222440944881
0
LINE
8
BLACK
6
CONTINUOUS
10
5.550576496062992
20
-3.6576222440944881
11
5.5507840551181102
21
-3.6571567716535434
0
LINE
8
BLACK
6
CONTINUOUS
10
5.5507840551181102
20
-3.6571567716535434
11
5.5508000787401572
21
-3.657017874015748
0
LINE
8
BLACK
6
CONTINUOUS
10
5.5508000787401572
20
-3.657017874015748
11
5.5526748425196848
21
-3.6532683464566928
0
LINE
8
BLACK
6
CONTINUOUS
10
5.5526748425196848
20
-3.6532683464566928
11
5.5532007480314958
21
-3.652559251968504
0
LINE
8
BLACK
6
CONTINUOUS
10
5.5532007480314958
20
-3.652559251968504
11
5.553227952755905
21
-3.6525009448818895
0
LINE
8
BLACK
6
CONTINUOUS
10
5.553227952755905
20
-3.6525009448818895
11
5.5551027165354325
21
-3.6506261811023619
0
LINE
8
BLACK
6
CONTINUOUS
10
5.5551027165354325
20
-3.6506261811023619
11
5.5558257874015746
21
-3.6501198818897636
0
LINE
8
BLACK
6
CONTINUOUS
10
5.5558257874015746
20
-3.6501198818897636
11
5.5558701181102359
21
-3.6500730708661417
0
LINE
8
BLACK
6
CONTINUOUS
10
5.5558701181102359
20
-3.6500730708661417
11
5.559619645669291
21
-3.6481983070866142
0
LINE
8
BLACK
6
CONTINUOUS
10
5.559619645669291
20
-3.6481983070866142
11
5.560602559055118
21
-3.6479059448818898
0
LINE
8
BLACK
6
CONTINUOUS
10
5.560602559055118
20
-3.6479059448818898
11
5.5607742519685042
21
-3.647946929133858
0
LINE
8
BLACK
6
CONTINUOUS
10
5.5607742519685042
20
-3.647946929133858
11
5.5609401574803146
21
-3.6478865748031497
0
LINE
8
BLACK
6
CONTINUOUS
10
5.5609401574803146
20
-3.6478865748031497
11
5.5646896850393697
21
-3.6478865748031497
0
LINE
8
BLACK
6
CONTINUOUS
10
5.5646896850393697
20
-3.6478865748031497
11
5.5656996062992121
21
-3.6480646456692911
0
LINE
8
BLACK
6
CONTINUOUS
10
5.5589397244094485
20
-3.6551408267716536
11
5.5577425984251967
21
-3.6563379527559055
0
LINE
8
BLACK
6
CONTINUOUS
10
5.5577425984251967
20
-3.6563379527559055
11
5.5562270866141734
21
-3.6593689370078741
0
LINE
8
BLACK
6
CONTINUOUS
10
5.5562270866141734
20
-3.6593689370078741
11
5.5545190944881888
21
-3.6662009842519683
0
LINE
8
BLACK
6
CONTINUOUS
10
5.5545190944881888
20
-3.6662009842519683
11
5.5545190944881888
21
-3.674847716535433
0
LINE
8
BLACK
6
CONTINUOUS
10
5.5545190944881888
20
-3.674847716535433
11
5.5562270866141734
21
-3.6816797637795275
0
LINE
8
BLACK
6
CONTINUOUS
10
5.5562270866141734
20
-3.6816797637795275
11
5.5577425984251967
21
-3.6847107480314958
0
LINE
8
BLACK
6
CONTINUOUS
10
5.5577425984251967
20
-3.6847107480314958
11
5.5589397244094485
21
-3.6859079133858268
0
LINE
8
BLACK
6
CONTINUOUS
10
5.5589397244094485
20
-3.6859079133858268
11
5.5616372047244091
21
-3.6872566535433071
0
LINE
8
BLACK
6
CONTINUOUS
10
5.5616372047244091
20
-3.6872566535433071
11
5.5639926377952751
21
-3.6872566535433071
0
LINE
8
BLACK
6
CONTINUOUS
10
5.5639926377952751
20
-3.6872566535433071
11
5.566690078740157
21
-3.6859079133858268
0
LINE
8
BLACK
6
CONTINUOUS
10
5.566690078740157
20
-3.6859079133858268
11
5.5678872047244097
21
-3.6847107480314958
0
LINE
8
BLACK
6
CONTINUOUS
10
5.5678872047244097
20
-3.6847107480314958
11
5.569402716535433
21
-3.6816797637795275
0
LINE
8
BLACK
6
CONTINUOUS
10
5.569402716535433
20
-3.6816797637795275
11
5.5711107480314963
21
-3.674847716535433
0
LINE
8
BLACK
6
CONTINUOUS
10
5.5711107480314963
20
-3.674847716535433
11
5.5711107480314963
21
-3.6662009842519683
0
LINE
8
BLACK
6
CONTINUOUS
10
5.5711107480314963
20
-3.6662009842519683
11
5.569402716535433
21
-3.6593689370078741
0
LINE
8
BLACK
6
CONTINUOUS
10
5.569402716535433
20
-3.6593689370078741
11
5.5678872440944884
21
-3.6563379527559055
0
LINE
8
BLACK
6
CONTINUOUS
10
5.5678872440944884
20
-3.6563379527559055
11
5.5666901181102357
21
-3.6551408267716536
0
LINE
8
BLACK
6
CONTINUOUS
10
5.5666901181102357
20
-3.6551408267716536
11
5.5639926377952751
21
-3.6537920866141733
0
LINE
8
BLACK
6
CONTINUOUS
10
5.5639926377952751
20
-3.6537920866141733
11
5.5616372047244091
21
-3.6537920866141733
0
LINE
8
BLACK
6
CONTINUOUS
10
5.5616372047244091
20
-3.6537920866141733
11
5.5589397244094485
21
-3.6551408267716536
0
LINE
8
BLACK
6
CONTINUOUS
10
5.603194921259842
20
-3.6480646456692911
11
5.6033301574803147
21
-3.6481781102362203
0
LINE
8
BLACK
6
CONTINUOUS
10
5.6033301574803147
20
-3.6481781102362203
11
5.6035055118110231
21
-3.6481983070866142
0
LINE
8
BLACK
6
CONTINUOUS
10
5.6035055118110231
20
-3.6481983070866142
11
5.6072550393700782
21
-3.6500730708661417
0
LINE
8
BLACK
6
CONTINUOUS
10
5.6072550393700782
20
-3.6500730708661417
11
5.6079640944881888
21
-3.6505989763779527
0
LINE
8
BLACK
6
CONTINUOUS
10
5.6079640944881888
20
-3.6505989763779527
11
5.6080224409448816
21
-3.6506261811023619
0
LINE
8
BLACK
6
CONTINUOUS
10
5.6080224409448816
20
-3.6506261811023619
11
5.6098972047244091
21
-3.6525009448818895
0
LINE
8
BLACK
6
CONTINUOUS
10
5.6098972047244091
20
-3.6525009448818895
11
5.6104034645669287
21
-3.6532240157480316
0
LINE
8
BLACK
6
CONTINUOUS
10
5.6104034645669287
20
-3.6532240157480316
11
5.6104503149606302
21
-3.6532683464566928
0
LINE
8
BLACK
6
CONTINUOUS
10
5.6104503149606302
20
-3.6532683464566928
11
5.6123250787401577
21
-3.657017874015748
0
LINE
8
BLACK
6
CONTINUOUS
10
5.6123250787401577
20
-3.657017874015748
11
5.6124703543307088
21
-3.6575062992125984
0
LINE
8
BLACK
6
CONTINUOUS
10
5.6124703543307088
20
-3.6575062992125984
11
5.612548661417323
21
-3.6576222440944881
0
LINE
8
BLACK
6
CONTINUOUS
10
5.612548661417323
20
-3.6576222440944881
11
5.6144234251968506
21
-3.6651212992125983
0
LINE
8
BLACK
6
CONTINUOUS
10
5.6144234251968506
20
-3.6651212992125983
11
5.6144648818897638
21
-3.6657091732283464
0
LINE
8
BLACK
6
CONTINUOUS
10
5.6144648818897638
20
-3.6657091732283464
11
5.6145115748031493
21
-3.6658374409448817
0
LINE
8
BLACK
6
CONTINUOUS
10
5.6145115748031493
20
-3.6658374409448817
11
5.6145115748031493
21
-3.6752112598425195
0
LINE
8
BLACK
6
CONTINUOUS
10
5.6145115748031493
20
-3.6752112598425195
11
5.6144092125984253
21
-3.6757916141732281
0
LINE
8
BLACK
6
CONTINUOUS
10
5.6144092125984253
20
-3.6757916141732281
11
5.6144234251968506
21
-3.6759274015748029
0
LINE
8
BLACK
6
CONTINUOUS
10
5.6144234251968506
20
-3.6759274015748029
11
5.612548661417323
21
-3.6834264566929131
0
LINE
8
BLACK
6
CONTINUOUS
10
5.612548661417323
20
-3.6834264566929131
11
5.612341062992126
21
-3.6838918897637796
0
LINE
8
BLACK
6
CONTINUOUS
10
5.612341062992126
20
-3.6838918897637796
11
5.6123250787401577
21
-3.6840308267716533
0
LINE
8
BLACK
6
CONTINUOUS
10
5.6123250787401577
20
-3.6840308267716533
11
5.6104503149606302
21
-3.6877803543307084
0
LINE
8
BLACK
6
CONTINUOUS
10
5.6104503149606302
20
-3.6877803543307084
11
5.6099243700787405
21
-3.688489409448819
0
LINE
8
BLACK
6
CONTINUOUS
10
5.6099243700787405
20
-3.688489409448819
11
5.6098972047244091
21
-3.6885477559055118
0
LINE
8
BLACK
6
CONTINUOUS
10
5.6098972047244091
20
-3.6885477559055118
11
5.6080224803149603
21
-3.6904225196850393
0
LINE
8
BLACK
6
CONTINUOUS
10
5.6080224803149603
20
-3.6904225196850393
11
5.6072992913385828
21
-3.6909288976377952
0
LINE
8
BLACK
6
CONTINUOUS
10
5.6072992913385828
20
-3.6909288976377952
11
5.6072550393700782
21
-3.6909756692913387
0
LINE
8
BLACK
6
CONTINUOUS
10
5.6072550393700782
20
-3.6909756692913387
11
5.6035055118110231
21
-3.6928504330708662
0
LINE
8
BLACK
6
CONTINUOUS
10
5.6035055118110231
20
-3.6928504330708662
11
5.6025225590551182
21
-3.6931427952755906
0
LINE
8
BLACK
6
CONTINUOUS
10
5.6025225590551182
20
-3.6931427952755906
11
5.6023508661417321
21
-3.6931017716535433
0
LINE
8
BLACK
6
CONTINUOUS
10
5.6023508661417321
20
-3.6931017716535433
11
5.6021849999999995
21
-3.6931621653543307
0
LINE
8
BLACK
6
CONTINUOUS
10
5.6021849999999995
20
-3.6931621653543307
11
5.5984354724409444
21
-3.6931621653543307
0
LINE
8
BLACK
6
CONTINUOUS
10
5.5984354724409444
20
-3.6931621653543307
11
5.597425551181102
21
-3.6929840944881889
0
LINE
8
BLACK
6
CONTINUOUS
10
5.597425551181102
20
-3.6929840944881889
11
5.5972902755905514
21
-3.6928705905511809
0
LINE
8
BLACK
6
CONTINUOUS
10
5.5972902755905514
20
-3.6928705905511809
11
5.5971149606299209
21
-3.6928504330708662
0
LINE
8
BLACK
6
CONTINUOUS
10
5.5971149606299209
20
-3.6928504330708662
11
5.5933654330708658
21
-3.6909756692913387
0
LINE
8
BLACK
6
CONTINUOUS
10
5.5933654330708658
20
-3.6909756692913387
11
5.5926562992125985
21
-3.6904496850393702
0
LINE
8
BLACK
6
CONTINUOUS
10
5.5926562992125985
20
-3.6904496850393702
11
5.5925979921259845
21
-3.6904225196850393
0
LINE
8
BLACK
6
CONTINUOUS
10
5.5925979921259845
20
-3.6904225196850393
11
5.590723228346457
21
-3.688547716535433
0
LINE
8
BLACK
6
CONTINUOUS
10
5.590723228346457
20
-3.688547716535433
11
5.5902169291338577
21
-3.6878246456692914
0
LINE
8
BLACK
6
CONTINUOUS
10
5.5902169291338577
20
-3.6878246456692914
11
5.5901701574803146
21
-3.6877803543307084
0
LINE
8
BLACK
6
CONTINUOUS
10
5.5901701574803146
20
-3.6877803543307084
11
5.5882953937007871
21
-3.6840308267716533
0
LINE
8
BLACK
6
CONTINUOUS
10
5.5882953937007871
20
-3.6840308267716533
11
5.5881500787401572
21
-3.6835423622047245
0
LINE
8
BLACK
6
CONTINUOUS
10
5.5881500787401572
20
-3.6835423622047245
11
5.5880718110236218
21
-3.6834264566929131
0
LINE
8
BLACK
6
CONTINUOUS
10
5.5880718110236218
20
-3.6834264566929131
11
5.5861970472440943
21
-3.6759274015748029
0
LINE
8
BLACK
6
CONTINUOUS
10
5.5861970472440943
20
-3.6759274015748029
11
5.5861555511811023
21
-3.6753394881889765
0
LINE
8
BLACK
6
CONTINUOUS
10
5.5861555511811023
20
-3.6753394881889765
11
5.5861088976377955
21
-3.6752112598425195
0
LINE
8
BLACK
6
CONTINUOUS
10
5.5861088976377955
20
-3.6752112598425195
11
5.5861088976377955
21
-3.6658374409448817
0
LINE
8
BLACK
6
CONTINUOUS
10
5.5861088976377955
20
-3.6658374409448817
11
5.5862112204724408
21
-3.6652570472440944
0
LINE
8
BLACK
6
CONTINUOUS
10
5.5862112204724408
20
-3.6652570472440944
11
5.5861970472440943
21
-3.6651212992125983
0
LINE
8
BLACK
6
CONTINUOUS
10
5.5861970472440943
20
-3.6651212992125983
11
5.5880718110236218
21
-3.6576222440944881
0
LINE
8
BLACK
6
CONTINUOUS
10
5.5880718110236218
20
-3.6576222440944881
11
5.5882793700787401
21
-3.6571567716535434
0
LINE
8
BLACK
6
CONTINUOUS
10
5.5882793700787401
20
-3.6571567716535434
11
5.5882953937007871
21
-3.657017874015748
0
LINE
8
BLACK
6
CONTINUOUS
10
5.5882953937007871
20
-3.657017874015748
11
5.5901701574803146
21
-3.6532683464566928
0
LINE
8
BLACK
6
CONTINUOUS
10
5.5901701574803146
20
-3.6532683464566928
11
5.5906960629921256
21
-3.652559251968504
0
LINE
8
BLACK
6
CONTINUOUS
10
5.5906960629921256
20
-3.652559251968504
11
5.5907232677165357
21
-3.6525009448818895
0
LINE
8
BLACK
6
CONTINUOUS
10
5.5907232677165357
20
-3.6525009448818895
11
5.5925980314960633
21
-3.6506261811023619
0
LINE
8
BLACK
6
CONTINUOUS
10
5.5925980314960633
20
-3.6506261811023619
11
5.5933211023622045
21
-3.6501198818897636
0
LINE
8
BLACK
6
CONTINUOUS
10
5.5933211023622045
20
-3.6501198818897636
11
5.5933654330708658
21
-3.6500730708661417
0
LINE
8
BLACK
6
CONTINUOUS
10
5.5933654330708658
20
-3.6500730708661417
11
5.5971149606299209
21
-3.6481983070866142
0
LINE
8
BLACK
6
CONTINUOUS
10
5.5971149606299209
20
-3.6481983070866142
11
5.5980978740157479
21
-3.6479059448818898
0
LINE
8
BLACK
6
CONTINUOUS
10
5.5980978740157479
20
-3.6479059448818898
11
5.598269566929134
21
-3.647946929133858
0
LINE
8
BLACK
6
CONTINUOUS
10
5.598269566929134
20
-3.647946929133858
11
5.5984354724409444
21
-3.6478865748031497
0
LINE
8
BLACK
6
CONTINUOUS
10
5.5984354724409444
20
-3.6478865748031497
11
5.6021849999999995
21
-3.6478865748031497
0
LINE
8
BLACK
6
CONTINUOUS
10
5.6021849999999995
20
-3.6478865748031497
11
5.603194921259842
21
-3.6480646456692911
0
LINE
8
BLACK
6
CONTINUOUS
10
5.5964350393700784
20
-3.6551408267716536
11
5.5952379133858265
21
-3.6563379527559055
0
LINE
8
BLACK
6
CONTINUOUS
10
5.5952379133858265
20
-3.6563379527559055
11
5.5937224015748033
21
-3.6593689370078741
0
LINE
8
BLACK
6
CONTINUOUS
10
5.5937224015748033
20
-3.6593689370078741
11
5.5920144094488187
21
-3.6662009842519683
0
LINE
8
BLACK
6
CONTINUOUS
10
5.5920144094488187
20
-3.6662009842519683
11
5.5920144094488187
21
-3.674847716535433
0
LINE
8
BLACK
6
CONTINUOUS
10
5.5920144094488187
20
-3.674847716535433
11
5.5937224015748033
21
-3.6816797637795275
0
LINE
8
BLACK
6
CONTINUOUS
10
5.5937224015748033
20
-3.6816797637795275
11
5.5952379133858265
21
-3.6847107480314958
0
LINE
8
BLACK
6
CONTINUOUS
10
5.5952379133858265
20
-3.6847107480314958
11
5.5964350393700784
21
-3.6859079133858268
0
LINE
8
BLACK
6
CONTINUOUS
10
5.5964350393700784
20
-3.6859079133858268
11
5.599132519685039
21
-3.6872566535433071
0
LINE
8
BLACK
6
CONTINUOUS
10
5.599132519685039
20
-3.6872566535433071
11
5.6014879527559049
21
-3.6872566535433071
0
LINE
8
BLACK
6
CONTINUOUS
10
5.6014879527559049
20
-3.6872566535433071
11
5.6041853937007868
21
-3.6859079133858268
0
LINE
8
BLACK
6
CONTINUOUS
10
5.6041853937007868
20
-3.6859079133858268
11
5.6053825196850395
21
-3.6847107480314958
0
LINE
8
BLACK
6
CONTINUOUS
10
5.6053825196850395
20
-3.6847107480314958
11
5.6068980314960628
21
-3.6816797637795275
0
LINE
8
BLACK
6
CONTINUOUS
10
5.6068980314960628
20
-3.6816797637795275
11
5.6086060629921262
21
-3.674847716535433
0
LINE
8
BLACK
6
CONTINUOUS
10
5.6086060629921262
20
-3.674847716535433
11
5.6086060629921262
21
-3.6662009842519683
0
LINE
8
BLACK
6
CONTINUOUS
10
5.6086060629921262
20
-3.6662009842519683
11
5.6068980314960628
21
-3.6593689370078741
0
LINE
8
BLACK
6
CONTINUOUS
10
5.6068980314960628
20
-3.6593689370078741
11
5.6053825590551183
21
-3.6563379527559055
0
LINE
8
BLACK
6
CONTINUOUS
10
5.6053825590551183
20
-3.6563379527559055
11
5.6041854330708656
21
-3.6551408267716536
0
LINE
8
BLACK
6
CONTINUOUS
10
5.6041854330708656
20
-3.6551408267716536
11
5.6014879527559049
21
-3.6537920866141733
0
LINE
8
BLACK
6
CONTINUOUS
10
5.6014879527559049
20
-3.6537920866141733
11
5.599132519685039
21
-3.6537920866141733
0
LINE
8
BLACK
6
CONTINUOUS
10
5.599132519685039
20
-3.6537920866141733
11
5.5964350393700784
21
-3.6551408267716536
0
LINE
8
BLACK
6
CONTINUOUS
10
5.6384653543307088
20
-3.6480162992125984
11
5.6386347637795273
21
-3.6480053937007875
0
LINE
8
BLACK
6
CONTINUOUS
10
5.6386347637795273
20
-3.6480053937007875
11
5.6393253543307083
21
-3.6485128346456692
0
LINE
8
BLACK
6
CONTINUOUS
10
5.6393253543307083
20
-3.6485128346456692
11
5.6400674803149604
21
-3.6489413385826772
0
LINE
8
BLACK
6
CONTINUOUS
10
5.6400674803149604
20
-3.6489413385826772
11
5.6401255118110232
21
-3.6491008267716536
0
LINE
8
BLACK
6
CONTINUOUS
10
5.6401255118110232
20
-3.6491008267716536
11
5.6402624015748026
21
-3.6492014173228347
0
LINE
8
BLACK
6
CONTINUOUS
10
5.6402624015748026
20
-3.6492014173228347
11
5.6438497244094483
21
-3.6545824409448819
0
LINE
8
BLACK
6
CONTINUOUS
10
5.6438497244094483
20
-3.6545824409448819
11
5.6470537007874011
21
-3.6577864173228347
0
LINE
8
BLACK
6
CONTINUOUS
10
5.6470537007874011
20
-3.6577864173228347
11
5.6503746456692916
21
-3.6594468897637795
0
LINE
8
BLACK
6
CONTINUOUS
10
5.6503746456692916
20
-3.6594468897637795
11
5.6511983070866139
21
-3.6600577952755904
0
LINE
8
BLACK
6
CONTINUOUS
10
5.6511983070866139
20
-3.6600577952755904
11
5.6520015748031494
21
-3.6619109842519686
0
LINE
8
BLACK
6
CONTINUOUS
10
5.6520015748031494
20
-3.6619109842519686
11
5.6514257086614172
21
-3.6638470078740157
0
LINE
8
BLACK
6
CONTINUOUS
10
5.6514257086614172
20
-3.6638470078740157
11
5.6497401574803146
21
-3.6649598425196848
0
LINE
8
BLACK
6
CONTINUOUS
10
5.6497401574803146
20
-3.6649598425196848
11
5.6477336220472436
21
-3.6647289370078737
0
LINE
8
BLACK
6
CONTINUOUS
10
5.6477336220472436
20
-3.6647289370078737
11
5.6439840944881885
21
-3.6628541732283462
0
LINE
8
BLACK
6
CONTINUOUS
10
5.6439840944881885
20
-3.6628541732283462
11
5.643275
21
-3.6623282283464564
0
LINE
8
BLACK
6
CONTINUOUS
10
5.643275
20
-3.6623282283464564
11
5.643216692913386
21
-3.662301062992126
0
LINE
8
BLACK
6
CONTINUOUS
10
5.643216692913386
20
-3.662301062992126
11
5.6407583070866139
21
-3.6598426771653543
0
LINE
8
BLACK
6
CONTINUOUS
10
5.6407583070866139
20
-3.6598426771653543
11
5.6407583070866139
21
-3.6872566535433071
0
LINE
8
BLACK
6
CONTINUOUS
10
5.6407583070866139
20
-3.6872566535433071
11
5.6490541338582672
21
-3.6872566535433071
0
LINE
8
BLACK
6
CONTINUOUS
10
5.6490541338582672
20
-3.6872566535433071
11
5.6500640551181105
21
-3.6874347244094485
0
LINE
8
BLACK
6
CONTINUOUS
10
5.6500640551181105
20
-3.6874347244094485
11
5.6516112992125986
21
-3.6887330314960627
0
LINE
8
BLACK
6
CONTINUOUS
10
5.6516112992125986
20
-3.6887330314960627
11
5.6519620472440941
21
-3.6907221653543307
0
LINE
8
BLACK
6
CONTINUOUS
10
5.6519620472440941
20
-3.6907221653543307
11
5.6509521259842517
21
-3.6924713385826773
0
LINE
8
BLACK
6
CONTINUOUS
10
5.6509521259842517
20
-3.6924713385826773
11
5.6490541338582672
21
-3.6931621653543307
0
LINE
8
BLACK
6
CONTINUOUS
10
5.6490541338582672
20
-3.6931621653543307
11
5.6265569685039365
21
-3.6931621653543307
0
LINE
8
BLACK
6
CONTINUOUS
10
5.6265569685039365
20
-3.6931621653543307
11
5.625547047244094
21
-3.6929840944881889
0
LINE
8
BLACK
6
CONTINUOUS
10
5.625547047244094
20
-3.6929840944881889
11
5.6239998031496059
21
-3.6916857874015747
0
LINE
8
BLACK
6
CONTINUOUS
10
5.6239998031496059
20
-3.6916857874015747
11
5.6236490551181104
21
-3.6896966535433071
0
LINE
8
BLACK
6
CONTINUOUS
10
5.6236490551181104
20
-3.6896966535433071
11
5.6246589763779529
21
-3.6879474803149606
0
LINE
8
BLACK
6
CONTINUOUS
10
5.6246589763779529
20
-3.6879474803149606
11
5.6265569685039365
21
-3.6872566535433071
0
LINE
8
BLACK
6
CONTINUOUS
10
5.6265569685039365
20
-3.6872566535433071
11
5.6348527952755907
21
-3.6872566535433071
0
LINE
8
BLACK
6
CONTINUOUS
10
5.6348527952755907
20
-3.6872566535433071
11
5.6348527952755907
21
-3.6508393307086613
0
LINE
8
BLACK
6
CONTINUOUS
10
5.6348527952755907
20
-3.6508393307086613
11
5.6350308661417321
21
-3.6498294094488188
0
LINE
8
BLACK
6
CONTINUOUS
10
5.6350308661417321
20
-3.6498294094488188
11
5.6351399606299211
21
-3.6496993307086614
0
LINE
8
BLACK
6
CONTINUOUS
10
5.6351399606299211
20
-3.6496993307086614
11
5.6351586614173224
21
-3.6495305905511812
0
LINE
8
BLACK
6
CONTINUOUS
10
5.6351586614173224
20
-3.6495305905511812
11
5.6357782677165353
21
-3.6489386614173229
0
LINE
8
BLACK
6
CONTINUOUS
10
5.6357782677165353
20
-3.6489386614173229
11
5.6363291732283463
21
-3.6482821653543307
0
LINE
8
BLACK
6
CONTINUOUS
10
5.6363291732283463
20
-3.6482821653543307
11
5.6364963779527555
21
-3.6482526771653543
0
LINE
8
BLACK
6
CONTINUOUS
10
5.6364963779527555
20
-3.6482526771653543
11
5.6366191732283459
21
-3.6481353937007874
0
LINE
8
BLACK
6
CONTINUOUS
10
5.6366191732283459
20
-3.6481353937007874
11
5.6374742913385827
21
-3.6480802362204723
0
LINE
8
BLACK
6
CONTINUOUS
10
5.6374742913385827
20
-3.6480802362204723
11
5.6383183070866139
21
-3.6479314173228348
0
LINE
8
BLACK
6
CONTINUOUS
10
5.6383183070866139
20
-3.6479314173228348
11
5.6384653543307088
21
-3.6480162992125984
0
LINE
8
BLACK
6
CONTINUOUS
10
5.5300790551181098
20
-3.661187992125984
11
5.5302142913385826
21
-3.6613014566929132
0
LINE
8
BLACK
6
CONTINUOUS
10
5.5302142913385826
20
-3.6613014566929132
11
5.5303896456692909
21
-3.6613216535433071
0
LINE
8
BLACK
6
CONTINUOUS
10
5.5303896456692909
20
-3.6613216535433071
11
5.5324309448818898
21
-3.6623422834645667
0
LINE
8
BLACK
6
CONTINUOUS
10
5.5324309448818898
20
-3.6623422834645667
11
5.5332170472440945
21
-3.6614055118110236
0
LINE
8
BLACK
6
CONTINUOUS
10
5.5332170472440945
20
-3.6614055118110236
11
5.5352061811023621
21
-3.6610547637795277
0
LINE
8
BLACK
6
CONTINUOUS
10
5.5352061811023621
20
-3.6610547637795277
11
5.5369553543307086
21
-3.6620646850393701
0
LINE
8
BLACK
6
CONTINUOUS
10
5.5369553543307086
20
-3.6620646850393701
11
5.5376461811023621
21
-3.6639626771653542
0
LINE
8
BLACK
6
CONTINUOUS
10
5.5376461811023621
20
-3.6639626771653542
11
5.5376461811023621
21
-3.6902094094488187
0
LINE
8
BLACK
6
CONTINUOUS
10
5.5376461811023621
20
-3.6902094094488187
11
5.5374681102362207
21
-3.6912193307086612
0
LINE
8
BLACK
6
CONTINUOUS
10
5.5374681102362207
20
-3.6912193307086612
11
5.5361698031496065
21
-3.6927665748031497
0
LINE
8
BLACK
6
CONTINUOUS
10
5.5361698031496065
20
-3.6927665748031497
11
5.5341806692913389
21
-3.6931173228346457
0
LINE
8
BLACK
6
CONTINUOUS
10
5.5341806692913389
20
-3.6931173228346457
11
5.5324314960629923
21
-3.6921074015748032
0
LINE
8
BLACK
6
CONTINUOUS
10
5.5324314960629923
20
-3.6921074015748032
11
5.5317406692913389
21
-3.6902094094488187
0
LINE
8
BLACK
6
CONTINUOUS
10
5.5317406692913389
20
-3.6902094094488187
11
5.5317406692913389
21
-3.6689352755905511
0
LINE
8
BLACK
6
CONTINUOUS
10
5.5317406692913389
20
-3.6689352755905511
11
5.5310695669291334
21
-3.6682641732283465
0
LINE
8
BLACK
6
CONTINUOUS
10
5.5310695669291334
20
-3.6682641732283465
11
5.5283720866141728
21
-3.6669154330708662
0
LINE
8
BLACK
6
CONTINUOUS
10
5.5283720866141728
20
-3.6669154330708662
11
5.5241418897637793
21
-3.6669154330708662
0
LINE
8
BLACK
6
CONTINUOUS
10
5.5241418897637793
20
-3.6669154330708662
11
5.5218961417322836
21
-3.6680382677165353
0
LINE
8
BLACK
6
CONTINUOUS
10
5.5218961417322836
20
-3.6680382677165353
11
5.5207733070866141
21
-3.6702840157480314
0
LINE
8
BLACK
6
CONTINUOUS
10
5.5207733070866141
20
-3.6702840157480314
11
5.5207733070866141
21
-3.6902094094488187
0
LINE
8
BLACK
6
CONTINUOUS
10
5.5207733070866141
20
-3.6902094094488187
11
5.5205952362204727
21
-3.6912193307086612
0
LINE
8
BLACK
6
CONTINUOUS
10
5.5205952362204727
20
-3.6912193307086612
11
5.5192969291338585
21
-3.6927665748031497
0
LINE
8
BLACK
6
CONTINUOUS
10
5.5192969291338585
20
-3.6927665748031497
11
5.51730779527559
21
-3.6931173228346457
0
LINE
8
BLACK
6
CONTINUOUS
10
5.51730779527559
20
-3.6931173228346457
11
5.5155586220472443
21
-3.6921074015748032
0
LINE
8
BLACK
6
CONTINUOUS
10
5.5155586220472443
20
-3.6921074015748032
11
5.51486779527559
21
-3.6902094094488187
0
LINE
8
BLACK
6
CONTINUOUS
10
5.51486779527559
20
-3.6902094094488187
11
5.51486779527559
21
-3.6695869685039368
0
LINE
8
BLACK
6
CONTINUOUS
10
5.51486779527559
20
-3.6695869685039368
11
5.5150458661417323
21
-3.6685770472440944
0
LINE
8
BLACK
6
CONTINUOUS
10
5.5150458661417323
20
-3.6685770472440944
11
5.515159330708661
21
-3.6684417716535433
0
LINE
8
BLACK
6
CONTINUOUS
10
5.515159330708661
20
-3.6684417716535433
11
5.5151795275590549
21
-3.6682664566929133
0
LINE
8
BLACK
6
CONTINUOUS
10
5.5151795275590549
20
-3.6682664566929133
11
5.5170542913385825
21
-3.6645169291338582
0
LINE
8
BLACK
6
CONTINUOUS
10
5.5170542913385825
20
-3.6645169291338582
11
5.5176651968503938
21
-3.6636932677165355
0
LINE
8
BLACK
6
CONTINUOUS
10
5.5176651968503938
20
-3.6636932677165355
11
5.5180708661417324
21
-3.6635174015748029
0
LINE
8
BLACK
6
CONTINUOUS
10
5.5180708661417324
20
-3.6635174015748029
11
5.518374803149606
21
-3.6631964173228346
0
LINE
8
BLACK
6
CONTINUOUS
10
5.518374803149606
20
-3.6631964173228346
11
5.5221243307086612
21
-3.6613216535433071
0
LINE
8
BLACK
6
CONTINUOUS
10
5.5221243307086612
20
-3.6613216535433071
11
5.5231072440944882
21
-3.6610292913385827
0
LINE
8
BLACK
6
CONTINUOUS
10
5.5231072440944882
20
-3.6610292913385827
11
5.5232789370078743
21
-3.6610702755905513
0
LINE
8
BLACK
6
CONTINUOUS
10
5.5232789370078743
20
-3.6610702755905513
11
5.5234448425196847
21
-3.6610099212598426
0
LINE
8
BLACK
6
CONTINUOUS
10
5.5234448425196847
20
-3.6610099212598426
11
5.5290691338582674
21
-3.6610099212598426
0
LINE
8
BLACK
6
CONTINUOUS
10
5.5290691338582674
20
-3.6610099212598426
11
5.5300790551181098
21
-3.661187992125984
0
LINE
8
BLACK
6
CONTINUOUS
10
4.7851392125984251
20
-3.6618707086614171
11
4.7860409842519687
21
-3.6623589763779525
0
LINE
8
BLACK
6
CONTINUOUS
10
4.7860409842519687
20
-3.6623589763779525
11
4.786085472440945
21
-3.6624314173228347
0
LINE
8
BLACK
6
CONTINUOUS
10
4.786085472440945
20
-3.6624314173228347
11
4.7861645275590554
21
-3.6624626771653541
0
LINE
8
BLACK
6
CONTINUOUS
10
4.7861645275590554
20
-3.6624626771653541
11
4.7866092519685042
21
-3.6632839763779526
0
LINE
8
BLACK
6
CONTINUOUS
10
4.7866092519685042
20
-3.6632839763779526
11
4.7870982677165355
21
-3.664079960629921
0
LINE
8
BLACK
6
CONTINUOUS
10
4.7870982677165355
20
-3.664079960629921
11
4.7870857874015744
21
-3.6641640157480313
0
LINE
8
BLACK
6
CONTINUOUS
10
4.7870857874015744
20
-3.6641640157480313
11
4.7871262992125985
21
-3.6642388188976378
0
LINE
8
BLACK
6
CONTINUOUS
10
4.7871262992125985
20
-3.6642388188976378
11
4.7869389763779528
21
-3.6651539370078741
0
LINE
8
BLACK
6
CONTINUOUS
10
4.7869389763779528
20
-3.6651539370078741
11
4.7868020078740159
21
-3.6660779133858266
0
LINE
8
BLACK
6
CONTINUOUS
10
4.7868020078740159
20
-3.6660779133858266
11
4.7867383464566924
21
-3.6661343307086613
0
LINE
8
BLACK
6
CONTINUOUS
10
4.7867383464566924
20
-3.6661343307086613
11
4.7867213385826775
21
-3.6662175984251966
0
LINE
8
BLACK
6
CONTINUOUS
10
4.7867213385826775
20
-3.6662175984251966
11
4.7859896456692912
21
-3.6667982283464564
0
LINE
8
BLACK
6
CONTINUOUS
10
4.7859896456692912
20
-3.6667982283464564
11
4.7852907480314961
21
-3.667417992125984
0
LINE
8
BLACK
6
CONTINUOUS
10
4.7852907480314961
20
-3.667417992125984
11
4.7852057874015745
21
-3.6674202755905512
0
LINE
8
BLACK
6
CONTINUOUS
10
4.7852057874015745
20
-3.6674202755905512
11
4.7851392125984251
21
-3.6674731496062991
0
LINE
8
BLACK
6
CONTINUOUS
10
4.7851392125984251
20
-3.6674731496062991
11
4.7457691338582677
21
-3.680596496062992
0
LINE
8
BLACK
6
CONTINUOUS
10
4.7457691338582677
20
-3.680596496062992
11
4.7447547244094483
21
-3.6807469291338584
0
LINE
8
BLACK
6
CONTINUOUS
10
4.7447547244094483
20
-3.6807469291338584
11
4.7428763385826773
21
-3.6800045275590549
0
LINE
8
BLACK
6
CONTINUOUS
10
4.7428763385826773
20
-3.6800045275590549
11
4.7419145669291334
21
-3.6782283858267717
0
LINE
8
BLACK
6
CONTINUOUS
10
4.7419145669291334
20
-3.6782283858267717
11
4.7423195275590553
21
-3.6762496062992125
0
LINE
8
BLACK
6
CONTINUOUS
10
4.7423195275590553
20
-3.6762496062992125
11
4.7439016535433067
21
-3.6749940551181099
0
LINE
8
BLACK
6
CONTINUOUS
10
4.7439016535433067
20
-3.6749940551181099
11
4.7748680314960632
21
-3.6646719291338581
0
LINE
8
BLACK
6
CONTINUOUS
10
4.7748680314960632
20
-3.6646719291338581
11
4.7439016535433067
21
-3.6543498031496062
0
LINE
8
BLACK
6
CONTINUOUS
10
4.7439016535433067
20
-3.6543498031496062
11
4.7429998818897641
21
-3.653861496062992
0
LINE
8
BLACK
6
CONTINUOUS
10
4.7429998818897641
20
-3.653861496062992
11
4.7419425984251964
21
-3.6521405511811023
0
LINE
8
BLACK
6
CONTINUOUS
10
4.7419425984251964
20
-3.6521405511811023
11
4.7422388582677169
21
-3.650142559055118
0
LINE
8
BLACK
6
CONTINUOUS
10
4.7422388582677169
20
-3.650142559055118
11
4.743750078740157
21
-3.6488025196850393
0
LINE
8
BLACK
6
CONTINUOUS
10
4.743750078740157
20
-3.6488025196850393
11
4.7457691338582677
21
-3.6487473622047242
0
LINE
8
BLACK
6
CONTINUOUS
10
4.7457691338582677
20
-3.6487473622047242
11
4.7851392125984251
21
-3.6618707086614171
0
LINE
8
BLACK
6
CONTINUOUS
10
5.205139212598425
20
-3.6618707086614171
11
5.2060409842519686
21
-3.6623589763779525
0
LINE
8
BLACK
6
CONTINUOUS
10
5.2060409842519686
20
-3.6623589763779525
11
5.2060854724409449
21
-3.6624314173228347
0
LINE
8
BLACK
6
CONTINUOUS
10
5.2060854724409449
20
-3.6624314173228347
11
5.2061645275590553
21
-3.6624626771653541
0
LINE
8
BLACK
6
CONTINUOUS
10
5.2061645275590553
20
-3.6624626771653541
11
5.2066092519685041
21
-3.6632839763779526
0
LINE
8
BLACK
6
CONTINUOUS
10
5.2066092519685041
20
-3.6632839763779526
11
5.2070982677165354
21
-3.664079960629921
0
LINE
8
BLACK
6
CONTINUOUS
10
5.2070982677165354
20
-3.664079960629921
11
5.2070857874015744
21
-3.6641640157480313
0
LINE
8
BLACK
6
CONTINUOUS
10
5.2070857874015744
20
-3.6641640157480313
11
5.2071262992125984
21
-3.6642388188976378
0
LINE
8
BLACK
6
CONTINUOUS
10
5.2071262992125984
20
-3.6642388188976378
11
5.2069389763779528
21
-3.6651539370078741
0
LINE
8
BLACK
6
CONTINUOUS
10
5.2069389763779528
20
-3.6651539370078741
11
5.2068020078740158
21
-3.6660779133858266
0
LINE
8
BLACK
6
CONTINUOUS
10
5.2068020078740158
20
-3.6660779133858266
11
5.2067383464566932
21
-3.6661343307086613
0
LINE
8
BLACK
6
CONTINUOUS
10
5.2067383464566932
20
-3.6661343307086613
11
5.2067213385826774
21
-3.6662175984251966
0
LINE
8
BLACK
6
CONTINUOUS
10
5.2067213385826774
20
-3.6662175984251966
11
5.2059896456692911
21
-3.6667982283464564
0
LINE
8
BLACK
6
CONTINUOUS
10
5.2059896456692911
20
-3.6667982283464564
11
5.2052907480314961
21
-3.667417992125984
0
LINE
8
BLACK
6
CONTINUOUS
10
5.2052907480314961
20
-3.667417992125984
11
5.2052057874015745
21
-3.6674202755905512
0
LINE
8
BLACK
6
CONTINUOUS
10
5.2052057874015745
20
-3.6674202755905512
11
5.205139212598425
21
-3.6674731496062991
0
LINE
8
BLACK
6
CONTINUOUS
10
5.205139212598425
20
-3.6674731496062991
11
5.1657691338582676
21
-3.680596496062992
0
LINE
8
BLACK
6
CONTINUOUS
10
5.1657691338582676
20
-3.680596496062992
11
5.1647547244094483
21
-3.6807469291338584
0
LINE
8
BLACK
6
CONTINUOUS
10
5.1647547244094483
20
-3.6807469291338584
11
5.1628763385826772
21
-3.6800045275590549
0
LINE
8
BLACK
6
CONTINUOUS
10
5.1628763385826772
20
-3.6800045275590549
11
5.1619145669291333
21
-3.6782283858267717
0
LINE
8
BLACK
6
CONTINUOUS
10
5.1619145669291333
20
-3.6782283858267717
11
5.1623195275590552
21
-3.6762496062992125
0
LINE
8
BLACK
6
CONTINUOUS
10
5.1623195275590552
20
-3.6762496062992125
11
5.1639016535433067
21
-3.6749940551181099
0
LINE
8
BLACK
6
CONTINUOUS
10
5.1639016535433067
20
-3.6749940551181099
11
5.1948680314960631
21
-3.6646719291338581
0
LINE
8
BLACK
6
CONTINUOUS
10
5.1948680314960631
20
-3.6646719291338581
11
5.1639016535433067
21
-3.6543498031496062
0
LINE
8
BLACK
6
CONTINUOUS
10
5.1639016535433067
20
-3.6543498031496062
11
5.162999881889764
21
-3.653861496062992
0
LINE
8
BLACK
6
CONTINUOUS
10
5.162999881889764
20
-3.653861496062992
11
5.1619425984251963
21
-3.6521405511811023
0
LINE
8
BLACK
6
CONTINUOUS
10
5.1619425984251963
20
-3.6521405511811023
11
5.1622388582677168
21
-3.650142559055118
0
LINE
8
BLACK
6
CONTINUOUS
10
5.1622388582677168
20
-3.650142559055118
11
5.1637500787401578
21
-3.6488025196850393
0
LINE
8
BLACK
6
CONTINUOUS
10
5.1637500787401578
20
-3.6488025196850393
11
5.1657691338582676
21
-3.6487473622047242
0
LINE
8
BLACK
6
CONTINUOUS
10
5.1657691338582676
20
-3.6487473622047242
11
5.205139212598425
21
-3.6618707086614171
0
LINE
8
BLACK
6
CONTINUOUS
10
5.3656735039370078
20
-3.6423164173228346
11
5.3658092913385822
21
-3.6423022440944881
0
LINE
8
BLACK
6
CONTINUOUS
10
5.3658092913385822
20
-3.6423022440944881
11
5.3733083464566924
21
-3.6441770078740157
0
LINE
8
BLACK
6
CONTINUOUS
10
5.3733083464566924
20
-3.6441770078740157
11
5.3737737795275589
21
-3.6443845669291339
0
LINE
8
BLACK
6
CONTINUOUS
10
5.3737737795275589
20
-3.6443845669291339
11
5.3739127165354326
21
-3.6444005905511809
0
LINE
8
BLACK
6
CONTINUOUS
10
5.3739127165354326
20
-3.6444005905511809
11
5.3776622440944877
21
-3.6462753543307085
0
LINE
8
BLACK
6
CONTINUOUS
10
5.3776622440944877
20
-3.6462753543307085
11
5.3783712204724408
21
-3.646801181102362
0
LINE
8
BLACK
6
CONTINUOUS
10
5.3783712204724408
20
-3.646801181102362
11
5.3784296062992123
21
-3.6468284251968504
0
LINE
8
BLACK
6
CONTINUOUS
10
5.3784296062992123
20
-3.6468284251968504
11
5.3803044094488186
21
-3.6487031889763779
0
LINE
8
BLACK
6
CONTINUOUS
10
5.3803044094488186
20
-3.6487031889763779
11
5.3808107874015745
21
-3.6494263385826771
0
LINE
8
BLACK
6
CONTINUOUS
10
5.3808107874015745
20
-3.6494263385826771
11
5.3808575590551184
21
-3.6494706299212596
0
LINE
8
BLACK
6
CONTINUOUS
10
5.3808575590551184
20
-3.6494706299212596
11
5.382732322834646
21
-3.6532201574803147
0
LINE
8
BLACK
6
CONTINUOUS
10
5.382732322834646
20
-3.6532201574803147
11
5.3830246850393699
21
-3.6542030708661417
0
LINE
8
BLACK
6
CONTINUOUS
10
5.3830246850393699
20
-3.6542030708661417
11
5.382983661417323
21
-3.6543747637795274
0
LINE
8
BLACK
6
CONTINUOUS
10
5.382983661417323
20
-3.6543747637795274
11
5.38304405511811
21
-3.6545406692913387
0
LINE
8
BLACK
6
CONTINUOUS
10
5.38304405511811
20
-3.6545406692913387
11
5.38304405511811
21
-3.6582901968503938
0
LINE
8
BLACK
6
CONTINUOUS
10
5.38304405511811
20
-3.6582901968503938
11
5.3828659842519686
21
-3.6593001181102363
0
LINE
8
BLACK
6
CONTINUOUS
10
5.3828659842519686
20
-3.6593001181102363
11
5.3827524803149602
21
-3.6594353543307085
0
LINE
8
BLACK
6
CONTINUOUS
10
5.3827524803149602
20
-3.6594353543307085
11
5.382732322834646
21
-3.6596107086614174
0
LINE
8
BLACK
6
CONTINUOUS
10
5.382732322834646
20
-3.6596107086614174
11
5.3808575590551184
21
-3.6633602362204725
0
LINE
8
BLACK
6
CONTINUOUS
10
5.3808575590551184
20
-3.6633602362204725
11
5.3803315748031491
21
-3.6640693307086614
0
LINE
8
BLACK
6
CONTINUOUS
10
5.3803315748031491
20
-3.6640693307086614
11
5.3803044094488186
21
-3.6641276771653541
0
LINE
8
BLACK
6
CONTINUOUS
10
5.3803044094488186
20
-3.6641276771653541
11
5.3784296062992123
21
-3.6660024409448817
0
LINE
8
BLACK
6
CONTINUOUS
10
5.3784296062992123
20
-3.6660024409448817
11
5.3777065354330711
21
-3.6665087007874013
0
LINE
8
BLACK
6
CONTINUOUS
10
5.3777065354330711
20
-3.6665087007874013
11
5.3776622440944877
21
-3.6665555118110236
0
LINE
8
BLACK
6
CONTINUOUS
10
5.3776622440944877
20
-3.6665555118110236
11
5.3739127165354326
21
-3.6684302755905511
0
LINE
8
BLACK
6
CONTINUOUS
10
5.3739127165354326
20
-3.6684302755905511
11
5.3734242519685038
21
-3.6685755511811022
0
LINE
8
BLACK
6
CONTINUOUS
10
5.3734242519685038
20
-3.6685755511811022
11
5.3733083464566924
21
-3.6686538582677164
0
LINE
8
BLACK
6
CONTINUOUS
10
5.3733083464566924
20
-3.6686538582677164
11
5.3658092913385822
21
-3.6705286220472439
0
LINE
8
BLACK
6
CONTINUOUS
10
5.3658092913385822
20
-3.6705286220472439
11
5.3652213779527562
21
-3.6705700787401576
0
LINE
8
BLACK
6
CONTINUOUS
10
5.3652213779527562
20
-3.6705700787401576
11
5.3650931496062988
21
-3.6706167716535432
0
LINE
8
BLACK
6
CONTINUOUS
10
5.3650931496062988
20
-3.6706167716535432
11
5.355719330708661
21
-3.6706167716535432
0
LINE
8
BLACK
6
CONTINUOUS
10
5.355719330708661
20
-3.6706167716535432
11
5.3551389370078741
21
-3.6705144094488187
0
LINE
8
BLACK
6
CONTINUOUS
10
5.3551389370078741
20
-3.6705144094488187
11
5.3550031889763776
21
-3.6705286220472439
0
LINE
8
BLACK
6
CONTINUOUS
10
5.3550031889763776
20
-3.6705286220472439
11
5.3475041338582674
21
-3.6686538582677164
0
LINE
8
BLACK
6
CONTINUOUS
10
5.3475041338582674
20
-3.6686538582677164
11
5.3470386614173231
21
-3.6684462598425198
0
LINE
8
BLACK
6
CONTINUOUS
10
5.3470386614173231
20
-3.6684462598425198
11
5.3468997637795272
21
-3.6684302755905511
0
LINE
8
BLACK
6
CONTINUOUS
10
5.3468997637795272
20
-3.6684302755905511
11
5.3431502362204721
21
-3.6665555118110236
0
LINE
8
BLACK
6
CONTINUOUS
10
5.3431502362204721
20
-3.6665555118110236
11
5.3424411417322837
21
-3.6660296062992126
0
LINE
8
BLACK
6
CONTINUOUS
10
5.3424411417322837
20
-3.6660296062992126
11
5.3423828346456688
21
-3.6660024015748029
0
LINE
8
BLACK
6
CONTINUOUS
10
5.3423828346456688
20
-3.6660024015748029
11
5.3405080708661412
21
-3.6641276377952754
0
LINE
8
BLACK
6
CONTINUOUS
10
5.3405080708661412
20
-3.6641276377952754
11
5.3400017716535428
21
-3.663404527559055
0
LINE
8
BLACK
6
CONTINUOUS
10
5.3400017716535428
20
-3.663404527559055
11
5.339954960629921
21
-3.6633602362204725
0
LINE
8
BLACK
6
CONTINUOUS
10
5.339954960629921
20
-3.6633602362204725
11
5.3380801968503935
21
-3.6596107086614174
0
LINE
8
BLACK
6
CONTINUOUS
10
5.3380801968503935
20
-3.6596107086614174
11
5.3377878346456695
21
-3.6586277559055116
0
LINE
8
BLACK
6
CONTINUOUS
10
5.3377878346456695
20
-3.6586277559055116
11
5.3378288188976377
21
-3.6584560629921259
0
LINE
8
BLACK
6
CONTINUOUS
10
5.3378288188976377
20
-3.6584560629921259
11
5.3377684645669294
21
-3.6582901968503938
0
LINE
8
BLACK
6
CONTINUOUS
10
5.3377684645669294
20
-3.6582901968503938
11
5.3377684645669294
21
-3.6545406692913387
0
LINE
8
BLACK
6
CONTINUOUS
10
5.3377684645669294
20
-3.6545406692913387
11
5.3379465354330708
21
-3.6535307480314958
0
LINE
8
BLACK
6
CONTINUOUS
10
5.3379465354330708
20
-3.6535307480314958
11
5.3380599999999996
21
-3.6533954724409448
0
LINE
8
BLACK
6
CONTINUOUS
10
5.3380599999999996
20
-3.6533954724409448
11
5.3380801968503935
21
-3.6532201574803147
0
LINE
8
BLACK
6
CONTINUOUS
10
5.3380801968503935
20
-3.6532201574803147
11
5.339954960629921
21
-3.6494706299212596
0
LINE
8
BLACK
6
CONTINUOUS
10
5.339954960629921
20
-3.6494706299212596
11
5.340480866141732
21
-3.6487615354330707
0
LINE
8
BLACK
6
CONTINUOUS
10
5.340480866141732
20
-3.6487615354330707
11
5.3405080708661412
21
-3.6487032283464567
0
LINE
8
BLACK
6
CONTINUOUS
10
5.3405080708661412
20
-3.6487032283464567
11
5.3423828346456688
21
-3.6468284645669291
0
LINE
8
BLACK
6
CONTINUOUS
10
5.3423828346456688
20
-3.6468284645669291
11
5.3431059055118109
21
-3.6463221653543307
0
LINE
8
BLACK
6
CONTINUOUS
10
5.3431059055118109
20
-3.6463221653543307
11
5.3431502362204721
21
-3.6462753543307085
0
LINE
8
BLACK
6
CONTINUOUS
10
5.3431502362204721
20
-3.6462753543307085
11
5.3468997637795272
21
-3.6444005905511809
0
LINE
8
BLACK
6
CONTINUOUS
10
5.3468997637795272
20
-3.6444005905511809
11
5.3473881889763781
21
-3.6442552755905511
0
LINE
8
BLACK
6
CONTINUOUS
10
5.3473881889763781
20
-3.6442552755905511
11
5.3475041338582674
21
-3.6441770078740157
0
LINE
8
BLACK
6
CONTINUOUS
10
5.3475041338582674
20
-3.6441770078740157
11
5.3550031889763776
21
-3.6423022440944881
0
LINE
8
BLACK
6
CONTINUOUS
10
5.3550031889763776
20
-3.6423022440944881
11
5.3555910629921257
21
-3.6422607480314961
0
LINE
8
BLACK
6
CONTINUOUS
10
5.3555910629921257
20
-3.6422607480314961
11
5.355719330708661
21
-3.6422140944881889
0
LINE
8
BLACK
6
CONTINUOUS
10
5.355719330708661
20
-3.6422140944881889
11
5.3650931496062988
21
-3.6422140944881889
0
LINE
8
BLACK
6
CONTINUOUS
10
5.3650931496062988
20
-3.6422140944881889
11
5.3656735039370078
21
-3.6423164173228346
0
LINE
8
BLACK
6
CONTINUOUS
10
5.3492508267716534
20
-3.6498275984251967
11
5.3462198425196847
21
-3.6513431102362204
0
LINE
8
BLACK
6
CONTINUOUS
10
5.3462198425196847
20
-3.6513431102362204
11
5.3450227165354329
21
-3.6525402362204722
0
LINE
8
BLACK
6
CONTINUOUS
10
5.3450227165354329
20
-3.6525402362204722
11
5.3436739763779526
21
-3.6552377165354328
0
LINE
8
BLACK
6
CONTINUOUS
10
5.3436739763779526
20
-3.6552377165354328
11
5.3436739763779526
21
-3.6575931496062992
0
LINE
8
BLACK
6
CONTINUOUS
10
5.3436739763779526
20
-3.6575931496062992
11
5.3450227165354329
21
-3.6602906299212599
0
LINE
8
BLACK
6
CONTINUOUS
10
5.3450227165354329
20
-3.6602906299212599
11
5.3462198425196847
21
-3.6614877559055117
0
LINE
8
BLACK
6
CONTINUOUS
10
5.3462198425196847
20
-3.6614877559055117
11
5.3492508267716534
21
-3.6630032283464566
0
LINE
8
BLACK
6
CONTINUOUS
10
5.3492508267716534
20
-3.6630032283464566
11
5.3560828740157476
21
-3.6647112598425196
0
LINE
8
BLACK
6
CONTINUOUS
10
5.3560828740157476
20
-3.6647112598425196
11
5.3647296062992123
21
-3.6647112598425196
0
LINE
8
BLACK
6
CONTINUOUS
10
5.3647296062992123
20
-3.6647112598425196
11
5.3715616535433073
21
-3.6630032283464566
0
LINE
8
BLACK
6
CONTINUOUS
10
5.3715616535433073
20
-3.6630032283464566
11
5.3745926377952751
21
-3.6614877165354329
0
LINE
8
BLACK
6
CONTINUOUS
10
5.3745926377952751
20
-3.6614877165354329
11
5.3757898031496065
21
-3.6602905905511811
0
LINE
8
BLACK
6
CONTINUOUS
10
5.3757898031496065
20
-3.6602905905511811
11
5.3771385433070868
21
-3.6575931496062992
0
LINE
8
BLACK
6
CONTINUOUS
10
5.3771385433070868
20
-3.6575931496062992
11
5.3771385433070868
21
-3.6552377165354328
0
LINE
8
BLACK
6
CONTINUOUS
10
5.3771385433070868
20
-3.6552377165354328
11
5.3757898031496065
21
-3.6525402362204722
0
LINE
8
BLACK
6
CONTINUOUS
10
5.3757898031496065
20
-3.6525402362204722
11
5.3745926377952751
21
-3.6513431102362204
0
LINE
8
BLACK
6
CONTINUOUS
10
5.3745926377952751
20
-3.6513431102362204
11
5.3715616535433073
21
-3.6498275984251967
0
LINE
8
BLACK
6
CONTINUOUS
10
5.3715616535433073
20
-3.6498275984251967
11
5.3647296062992123
21
-3.6481196062992125
0
LINE
8
BLACK
6
CONTINUOUS
10
5.3647296062992123
20
-3.6481196062992125
11
5.3560828740157476
21
-3.6481196062992125
0
LINE
8
BLACK
6
CONTINUOUS
10
5.3560828740157476
20
-3.6481196062992125
11
5.3492508267716534
21
-3.6498275984251967
0
LINE
8
BLACK
6
CONTINUOUS
10
4.9097876771653546
20
-3.6336999999999997
11
4.909923464566929
21
-3.6336858267716536
0
LINE
8
BLACK
6
CONTINUOUS
10
4.909923464566929
20
-3.6336858267716536
11
4.9174225196850392
21
-3.6355605905511812
0
LINE
8
BLACK
6
CONTINUOUS
10
4.9174225196850392
20
-3.6355605905511812
11
4.9178879527559056
21
-3.635768149606299
0
LINE
8
BLACK
6
CONTINUOUS
10
4.9178879527559056
20
-3.635768149606299
11
4.9180268897637793
21
-3.6357841732283465
0
LINE
8
BLACK
6
CONTINUOUS
10
4.9180268897637793
20
-3.6357841732283465
11
4.9217764173228344
21
-3.637658937007874
0
LINE
8
BLACK
6
CONTINUOUS
10
4.9217764173228344
20
-3.637658937007874
11
4.9224853937007875
21
-3.6381847637795275
0
LINE
8
BLACK
6
CONTINUOUS
10
4.9224853937007875
20
-3.6381847637795275
11
4.9225437795275591
21
-3.6382120078740159
0
LINE
8
BLACK
6
CONTINUOUS
10
4.9225437795275591
20
-3.6382120078740159
11
4.9244185826771654
21
-3.6400867716535434
0
LINE
8
BLACK
6
CONTINUOUS
10
4.9244185826771654
20
-3.6400867716535434
11
4.9249249606299212
21
-3.6408099212598426
0
LINE
8
BLACK
6
CONTINUOUS
10
4.9249249606299212
20
-3.6408099212598426
11
4.9249717322834643
21
-3.6408542125984251
0
LINE
8
BLACK
6
CONTINUOUS
10
4.9249717322834643
20
-3.6408542125984251
11
4.9268464960629919
21
-3.6446037401574802
0
LINE
8
BLACK
6
CONTINUOUS
10
4.9268464960629919
20
-3.6446037401574802
11
4.9271388582677167
21
-3.6455866535433068
0
LINE
8
BLACK
6
CONTINUOUS
10
4.9271388582677167
20
-3.6455866535433068
11
4.9270978346456689
21
-3.6457583464566929
0
LINE
8
BLACK
6
CONTINUOUS
10
4.9270978346456689
20
-3.6457583464566929
11
4.9271582283464568
21
-3.6459242519685038
0
LINE
8
BLACK
6
CONTINUOUS
10
4.9271582283464568
20
-3.6459242519685038
11
4.9271582283464568
21
-3.6496737795275589
0
LINE
8
BLACK
6
CONTINUOUS
10
4.9271582283464568
20
-3.6496737795275589
11
4.9269801574803145
21
-3.6506837007874013
0
LINE
8
BLACK
6
CONTINUOUS
10
4.9269801574803145
20
-3.6506837007874013
11
4.926866653543307
21
-3.6508189370078741
0
LINE
8
BLACK
6
CONTINUOUS
10
4.926866653543307
20
-3.6508189370078741
11
4.9268464960629919
21
-3.6509942913385824
0
LINE
8
BLACK
6
CONTINUOUS
10
4.9268464960629919
20
-3.6509942913385824
11
4.9249717322834643
21
-3.6547438188976376
0
LINE
8
BLACK
6
CONTINUOUS
10
4.9249717322834643
20
-3.6547438188976376
11
4.9244457480314958
21
-3.6554529133858269
0
LINE
8
BLACK
6
CONTINUOUS
10
4.9244457480314958
20
-3.6554529133858269
11
4.9244185826771654
21
-3.6555112598425197
0
LINE
8
BLACK
6
CONTINUOUS
10
4.9244185826771654
20
-3.6555112598425197
11
4.9225437795275591
21
-3.6573860236220472
0
LINE
8
BLACK
6
CONTINUOUS
10
4.9225437795275591
20
-3.6573860236220472
11
4.921820708661417
21
-3.6578922834645669
0
LINE
8
BLACK
6
CONTINUOUS
10
4.921820708661417
20
-3.6578922834645669
11
4.9217764173228344
21
-3.6579390944881891
0
LINE
8
BLACK
6
CONTINUOUS
10
4.9217764173228344
20
-3.6579390944881891
11
4.9180268897637793
21
-3.6598138582677167
0
LINE
8
BLACK
6
CONTINUOUS
10
4.9180268897637793
20
-3.6598138582677167
11
4.9175384251968506
21
-3.6599591338582678
0
LINE
8
BLACK
6
CONTINUOUS
10
4.9175384251968506
20
-3.6599591338582678
11
4.9174225196850392
21
-3.6600374409448819
0
LINE
8
BLACK
6
CONTINUOUS
10
4.9174225196850392
20
-3.6600374409448819
11
4.909923464566929
21
-3.6619122047244095
0
LINE
8
BLACK
6
CONTINUOUS
10
4.909923464566929
20
-3.6619122047244095
11
4.9093355511811021
21
-3.6619536614173227
0
LINE
8
BLACK
6
CONTINUOUS
10
4.9093355511811021
20
-3.6619536614173227
11
4.9092073228346456
21
-3.6620003543307087
0
LINE
8
BLACK
6
CONTINUOUS
10
4.9092073228346456
20
-3.6620003543307087
11
4.8998335039370078
21
-3.6620003543307087
0
LINE
8
BLACK
6
CONTINUOUS
10
4.8998335039370078
20
-3.6620003543307087
11
4.89925311023622
21
-3.6618979921259842
0
LINE
8
BLACK
6
CONTINUOUS
10
4.89925311023622
20
-3.6618979921259842
11
4.8991173622047244
21
-3.6619122047244095
0
LINE
8
BLACK
6
CONTINUOUS
10
4.8991173622047244
20
-3.6619122047244095
11
4.8916183070866142
21
-3.6600374409448819
0
LINE
8
BLACK
6
CONTINUOUS
10
4.8916183070866142
20
-3.6600374409448819
11
4.891152834645669
21
-3.6598298425196849
0
LINE
8
BLACK
6
CONTINUOUS
10
4.891152834645669
20
-3.6598298425196849
11
4.891013937007874
21
-3.6598138582677167
0
LINE
8
BLACK
6
CONTINUOUS
10
4.891013937007874
20
-3.6598138582677167
11
4.8872644094488189
21
-3.6579390944881891
0
LINE
8
BLACK
6
CONTINUOUS
10
4.8872644094488189
20
-3.6579390944881891
11
4.8865553149606296
21
-3.6574131889763777
0
LINE
8
BLACK
6
CONTINUOUS
10
4.8865553149606296
20
-3.6574131889763777
11
4.8864970078740155
21
-3.6573859842519685
0
LINE
8
BLACK
6
CONTINUOUS
10
4.8864970078740155
20
-3.6573859842519685
11
4.884622244094488
21
-3.6555112204724409
0
LINE
8
BLACK
6
CONTINUOUS
10
4.884622244094488
20
-3.6555112204724409
11
4.8841159448818896
21
-3.6547881102362205
0
LINE
8
BLACK
6
CONTINUOUS
10
4.8841159448818896
20
-3.6547881102362205
11
4.8840691338582678
21
-3.6547438188976376
0
LINE
8
BLACK
6
CONTINUOUS
10
4.8840691338582678
20
-3.6547438188976376
11
4.8821943700787402
21
-3.6509942913385824
0
LINE
8
BLACK
6
CONTINUOUS
10
4.8821943700787402
20
-3.6509942913385824
11
4.8819020078740154
21
-3.6500113385826771
0
LINE
8
BLACK
6
CONTINUOUS
10
4.8819020078740154
20
-3.6500113385826771
11
4.8819429921259845
21
-3.6498396456692914
0
LINE
8
BLACK
6
CONTINUOUS
10
4.8819429921259845
20
-3.6498396456692914
11
4.8818826377952753
21
-3.6496737795275589
0
LINE
8
BLACK
6
CONTINUOUS
10
4.8818826377952753
20
-3.6496737795275589
11
4.8818826377952753
21
-3.6459242519685038
0
LINE
8
BLACK
6
CONTINUOUS
10
4.8818826377952753
20
-3.6459242519685038
11
4.8820607086614176
21
-3.6449143307086613
0
LINE
8
BLACK
6
CONTINUOUS
10
4.8820607086614176
20
-3.6449143307086613
11
4.8821741732283463
21
-3.6447790551181103
0
LINE
8
BLACK
6
CONTINUOUS
10
4.8821741732283463
20
-3.6447790551181103
11
4.8821943700787402
21
-3.6446037401574802
0
LINE
8
BLACK
6
CONTINUOUS
10
4.8821943700787402
20
-3.6446037401574802
11
4.8840691338582678
21
-3.6408542125984251
0
LINE
8
BLACK
6
CONTINUOUS
10
4.8840691338582678
20
-3.6408542125984251
11
4.8845950393700788
21
-3.6401451181102362
0
LINE
8
BLACK
6
CONTINUOUS
10
4.8845950393700788
20
-3.6401451181102362
11
4.884622244094488
21
-3.6400868110236217
0
LINE
8
BLACK
6
CONTINUOUS
10
4.884622244094488
20
-3.6400868110236217
11
4.8864970078740155
21
-3.6382120472440942
0
LINE
8
BLACK
6
CONTINUOUS
10
4.8864970078740155
20
-3.6382120472440942
11
4.8872200787401576
21
-3.6377057480314958
0
LINE
8
BLACK
6
CONTINUOUS
10
4.8872200787401576
20
-3.6377057480314958
11
4.8872644094488189
21
-3.637658937007874
0
LINE
8
BLACK
6
CONTINUOUS
10
4.8872644094488189
20
-3.637658937007874
11
4.891013937007874
21
-3.6357841732283465
0
LINE
8
BLACK
6
CONTINUOUS
10
4.891013937007874
20
-3.6357841732283465
11
4.891502362204724
21
-3.6356388582677166
0
LINE
8
BLACK
6
CONTINUOUS
10
4.891502362204724
20
-3.6356388582677166
11
4.8916183070866142
21
-3.6355605905511812
0
LINE
8
BLACK
6
CONTINUOUS
10
4.8916183070866142
20
-3.6355605905511812
11
4.8991173622047244
21
-3.6336858267716536
0
LINE
8
BLACK
6
CONTINUOUS
10
4.8991173622047244
20
-3.6336858267716536
11
4.8997052362204725
21
-3.6336443307086612
0
LINE
8
BLACK
6
CONTINUOUS
10
4.8997052362204725
20
-3.6336443307086612
11
4.8998335039370078
21
-3.6335976771653544
0
LINE
8
BLACK
6
CONTINUOUS
10
4.8998335039370078
20
-3.6335976771653544
11
4.9092073228346456
21
-3.6335976771653544
0
LINE
8
BLACK
6
CONTINUOUS
10
4.9092073228346456
20
-3.6335976771653544
11
4.9097876771653546
21
-3.6336999999999997
0
LINE
8
BLACK
6
CONTINUOUS
10
4.8933650000000002
20
-3.6412111811023622
11
4.8903340157480315
21
-3.6427266929133859
0
LINE
8
BLACK
6
CONTINUOUS
10
4.8903340157480315
20
-3.6427266929133859
11
4.8891368897637797
21
-3.6439238188976377
0
LINE
8
BLACK
6
CONTINUOUS
10
4.8891368897637797
20
-3.6439238188976377
11
4.8877881496062994
21
-3.6466212992125984
0
LINE
8
BLACK
6
CONTINUOUS
10
4.8877881496062994
20
-3.6466212992125984
11
4.8877881496062994
21
-3.6489767322834643
0
LINE
8
BLACK
6
CONTINUOUS
10
4.8877881496062994
20
-3.6489767322834643
11
4.8891368897637797
21
-3.651674212598425
0
LINE
8
BLACK
6
CONTINUOUS
10
4.8891368897637797
20
-3.651674212598425
11
4.8903340157480315
21
-3.6528713385826772
0
LINE
8
BLACK
6
CONTINUOUS
10
4.8903340157480315
20
-3.6528713385826772
11
4.8933650000000002
21
-3.6543868110236222
0
LINE
8
BLACK
6
CONTINUOUS
10
4.8933650000000002
20
-3.6543868110236222
11
4.9001970472440943
21
-3.6560948425196851
0
LINE
8
BLACK
6
CONTINUOUS
10
4.9001970472440943
20
-3.6560948425196851
11
4.908843779527559
21
-3.6560948425196851
0
LINE
8
BLACK
6
CONTINUOUS
10
4.908843779527559
20
-3.6560948425196851
11
4.9156758267716532
21
-3.6543868110236222
0
LINE
8
BLACK
6
CONTINUOUS
10
4.9156758267716532
20
-3.6543868110236222
11
4.9187068110236218
21
-3.6528712992125985
0
LINE
8
BLACK
6
CONTINUOUS
10
4.9187068110236218
20
-3.6528712992125985
11
4.9199039763779524
21
-3.6516741732283462
0
LINE
8
BLACK
6
CONTINUOUS
10
4.9199039763779524
20
-3.6516741732283462
11
4.9212527165354327
21
-3.6489767322834643
0
LINE
8
BLACK
6
CONTINUOUS
10
4.9212527165354327
20
-3.6489767322834643
11
4.9212527165354327
21
-3.6466212992125984
0
LINE
8
BLACK
6
CONTINUOUS
10
4.9212527165354327
20
-3.6466212992125984
11
4.9199039763779524
21
-3.6439238188976377
0
LINE
8
BLACK
6
CONTINUOUS
10
4.9199039763779524
20
-3.6439238188976377
11
4.9187068110236218
21
-3.6427266929133859
0
LINE
8
BLACK
6
CONTINUOUS
10
4.9187068110236218
20
-3.6427266929133859
11
4.9156758267716532
21
-3.6412111811023622
0
LINE
8
BLACK
6
CONTINUOUS
10
4.9156758267716532
20
-3.6412111811023622
11
4.908843779527559
21
-3.639503188976378
0
LINE
8
BLACK
6
CONTINUOUS
10
4.908843779527559
20
-3.639503188976378
11
4.9001970472440943
21
-3.639503188976378
0
LINE
8
BLACK
6
CONTINUOUS
10
4.9001970472440943
20
-3.639503188976378
11
4.8933650000000002
21
-3.6412111811023622
0
LINE
8
BLACK
6
CONTINUOUS
10
5.0497876771653543
20
-3.6336999999999997
11
5.0499234645669286
21
-3.6336858267716536
0
LINE
8
BLACK
6
CONTINUOUS
10
5.0499234645669286
20
-3.6336858267716536
11
5.0574225196850389
21
-3.6355605905511812
0
LINE
8
BLACK
6
CONTINUOUS
10
5.0574225196850389
20
-3.6355605905511812
11
5.0578879527559053
21
-3.635768149606299
0
LINE
8
BLACK
6
CONTINUOUS
10
5.0578879527559053
20
-3.635768149606299
11
5.058026889763779
21
-3.6357841732283465
0
LINE
8
BLACK
6
CONTINUOUS
10
5.058026889763779
20
-3.6357841732283465
11
5.0617764173228341
21
-3.637658937007874
0
LINE
8
BLACK
6
CONTINUOUS
10
5.0617764173228341
20
-3.637658937007874
11
5.0624853937007872
21
-3.6381847637795275
0
LINE
8
BLACK
6
CONTINUOUS
10
5.0624853937007872
20
-3.6381847637795275
11
5.0625437795275587
21
-3.6382120078740159
0
LINE
8
BLACK
6
CONTINUOUS
10
5.0625437795275587
20
-3.6382120078740159
11
5.064418582677165
21
-3.6400867716535434
0
LINE
8
BLACK
6
CONTINUOUS
10
5.064418582677165
20
-3.6400867716535434
11
5.0649249606299209
21
-3.6408099212598426
0
LINE
8
BLACK
6
CONTINUOUS
10
5.0649249606299209
20
-3.6408099212598426
11
5.0649717322834649
21
-3.6408542125984251
0
LINE
8
BLACK
6
CONTINUOUS
10
5.0649717322834649
20
-3.6408542125984251
11
5.0668464960629924
21
-3.6446037401574802
0
LINE
8
BLACK
6
CONTINUOUS
10
5.0668464960629924
20
-3.6446037401574802
11
5.0671388582677164
21
-3.6455866535433068
0
LINE
8
BLACK
6
CONTINUOUS
10
5.0671388582677164
20
-3.6455866535433068
11
5.0670978346456694
21
-3.6457583464566929
0
LINE
8
BLACK
6
CONTINUOUS
10
5.0670978346456694
20
-3.6457583464566929
11
5.0671582283464565
21
-3.6459242519685038
0
LINE
8
BLACK
6
CONTINUOUS
10
5.0671582283464565
20
-3.6459242519685038
11
5.0671582283464565
21
-3.6496737795275589
0
LINE
8
BLACK
6
CONTINUOUS
10
5.0671582283464565
20
-3.6496737795275589
11
5.0669801574803151
21
-3.6506837007874013
0
LINE
8
BLACK
6
CONTINUOUS
10
5.0669801574803151
20
-3.6506837007874013
11
5.0668666535433067
21
-3.6508189370078741
0
LINE
8
BLACK
6
CONTINUOUS
10
5.0668666535433067
20
-3.6508189370078741
11
5.0668464960629924
21
-3.6509942913385824
0
LINE
8
BLACK
6
CONTINUOUS
10
5.0668464960629924
20
-3.6509942913385824
11
5.0649717322834649
21
-3.6547438188976376
0
LINE
8
BLACK
6
CONTINUOUS
10
5.0649717322834649
20
-3.6547438188976376
11
5.0644457480314964
21
-3.6554529133858269
0
LINE
8
BLACK
6
CONTINUOUS
10
5.0644457480314964
20
-3.6554529133858269
11
5.064418582677165
21
-3.6555112598425197
0
LINE
8
BLACK
6
CONTINUOUS
10
5.064418582677165
20
-3.6555112598425197
11
5.0625437795275587
21
-3.6573860236220472
0
LINE
8
BLACK
6
CONTINUOUS
10
5.0625437795275587
20
-3.6573860236220472
11
5.0618207086614175
21
-3.6578922834645669
0
LINE
8
BLACK
6
CONTINUOUS
10
5.0618207086614175
20
-3.6578922834645669
11
5.0617764173228341
21
-3.6579390944881891
0
LINE
8
BLACK
6
CONTINUOUS
10
5.0617764173228341
20
-3.6579390944881891
11
5.058026889763779
21
-3.6598138582677167
0
LINE
8
BLACK
6
CONTINUOUS
10
5.058026889763779
20
-3.6598138582677167
11
5.0575384251968503
21
-3.6599591338582678
0
LINE
8
BLACK
6
CONTINUOUS
10
5.0575384251968503
20
-3.6599591338582678
11
5.0574225196850389
21
-3.6600374409448819
0
LINE
8
BLACK
6
CONTINUOUS
10
5.0574225196850389
20
-3.6600374409448819
11
5.0499234645669286
21
-3.6619122047244095
0
LINE
8
BLACK
6
CONTINUOUS
10
5.0499234645669286
20
-3.6619122047244095
11
5.0493355511811027
21
-3.6619536614173227
0
LINE
8
BLACK
6
CONTINUOUS
10
5.0493355511811027
20
-3.6619536614173227
11
5.0492073228346452
21
-3.6620003543307087
0
LINE
8
BLACK
6
CONTINUOUS
10
5.0492073228346452
20
-3.6620003543307087
11
5.0398335039370075
21
-3.6620003543307087
0
LINE
8
BLACK
6
CONTINUOUS
10
5.0398335039370075
20
-3.6620003543307087
11
5.0392531102362206
21
-3.6618979921259842
0
LINE
8
BLACK
6
CONTINUOUS
10
5.0392531102362206
20
-3.6618979921259842
11
5.0391173622047241
21
-3.6619122047244095
0
LINE
8
BLACK
6
CONTINUOUS
10
5.0391173622047241
20
-3.6619122047244095
11
5.0316183070866138
21
-3.6600374409448819
0
LINE
8
BLACK
6
CONTINUOUS
10
5.0316183070866138
20
-3.6600374409448819
11
5.0311528346456695
21
-3.6598298425196849
0
LINE
8
BLACK
6
CONTINUOUS
10
5.0311528346456695
20
-3.6598298425196849
11
5.0310139370078737
21
-3.6598138582677167
0
LINE
8
BLACK
6
CONTINUOUS
10
5.0310139370078737
20
-3.6598138582677167
11
5.0272644094488186
21
-3.6579390944881891
0
LINE
8
BLACK
6
CONTINUOUS
10
5.0272644094488186
20
-3.6579390944881891
11
5.0265553149606301
21
-3.6574131889763777
0
LINE
8
BLACK
6
CONTINUOUS
10
5.0265553149606301
20
-3.6574131889763777
11
5.0264970078740152
21
-3.6573859842519685
0
LINE
8
BLACK
6
CONTINUOUS
10
5.0264970078740152
20
-3.6573859842519685
11
5.0246222440944877
21
-3.6555112204724409
0
LINE
8
BLACK
6
CONTINUOUS
10
5.0246222440944877
20
-3.6555112204724409
11
5.0241159448818893
21
-3.6547881102362205
0
LINE
8
BLACK
6
CONTINUOUS
10
5.0241159448818893
20
-3.6547881102362205
11
5.0240691338582675
21
-3.6547438188976376
0
LINE
8
BLACK
6
CONTINUOUS
10
5.0240691338582675
20
-3.6547438188976376
11
5.0221943700787399
21
-3.6509942913385824
0
LINE
8
BLACK
6
CONTINUOUS
10
5.0221943700787399
20
-3.6509942913385824
11
5.021902007874016
21
-3.6500113385826771
0
LINE
8
BLACK
6
CONTINUOUS
10
5.021902007874016
20
-3.6500113385826771
11
5.0219429921259842
21
-3.6498396456692914
0
LINE
8
BLACK
6
CONTINUOUS
10
5.0219429921259842
20
-3.6498396456692914
11
5.0218826377952759
21
-3.6496737795275589
0
LINE
8
BLACK
6
CONTINUOUS
10
5.0218826377952759
20
-3.6496737795275589
11
5.0218826377952759
21
-3.6459242519685038
0
LINE
8
BLACK
6
CONTINUOUS
10
5.0218826377952759
20
-3.6459242519685038
11
5.0220607086614173
21
-3.6449143307086613
0
LINE
8
BLACK
6
CONTINUOUS
10
5.0220607086614173
20
-3.6449143307086613
11
5.022174173228346
21
-3.6447790551181103
0
LINE
8
BLACK
6
CONTINUOUS
10
5.022174173228346
20
-3.6447790551181103
11
5.0221943700787399
21
-3.6446037401574802
0
LINE
8
BLACK
6
CONTINUOUS
10
5.0221943700787399
20
-3.6446037401574802
11
5.0240691338582675
21
-3.6408542125984251
0
LINE
8
BLACK
6
CONTINUOUS
10
5.0240691338582675
20
-3.6408542125984251
11
5.0245950393700785
21
-3.6401451181102362
0
LINE
8
BLACK
6
CONTINUOUS
10
5.0245950393700785
20
-3.6401451181102362
11
5.0246222440944877
21
-3.6400868110236217
0
LINE
8
BLACK
6
CONTINUOUS
10
5.0246222440944877
20
-3.6400868110236217
11
5.0264970078740152
21
-3.6382120472440942
0
LINE
8
BLACK
6
CONTINUOUS
10
5.0264970078740152
20
-3.6382120472440942
11
5.0272200787401573
21
-3.6377057480314958
0
LINE
8
BLACK
6
CONTINUOUS
10
5.0272200787401573
20
-3.6377057480314958
11
5.0272644094488186
21
-3.637658937007874
0
LINE
8
BLACK
6
CONTINUOUS
10
5.0272644094488186
20
-3.637658937007874
11
5.0310139370078737
21
-3.6357841732283465
0
LINE
8
BLACK
6
CONTINUOUS
10
5.0310139370078737
20
-3.6357841732283465
11
5.0315023622047246
21
-3.6356388582677166
0
LINE
8
BLACK
6
CONTINUOUS
10
5.0315023622047246
20
-3.6356388582677166
11
5.0316183070866138
21
-3.6355605905511812
0
LINE
8
BLACK
6
CONTINUOUS
10
5.0316183070866138
20
-3.6355605905511812
11
5.0391173622047241
21
-3.6336858267716536
0
LINE
8
BLACK
6
CONTINUOUS
10
5.0391173622047241
20
-3.6336858267716536
11
5.0397052362204722
21
-3.6336443307086612
0
LINE
8
BLACK
6
CONTINUOUS
10
5.0397052362204722
20
-3.6336443307086612
11
5.0398335039370075
21
-3.6335976771653544
0
LINE
8
BLACK
6
CONTINUOUS
10
5.0398335039370075
20
-3.6335976771653544
11
5.0492073228346452
21
-3.6335976771653544
0
LINE
8
BLACK
6
CONTINUOUS
10
5.0492073228346452
20
-3.6335976771653544
11
5.0497876771653543
21
-3.6336999999999997
0
LINE
8
BLACK
6
CONTINUOUS
10
5.0333649999999999
20
-3.6412111811023622
11
5.0303340157480312
21
-3.6427266929133859
0
LINE
8
BLACK
6
CONTINUOUS
10
5.0303340157480312
20
-3.6427266929133859
11
5.0291368897637794
21
-3.6439238188976377
0
LINE
8
BLACK
6
CONTINUOUS
10
5.0291368897637794
20
-3.6439238188976377
11
5.0277881496062991
21
-3.6466212992125984
0
LINE
8
BLACK
6
CONTINUOUS
10
5.0277881496062991
20
-3.6466212992125984
11
5.0277881496062991
21
-3.6489767322834643
0
LINE
8
BLACK
6
CONTINUOUS
10
5.0277881496062991
20
-3.6489767322834643
11
5.0291368897637794
21
-3.651674212598425
0
LINE
8
BLACK
6
CONTINUOUS
10
5.0291368897637794
20
-3.651674212598425
11
5.0303340157480312
21
-3.6528713385826772
0
LINE
8
BLACK
6
CONTINUOUS
10
5.0303340157480312
20
-3.6528713385826772
11
5.0333649999999999
21
-3.6543868110236222
0
LINE
8
BLACK
6
CONTINUOUS
10
5.0333649999999999
20
-3.6543868110236222
11
5.040197047244094
21
-3.6560948425196851
0
LINE
8
BLACK
6
CONTINUOUS
10
5.040197047244094
20
-3.6560948425196851
11
5.0488437795275587
21
-3.6560948425196851
0
LINE
8
BLACK
6
CONTINUOUS
10
5.0488437795275587
20
-3.6560948425196851
11
5.0556758267716537
21
-3.6543868110236222
0
LINE
8
BLACK
6
CONTINUOUS
10
5.0556758267716537
20
-3.6543868110236222
11
5.0587068110236215
21
-3.6528712992125985
0
LINE
8
BLACK
6
CONTINUOUS
10
5.0587068110236215
20
-3.6528712992125985
11
5.059903976377953
21
-3.6516741732283462
0
LINE
8
BLACK
6
CONTINUOUS
10
5.059903976377953
20
-3.6516741732283462
11
5.0612527165354333
21
-3.6489767322834643
0
LINE
8
BLACK
6
CONTINUOUS
10
5.0612527165354333
20
-3.6489767322834643
11
5.0612527165354333
21
-3.6466212992125984
0
LINE
8
BLACK
6
CONTINUOUS
10
5.0612527165354333
20
-3.6466212992125984
11
5.059903976377953
21
-3.6439238188976377
0
LINE
8
BLACK
6
CONTINUOUS
10
5.059903976377953
20
-3.6439238188976377
11
5.0587068110236215
21
-3.6427266929133859
0
LINE
8
BLACK
6
CONTINUOUS
10
5.0587068110236215
20
-3.6427266929133859
11
5.0556758267716537
21
-3.6412111811023622
0
LINE
8
BLACK
6
CONTINUOUS
10
5.0556758267716537
20
-3.6412111811023622
11
5.0488437795275587
21
-3.639503188976378
0
LINE
8
BLACK
6
CONTINUOUS
10
5.0488437795275587
20
-3.639503188976378
11
5.040197047244094
21
-3.639503188976378
0
LINE
8
BLACK
6
CONTINUOUS
10
5.040197047244094
20
-3.639503188976378
11
5.0333649999999999
21
-3.6412111811023622
0
LINE
8
BLACK
6
CONTINUOUS
10
4.769787677165354
20
-3.6149523622047242
11
4.7699234645669293
21
-3.6149381889763781
0
LINE
8
BLACK
6
CONTINUOUS
10
4.7699234645669293
20
-3.6149381889763781
11
4.7774225196850395
21
-3.6168129527559056
0
LINE
8
BLACK
6
CONTINUOUS
10
4.7774225196850395
20
-3.6168129527559056
11
4.7778879527559051
21
-3.6170205118110235
0
LINE
8
BLACK
6
CONTINUOUS
10
4.7778879527559051
20
-3.6170205118110235
11
4.7780268897637796
21
-3.6170365354330709
0
LINE
8
BLACK
6
CONTINUOUS
10
4.7780268897637796
20
-3.6170365354330709
11
4.7817764173228348
21
-3.6189112992125985
0
LINE
8
BLACK
6
CONTINUOUS
10
4.7817764173228348
20
-3.6189112992125985
11
4.782485393700787
21
-3.6194371259842519
0
LINE
8
BLACK
6
CONTINUOUS
10
4.782485393700787
20
-3.6194371259842519
11
4.7825437795275594
21
-3.6194643700787399
0
LINE
8
BLACK
6
CONTINUOUS
10
4.7825437795275594
20
-3.6194643700787399
11
4.7844185826771657
21
-3.6213391338582674
0
LINE
8
BLACK
6
CONTINUOUS
10
4.7844185826771657
20
-3.6213391338582674
11
4.7849249606299216
21
-3.622062283464567
0
LINE
8
BLACK
6
CONTINUOUS
10
4.7849249606299216
20
-3.622062283464567
11
4.7849717322834646
21
-3.6221065748031496
0
LINE
8
BLACK
6
CONTINUOUS
10
4.7849717322834646
20
-3.6221065748031496
11
4.7868464960629922
21
-3.6258561023622047
0
LINE
8
BLACK
6
CONTINUOUS
10
4.7868464960629922
20
-3.6258561023622047
11
4.7871388582677161
21
-3.6268390157480312
0
LINE
8
BLACK
6
CONTINUOUS
10
4.7871388582677161
20
-3.6268390157480312
11
4.7870978346456692
21
-3.6270107086614174
0
LINE
8
BLACK
6
CONTINUOUS
10
4.7870978346456692
20
-3.6270107086614174
11
4.7871582283464562
21
-3.6271766141732282
0
LINE
8
BLACK
6
CONTINUOUS
10
4.7871582283464562
20
-3.6271766141732282
11
4.7871582283464562
21
-3.6309261417322833
0
LINE
8
BLACK
6
CONTINUOUS
10
4.7871582283464562
20
-3.6309261417322833
11
4.7869801574803148
21
-3.6319360629921258
0
LINE
8
BLACK
6
CONTINUOUS
10
4.7869801574803148
20
-3.6319360629921258
11
4.7868666535433073
21
-3.6320712992125985
0
LINE
8
BLACK
6
CONTINUOUS
10
4.7868666535433073
20
-3.6320712992125985
11
4.7868464960629922
21
-3.6322466535433069
0
LINE
8
BLACK
6
CONTINUOUS
10
4.7868464960629922
20
-3.6322466535433069
11
4.7849717322834646
21
-3.635996181102362
0
LINE
8
BLACK
6
CONTINUOUS
10
4.7849717322834646
20
-3.635996181102362
11
4.7844457480314961
21
-3.6367052755905509
0
LINE
8
BLACK
6
CONTINUOUS
10
4.7844457480314961
20
-3.6367052755905509
11
4.7844185826771657
21
-3.6367636220472441
0
LINE
8
BLACK
6
CONTINUOUS
10
4.7844185826771657
20
-3.6367636220472441
11
4.7825437795275594
21
-3.6386383858267717
0
LINE
8
BLACK
6
CONTINUOUS
10
4.7825437795275594
20
-3.6386383858267717
11
4.7818207086614173
21
-3.6391446456692913
0
LINE
8
BLACK
6
CONTINUOUS
10
4.7818207086614173
20
-3.6391446456692913
11
4.7817764173228348
21
-3.6391914566929131
0
LINE
8
BLACK
6
CONTINUOUS
10
4.7817764173228348
20
-3.6391914566929131
11
4.7780268897637796
21
-3.6410662204724407
0
LINE
8
BLACK
6
CONTINUOUS
10
4.7780268897637796
20
-3.6410662204724407
11
4.77753842519685
21
-3.6412114960629922
0
LINE
8
BLACK
6
CONTINUOUS
10
4.77753842519685
20
-3.6412114960629922
11
4.7774225196850395
21
-3.6412898031496064
0
LINE
8
BLACK
6
CONTINUOUS
10
4.7774225196850395
20
-3.6412898031496064
11
4.7699234645669293
21
-3.6431645669291339
0
LINE
8
BLACK
6
CONTINUOUS
10
4.7699234645669293
20
-3.6431645669291339
11
4.7693355511811024
21
-3.6432060236220472
0
LINE
8
BLACK
6
CONTINUOUS
10
4.7693355511811024
20
-3.6432060236220472
11
4.7692073228346459
21
-3.6432527165354331
0
LINE
8
BLACK
6
CONTINUOUS
10
4.7692073228346459
20
-3.6432527165354331
11
4.7598335039370081
21
-3.6432527165354331
0
LINE
8
BLACK
6
CONTINUOUS
10
4.7598335039370081
20
-3.6432527165354331
11
4.7592531102362203
21
-3.6431503543307087
0
LINE
8
BLACK
6
CONTINUOUS
10
4.7592531102362203
20
-3.6431503543307087
11
4.7591173622047247
21
-3.6431645669291339
0
LINE
8
BLACK
6
CONTINUOUS
10
4.7591173622047247
20
-3.6431645669291339
11
4.7516183070866145
21
-3.6412898031496064
0
LINE
8
BLACK
6
CONTINUOUS
10
4.7516183070866145
20
-3.6412898031496064
11
4.7511528346456693
21
-3.6410822047244094
0
LINE
8
BLACK
6
CONTINUOUS
10
4.7511528346456693
20
-3.6410822047244094
11
4.7510139370078743
21
-3.6410662204724407
0
LINE
8
BLACK
6
CONTINUOUS
10
4.7510139370078743
20
-3.6410662204724407
11
4.7472644094488192
21
-3.6391914566929131
0
LINE
8
BLACK
6
CONTINUOUS
10
4.7472644094488192
20
-3.6391914566929131
11
4.7465553149606299
21
-3.6386655511811021
0
LINE
8
BLACK
6
CONTINUOUS
10
4.7465553149606299
20
-3.6386655511811021
11
4.7464970078740158
21
-3.6386383464566929
0
LINE
8
BLACK
6
CONTINUOUS
10
4.7464970078740158
20
-3.6386383464566929
11
4.7446222440944883
21
-3.6367635826771654
0
LINE
8
BLACK
6
CONTINUOUS
10
4.7446222440944883
20
-3.6367635826771654
11
4.7441159448818899
21
-3.636040472440945
0
LINE
8
BLACK
6
CONTINUOUS
10
4.7441159448818899
20
-3.636040472440945
11
4.7440691338582672
21
-3.635996181102362
0
LINE
8
BLACK
6
CONTINUOUS
10
4.7440691338582672
20
-3.635996181102362
11
4.7421943700787397
21
-3.6322466535433069
0
LINE
8
BLACK
6
CONTINUOUS
10
4.7421943700787397
20
-3.6322466535433069
11
4.7419020078740157
21
-3.6312637007874016
0
LINE
8
BLACK
6
CONTINUOUS
10
4.7419020078740157
20
-3.6312637007874016
11
4.7419429921259839
21
-3.6310920078740159
0
LINE
8
BLACK
6
CONTINUOUS
10
4.7419429921259839
20
-3.6310920078740159
11
4.7418826377952756
21
-3.6309261417322833
0
LINE
8
BLACK
6
CONTINUOUS
10
4.7418826377952756
20
-3.6309261417322833
11
4.7418826377952756
21
-3.6271766141732282
0
LINE
8
BLACK
6
CONTINUOUS
10
4.7418826377952756
20
-3.6271766141732282
11
4.742060708661417
21
-3.6261666929133858
0
LINE
8
BLACK
6
CONTINUOUS
10
4.742060708661417
20
-3.6261666929133858
11
4.7421741732283467
21
-3.6260314173228347
0
LINE
8
BLACK
6
CONTINUOUS
10
4.7421741732283467
20
-3.6260314173228347
11
4.7421943700787397
21
-3.6258561023622047
0
LINE
8
BLACK
6
CONTINUOUS
10
4.7421943700787397
20
-3.6258561023622047
11
4.7440691338582672
21
-3.6221065748031496
0
LINE
8
BLACK
6
CONTINUOUS
10
4.7440691338582672
20
-3.6221065748031496
11
4.7445950393700782
21
-3.6213974803149607
0
LINE
8
BLACK
6
CONTINUOUS
10
4.7445950393700782
20
-3.6213974803149607
11
4.7446222440944883
21
-3.6213391732283462
0
LINE
8
BLACK
6
CONTINUOUS
10
4.7446222440944883
20
-3.6213391732283462
11
4.7464970078740158
21
-3.6194644094488186
0
LINE
8
BLACK
6
CONTINUOUS
10
4.7464970078740158
20
-3.6194644094488186
11
4.7472200787401571
21
-3.6189581102362203
0
LINE
8
BLACK
6
CONTINUOUS
10
4.7472200787401571
20
-3.6189581102362203
11
4.7472644094488192
21
-3.6189112992125985
0
LINE
8
BLACK
6
CONTINUOUS
10
4.7472644094488192
20
-3.6189112992125985
11
4.7510139370078743
21
-3.6170365354330709
0
LINE
8
BLACK
6
CONTINUOUS
10
4.7510139370078743
20
-3.6170365354330709
11
4.7515023622047243
21
-3.616891220472441
0
LINE
8
BLACK
6
CONTINUOUS
10
4.7515023622047243
20
-3.616891220472441
11
4.7516183070866145
21
-3.6168129527559056
0
LINE
8
BLACK
6
CONTINUOUS
10
4.7516183070866145
20
-3.6168129527559056
11
4.7591173622047247
21
-3.6149381889763781
0
LINE
8
BLACK
6
CONTINUOUS
10
4.7591173622047247
20
-3.6149381889763781
11
4.7597052362204719
21
-3.6148966929133857
0
LINE
8
BLACK
6
CONTINUOUS
10
4.7597052362204719
20
-3.6148966929133857
11
4.7598335039370081
21
-3.6148500393700789
0
LINE
8
BLACK
6
CONTINUOUS
10
4.7598335039370081
20
-3.6148500393700789
11
4.7692073228346459
21
-3.6148500393700789
0
LINE
8
BLACK
6
CONTINUOUS
10
4.7692073228346459
20
-3.6148500393700789
11
4.769787677165354
21
-3.6149523622047242
0
LINE
8
BLACK
6
CONTINUOUS
10
4.7533649999999996
20
-3.6224635433070866
11
4.7503340157480318
21
-3.6239790551181104
0
LINE
8
BLACK
6
CONTINUOUS
10
4.7503340157480318
20
-3.6239790551181104
11
4.7491368897637791
21
-3.6251761811023622
0
LINE
8
BLACK
6
CONTINUOUS
10
4.7491368897637791
20
-3.6251761811023622
11
4.7477881496062988
21
-3.6278736614173228
0
LINE
8
BLACK
6
CONTINUOUS
10
4.7477881496062988
20
-3.6278736614173228
11
4.7477881496062988
21
-3.6302290944881888
0
LINE
8
BLACK
6
CONTINUOUS
10
4.7477881496062988
20
-3.6302290944881888
11
4.7491368897637791
21
-3.6329265748031494
0
LINE
8
BLACK
6
CONTINUOUS
10
4.7491368897637791
20
-3.6329265748031494
11
4.7503340157480318
21
-3.6341237007874017
0
LINE
8
BLACK
6
CONTINUOUS
10
4.7503340157480318
20
-3.6341237007874017
11
4.7533649999999996
21
-3.6356391732283462
0
LINE
8
BLACK
6
CONTINUOUS
10
4.7533649999999996
20
-3.6356391732283462
11
4.7601970472440946
21
-3.6373472047244095
0
LINE
8
BLACK
6
CONTINUOUS
10
4.7601970472440946
20
-3.6373472047244095
11
4.7688437795275593
21
-3.6373472047244095
0
LINE
8
BLACK
6
CONTINUOUS
10
4.7688437795275593
20
-3.6373472047244095
11
4.7756758267716535
21
-3.6356391732283462
0
LINE
8
BLACK
6
CONTINUOUS
10
4.7756758267716535
20
-3.6356391732283462
11
4.7787068110236222
21
-3.6341236614173229
0
LINE
8
BLACK
6
CONTINUOUS
10
4.7787068110236222
20
-3.6341236614173229
11
4.7799039763779527
21
-3.6329265354330706
0
LINE
8
BLACK
6
CONTINUOUS
10
4.7799039763779527
20
-3.6329265354330706
11
4.781252716535433
21
-3.6302290944881888
0
LINE
8
BLACK
6
CONTINUOUS
10
4.781252716535433
20
-3.6302290944881888
11
4.781252716535433
21
-3.6278736614173228
0
LINE
8
BLACK
6
CONTINUOUS
10
4.781252716535433
20
-3.6278736614173228
11
4.7799039763779527
21
-3.6251761811023622
0
LINE
8
BLACK
6
CONTINUOUS
10
4.7799039763779527
20
-3.6251761811023622
11
4.7787068110236222
21
-3.6239790551181104
0
LINE
8
BLACK
6
CONTINUOUS
10
4.7787068110236222
20
-3.6239790551181104
11
4.7756758267716535
21
-3.6224635433070866
0
LINE
8
BLACK
6
CONTINUOUS
10
4.7756758267716535
20
-3.6224635433070866
11
4.7688437795275593
21
-3.6207555511811025
0
LINE
8
BLACK
6
CONTINUOUS
10
4.7688437795275593
20
-3.6207555511811025
11
4.7601970472440946
21
-3.6207555511811025
0
LINE
8
BLACK
6
CONTINUOUS
10
4.7601970472440946
20
-3.6207555511811025
11
4.7533649999999996
21
-3.6224635433070866
0
LINE
8
BLACK
6
CONTINUOUS
10
5.1897876771653539
20
-3.6149523622047242
11
5.1899234645669292
21
-3.6149381889763781
0
LINE
8
BLACK
6
CONTINUOUS
10
5.1899234645669292
20
-3.6149381889763781
11
5.1974225196850394
21
-3.6168129527559056
0
LINE
8
BLACK
6
CONTINUOUS
10
5.1974225196850394
20
-3.6168129527559056
11
5.197887952755905
21
-3.6170205118110235
0
LINE
8
BLACK
6
CONTINUOUS
10
5.197887952755905
20
-3.6170205118110235
11
5.1980268897637796
21
-3.6170365354330709
0
LINE
8
BLACK
6
CONTINUOUS
10
5.1980268897637796
20
-3.6170365354330709
11
5.2017764173228347
21
-3.6189112992125985
0
LINE
8
BLACK
6
CONTINUOUS
10
5.2017764173228347
20
-3.6189112992125985
11
5.2024853937007869
21
-3.6194371259842519
0
LINE
8
BLACK
6
CONTINUOUS
10
5.2024853937007869
20
-3.6194371259842519
11
5.2025437795275593
21
-3.6194643700787399
0
LINE
8
BLACK
6
CONTINUOUS
10
5.2025437795275593
20
-3.6194643700787399
11
5.2044185826771656
21
-3.6213391338582674
0
LINE
8
BLACK
6
CONTINUOUS
10
5.2044185826771656
20
-3.6213391338582674
11
5.2049249606299215
21
-3.622062283464567
0
LINE
8
BLACK
6
CONTINUOUS
10
5.2049249606299215
20
-3.622062283464567
11
5.2049717322834645
21
-3.6221065748031496
0
LINE
8
BLACK
6
CONTINUOUS
10
5.2049717322834645
20
-3.6221065748031496
11
5.2068464960629921
21
-3.6258561023622047
0
LINE
8
BLACK
6
CONTINUOUS
10
5.2068464960629921
20
-3.6258561023622047
11
5.2071388582677161
21
-3.6268390157480312
0
LINE
8
BLACK
6
CONTINUOUS
10
5.2071388582677161
20
-3.6268390157480312
11
5.2070978346456691
21
-3.6270107086614174
0
LINE
8
BLACK
6
CONTINUOUS
10
5.2070978346456691
20
-3.6270107086614174
11
5.2071582283464561
21
-3.6271766141732282
0
LINE
8
BLACK
6
CONTINUOUS
10
5.2071582283464561
20
-3.6271766141732282
11
5.2071582283464561
21
-3.6309261417322833
0
LINE
8
BLACK
6
CONTINUOUS
10
5.2071582283464561
20
-3.6309261417322833
11
5.2069801574803147
21
-3.6319360629921258
0
LINE
8
BLACK
6
CONTINUOUS
10
5.2069801574803147
20
-3.6319360629921258
11
5.2068666535433072
21
-3.6320712992125985
0
LINE
8
BLACK
6
CONTINUOUS
10
5.2068666535433072
20
-3.6320712992125985
11
5.2068464960629921
21
-3.6322466535433069
0
LINE
8
BLACK
6
CONTINUOUS
10
5.2068464960629921
20
-3.6322466535433069
11
5.2049717322834645
21
-3.635996181102362
0
LINE
8
BLACK
6
CONTINUOUS
10
5.2049717322834645
20
-3.635996181102362
11
5.2044457480314961
21
-3.6367052755905509
0
LINE
8
BLACK
6
CONTINUOUS
10
5.2044457480314961
20
-3.6367052755905509
11
5.2044185826771656
21
-3.6367636220472441
0
LINE
8
BLACK
6
CONTINUOUS
10
5.2044185826771656
20
-3.6367636220472441
11
5.2025437795275593
21
-3.6386383858267717
0
LINE
8
BLACK
6
CONTINUOUS
10
5.2025437795275593
20
-3.6386383858267717
11
5.2018207086614172
21
-3.6391446456692913
0
LINE
8
BLACK
6
CONTINUOUS
10
5.2018207086614172
20
-3.6391446456692913
11
5.2017764173228347
21
-3.6391914566929131
0
LINE
8
BLACK
6
CONTINUOUS
10
5.2017764173228347
20
-3.6391914566929131
11
5.1980268897637796
21
-3.6410662204724407
0
LINE
8
BLACK
6
CONTINUOUS
10
5.1980268897637796
20
-3.6410662204724407
11
5.1975384251968499
21
-3.6412114960629922
0
LINE
8
BLACK
6
CONTINUOUS
10
5.1975384251968499
20
-3.6412114960629922
11
5.1974225196850394
21
-3.6412898031496064
0
LINE
8
BLACK
6
CONTINUOUS
10
5.1974225196850394
20
-3.6412898031496064
11
5.1899234645669292
21
-3.6431645669291339
0
LINE
8
BLACK
6
CONTINUOUS
10
5.1899234645669292
20
-3.6431645669291339
11
5.1893355511811023
21
-3.6432060236220472
0
LINE
8
BLACK
6
CONTINUOUS
10
5.1893355511811023
20
-3.6432060236220472
11
5.1892073228346458
21
-3.6432527165354331
0
LINE
8
BLACK
6
CONTINUOUS
10
5.1892073228346458
20
-3.6432527165354331
11
5.179833503937008
21
-3.6432527165354331
0
LINE
8
BLACK
6
CONTINUOUS
10
5.179833503937008
20
-3.6432527165354331
11
5.1792531102362203
21
-3.6431503543307087
0
LINE
8
BLACK
6
CONTINUOUS
10
5.1792531102362203
20
-3.6431503543307087
11
5.1791173622047246
21
-3.6431645669291339
0
LINE
8
BLACK
6
CONTINUOUS
10
5.1791173622047246
20
-3.6431645669291339
11
5.1716183070866144
21
-3.6412898031496064
0
LINE
8
BLACK
6
CONTINUOUS
10
5.1716183070866144
20
-3.6412898031496064
11
5.1711528346456692
21
-3.6410822047244094
0
LINE
8
BLACK
6
CONTINUOUS
10
5.1711528346456692
20
-3.6410822047244094
11
5.1710139370078743
21
-3.6410662204724407
0
LINE
8
BLACK
6
CONTINUOUS
10
5.1710139370078743
20
-3.6410662204724407
11
5.1672644094488192
21
-3.6391914566929131
0
LINE
8
BLACK
6
CONTINUOUS
10
5.1672644094488192
20
-3.6391914566929131
11
5.1665553149606298
21
-3.6386655511811021
0
LINE
8
BLACK
6
CONTINUOUS
10
5.1665553149606298
20
-3.6386655511811021
11
5.1664970078740158
21
-3.6386383464566929
0
LINE
8
BLACK
6
CONTINUOUS
10
5.1664970078740158
20
-3.6386383464566929
11
5.1646222440944882
21
-3.6367635826771654
0
LINE
8
BLACK
6
CONTINUOUS
10
5.1646222440944882
20
-3.6367635826771654
11
5.1641159448818899
21
-3.636040472440945
0
LINE
8
BLACK
6
CONTINUOUS
10
5.1641159448818899
20
-3.636040472440945
11
5.1640691338582672
21
-3.635996181102362
0
LINE
8
BLACK
6
CONTINUOUS
10
5.1640691338582672
20
-3.635996181102362
11
5.1621943700787396
21
-3.6322466535433069
0
LINE
8
BLACK
6
CONTINUOUS
10
5.1621943700787396
20
-3.6322466535433069
11
5.1619020078740157
21
-3.6312637007874016
0
LINE
8
BLACK
6
CONTINUOUS
10
5.1619020078740157
20
-3.6312637007874016
11
5.1619429921259838
21
-3.6310920078740159
0
LINE
8
BLACK
6
CONTINUOUS
10
5.1619429921259838
20
-3.6310920078740159
11
5.1618826377952756
21
-3.6309261417322833
0
LINE
8
BLACK
6
CONTINUOUS
10
5.1618826377952756
20
-3.6309261417322833
11
5.1618826377952756
21
-3.6271766141732282
0
LINE
8
BLACK
6
CONTINUOUS
10
5.1618826377952756
20
-3.6271766141732282
11
5.162060708661417
21
-3.6261666929133858
0
LINE
8
BLACK
6
CONTINUOUS
10
5.162060708661417
20
-3.6261666929133858
11
5.1621741732283466
21
-3.6260314173228347
0
LINE
8
BLACK
6
CONTINUOUS
10
5.1621741732283466
20
-3.6260314173228347
11
5.1621943700787396
21
-3.6258561023622047
0
LINE
8
BLACK
6
CONTINUOUS
10
5.1621943700787396
20
-3.6258561023622047
11
5.1640691338582672
21
-3.6221065748031496
0
LINE
8
BLACK
6
CONTINUOUS
10
5.1640691338582672
20
-3.6221065748031496
11
5.164595039370079
21
-3.6213974803149607
0
LINE
8
BLACK
6
CONTINUOUS
10
5.164595039370079
20
-3.6213974803149607
11
5.1646222440944882
21
-3.6213391732283462
0
LINE
8
BLACK
6
CONTINUOUS
10
5.1646222440944882
20
-3.6213391732283462
11
5.1664970078740158
21
-3.6194644094488186
0
LINE
8
BLACK
6
CONTINUOUS
10
5.1664970078740158
20
-3.6194644094488186
11
5.167220078740157
21
-3.6189581102362203
0
LINE
8
BLACK
6
CONTINUOUS
10
5.167220078740157
20
-3.6189581102362203
11
5.1672644094488192
21
-3.6189112992125985
0
LINE
8
BLACK
6
CONTINUOUS
10
5.1672644094488192
20
-3.6189112992125985
11
5.1710139370078743
21
-3.6170365354330709
0
LINE
8
BLACK
6
CONTINUOUS
10
5.1710139370078743
20
-3.6170365354330709
11
5.1715023622047243
21
-3.616891220472441
0
LINE
8
BLACK
6
CONTINUOUS
10
5.1715023622047243
20
-3.616891220472441
11
5.1716183070866144
21
-3.6168129527559056
0
LINE
8
BLACK
6
CONTINUOUS
10
5.1716183070866144
20
-3.6168129527559056
11
5.1791173622047246
21
-3.6149381889763781
0
LINE
8
BLACK
6
CONTINUOUS
10
5.1791173622047246
20
-3.6149381889763781
11
5.1797052362204727
21
-3.6148966929133857
0
LINE
8
BLACK
6
CONTINUOUS
10
5.1797052362204727
20
-3.6148966929133857
11
5.179833503937008
21
-3.6148500393700789
0
LINE
8
BLACK
6
CONTINUOUS
10
5.179833503937008
20
-3.6148500393700789
11
5.1892073228346458
21
-3.6148500393700789
0
LINE
8
BLACK
6
CONTINUOUS
10
5.1892073228346458
20
-3.6148500393700789
11
5.1897876771653539
21
-3.6149523622047242
0
LINE
8
BLACK
6
CONTINUOUS
10
5.1733649999999995
20
-3.6224635433070866
11
5.1703340157480318
21
-3.6239790551181104
0
LINE
8
BLACK
6
CONTINUOUS
10
5.1703340157480318
20
-3.6239790551181104
11
5.1691368897637791
21
-3.6251761811023622
0
LINE
8
BLACK
6
CONTINUOUS
10
5.1691368897637791
20
-3.6251761811023622
11
5.1677881496062987
21
-3.6278736614173228
0
LINE
8
BLACK
6
CONTINUOUS
10
5.1677881496062987
20
-3.6278736614173228
11
5.1677881496062987
21
-3.6302290944881888
0
LINE
8
BLACK
6
CONTINUOUS
10
5.1677881496062987
20
-3.6302290944881888
11
5.1691368897637791
21
-3.6329265748031494
0
LINE
8
BLACK
6
CONTINUOUS
10
5.1691368897637791
20
-3.6329265748031494
11
5.1703340157480318
21
-3.6341237007874017
0
LINE
8
BLACK
6
CONTINUOUS
10
5.1703340157480318
20
-3.6341237007874017
11
5.1733649999999995
21
-3.6356391732283462
0
LINE
8
BLACK
6
CONTINUOUS
10
5.1733649999999995
20
-3.6356391732283462
11
5.1801970472440946
21
-3.6373472047244095
0
LINE
8
BLACK
6
CONTINUOUS
10
5.1801970472440946
20
-3.6373472047244095
11
5.1888437795275593
21
-3.6373472047244095
0
LINE
8
BLACK
6
CONTINUOUS
10
5.1888437795275593
20
-3.6373472047244095
11
5.1956758267716534
21
-3.6356391732283462
0
LINE
8
BLACK
6
CONTINUOUS
10
5.1956758267716534
20
-3.6356391732283462
11
5.1987068110236221
21
-3.6341236614173229
0
LINE
8
BLACK
6
CONTINUOUS
10
5.1987068110236221
20
-3.6341236614173229
11
5.1999039763779527
21
-3.6329265354330706
0
LINE
8
BLACK
6
CONTINUOUS
10
5.1999039763779527
20
-3.6329265354330706
11
5.201252716535433
21
-3.6302290944881888
0
LINE
8
BLACK
6
CONTINUOUS
10
5.201252716535433
20
-3.6302290944881888
11
5.201252716535433
21
-3.6278736614173228
0
LINE
8
BLACK
6
CONTINUOUS
10
5.201252716535433
20
-3.6278736614173228
11
5.1999039763779527
21
-3.6251761811023622
0
LINE
8
BLACK
6
CONTINUOUS
10
5.1999039763779527
20
-3.6251761811023622
11
5.1987068110236221
21
-3.6239790551181104
0
LINE
8
BLACK
6
CONTINUOUS
10
5.1987068110236221
20
-3.6239790551181104
11
5.1956758267716534
21
-3.6224635433070866
0
LINE
8
BLACK
6
CONTINUOUS
10
5.1956758267716534
20
-3.6224635433070866
11
5.1888437795275593
21
-3.6207555511811025
0
LINE
8
BLACK
6
CONTINUOUS
10
5.1888437795275593
20
-3.6207555511811025
11
5.1801970472440946
21
-3.6207555511811025
0
LINE
8
BLACK
6
CONTINUOUS
10
5.1801970472440946
20
-3.6207555511811025
11
5.1733649999999995
21
-3.6224635433070866
0
LINE
8
BLACK
6
CONTINUOUS
10
5.3784296062992123
20
-3.6055835826771654
11
5.3803044094488186
21
-3.6074583464566929
0
LINE
8
BLACK
6
CONTINUOUS
10
5.3803044094488186
20
-3.6074583464566929
11
5.3808107874015745
21
-3.6081814960629921
0
LINE
8
BLACK
6
CONTINUOUS
10
5.3808107874015745
20
-3.6081814960629921
11
5.3808575590551184
21
-3.6082257874015746
0
LINE
8
BLACK
6
CONTINUOUS
10
5.3808575590551184
20
-3.6082257874015746
11
5.382732322834646
21
-3.6119753149606297
0
LINE
8
BLACK
6
CONTINUOUS
10
5.382732322834646
20
-3.6119753149606297
11
5.3830246850393699
21
-3.6129582283464567
0
LINE
8
BLACK
6
CONTINUOUS
10
5.3830246850393699
20
-3.6129582283464567
11
5.382983661417323
21
-3.6131299212598424
0
LINE
8
BLACK
6
CONTINUOUS
10
5.382983661417323
20
-3.6131299212598424
11
5.38304405511811
21
-3.6132958267716533
0
LINE
8
BLACK
6
CONTINUOUS
10
5.38304405511811
20
-3.6132958267716533
11
5.38304405511811
21
-3.6226696456692911
0
LINE
8
BLACK
6
CONTINUOUS
10
5.38304405511811
20
-3.6226696456692911
11
5.3828659842519686
21
-3.623679566929134
0
LINE
8
BLACK
6
CONTINUOUS
10
5.3828659842519686
20
-3.623679566929134
11
5.3827524803149602
21
-3.6238148031496062
0
LINE
8
BLACK
6
CONTINUOUS
10
5.3827524803149602
20
-3.6238148031496062
11
5.382732322834646
21
-3.6239901574803151
0
LINE
8
BLACK
6
CONTINUOUS
10
5.382732322834646
20
-3.6239901574803151
11
5.3808575590551184
21
-3.6277396850393702
0
LINE
8
BLACK
6
CONTINUOUS
10
5.3808575590551184
20
-3.6277396850393702
11
5.3803315748031491
21
-3.6284487795275591
0
LINE
8
BLACK
6
CONTINUOUS
10
5.3803315748031491
20
-3.6284487795275591
11
5.3803044094488186
21
-3.6285071259842518
0
LINE
8
BLACK
6
CONTINUOUS
10
5.3803044094488186
20
-3.6285071259842518
11
5.3784296062992123
21
-3.6303818897637794
0
LINE
8
BLACK
6
CONTINUOUS
10
5.3784296062992123
20
-3.6303818897637794
11
5.3777065354330711
21
-3.630888149606299
0
LINE
8
BLACK
6
CONTINUOUS
10
5.3777065354330711
20
-3.630888149606299
11
5.3776622440944877
21
-3.6309349606299213
0
LINE
8
BLACK
6
CONTINUOUS
10
5.3776622440944877
20
-3.6309349606299213
11
5.3739127165354326
21
-3.6328097244094488
0
LINE
8
BLACK
6
CONTINUOUS
10
5.3739127165354326
20
-3.6328097244094488
11
5.3729297637795277
21
-3.6331020866141732
0
LINE
8
BLACK
6
CONTINUOUS
10
5.3729297637795277
20
-3.6331020866141732
11
5.3727580708661415
21
-3.6330610629921258
0
LINE
8
BLACK
6
CONTINUOUS
10
5.3727580708661415
20
-3.6330610629921258
11
5.372592204724409
21
-3.6331214566929133
0
LINE
8
BLACK
6
CONTINUOUS
10
5.372592204724409
20
-3.6331214566929133
11
5.3632183858267712
21
-3.6331214566929133
0
LINE
8
BLACK
6
CONTINUOUS
10
5.3632183858267712
20
-3.6331214566929133
11
5.3622084645669288
21
-3.6329433858267715
0
LINE
8
BLACK
6
CONTINUOUS
10
5.3622084645669288
20
-3.6329433858267715
11
5.3620731889763782
21
-3.6328298818897635
0
LINE
8
BLACK
6
CONTINUOUS
10
5.3620731889763782
20
-3.6328298818897635
11
5.3618978740157477
21
-3.6328097244094488
0
LINE
8
BLACK
6
CONTINUOUS
10
5.3618978740157477
20
-3.6328097244094488
11
5.3581483464566926
21
-3.6309349606299213
0
LINE
8
BLACK
6
CONTINUOUS
10
5.3581483464566926
20
-3.6309349606299213
11
5.3574392519685041
21
-3.6304090551181103
0
LINE
8
BLACK
6
CONTINUOUS
10
5.3574392519685041
20
-3.6304090551181103
11
5.3573809448818892
21
-3.6303818503937006
0
LINE
8
BLACK
6
CONTINUOUS
10
5.3573809448818892
20
-3.6303818503937006
11
5.3555061811023617
21
-3.6285070866141731
0
LINE
8
BLACK
6
CONTINUOUS
10
5.3555061811023617
20
-3.6285070866141731
11
5.3549998818897633
21
-3.6277839763779527
0
LINE
8
BLACK
6
CONTINUOUS
10
5.3549998818897633
20
-3.6277839763779527
11
5.3549530708661415
21
-3.6277396850393702
0
LINE
8
BLACK
6
CONTINUOUS
10
5.3549530708661415
20
-3.6277396850393702
11
5.3530783070866139
21
-3.6239901574803151
0
LINE
8
BLACK
6
CONTINUOUS
10
5.3530783070866139
20
-3.6239901574803151
11
5.35278594488189
21
-3.6230072047244093
0
LINE
8
BLACK
6
CONTINUOUS
10
5.35278594488189
20
-3.6230072047244093
11
5.3528269291338582
21
-3.6228355118110236
0
LINE
8
BLACK
6
CONTINUOUS
10
5.3528269291338582
20
-3.6228355118110236
11
5.3527665748031499
21
-3.6226696456692911
0
LINE
8
BLACK
6
CONTINUOUS
10
5.3527665748031499
20
-3.6226696456692911
11
5.3527665748031499
21
-3.6132958267716533
0
LINE
8
BLACK
6
CONTINUOUS
10
5.3527665748031499
20
-3.6132958267716533
11
5.3529446456692913
21
-3.6122859055118108
0
LINE
8
BLACK
6
CONTINUOUS
10
5.3529446456692913
20
-3.6122859055118108
11
5.35305811023622
21
-3.6121506299212598
0
LINE
8
BLACK
6
CONTINUOUS
10
5.35305811023622
20
-3.6121506299212598
11
5.3530783070866139
21
-3.6119753149606297
0
LINE
8
BLACK
6
CONTINUOUS
10
5.3530783070866139
20
-3.6119753149606297
11
5.3534452362204723
21
-3.6112413779527559
0
LINE
8
BLACK
6
CONTINUOUS
10
5.3534452362204723
20
-3.6112413779527559
11
5.3436739763779526
21
-3.6122185039370076
0
LINE
8
BLACK
6
CONTINUOUS
10
5.3436739763779526
20
-3.6122185039370076
11
5.3436739763779526
21
-3.6282939370078737
0
LINE
8
BLACK
6
CONTINUOUS
10
5.3436739763779526
20
-3.6282939370078737
11
5.3434959055118112
21
-3.6293038582677166
0
LINE
8
BLACK
6
CONTINUOUS
10
5.3434959055118112
20
-3.6293038582677166
11
5.342197598425197
21
-3.6308511023622048
0
LINE
8
BLACK
6
CONTINUOUS
10
5.342197598425197
20
-3.6308511023622048
11
5.3402084645669294
21
-3.6312018503937007
0
LINE
8
BLACK
6
CONTINUOUS
10
5.3402084645669294
20
-3.6312018503937007
11
5.3384592913385829
21
-3.6301919291338582
0
LINE
8
BLACK
6
CONTINUOUS
10
5.3384592913385829
20
-3.6301919291338582
11
5.3377684645669294
21
-3.6282939370078737
0
LINE
8
BLACK
6
CONTINUOUS
10
5.3377684645669294
20
-3.6282939370078737
11
5.3377684645669294
21
-3.6095462992125982
0
LINE
8
BLACK
6
CONTINUOUS
10
5.3377684645669294
20
-3.6095462992125982
11
5.3377955511811024
21
-3.6093924409448817
0
LINE
8
BLACK
6
CONTINUOUS
10
5.3377955511811024
20
-3.6093924409448817
11
5.3377767322834648
21
-3.609325433070866
0
LINE
8
BLACK
6
CONTINUOUS
10
5.3377767322834648
20
-3.609325433070866
11
5.3378270472440947
21
-3.6092138582677165
0
LINE
8
BLACK
6
CONTINUOUS
10
5.3378270472440947
20
-3.6092138582677165
11
5.3379465354330708
21
-3.6085363779527557
0
LINE
8
BLACK
6
CONTINUOUS
10
5.3379465354330708
20
-3.6085363779527557
11
5.3383496062992126
21
-3.6080559842519686
0
LINE
8
BLACK
6
CONTINUOUS
10
5.3383496062992126
20
-3.6080559842519686
11
5.3386075590551183
21
-3.6074844488188975
0
LINE
8
BLACK
6
CONTINUOUS
10
5.3386075590551183
20
-3.6074844488188975
11
5.3389794881889765
21
-3.6073053543307085
0
LINE
8
BLACK
6
CONTINUOUS
10
5.3389794881889765
20
-3.6073053543307085
11
5.339244842519685
21
-3.6069891338582676
0
LINE
8
BLACK
6
CONTINUOUS
10
5.339244842519685
20
-3.6069891338582676
11
5.3398623622047241
21
-3.6068802362204724
0
LINE
8
BLACK
6
CONTINUOUS
10
5.3398623622047241
20
-3.6068802362204724
11
5.3404274015748028
21
-3.6066081889763777
0
LINE
8
BLACK
6
CONTINUOUS
10
5.3404274015748028
20
-3.6066081889763777
11
5.3591750393700783
21
-3.6047334251968501
0
LINE
8
BLACK
6
CONTINUOUS
10
5.3591750393700783
20
-3.6047334251968501
11
5.3601976771653543
21
-3.6048101181102363
0
LINE
8
BLACK
6
CONTINUOUS
10
5.3601976771653543
20
-3.6048101181102363
11
5.3602137401574801
21
-3.604821062992126
0
LINE
8
BLACK
6
CONTINUOUS
10
5.3602137401574801
20
-3.604821062992126
11
5.3602330708661414
21
-3.6048194094488188
0
LINE
8
BLACK
6
CONTINUOUS
10
5.3602330708661414
20
-3.6048194094488188
11
5.3610448031496061
21
-3.6053877559055119
0
LINE
8
BLACK
6
CONTINUOUS
10
5.3610448031496061
20
-3.6053877559055119
11
5.3618664173228341
21
-3.6059480314960628
0
LINE
8
BLACK
6
CONTINUOUS
10
5.3618664173228341
20
-3.6059480314960628
11
5.3618716535433073
21
-3.6059667322834645
0
LINE
8
BLACK
6
CONTINUOUS
10
5.3618716535433073
20
-3.6059667322834645
11
5.3618876377952756
21
-3.6059779133858267
0
LINE
8
BLACK
6
CONTINUOUS
10
5.3618876377952756
20
-3.6059779133858267
11
5.3621445275590549
21
-3.6069368110236222
0
LINE
8
BLACK
6
CONTINUOUS
10
5.3621445275590549
20
-3.6069368110236222
11
5.3624133464566928
21
-3.6078924015748033
0
LINE
8
BLACK
6
CONTINUOUS
10
5.3624133464566928
20
-3.6078924015748033
11
5.3624053149606299
21
-3.6079101181102362
0
LINE
8
BLACK
6
CONTINUOUS
10
5.3624053149606299
20
-3.6079101181102362
11
5.3624103543307085
21
-3.607928897637795
0
LINE
8
BLACK
6
CONTINUOUS
10
5.3624103543307085
20
-3.607928897637795
11
5.3619914173228347
21
-3.608827244094488
0
LINE
8
BLACK
6
CONTINUOUS
10
5.3619914173228347
20
-3.608827244094488
11
5.3615825196850393
21
-3.6097333858267717
0
LINE
8
BLACK
6
CONTINUOUS
10
5.3615825196850393
20
-3.6097333858267717
11
5.3615649606299209
21
-3.6097418110236221
0
LINE
8
BLACK
6
CONTINUOUS
10
5.3615649606299209
20
-3.6097418110236221
11
5.3615567716535431
21
-3.6097594488188975
0
LINE
8
BLACK
6
CONTINUOUS
10
5.3615567716535431
20
-3.6097594488188975
11
5.3600208267716534
21
-3.6112953937007872
0
LINE
8
BLACK
6
CONTINUOUS
10
5.3600208267716534
20
-3.6112953937007872
11
5.358672086614173
21
-3.6139928740157479
0
LINE
8
BLACK
6
CONTINUOUS
10
5.358672086614173
20
-3.6139928740157479
11
5.358672086614173
21
-3.6219725984251969
0
LINE
8
BLACK
6
CONTINUOUS
10
5.358672086614173
20
-3.6219725984251969
11
5.3600208267716534
21
-3.6246700787401576
0
LINE
8
BLACK
6
CONTINUOUS
10
5.3600208267716534
20
-3.6246700787401576
11
5.3612179527559052
21
-3.6258672047244094
0
LINE
8
BLACK
6
CONTINUOUS
10
5.3612179527559052
20
-3.6258672047244094
11
5.3639154330708658
21
-3.6272159448818897
0
LINE
8
BLACK
6
CONTINUOUS
10
5.3639154330708658
20
-3.6272159448818897
11
5.3718951574803144
21
-3.6272159448818897
0
LINE
8
BLACK
6
CONTINUOUS
10
5.3718951574803144
20
-3.6272159448818897
11
5.3745926377952751
21
-3.6258671653543306
0
LINE
8
BLACK
6
CONTINUOUS
10
5.3745926377952751
20
-3.6258671653543306
11
5.3757898031496065
21
-3.6246700393700788
0
LINE
8
BLACK
6
CONTINUOUS
10
5.3757898031496065
20
-3.6246700393700788
11
5.3771385433070868
21
-3.6219725984251969
0
LINE
8
BLACK
6
CONTINUOUS
10
5.3771385433070868
20
-3.6219725984251969
11
5.3771385433070868
21
-3.6139928740157479
0
LINE
8
BLACK
6
CONTINUOUS
10
5.3771385433070868
20
-3.6139928740157479
11
5.3757898031496065
21
-3.6112953937007872
0
LINE
8
BLACK
6
CONTINUOUS
10
5.3757898031496065
20
-3.6112953937007872
11
5.3742538582677168
21
-3.6097594881889763
0
LINE
8
BLACK
6
CONTINUOUS
10
5.3742538582677168
20
-3.6097594881889763
11
5.37366562992126
21
-3.6089194488188974
0
LINE
8
BLACK
6
CONTINUOUS
10
5.37366562992126
20
-3.6089194488188974
11
5.373489566929134
21
-3.6069073228346458
0
LINE
8
BLACK
6
CONTINUOUS
10
5.373489566929134
20
-3.6069073228346458
11
5.3746480708661419
21
-3.6052527559055116
0
LINE
8
BLACK
6
CONTINUOUS
10
5.3746480708661419
20
-3.6052527559055116
11
5.3765990551181098
21
-3.6047300393700787
0
LINE
8
BLACK
6
CONTINUOUS
10
5.3765990551181098
20
-3.6047300393700787
11
5.3784296062992123
21
-3.6055835826771654
0
LINE
8
BLACK
6
CONTINUOUS
10
4.9225437795275591
20
-3.5969671653543305
11
4.9244185826771654
21
-3.598841929133858
0
LINE
8
BLACK
6
CONTINUOUS
10
4.9244185826771654
20
-3.598841929133858
11
4.9249249606299212
21
-3.5995650787401572
0
LINE
8
BLACK
6
CONTINUOUS
10
4.9249249606299212
20
-3.5995650787401572
11
4.9249717322834643
21
-3.5996093700787402
0
LINE
8
BLACK
6
CONTINUOUS
10
4.9249717322834643
20
-3.5996093700787402
11
4.9268464960629919
21
-3.6033588976377953
0
LINE
8
BLACK
6
CONTINUOUS
10
4.9268464960629919
20
-3.6033588976377953
11
4.9271388582677167
21
-3.6043418110236218
0
LINE
8
BLACK
6
CONTINUOUS
10
4.9271388582677167
20
-3.6043418110236218
11
4.9270978346456689
21
-3.604513503937008
0
LINE
8
BLACK
6
CONTINUOUS
10
4.9270978346456689
20
-3.604513503937008
11
4.9271582283464568
21
-3.6046794094488188
0
LINE
8
BLACK
6
CONTINUOUS
10
4.9271582283464568
20
-3.6046794094488188
11
4.9271582283464568
21
-3.6140532283464566
0
LINE
8
BLACK
6
CONTINUOUS
10
4.9271582283464568
20
-3.6140532283464566
11
4.9269801574803145
21
-3.615063149606299
0
LINE
8
BLACK
6
CONTINUOUS
10
4.9269801574803145
20
-3.615063149606299
11
4.926866653543307
21
-3.6151983858267718
0
LINE
8
BLACK
6
CONTINUOUS
10
4.926866653543307
20
-3.6151983858267718
11
4.9268464960629919
21
-3.6153737401574801
0
LINE
8
BLACK
6
CONTINUOUS
10
4.9268464960629919
20
-3.6153737401574801
11
4.9249717322834643
21
-3.6191232677165353
0
LINE
8
BLACK
6
CONTINUOUS
10
4.9249717322834643
20
-3.6191232677165353
11
4.9244457480314958
21
-3.6198323622047242
0
LINE
8
BLACK
6
CONTINUOUS
10
4.9244457480314958
20
-3.6198323622047242
11
4.9244185826771654
21
-3.6198907086614174
0
LINE
8
BLACK
6
CONTINUOUS
10
4.9244185826771654
20
-3.6198907086614174
11
4.9225437795275591
21
-3.6217654724409449
0
LINE
8
BLACK
6
CONTINUOUS
10
4.9225437795275591
20
-3.6217654724409449
11
4.921820708661417
21
-3.6222717322834646
0
LINE
8
BLACK
6
CONTINUOUS
10
4.921820708661417
20
-3.6222717322834646
11
4.9217764173228344
21
-3.6223185433070864
0
LINE
8
BLACK
6
CONTINUOUS
10
4.9217764173228344
20
-3.6223185433070864
11
4.9180268897637793
21
-3.6241933070866139
0
LINE
8
BLACK
6
CONTINUOUS
10
4.9180268897637793
20
-3.6241933070866139
11
4.9170439370078736
21
-3.6244856692913383
0
LINE
8
BLACK
6
CONTINUOUS
10
4.9170439370078736
20
-3.6244856692913383
11
4.9168722440944883
21
-3.6244446456692914
0
LINE
8
BLACK
6
CONTINUOUS
10
4.9168722440944883
20
-3.6244446456692914
11
4.9167063779527558
21
-3.6245050393700788
0
LINE
8
BLACK
6
CONTINUOUS
10
4.9167063779527558
20
-3.6245050393700788
11
4.907332559055118
21
-3.6245050393700788
0
LINE
8
BLACK
6
CONTINUOUS
10
4.907332559055118
20
-3.6245050393700788
11
4.9063226377952756
21
-3.624326968503937
0
LINE
8
BLACK
6
CONTINUOUS
10
4.9063226377952756
20
-3.624326968503937
11
4.9061873622047241
21
-3.6242134645669291
0
LINE
8
BLACK
6
CONTINUOUS
10
4.9061873622047241
20
-3.6242134645669291
11
4.9060120472440945
21
-3.6241933070866139
0
LINE
8
BLACK
6
CONTINUOUS
10
4.9060120472440945
20
-3.6241933070866139
11
4.9022625196850393
21
-3.6223185433070864
0
LINE
8
BLACK
6
CONTINUOUS
10
4.9022625196850393
20
-3.6223185433070864
11
4.90155342519685
21
-3.6217926377952754
0
LINE
8
BLACK
6
CONTINUOUS
10
4.90155342519685
20
-3.6217926377952754
11
4.901495118110236
21
-3.6217654330708662
0
LINE
8
BLACK
6
CONTINUOUS
10
4.901495118110236
20
-3.6217654330708662
11
4.8996203543307084
21
-3.6198906692913386
0
LINE
8
BLACK
6
CONTINUOUS
10
4.8996203543307084
20
-3.6198906692913386
11
4.89911405511811
21
-3.6191675590551182
0
LINE
8
BLACK
6
CONTINUOUS
10
4.89911405511811
20
-3.6191675590551182
11
4.8990672440944882
21
-3.6191232677165353
0
LINE
8
BLACK
6
CONTINUOUS
10
4.8990672440944882
20
-3.6191232677165353
11
4.8971924803149607
21
-3.6153737401574801
0
LINE
8
BLACK
6
CONTINUOUS
10
4.8971924803149607
20
-3.6153737401574801
11
4.8969001181102358
21
-3.6143907874015748
0
LINE
8
BLACK
6
CONTINUOUS
10
4.8969001181102358
20
-3.6143907874015748
11
4.8969411023622049
21
-3.6142190944881887
0
LINE
8
BLACK
6
CONTINUOUS
10
4.8969411023622049
20
-3.6142190944881887
11
4.8968807480314958
21
-3.6140532283464566
0
LINE
8
BLACK
6
CONTINUOUS
10
4.8968807480314958
20
-3.6140532283464566
11
4.8968807480314958
21
-3.6046794094488188
0
LINE
8
BLACK
6
CONTINUOUS
10
4.8968807480314958
20
-3.6046794094488188
11
4.8970588188976381
21
-3.6036694881889764
0
LINE
8
BLACK
6
CONTINUOUS
10
4.8970588188976381
20
-3.6036694881889764
11
4.8971722834645668
21
-3.6035342125984253
0
LINE
8
BLACK
6
CONTINUOUS
10
4.8971722834645668
20
-3.6035342125984253
11
4.8971924803149607
21
-3.6033588976377953
0
LINE
8
BLACK
6
CONTINUOUS
10
4.8971924803149607
20
-3.6033588976377953
11
4.8975594094488191
21
-3.602624960629921
0
LINE
8
BLACK
6
CONTINUOUS
10
4.8975594094488191
20
-3.602624960629921
11
4.8877881496062994
21
-3.6036020866141731
0
LINE
8
BLACK
6
CONTINUOUS
10
4.8877881496062994
20
-3.6036020866141731
11
4.8877881496062994
21
-3.6196775196850393
0
LINE
8
BLACK
6
CONTINUOUS
10
4.8877881496062994
20
-3.6196775196850393
11
4.8876100787401571
21
-3.6206874409448817
0
LINE
8
BLACK
6
CONTINUOUS
10
4.8876100787401571
20
-3.6206874409448817
11
4.8863117716535429
21
-3.6222346850393699
0
LINE
8
BLACK
6
CONTINUOUS
10
4.8863117716535429
20
-3.6222346850393699
11
4.8843226377952753
21
-3.6225854330708662
0
LINE
8
BLACK
6
CONTINUOUS
10
4.8843226377952753
20
-3.6225854330708662
11
4.8825734645669288
21
-3.6215755118110233
0
LINE
8
BLACK
6
CONTINUOUS
10
4.8825734645669288
20
-3.6215755118110233
11
4.8818826377952753
21
-3.6196775196850393
0
LINE
8
BLACK
6
CONTINUOUS
10
4.8818826377952753
20
-3.6196775196850393
11
4.8818826377952753
21
-3.6009298818897637
0
LINE
8
BLACK
6
CONTINUOUS
10
4.8818826377952753
20
-3.6009298818897637
11
4.8819097244094491
21
-3.6007760236220472
0
LINE
8
BLACK
6
CONTINUOUS
10
4.8819097244094491
20
-3.6007760236220472
11
4.8818909055118107
21
-3.6007090157480315
0
LINE
8
BLACK
6
CONTINUOUS
10
4.8818909055118107
20
-3.6007090157480315
11
4.8819412204724406
21
-3.600597440944882
0
LINE
8
BLACK
6
CONTINUOUS
10
4.8819412204724406
20
-3.600597440944882
11
4.8820607086614176
21
-3.5999199606299213
0
LINE
8
BLACK
6
CONTINUOUS
10
4.8820607086614176
20
-3.5999199606299213
11
4.8824637795275585
21
-3.5994395669291337
0
LINE
8
BLACK
6
CONTINUOUS
10
4.8824637795275585
20
-3.5994395669291337
11
4.8827217322834642
21
-3.598868031496063
0
LINE
8
BLACK
6
CONTINUOUS
10
4.8827217322834642
20
-3.598868031496063
11
4.8830936614173224
21
-3.5986889370078741
0
LINE
8
BLACK
6
CONTINUOUS
10
4.8830936614173224
20
-3.5986889370078741
11
4.8833590157480318
21
-3.5983727165354331
0
LINE
8
BLACK
6
CONTINUOUS
10
4.8833590157480318
20
-3.5983727165354331
11
4.8839765354330709
21
-3.5982638188976379
0
LINE
8
BLACK
6
CONTINUOUS
10
4.8839765354330709
20
-3.5982638188976379
11
4.8845415748031495
21
-3.5979917716535432
0
LINE
8
BLACK
6
CONTINUOUS
10
4.8845415748031495
20
-3.5979917716535432
11
4.9032892125984251
21
-3.5961170078740157
0
LINE
8
BLACK
6
CONTINUOUS
10
4.9032892125984251
20
-3.5961170078740157
11
4.9043118503937011
21
-3.5961937007874014
0
LINE
8
BLACK
6
CONTINUOUS
10
4.9043118503937011
20
-3.5961937007874014
11
4.9043279133858269
21
-3.5962046456692911
0
LINE
8
BLACK
6
CONTINUOUS
10
4.9043279133858269
20
-3.5962046456692911
11
4.9043472440944882
21
-3.5962029921259844
0
LINE
8
BLACK
6
CONTINUOUS
10
4.9043472440944882
20
-3.5962029921259844
11
4.9051589763779528
21
-3.5967713385826769
0
LINE
8
BLACK
6
CONTINUOUS
10
4.9051589763779528
20
-3.5967713385826769
11
4.9059805905511809
21
-3.5973316141732283
0
LINE
8
BLACK
6
CONTINUOUS
10
4.9059805905511809
20
-3.5973316141732283
11
4.9059858267716532
21
-3.5973503149606296
0
LINE
8
BLACK
6
CONTINUOUS
10
4.9059858267716532
20
-3.5973503149606296
11
4.9060018110236223
21
-3.5973614960629918
0
LINE
8
BLACK
6
CONTINUOUS
10
4.9060018110236223
20
-3.5973614960629918
11
4.9062587007874017
21
-3.5983203937007873
0
LINE
8
BLACK
6
CONTINUOUS
10
4.9062587007874017
20
-3.5983203937007873
11
4.9065275196850395
21
-3.5992759842519684
0
LINE
8
BLACK
6
CONTINUOUS
10
4.9065275196850395
20
-3.5992759842519684
11
4.9065194881889767
21
-3.5992937007874013
0
LINE
8
BLACK
6
CONTINUOUS
10
4.9065194881889767
20
-3.5992937007874013
11
4.9065245275590552
21
-3.5993124803149605
0
LINE
8
BLACK
6
CONTINUOUS
10
4.9065245275590552
20
-3.5993124803149605
11
4.9061055905511806
21
-3.6002108267716535
0
LINE
8
BLACK
6
CONTINUOUS
10
4.9061055905511806
20
-3.6002108267716535
11
4.9056966929133861
21
-3.6011169685039368
0
LINE
8
BLACK
6
CONTINUOUS
10
4.9056966929133861
20
-3.6011169685039368
11
4.9056791338582677
21
-3.6011253937007872
0
LINE
8
BLACK
6
CONTINUOUS
10
4.9056791338582677
20
-3.6011253937007872
11
4.9056709448818898
21
-3.6011430314960631
0
LINE
8
BLACK
6
CONTINUOUS
10
4.9056709448818898
20
-3.6011430314960631
11
4.9041350000000001
21
-3.6026789763779528
0
LINE
8
BLACK
6
CONTINUOUS
10
4.9041350000000001
20
-3.6026789763779528
11
4.9027862598425198
21
-3.6053764566929134
0
LINE
8
BLACK
6
CONTINUOUS
10
4.9027862598425198
20
-3.6053764566929134
11
4.9027862598425198
21
-3.613356181102362
0
LINE
8
BLACK
6
CONTINUOUS
10
4.9027862598425198
20
-3.613356181102362
11
4.9041350000000001
21
-3.6160536614173227
0
LINE
8
BLACK
6
CONTINUOUS
10
4.9041350000000001
20
-3.6160536614173227
11
4.9053321259842519
21
-3.6172507874015749
0
LINE
8
BLACK
6
CONTINUOUS
10
4.9053321259842519
20
-3.6172507874015749
11
4.9080296062992126
21
-3.6185995275590552
0
LINE
8
BLACK
6
CONTINUOUS
10
4.9080296062992126
20
-3.6185995275590552
11
4.9160093307086612
21
-3.6185995275590552
0
LINE
8
BLACK
6
CONTINUOUS
10
4.9160093307086612
20
-3.6185995275590552
11
4.9187068110236218
21
-3.6172507480314962
0
LINE
8
BLACK
6
CONTINUOUS
10
4.9187068110236218
20
-3.6172507480314962
11
4.9199039763779524
21
-3.6160536220472439
0
LINE
8
BLACK
6
CONTINUOUS
10
4.9199039763779524
20
-3.6160536220472439
11
4.9212527165354327
21
-3.613356181102362
0
LINE
8
BLACK
6
CONTINUOUS
10
4.9212527165354327
20
-3.613356181102362
11
4.9212527165354327
21
-3.6053764566929134
0
LINE
8
BLACK
6
CONTINUOUS
10
4.9212527165354327
20
-3.6053764566929134
11
4.9199039763779524
21
-3.6026789763779528
0
LINE
8
BLACK
6
CONTINUOUS
10
4.9199039763779524
20
-3.6026789763779528
11
4.9183680314960627
21
-3.6011430708661418
0
LINE
8
BLACK
6
CONTINUOUS
10
4.9183680314960627
20
-3.6011430708661418
11
4.9177798031496058
21
-3.6003030314960629
0
LINE
8
BLACK
6
CONTINUOUS
10
4.9177798031496058
20
-3.6003030314960629
11
4.9176037401574799
21
-3.5982909055118109
0
LINE
8
BLACK
6
CONTINUOUS
10
4.9176037401574799
20
-3.5982909055118109
11
4.9187622440944878
21
-3.5966363385826772
0
LINE
8
BLACK
6
CONTINUOUS
10
4.9187622440944878
20
-3.5966363385826772
11
4.9207132283464565
21
-3.5961136220472438
0
LINE
8
BLACK
6
CONTINUOUS
10
4.9207132283464565
20
-3.5961136220472438
11
4.9225437795275591
21
-3.5969671653543305
0
LINE
8
BLACK
6
CONTINUOUS
10
5.0625437795275587
20
-3.5969671653543305
11
5.064418582677165
21
-3.598841929133858
0
LINE
8
BLACK
6
CONTINUOUS
10
5.064418582677165
20
-3.598841929133858
11
5.0649249606299209
21
-3.5995650787401572
0
LINE
8
BLACK
6
CONTINUOUS
10
5.0649249606299209
20
-3.5995650787401572
11
5.0649717322834649
21
-3.5996093700787402
0
LINE
8
BLACK
6
CONTINUOUS
10
5.0649717322834649
20
-3.5996093700787402
11
5.0668464960629924
21
-3.6033588976377953
0
LINE
8
BLACK
6
CONTINUOUS
10
5.0668464960629924
20
-3.6033588976377953
11
5.0671388582677164
21
-3.6043418110236218
0
LINE
8
BLACK
6
CONTINUOUS
10
5.0671388582677164
20
-3.6043418110236218
11
5.0670978346456694
21
-3.604513503937008
0
LINE
8
BLACK
6
CONTINUOUS
10
5.0670978346456694
20
-3.604513503937008
11
5.0671582283464565
21
-3.6046794094488188
0
LINE
8
BLACK
6
CONTINUOUS
10
5.0671582283464565
20
-3.6046794094488188
11
5.0671582283464565
21
-3.6140532283464566
0
LINE
8
BLACK
6
CONTINUOUS
10
5.0671582283464565
20
-3.6140532283464566
11
5.0669801574803151
21
-3.615063149606299
0
LINE
8
BLACK
6
CONTINUOUS
10
5.0669801574803151
20
-3.615063149606299
11
5.0668666535433067
21
-3.6151983858267718
0
LINE
8
BLACK
6
CONTINUOUS
10
5.0668666535433067
20
-3.6151983858267718
11
5.0668464960629924
21
-3.6153737401574801
0
LINE
8
BLACK
6
CONTINUOUS
10
5.0668464960629924
20
-3.6153737401574801
11
5.0649717322834649
21
-3.6191232677165353
0
LINE
8
BLACK
6
CONTINUOUS
10
5.0649717322834649
20
-3.6191232677165353
11
5.0644457480314964
21
-3.6198323622047242
0
LINE
8
BLACK
6
CONTINUOUS
10
5.0644457480314964
20
-3.6198323622047242
11
5.064418582677165
21
-3.6198907086614174
0
LINE
8
BLACK
6
CONTINUOUS
10
5.064418582677165
20
-3.6198907086614174
11
5.0625437795275587
21
-3.6217654724409449
0
LINE
8
BLACK
6
CONTINUOUS
10
5.0625437795275587
20
-3.6217654724409449
11
5.0618207086614175
21
-3.6222717322834646
0
LINE
8
BLACK
6
CONTINUOUS
10
5.0618207086614175
20
-3.6222717322834646
11
5.0617764173228341
21
-3.6223185433070864
0
LINE
8
BLACK
6
CONTINUOUS
10
5.0617764173228341
20
-3.6223185433070864
11
5.058026889763779
21
-3.6241933070866139
0
LINE
8
BLACK
6
CONTINUOUS
10
5.058026889763779
20
-3.6241933070866139
11
5.0570439370078741
21
-3.6244856692913383
0
LINE
8
BLACK
6
CONTINUOUS
10
5.0570439370078741
20
-3.6244856692913383
11
5.056872244094488
21
-3.6244446456692914
0
LINE
8
BLACK
6
CONTINUOUS
10
5.056872244094488
20
-3.6244446456692914
11
5.0567063779527555
21
-3.6245050393700788
0
LINE
8
BLACK
6
CONTINUOUS
10
5.0567063779527555
20
-3.6245050393700788
11
5.0473325590551177
21
-3.6245050393700788
0
LINE
8
BLACK
6
CONTINUOUS
10
5.0473325590551177
20
-3.6245050393700788
11
5.0463226377952752
21
-3.624326968503937
0
LINE
8
BLACK
6
CONTINUOUS
10
5.0463226377952752
20
-3.624326968503937
11
5.0461873622047246
21
-3.6242134645669291
0
LINE
8
BLACK
6
CONTINUOUS
10
5.0461873622047246
20
-3.6242134645669291
11
5.0460120472440941
21
-3.6241933070866139
0
LINE
8
BLACK
6
CONTINUOUS
10
5.0460120472440941
20
-3.6241933070866139
11
5.042262519685039
21
-3.6223185433070864
0
LINE
8
BLACK
6
CONTINUOUS
10
5.042262519685039
20
-3.6223185433070864
11
5.0415534251968506
21
-3.6217926377952754
0
LINE
8
BLACK
6
CONTINUOUS
10
5.0415534251968506
20
-3.6217926377952754
11
5.0414951181102365
21
-3.6217654330708662
0
LINE
8
BLACK
6
CONTINUOUS
10
5.0414951181102365
20
-3.6217654330708662
11
5.039620354330709
21
-3.6198906692913386
0
LINE
8
BLACK
6
CONTINUOUS
10
5.039620354330709
20
-3.6198906692913386
11
5.0391140551181097
21
-3.6191675590551182
0
LINE
8
BLACK
6
CONTINUOUS
10
5.0391140551181097
20
-3.6191675590551182
11
5.0390672440944879
21
-3.6191232677165353
0
LINE
8
BLACK
6
CONTINUOUS
10
5.0390672440944879
20
-3.6191232677165353
11
5.0371924803149604
21
-3.6153737401574801
0
LINE
8
BLACK
6
CONTINUOUS
10
5.0371924803149604
20
-3.6153737401574801
11
5.0369001181102364
21
-3.6143907874015748
0
LINE
8
BLACK
6
CONTINUOUS
10
5.0369001181102364
20
-3.6143907874015748
11
5.0369411023622046
21
-3.6142190944881887
0
LINE
8
BLACK
6
CONTINUOUS
10
5.0369411023622046
20
-3.6142190944881887
11
5.0368807480314963
21
-3.6140532283464566
0
LINE
8
BLACK
6
CONTINUOUS
10
5.0368807480314963
20
-3.6140532283464566
11
5.0368807480314963
21
-3.6046794094488188
0
LINE
8
BLACK
6
CONTINUOUS
10
5.0368807480314963
20
-3.6046794094488188
11
5.0370588188976377
21
-3.6036694881889764
0
LINE
8
BLACK
6
CONTINUOUS
10
5.0370588188976377
20
-3.6036694881889764
11
5.0371722834645665
21
-3.6035342125984253
0
LINE
8
BLACK
6
CONTINUOUS
10
5.0371722834645665
20
-3.6035342125984253
11
5.0371924803149604
21
-3.6033588976377953
0
LINE
8
BLACK
6
CONTINUOUS
10
5.0371924803149604
20
-3.6033588976377953
11
5.0375594094488187
21
-3.602624960629921
0
LINE
8
BLACK
6
CONTINUOUS
10
5.0375594094488187
20
-3.602624960629921
11
5.0277881496062991
21
-3.6036020866141731
0
LINE
8
BLACK
6
CONTINUOUS
10
5.0277881496062991
20
-3.6036020866141731
11
5.0277881496062991
21
-3.6196775196850393
0
LINE
8
BLACK
6
CONTINUOUS
10
5.0277881496062991
20
-3.6196775196850393
11
5.0276100787401576
21
-3.6206874409448817
0
LINE
8
BLACK
6
CONTINUOUS
10
5.0276100787401576
20
-3.6206874409448817
11
5.0263117716535435
21
-3.6222346850393699
0
LINE
8
BLACK
6
CONTINUOUS
10
5.0263117716535435
20
-3.6222346850393699
11
5.0243226377952759
21
-3.6225854330708662
0
LINE
8
BLACK
6
CONTINUOUS
10
5.0243226377952759
20
-3.6225854330708662
11
5.0225734645669293
21
-3.6215755118110233
0
LINE
8
BLACK
6
CONTINUOUS
10
5.0225734645669293
20
-3.6215755118110233
11
5.0218826377952759
21
-3.6196775196850393
0
LINE
8
BLACK
6
CONTINUOUS
10
5.0218826377952759
20
-3.6196775196850393
11
5.0218826377952759
21
-3.6009298818897637
0
LINE
8
BLACK
6
CONTINUOUS
10
5.0218826377952759
20
-3.6009298818897637
11
5.0219097244094488
21
-3.6007760236220472
0
LINE
8
BLACK
6
CONTINUOUS
10
5.0219097244094488
20
-3.6007760236220472
11
5.0218909055118113
21
-3.6007090157480315
0
LINE
8
BLACK
6
CONTINUOUS
10
5.0218909055118113
20
-3.6007090157480315
11
5.0219412204724412
21
-3.600597440944882
0
LINE
8
BLACK
6
CONTINUOUS
10
5.0219412204724412
20
-3.600597440944882
11
5.0220607086614173
21
-3.5999199606299213
0
LINE
8
BLACK
6
CONTINUOUS
10
5.0220607086614173
20
-3.5999199606299213
11
5.0224637795275591
21
-3.5994395669291337
0
LINE
8
BLACK
6
CONTINUOUS
10
5.0224637795275591
20
-3.5994395669291337
11
5.0227217322834647
21
-3.598868031496063
0
LINE
8
BLACK
6
CONTINUOUS
10
5.0227217322834647
20
-3.598868031496063
11
5.0230936614173229
21
-3.5986889370078741
0
LINE
8
BLACK
6
CONTINUOUS
10
5.0230936614173229
20
-3.5986889370078741
11
5.0233590157480315
21
-3.5983727165354331
0
LINE
8
BLACK
6
CONTINUOUS
10
5.0233590157480315
20
-3.5983727165354331
11
5.0239765354330705
21
-3.5982638188976379
0
LINE
8
BLACK
6
CONTINUOUS
10
5.0239765354330705
20
-3.5982638188976379
11
5.0245415748031492
21
-3.5979917716535432
0
LINE
8
BLACK
6
CONTINUOUS
10
5.0245415748031492
20
-3.5979917716535432
11
5.0432892125984248
21
-3.5961170078740157
0
LINE
8
BLACK
6
CONTINUOUS
10
5.0432892125984248
20
-3.5961170078740157
11
5.0443118503937008
21
-3.5961937007874014
0
LINE
8
BLACK
6
CONTINUOUS
10
5.0443118503937008
20
-3.5961937007874014
11
5.0443279133858265
21
-3.5962046456692911
0
LINE
8
BLACK
6
CONTINUOUS
10
5.0443279133858265
20
-3.5962046456692911
11
5.0443472440944879
21
-3.5962029921259844
0
LINE
8
BLACK
6
CONTINUOUS
10
5.0443472440944879
20
-3.5962029921259844
11
5.0451589763779525
21
-3.5967713385826769
0
LINE
8
BLACK
6
CONTINUOUS
10
5.0451589763779525
20
-3.5967713385826769
11
5.0459805905511814
21
-3.5973316141732283
0
LINE
8
BLACK
6
CONTINUOUS
10
5.0459805905511814
20
-3.5973316141732283
11
5.0459858267716537
21
-3.5973503149606296
0
LINE
8
BLACK
6
CONTINUOUS
10
5.0459858267716537
20
-3.5973503149606296
11
5.046001811023622
21
-3.5973614960629918
0
LINE
8
BLACK
6
CONTINUOUS
10
5.046001811023622
20
-3.5973614960629918
11
5.0462587007874014
21
-3.5983203937007873
0
LINE
8
BLACK
6
CONTINUOUS
10
5.0462587007874014
20
-3.5983203937007873
11
5.0465275196850392
21
-3.5992759842519684
0
LINE
8
BLACK
6
CONTINUOUS
10
5.0465275196850392
20
-3.5992759842519684
11
5.0465194881889763
21
-3.5992937007874013
0
LINE
8
BLACK
6
CONTINUOUS
10
5.0465194881889763
20
-3.5992937007874013
11
5.0465245275590549
21
-3.5993124803149605
0
LINE
8
BLACK
6
CONTINUOUS
10
5.0465245275590549
20
-3.5993124803149605
11
5.0461055905511811
21
-3.6002108267716535
0
LINE
8
BLACK
6
CONTINUOUS
10
5.0461055905511811
20
-3.6002108267716535
11
5.0456966929133857
21
-3.6011169685039368
0
LINE
8
BLACK
6
CONTINUOUS
10
5.0456966929133857
20
-3.6011169685039368
11
5.0456791338582674
21
-3.6011253937007872
0
LINE
8
BLACK
6
CONTINUOUS
10
5.0456791338582674
20
-3.6011253937007872
11
5.0456709448818895
21
-3.6011430314960631
0
LINE
8
BLACK
6
CONTINUOUS
10
5.0456709448818895
20
-3.6011430314960631
11
5.0441349999999998
21
-3.6026789763779528
0
LINE
8
BLACK
6
CONTINUOUS
10
5.0441349999999998
20
-3.6026789763779528
11
5.0427862598425195
21
-3.6053764566929134
0
LINE
8
BLACK
6
CONTINUOUS
10
5.0427862598425195
20
-3.6053764566929134
11
5.0427862598425195
21
-3.613356181102362
0
LINE
8
BLACK
6
CONTINUOUS
10
5.0427862598425195
20
-3.613356181102362
11
5.0441349999999998
21
-3.6160536614173227
0
LINE
8
BLACK
6
CONTINUOUS
10
5.0441349999999998
20
-3.6160536614173227
11
5.0453321259842516
21
-3.6172507874015749
0
LINE
8
BLACK
6
CONTINUOUS
10
5.0453321259842516
20
-3.6172507874015749
11
5.0480296062992123
21
-3.6185995275590552
0
LINE
8
BLACK
6
CONTINUOUS
10
5.0480296062992123
20
-3.6185995275590552
11
5.0560093307086609
21
-3.6185995275590552
0
LINE
8
BLACK
6
CONTINUOUS
10
5.0560093307086609
20
-3.6185995275590552
11
5.0587068110236215
21
-3.6172507480314962
0
LINE
8
BLACK
6
CONTINUOUS
10
5.0587068110236215
20
-3.6172507480314962
11
5.059903976377953
21
-3.6160536220472439
0
LINE
8
BLACK
6
CONTINUOUS
10
5.059903976377953
20
-3.6160536220472439
11
5.0612527165354333
21
-3.613356181102362
0
LINE
8
BLACK
6
CONTINUOUS
10
5.0612527165354333
20
-3.613356181102362
11
5.0612527165354333
21
-3.6053764566929134
0
LINE
8
BLACK
6
CONTINUOUS
10
5.0612527165354333
20
-3.6053764566929134
11
5.059903976377953
21
-3.6026789763779528
0
LINE
8
BLACK
6
CONTINUOUS
10
5.059903976377953
20
-3.6026789763779528
11
5.0583680314960633
21
-3.6011430708661418
0
LINE
8
BLACK
6
CONTINUOUS
10
5.0583680314960633
20
-3.6011430708661418
11
5.0577798031496064
21
-3.6003030314960629
0
LINE
8
BLACK
6
CONTINUOUS
10
5.0577798031496064
20
-3.6003030314960629
11
5.0576037401574805
21
-3.5982909055118109
0
LINE
8
BLACK
6
CONTINUOUS
10
5.0576037401574805
20
-3.5982909055118109
11
5.0587622440944884
21
-3.5966363385826772
0
LINE
8
BLACK
6
CONTINUOUS
10
5.0587622440944884
20
-3.5966363385826772
11
5.0607132283464562
21
-3.5961136220472438
0
LINE
8
BLACK
6
CONTINUOUS
10
5.0607132283464562
20
-3.5961136220472438
11
5.0625437795275587
21
-3.5969671653543305
0
LINE
8
BLACK
6
CONTINUOUS
10
4.7825437795275594
20
-3.5782195275590549
11
4.7844185826771657
21
-3.5800942913385825
0
LINE
8
BLACK
6
CONTINUOUS
10
4.7844185826771657
20
-3.5800942913385825
11
4.7849249606299216
21
-3.5808174409448816
0
LINE
8
BLACK
6
CONTINUOUS
10
4.7849249606299216
20
-3.5808174409448816
11
4.7849717322834646
21
-3.5808617322834646
0
LINE
8
BLACK
6
CONTINUOUS
10
4.7849717322834646
20
-3.5808617322834646
11
4.7868464960629922
21
-3.5846112598425197
0
LINE
8
BLACK
6
CONTINUOUS
10
4.7868464960629922
20
-3.5846112598425197
11
4.7871388582677161
21
-3.5855941732283463
0
LINE
8
BLACK
6
CONTINUOUS
10
4.7871388582677161
20
-3.5855941732283463
11
4.7870978346456692
21
-3.585765866141732
0
LINE
8
BLACK
6
CONTINUOUS
10
4.7870978346456692
20
-3.585765866141732
11
4.7871582283464562
21
-3.5859317716535433
0
LINE
8
BLACK
6
CONTINUOUS
10
4.7871582283464562
20
-3.5859317716535433
11
4.7871582283464562
21
-3.595305590551181
0
LINE
8
BLACK
6
CONTINUOUS
10
4.7871582283464562
20
-3.595305590551181
11
4.7869801574803148
21
-3.5963155118110235
0
LINE
8
BLACK
6
CONTINUOUS
10
4.7869801574803148
20
-3.5963155118110235
11
4.7868666535433073
21
-3.5964507480314958
0
LINE
8
BLACK
6
CONTINUOUS
10
4.7868666535433073
20
-3.5964507480314958
11
4.7868464960629922
21
-3.5966261023622046
0
LINE
8
BLACK
6
CONTINUOUS
10
4.7868464960629922
20
-3.5966261023622046
11
4.7849717322834646
21
-3.6003756299212597
0
LINE
8
BLACK
6
CONTINUOUS
10
4.7849717322834646
20
-3.6003756299212597
11
4.7844457480314961
21
-3.6010847244094486
0
LINE
8
BLACK
6
CONTINUOUS
10
4.7844457480314961
20
-3.6010847244094486
11
4.7844185826771657
21
-3.6011430708661418
0
LINE
8
BLACK
6
CONTINUOUS
10
4.7844185826771657
20
-3.6011430708661418
11
4.7825437795275594
21
-3.6030178346456694
0
LINE
8
BLACK
6
CONTINUOUS
10
4.7825437795275594
20
-3.6030178346456694
11
4.7818207086614173
21
-3.603524094488189
0
LINE
8
BLACK
6
CONTINUOUS
10
4.7818207086614173
20
-3.603524094488189
11
4.7817764173228348
21
-3.6035709055118108
0
LINE
8
BLACK
6
CONTINUOUS
10
4.7817764173228348
20
-3.6035709055118108
11
4.7780268897637796
21
-3.6054456692913384
0
LINE
8
BLACK
6
CONTINUOUS
10
4.7780268897637796
20
-3.6054456692913384
11
4.7770439370078739
21
-3.6057380314960628
0
LINE
8
BLACK
6
CONTINUOUS
10
4.7770439370078739
20
-3.6057380314960628
11
4.7768722440944877
21
-3.6056970078740158
0
LINE
8
BLACK
6
CONTINUOUS
10
4.7768722440944877
20
-3.6056970078740158
11
4.7767063779527561
21
-3.6057574015748033
0
LINE
8
BLACK
6
CONTINUOUS
10
4.7767063779527561
20
-3.6057574015748033
11
4.7673325590551183
21
-3.6057574015748033
0
LINE
8
BLACK
6
CONTINUOUS
10
4.7673325590551183
20
-3.6057574015748033
11
4.7663226377952759
21
-3.6055793307086614
0
LINE
8
BLACK
6
CONTINUOUS
10
4.7663226377952759
20
-3.6055793307086614
11
4.7661873622047244
21
-3.6054658267716535
0
LINE
8
BLACK
6
CONTINUOUS
10
4.7661873622047244
20
-3.6054658267716535
11
4.7660120472440948
21
-3.6054456692913384
0
LINE
8
BLACK
6
CONTINUOUS
10
4.7660120472440948
20
-3.6054456692913384
11
4.7622625196850397
21
-3.6035709055118108
0
LINE
8
BLACK
6
CONTINUOUS
10
4.7622625196850397
20
-3.6035709055118108
11
4.7615534251968503
21
-3.6030449999999998
0
LINE
8
BLACK
6
CONTINUOUS
10
4.7615534251968503
20
-3.6030449999999998
11
4.7614951181102363
21
-3.6030177952755906
0
LINE
8
BLACK
6
CONTINUOUS
10
4.7614951181102363
20
-3.6030177952755906
11
4.7596203543307087
21
-3.6011430314960631
0
LINE
8
BLACK
6
CONTINUOUS
10
4.7596203543307087
20
-3.6011430314960631
11
4.7591140551181104
21
-3.6004199212598422
0
LINE
8
BLACK
6
CONTINUOUS
10
4.7591140551181104
20
-3.6004199212598422
11
4.7590672440944877
21
-3.6003756299212597
0
LINE
8
BLACK
6
CONTINUOUS
10
4.7590672440944877
20
-3.6003756299212597
11
4.7571924803149601
21
-3.5966261023622046
0
LINE
8
BLACK
6
CONTINUOUS
10
4.7571924803149601
20
-3.5966261023622046
11
4.7569001181102362
21
-3.5956431496062993
0
LINE
8
BLACK
6
CONTINUOUS
10
4.7569001181102362
20
-3.5956431496062993
11
4.7569411023622044
21
-3.5954714566929131
0
LINE
8
BLACK
6
CONTINUOUS
10
4.7569411023622044
20
-3.5954714566929131
11
4.7568807480314961
21
-3.595305590551181
0
LINE
8
BLACK
6
CONTINUOUS
10
4.7568807480314961
20
-3.595305590551181
11
4.7568807480314961
21
-3.5859317716535433
0
LINE
8
BLACK
6
CONTINUOUS
10
4.7568807480314961
20
-3.5859317716535433
11
4.7570588188976375
21
-3.5849218503937008
0
LINE
8
BLACK
6
CONTINUOUS
10
4.7570588188976375
20
-3.5849218503937008
11
4.7571722834645671
21
-3.5847865748031493
0
LINE
8
BLACK
6
CONTINUOUS
10
4.7571722834645671
20
-3.5847865748031493
11
4.7571924803149601
21
-3.5846112598425197
0
LINE
8
BLACK
6
CONTINUOUS
10
4.7571924803149601
20
-3.5846112598425197
11
4.7575594094488185
21
-3.5838773228346454
0
LINE
8
BLACK
6
CONTINUOUS
10
4.7575594094488185
20
-3.5838773228346454
11
4.7477881496062988
21
-3.5848544488188976
0
LINE
8
BLACK
6
CONTINUOUS
10
4.7477881496062988
20
-3.5848544488188976
11
4.7477881496062988
21
-3.6009298818897637
0
LINE
8
BLACK
6
CONTINUOUS
10
4.7477881496062988
20
-3.6009298818897637
11
4.7476100787401574
21
-3.6019398031496062
0
LINE
8
BLACK
6
CONTINUOUS
10
4.7476100787401574
20
-3.6019398031496062
11
4.7463117716535432
21
-3.6034870472440943
0
LINE
8
BLACK
6
CONTINUOUS
10
4.7463117716535432
20
-3.6034870472440943
11
4.7443226377952756
21
-3.6038377952755907
0
LINE
8
BLACK
6
CONTINUOUS
10
4.7443226377952756
20
-3.6038377952755907
11
4.7425734645669291
21
-3.6028278740157478
0
LINE
8
BLACK
6
CONTINUOUS
10
4.7425734645669291
20
-3.6028278740157478
11
4.7418826377952756
21
-3.6009298818897637
0
LINE
8
BLACK
6
CONTINUOUS
10
4.7418826377952756
20
-3.6009298818897637
11
4.7418826377952756
21
-3.5821822440944882
0
LINE
8
BLACK
6
CONTINUOUS
10
4.7418826377952756
20
-3.5821822440944882
11
4.7419097244094486
21
-3.5820283858267716
0
LINE
8
BLACK
6
CONTINUOUS
10
4.7419097244094486
20
-3.5820283858267716
11
4.741890905511811
21
-3.5819613779527559
0
LINE
8
BLACK
6
CONTINUOUS
10
4.741890905511811
20
-3.5819613779527559
11
4.7419412204724409
21
-3.5818498031496064
0
LINE
8
BLACK
6
CONTINUOUS
10
4.7419412204724409
20
-3.5818498031496064
11
4.742060708661417
21
-3.5811723228346457
0
LINE
8
BLACK
6
CONTINUOUS
10
4.742060708661417
20
-3.5811723228346457
11
4.7424637795275588
21
-3.5806919291338581
0
LINE
8
BLACK
6
CONTINUOUS
10
4.7424637795275588
20
-3.5806919291338581
11
4.7427217322834645
21
-3.5801203937007875
0
LINE
8
BLACK
6
CONTINUOUS
10
4.7427217322834645
20
-3.5801203937007875
11
4.7430936614173227
21
-3.5799412992125985
0
LINE
8
BLACK
6
CONTINUOUS
10
4.7430936614173227
20
-3.5799412992125985
11
4.7433590157480312
21
-3.5796250787401576
0
LINE
8
BLACK
6
CONTINUOUS
10
4.7433590157480312
20
-3.5796250787401576
11
4.7439765354330712
21
-3.5795161811023619
0
LINE
8
BLACK
6
CONTINUOUS
10
4.7439765354330712
20
-3.5795161811023619
11
4.7445415748031499
21
-3.5792441338582677
0
LINE
8
BLACK
6
CONTINUOUS
10
4.7445415748031499
20
-3.5792441338582677
11
4.7632892125984254
21
-3.5773693700787401
0
LINE
8
BLACK
6
CONTINUOUS
10
4.7632892125984254
20
-3.5773693700787401
11
4.7643118503937005
21
-3.5774460629921259
0
LINE
8
BLACK
6
CONTINUOUS
10
4.7643118503937005
20
-3.5774460629921259
11
4.7643279133858263
21
-3.5774570078740155
0
LINE
8
BLACK
6
CONTINUOUS
10
4.7643279133858263
20
-3.5774570078740155
11
4.7643472440944885
21
-3.5774553543307084
0
LINE
8
BLACK
6
CONTINUOUS
10
4.7643472440944885
20
-3.5774553543307084
11
4.7651589763779523
21
-3.5780237007874014
0
LINE
8
BLACK
6
CONTINUOUS
10
4.7651589763779523
20
-3.5780237007874014
11
4.7659805905511812
21
-3.5785839763779528
0
LINE
8
BLACK
6
CONTINUOUS
10
4.7659805905511812
20
-3.5785839763779528
11
4.7659858267716535
21
-3.5786026771653541
0
LINE
8
BLACK
6
CONTINUOUS
10
4.7659858267716535
20
-3.5786026771653541
11
4.7660018110236217
21
-3.5786138582677163
0
LINE
8
BLACK
6
CONTINUOUS
10
4.7660018110236217
20
-3.5786138582677163
11
4.7662587007874011
21
-3.5795727559055117
0
LINE
8
BLACK
6
CONTINUOUS
10
4.7662587007874011
20
-3.5795727559055117
11
4.766527519685039
21
-3.5805283464566928
0
LINE
8
BLACK
6
CONTINUOUS
10
4.766527519685039
20
-3.5805283464566928
11
4.7665194881889761
21
-3.5805460629921257
0
LINE
8
BLACK
6
CONTINUOUS
10
4.7665194881889761
20
-3.5805460629921257
11
4.7665245275590546
21
-3.580564842519685
0
LINE
8
BLACK
6
CONTINUOUS
10
4.7665245275590546
20
-3.580564842519685
11
4.7661055905511809
21
-3.5814631889763779
0
LINE
8
BLACK
6
CONTINUOUS
10
4.7661055905511809
20
-3.5814631889763779
11
4.7656966929133855
21
-3.5823693307086613
0
LINE
8
BLACK
6
CONTINUOUS
10
4.7656966929133855
20
-3.5823693307086613
11
4.765679133858268
21
-3.5823777559055117
0
LINE
8
BLACK
6
CONTINUOUS
10
4.765679133858268
20
-3.5823777559055117
11
4.7656709448818892
21
-3.5823953937007875
0
LINE
8
BLACK
6
CONTINUOUS
10
4.7656709448818892
20
-3.5823953937007875
11
4.7641349999999996
21
-3.5839313385826772
0
LINE
8
BLACK
6
CONTINUOUS
10
4.7641349999999996
20
-3.5839313385826772
11
4.7627862598425192
21
-3.5866288188976378
0
LINE
8
BLACK
6
CONTINUOUS
10
4.7627862598425192
20
-3.5866288188976378
11
4.7627862598425192
21
-3.5946085433070865
0
LINE
8
BLACK
6
CONTINUOUS
10
4.7627862598425192
20
-3.5946085433070865
11
4.7641349999999996
21
-3.5973060236220471
0
LINE
8
BLACK
6
CONTINUOUS
10
4.7641349999999996
20
-3.5973060236220471
11
4.7653321259842523
21
-3.5985031496062989
0
LINE
8
BLACK
6
CONTINUOUS
10
4.7653321259842523
20
-3.5985031496062989
11
4.7680296062992129
21
-3.5998518897637792
0
LINE
8
BLACK
6
CONTINUOUS
10
4.7680296062992129
20
-3.5998518897637792
11
4.7760093307086615
21
-3.5998518897637792
0
LINE
8
BLACK
6
CONTINUOUS
10
4.7760093307086615
20
-3.5998518897637792
11
4.7787068110236222
21
-3.5985031102362206
0
LINE
8
BLACK
6
CONTINUOUS
10
4.7787068110236222
20
-3.5985031102362206
11
4.7799039763779527
21
-3.5973059842519683
0
LINE
8
BLACK
6
CONTINUOUS
10
4.7799039763779527
20
-3.5973059842519683
11
4.781252716535433
21
-3.5946085433070865
0
LINE
8
BLACK
6
CONTINUOUS
10
4.781252716535433
20
-3.5946085433070865
11
4.781252716535433
21
-3.5866288188976378
0
LINE
8
BLACK
6
CONTINUOUS
10
4.781252716535433
20
-3.5866288188976378
11
4.7799039763779527
21
-3.5839313385826772
0
LINE
8
BLACK
6
CONTINUOUS
10
4.7799039763779527
20
-3.5839313385826772
11
4.778368031496063
21
-3.5823954330708663
0
LINE
8
BLACK
6
CONTINUOUS
10
4.778368031496063
20
-3.5823954330708663
11
4.7777798031496062
21
-3.5815553937007873
0
LINE
8
BLACK
6
CONTINUOUS
10
4.7777798031496062
20
-3.5815553937007873
11
4.7776037401574802
21
-3.5795432677165353
0
LINE
8
BLACK
6
CONTINUOUS
10
4.7776037401574802
20
-3.5795432677165353
11
4.7787622440944881
21
-3.5778887007874016
0
LINE
8
BLACK
6
CONTINUOUS
10
4.7787622440944881
20
-3.5778887007874016
11
4.7807132283464568
21
-3.5773659842519683
0
LINE
8
BLACK
6
CONTINUOUS
10
4.7807132283464568
20
-3.5773659842519683
11
4.7825437795275594
21
-3.5782195275590549
0
LINE
8
BLACK
6
CONTINUOUS
10
5.2025437795275593
20
-3.5782195275590549
11
5.2044185826771656
21
-3.5800942913385825
0
LINE
8
BLACK
6
CONTINUOUS
10
5.2044185826771656
20
-3.5800942913385825
11
5.2049249606299215
21
-3.5808174409448816
0
LINE
8
BLACK
6
CONTINUOUS
10
5.2049249606299215
20
-3.5808174409448816
11
5.2049717322834645
21
-3.5808617322834646
0
LINE
8
BLACK
6
CONTINUOUS
10
5.2049717322834645
20
-3.5808617322834646
11
5.2068464960629921
21
-3.5846112598425197
0
LINE
8
BLACK
6
CONTINUOUS
10
5.2068464960629921
20
-3.5846112598425197
11
5.2071388582677161
21
-3.5855941732283463
0
LINE
8
BLACK
6
CONTINUOUS
10
5.2071388582677161
20
-3.5855941732283463
11
5.2070978346456691
21
-3.585765866141732
0
LINE
8
BLACK
6
CONTINUOUS
10
5.2070978346456691
20
-3.585765866141732
11
5.2071582283464561
21
-3.5859317716535433
0
LINE
8
BLACK
6
CONTINUOUS
10
5.2071582283464561
20
-3.5859317716535433
11
5.2071582283464561
21
-3.595305590551181
0
LINE
8
BLACK
6
CONTINUOUS
10
5.2071582283464561
20
-3.595305590551181
11
5.2069801574803147
21
-3.5963155118110235
0
LINE
8
BLACK
6
CONTINUOUS
10
5.2069801574803147
20
-3.5963155118110235
11
5.2068666535433072
21
-3.5964507480314958
0
LINE
8
BLACK
6
CONTINUOUS
10
5.2068666535433072
20
-3.5964507480314958
11
5.2068464960629921
21
-3.5966261023622046
0
LINE
8
BLACK
6
CONTINUOUS
10
5.2068464960629921
20
-3.5966261023622046
11
5.2049717322834645
21
-3.6003756299212597
0
LINE
8
BLACK
6
CONTINUOUS
10
5.2049717322834645
20
-3.6003756299212597
11
5.2044457480314961
21
-3.6010847244094486
0
LINE
8
BLACK
6
CONTINUOUS
10
5.2044457480314961
20
-3.6010847244094486
11
5.2044185826771656
21
-3.6011430708661418
0
LINE
8
BLACK
6
CONTINUOUS
10
5.2044185826771656
20
-3.6011430708661418
11
5.2025437795275593
21
-3.6030178346456694
0
LINE
8
BLACK
6
CONTINUOUS
10
5.2025437795275593
20
-3.6030178346456694
11
5.2018207086614172
21
-3.603524094488189
0
LINE
8
BLACK
6
CONTINUOUS
10
5.2018207086614172
20
-3.603524094488189
11
5.2017764173228347
21
-3.6035709055118108
0
LINE
8
BLACK
6
CONTINUOUS
10
5.2017764173228347
20
-3.6035709055118108
11
5.1980268897637796
21
-3.6054456692913384
0
LINE
8
BLACK
6
CONTINUOUS
10
5.1980268897637796
20
-3.6054456692913384
11
5.1970439370078738
21
-3.6057380314960628
0
LINE
8
BLACK
6
CONTINUOUS
10
5.1970439370078738
20
-3.6057380314960628
11
5.1968722440944877
21
-3.6056970078740158
0
LINE
8
BLACK
6
CONTINUOUS
10
5.1968722440944877
20
-3.6056970078740158
11
5.196706377952756
21
-3.6057574015748033
0
LINE
8
BLACK
6
CONTINUOUS
10
5.196706377952756
20
-3.6057574015748033
11
5.1873325590551183
21
-3.6057574015748033
0
LINE
8
BLACK
6
CONTINUOUS
10
5.1873325590551183
20
-3.6057574015748033
11
5.1863226377952758
21
-3.6055793307086614
0
LINE
8
BLACK
6
CONTINUOUS
10
5.1863226377952758
20
-3.6055793307086614
11
5.1861873622047243
21
-3.6054658267716535
0
LINE
8
BLACK
6
CONTINUOUS
10
5.1861873622047243
20
-3.6054658267716535
11
5.1860120472440947
21
-3.6054456692913384
0
LINE
8
BLACK
6
CONTINUOUS
10
5.1860120472440947
20
-3.6054456692913384
11
5.1822625196850396
21
-3.6035709055118108
0
LINE
8
BLACK
6
CONTINUOUS
10
5.1822625196850396
20
-3.6035709055118108
11
5.1815534251968502
21
-3.6030449999999998
0
LINE
8
BLACK
6
CONTINUOUS
10
5.1815534251968502
20
-3.6030449999999998
11
5.1814951181102362
21
-3.6030177952755906
0
LINE
8
BLACK
6
CONTINUOUS
10
5.1814951181102362
20
-3.6030177952755906
11
5.1796203543307087
21
-3.6011430314960631
0
LINE
8
BLACK
6
CONTINUOUS
10
5.1796203543307087
20
-3.6011430314960631
11
5.1791140551181103
21
-3.6004199212598422
0
LINE
8
BLACK
6
CONTINUOUS
10
5.1791140551181103
20
-3.6004199212598422
11
5.1790672440944885
21
-3.6003756299212597
0
LINE
8
BLACK
6
CONTINUOUS
10
5.1790672440944885
20
-3.6003756299212597
11
5.1771924803149609
21
-3.5966261023622046
0
LINE
8
BLACK
6
CONTINUOUS
10
5.1771924803149609
20
-3.5966261023622046
11
5.1769001181102361
21
-3.5956431496062993
0
LINE
8
BLACK
6
CONTINUOUS
10
5.1769001181102361
20
-3.5956431496062993
11
5.1769411023622043
21
-3.5954714566929131
0
LINE
8
BLACK
6
CONTINUOUS
10
5.1769411023622043
20
-3.5954714566929131
11
5.176880748031496
21
-3.595305590551181
0
LINE
8
BLACK
6
CONTINUOUS
10
5.176880748031496
20
-3.595305590551181
11
5.176880748031496
21
-3.5859317716535433
0
LINE
8
BLACK
6
CONTINUOUS
10
5.176880748031496
20
-3.5859317716535433
11
5.1770588188976374
21
-3.5849218503937008
0
LINE
8
BLACK
6
CONTINUOUS
10
5.1770588188976374
20
-3.5849218503937008
11
5.177172283464567
21
-3.5847865748031493
0
LINE
8
BLACK
6
CONTINUOUS
10
5.177172283464567
20
-3.5847865748031493
11
5.1771924803149609
21
-3.5846112598425197
0
LINE
8
BLACK
6
CONTINUOUS
10
5.1771924803149609
20
-3.5846112598425197
11
5.1775594094488184
21
-3.5838773228346454
0
LINE
8
BLACK
6
CONTINUOUS
10
5.1775594094488184
20
-3.5838773228346454
11
5.1677881496062987
21
-3.5848544488188976
0
LINE
8
BLACK
6
CONTINUOUS
10
5.1677881496062987
20
-3.5848544488188976
11
5.1677881496062987
21
-3.6009298818897637
0
LINE
8
BLACK
6
CONTINUOUS
10
5.1677881496062987
20
-3.6009298818897637
11
5.1676100787401573
21
-3.6019398031496062
0
LINE
8
BLACK
6
CONTINUOUS
10
5.1676100787401573
20
-3.6019398031496062
11
5.1663117716535432
21
-3.6034870472440943
0
LINE
8
BLACK
6
CONTINUOUS
10
5.1663117716535432
20
-3.6034870472440943
11
5.1643226377952756
21
-3.6038377952755907
0
LINE
8
BLACK
6
CONTINUOUS
10
5.1643226377952756
20
-3.6038377952755907
11
5.162573464566929
21
-3.6028278740157478
0
LINE
8
BLACK
6
CONTINUOUS
10
5.162573464566929
20
-3.6028278740157478
11
5.1618826377952756
21
-3.6009298818897637
0
LINE
8
BLACK
6
CONTINUOUS
10
5.1618826377952756
20
-3.6009298818897637
11
5.1618826377952756
21
-3.5821822440944882
0
LINE
8
BLACK
6
CONTINUOUS
10
5.1618826377952756
20
-3.5821822440944882
11
5.1619097244094485
21
-3.5820283858267716
0
LINE
8
BLACK
6
CONTINUOUS
10
5.1619097244094485
20
-3.5820283858267716
11
5.161890905511811
21
-3.5819613779527559
0
LINE
8
BLACK
6
CONTINUOUS
10
5.161890905511811
20
-3.5819613779527559
11
5.1619412204724409
21
-3.5818498031496064
0
LINE
8
BLACK
6
CONTINUOUS
10
5.1619412204724409
20
-3.5818498031496064
11
5.162060708661417
21
-3.5811723228346457
0
LINE
8
BLACK
6
CONTINUOUS
10
5.162060708661417
20
-3.5811723228346457
11
5.1624637795275587
21
-3.5806919291338581
0
LINE
8
BLACK
6
CONTINUOUS
10
5.1624637795275587
20
-3.5806919291338581
11
5.1627217322834644
21
-3.5801203937007875
0
LINE
8
BLACK
6
CONTINUOUS
10
5.1627217322834644
20
-3.5801203937007875
11
5.1630936614173226
21
-3.5799412992125985
0
LINE
8
BLACK
6
CONTINUOUS
10
5.1630936614173226
20
-3.5799412992125985
11
5.1633590157480311
21
-3.5796250787401576
0
LINE
8
BLACK
6
CONTINUOUS
10
5.1633590157480311
20
-3.5796250787401576
11
5.1639765354330711
21
-3.5795161811023619
0
LINE
8
BLACK
6
CONTINUOUS
10
5.1639765354330711
20
-3.5795161811023619
11
5.1645415748031498
21
-3.5792441338582677
0
LINE
8
BLACK
6
CONTINUOUS
10
5.1645415748031498
20
-3.5792441338582677
11
5.1832892125984253
21
-3.5773693700787401
0
LINE
8
BLACK
6
CONTINUOUS
10
5.1832892125984253
20
-3.5773693700787401
11
5.1843118503937005
21
-3.5774460629921259
0
LINE
8
BLACK
6
CONTINUOUS
10
5.1843118503937005
20
-3.5774460629921259
11
5.1843279133858262
21
-3.5774570078740155
0
LINE
8
BLACK
6
CONTINUOUS
10
5.1843279133858262
20
-3.5774570078740155
11
5.1843472440944884
21
-3.5774553543307084
0
LINE
8
BLACK
6
CONTINUOUS
10
5.1843472440944884
20
-3.5774553543307084
11
5.1851589763779522
21
-3.5780237007874014
0
LINE
8
BLACK
6
CONTINUOUS
10
5.1851589763779522
20
-3.5780237007874014
11
5.1859805905511811
21
-3.5785839763779528
0
LINE
8
BLACK
6
CONTINUOUS
10
5.1859805905511811
20
-3.5785839763779528
11
5.1859858267716534
21
-3.5786026771653541
0
LINE
8
BLACK
6
CONTINUOUS
10
5.1859858267716534
20
-3.5786026771653541
11
5.1860018110236217
21
-3.5786138582677163
0
LINE
8
BLACK
6
CONTINUOUS
10
5.1860018110236217
20
-3.5786138582677163
11
5.186258700787401
21
-3.5795727559055117
0
LINE
8
BLACK
6
CONTINUOUS
10
5.186258700787401
20
-3.5795727559055117
11
5.1865275196850389
21
-3.5805283464566928
0
LINE
8
BLACK
6
CONTINUOUS
10
5.1865275196850389
20
-3.5805283464566928
11
5.186519488188976
21
-3.5805460629921257
0
LINE
8
BLACK
6
CONTINUOUS
10
5.186519488188976
20
-3.5805460629921257
11
5.1865245275590546
21
-3.580564842519685
0
LINE
8
BLACK
6
CONTINUOUS
10
5.1865245275590546
20
-3.580564842519685
11
5.1861055905511808
21
-3.5814631889763779
0
LINE
8
BLACK
6
CONTINUOUS
10
5.1861055905511808
20
-3.5814631889763779
11
5.1856966929133854
21
-3.5823693307086613
0
LINE
8
BLACK
6
CONTINUOUS
10
5.1856966929133854
20
-3.5823693307086613
11
5.185679133858268
21
-3.5823777559055117
0
LINE
8
BLACK
6
CONTINUOUS
10
5.185679133858268
20
-3.5823777559055117
11
5.1856709448818901
21
-3.5823953937007875
0
LINE
8
BLACK
6
CONTINUOUS
10
5.1856709448818901
20
-3.5823953937007875
11
5.1841349999999995
21
-3.5839313385826772
0
LINE
8
BLACK
6
CONTINUOUS
10
5.1841349999999995
20
-3.5839313385826772
11
5.1827862598425192
21
-3.5866288188976378
0
LINE
8
BLACK
6
CONTINUOUS
10
5.1827862598425192
20
-3.5866288188976378
11
5.1827862598425192
21
-3.5946085433070865
0
LINE
8
BLACK
6
CONTINUOUS
10
5.1827862598425192
20
-3.5946085433070865
11
5.1841349999999995
21
-3.5973060236220471
0
LINE
8
BLACK
6
CONTINUOUS
10
5.1841349999999995
20
-3.5973060236220471
11
5.1853321259842522
21
-3.5985031496062989
0
LINE
8
BLACK
6
CONTINUOUS
10
5.1853321259842522
20
-3.5985031496062989
11
5.1880296062992128
21
-3.5998518897637792
0
LINE
8
BLACK
6
CONTINUOUS
10
5.1880296062992128
20
-3.5998518897637792
11
5.1960093307086614
21
-3.5998518897637792
0
LINE
8
BLACK
6
CONTINUOUS
10
5.1960093307086614
20
-3.5998518897637792
11
5.1987068110236221
21
-3.5985031102362206
0
LINE
8
BLACK
6
CONTINUOUS
10
5.1987068110236221
20
-3.5985031102362206
11
5.1999039763779527
21
-3.5973059842519683
0
LINE
8
BLACK
6
CONTINUOUS
10
5.1999039763779527
20
-3.5973059842519683
11
5.201252716535433
21
-3.5946085433070865
0
LINE
8
BLACK
6
CONTINUOUS
10
5.201252716535433
20
-3.5946085433070865
11
5.201252716535433
21
-3.5866288188976378
0
LINE
8
BLACK
6
CONTINUOUS
10
5.201252716535433
20
-3.5866288188976378
11
5.1999039763779527
21
-3.5839313385826772
0
LINE
8
BLACK
6
CONTINUOUS
10
5.1999039763779527
20
-3.5839313385826772
11
5.198368031496063
21
-3.5823954330708663
0
LINE
8
BLACK
6
CONTINUOUS
10
5.198368031496063
20
-3.5823954330708663
11
5.1977798031496061
21
-3.5815553937007873
0
LINE
8
BLACK
6
CONTINUOUS
10
5.1977798031496061
20
-3.5815553937007873
11
5.1976037401574802
21
-3.5795432677165353
0
LINE
8
BLACK
6
CONTINUOUS
10
5.1976037401574802
20
-3.5795432677165353
11
5.1987622440944881
21
-3.5778887007874016
0
LINE
8
BLACK
6
CONTINUOUS
10
5.1987622440944881
20
-3.5778887007874016
11
5.2007132283464568
21
-3.5773659842519683
0
LINE
8
BLACK
6
CONTINUOUS
10
5.2007132283464568
20
-3.5773659842519683
11
5.2025437795275593
21
-3.5782195275590549
0
LINE
8
BLACK
6
CONTINUOUS
10
5.3656735039370078
20
-3.5673257874015749
11
5.3658092913385822
21
-3.5673116141732284
0
LINE
8
BLACK
6
CONTINUOUS
10
5.3658092913385822
20
-3.5673116141732284
11
5.3733083464566924
21
-3.569186377952756
0
LINE
8
BLACK
6
CONTINUOUS
10
5.3733083464566924
20
-3.569186377952756
11
5.3737737795275589
21
-3.5693939370078738
0
LINE
8
BLACK
6
CONTINUOUS
10
5.3737737795275589
20
-3.5693939370078738
11
5.3739127165354326
21
-3.5694099606299212
0
LINE
8
BLACK
6
CONTINUOUS
10
5.3739127165354326
20
-3.5694099606299212
11
5.3776622440944877
21
-3.5712847244094488
0
LINE
8
BLACK
6
CONTINUOUS
10
5.3776622440944877
20
-3.5712847244094488
11
5.3783712204724408
21
-3.5718105511811022
0
LINE
8
BLACK
6
CONTINUOUS
10
5.3783712204724408
20
-3.5718105511811022
11
5.3784296062992123
21
-3.5718377952755906
0
LINE
8
BLACK
6
CONTINUOUS
10
5.3784296062992123
20
-3.5718377952755906
11
5.3803044094488186
21
-3.5737125590551182
0
LINE
8
BLACK
6
CONTINUOUS
10
5.3803044094488186
20
-3.5737125590551182
11
5.3808107874015745
21
-3.5744357086614174
0
LINE
8
BLACK
6
CONTINUOUS
10
5.3808107874015745
20
-3.5744357086614174
11
5.3808575590551184
21
-3.5744799999999999
0
LINE
8
BLACK
6
CONTINUOUS
10
5.3808575590551184
20
-3.5744799999999999
11
5.382732322834646
21
-3.578229527559055
0
LINE
8
BLACK
6
CONTINUOUS
10
5.382732322834646
20
-3.578229527559055
11
5.3830246850393699
21
-3.579212440944882
0
LINE
8
BLACK
6
CONTINUOUS
10
5.3830246850393699
20
-3.579212440944882
11
5.382983661417323
21
-3.5793841338582677
0
LINE
8
BLACK
6
CONTINUOUS
10
5.382983661417323
20
-3.5793841338582677
11
5.38304405511811
21
-3.5795500393700785
0
LINE
8
BLACK
6
CONTINUOUS
10
5.38304405511811
20
-3.5795500393700785
11
5.38304405511811
21
-3.5832995669291337
0
LINE
8
BLACK
6
CONTINUOUS
10
5.38304405511811
20
-3.5832995669291337
11
5.3828659842519686
21
-3.5843094881889761
0
LINE
8
BLACK
6
CONTINUOUS
10
5.3828659842519686
20
-3.5843094881889761
11
5.3827524803149602
21
-3.5844447244094488
0
LINE
8
BLACK
6
CONTINUOUS
10
5.3827524803149602
20
-3.5844447244094488
11
5.382732322834646
21
-3.5846200787401572
0
LINE
8
BLACK
6
CONTINUOUS
10
5.382732322834646
20
-3.5846200787401572
11
5.3808575590551184
21
-3.5883696062992123
0
LINE
8
BLACK
6
CONTINUOUS
10
5.3808575590551184
20
-3.5883696062992123
11
5.3803315748031491
21
-3.5890787007874017
0
LINE
8
BLACK
6
CONTINUOUS
10
5.3803315748031491
20
-3.5890787007874017
11
5.3803044094488186
21
-3.5891370472440944
0
LINE
8
BLACK
6
CONTINUOUS
10
5.3803044094488186
20
-3.5891370472440944
11
5.3784296062992123
21
-3.591011811023622
0
LINE
8
BLACK
6
CONTINUOUS
10
5.3784296062992123
20
-3.591011811023622
11
5.3777065354330711
21
-3.5915180708661416
0
LINE
8
BLACK
6
CONTINUOUS
10
5.3777065354330711
20
-3.5915180708661416
11
5.3776622440944877
21
-3.5915648818897639
0
LINE
8
BLACK
6
CONTINUOUS
10
5.3776622440944877
20
-3.5915648818897639
11
5.3739127165354326
21
-3.5934396456692914
0
LINE
8
BLACK
6
CONTINUOUS
10
5.3739127165354326
20
-3.5934396456692914
11
5.3734242519685038
21
-3.5935849212598425
0
LINE
8
BLACK
6
CONTINUOUS
10
5.3734242519685038
20
-3.5935849212598425
11
5.3733083464566924
21
-3.5936632283464567
0
LINE
8
BLACK
6
CONTINUOUS
10
5.3733083464566924
20
-3.5936632283464567
11
5.3658092913385822
21
-3.5955379921259842
0
LINE
8
BLACK
6
CONTINUOUS
10
5.3658092913385822
20
-3.5955379921259842
11
5.3652213779527562
21
-3.5955794488188975
0
LINE
8
BLACK
6
CONTINUOUS
10
5.3652213779527562
20
-3.5955794488188975
11
5.3650931496062988
21
-3.5956261417322835
0
LINE
8
BLACK
6
CONTINUOUS
10
5.3650931496062988
20
-3.5956261417322835
11
5.355719330708661
21
-3.5956261417322835
0
LINE
8
BLACK
6
CONTINUOUS
10
5.355719330708661
20
-3.5956261417322835
11
5.3551389370078741
21
-3.595523779527559
0
LINE
8
BLACK
6
CONTINUOUS
10
5.3551389370078741
20
-3.595523779527559
11
5.3550031889763776
21
-3.5955379921259842
0
LINE
8
BLACK
6
CONTINUOUS
10
5.3550031889763776
20
-3.5955379921259842
11
5.3475041338582674
21
-3.5936632283464567
0
LINE
8
BLACK
6
CONTINUOUS
10
5.3475041338582674
20
-3.5936632283464567
11
5.3470386614173231
21
-3.5934556299212597
0
LINE
8
BLACK
6
CONTINUOUS
10
5.3470386614173231
20
-3.5934556299212597
11
5.3468997637795272
21
-3.5934396456692914
0
LINE
8
BLACK
6
CONTINUOUS
10
5.3468997637795272
20
-3.5934396456692914
11
5.3431502362204721
21
-3.5915648818897639
0
LINE
8
BLACK
6
CONTINUOUS
10
5.3431502362204721
20
-3.5915648818897639
11
5.3424411417322837
21
-3.5910389763779529
0
LINE
8
BLACK
6
CONTINUOUS
10
5.3424411417322837
20
-3.5910389763779529
11
5.3423828346456688
21
-3.5910117716535432
0
LINE
8
BLACK
6
CONTINUOUS
10
5.3423828346456688
20
-3.5910117716535432
11
5.3405080708661412
21
-3.5891370078740157
0
LINE
8
BLACK
6
CONTINUOUS
10
5.3405080708661412
20
-3.5891370078740157
11
5.3400017716535428
21
-3.5884138976377953
0
LINE
8
BLACK
6
CONTINUOUS
10
5.3400017716535428
20
-3.5884138976377953
11
5.339954960629921
21
-3.5883696062992123
0
LINE
8
BLACK
6
CONTINUOUS
10
5.339954960629921
20
-3.5883696062992123
11
5.3380801968503935
21
-3.5846200787401572
0
LINE
8
BLACK
6
CONTINUOUS
10
5.3380801968503935
20
-3.5846200787401572
11
5.3377878346456695
21
-3.5836371259842519
0
LINE
8
BLACK
6
CONTINUOUS
10
5.3377878346456695
20
-3.5836371259842519
11
5.3378288188976377
21
-3.5834654330708662
0
LINE
8
BLACK
6
CONTINUOUS
10
5.3378288188976377
20
-3.5834654330708662
11
5.3377684645669294
21
-3.5832995669291337
0
LINE
8
BLACK
6
CONTINUOUS
10
5.3377684645669294
20
-3.5832995669291337
11
5.3377684645669294
21
-3.5795500393700785
0
LINE
8
BLACK
6
CONTINUOUS
10
5.3377684645669294
20
-3.5795500393700785
11
5.3379465354330708
21
-3.5785401181102361
0
LINE
8
BLACK
6
CONTINUOUS
10
5.3379465354330708
20
-3.5785401181102361
11
5.3380599999999996
21
-3.578404842519685
0
LINE
8
BLACK
6
CONTINUOUS
10
5.3380599999999996
20
-3.578404842519685
11
5.3380801968503935
21
-3.578229527559055
0
LINE
8
BLACK
6
CONTINUOUS
10
5.3380801968503935
20
-3.578229527559055
11
5.339954960629921
21
-3.5744799999999999
0
LINE
8
BLACK
6
CONTINUOUS
10
5.339954960629921
20
-3.5744799999999999
11
5.340480866141732
21
-3.573770905511811
0
LINE
8
BLACK
6
CONTINUOUS
10
5.340480866141732
20
-3.573770905511811
11
5.3405080708661412
21
-3.573712598425197
0
LINE
8
BLACK
6
CONTINUOUS
10
5.3405080708661412
20
-3.573712598425197
11
5.3423828346456688
21
-3.5718378346456694
0
LINE
8
BLACK
6
CONTINUOUS
10
5.3423828346456688
20
-3.5718378346456694
11
5.3431059055118109
21
-3.5713315354330706
0
LINE
8
BLACK
6
CONTINUOUS
10
5.3431059055118109
20
-3.5713315354330706
11
5.3431502362204721
21
-3.5712847244094488
0
LINE
8
BLACK
6
CONTINUOUS
10
5.3431502362204721
20
-3.5712847244094488
11
5.3468997637795272
21
-3.5694099606299212
0
LINE
8
BLACK
6
CONTINUOUS
10
5.3468997637795272
20
-3.5694099606299212
11
5.3473881889763781
21
-3.5692646456692914
0
LINE
8
BLACK
6
CONTINUOUS
10
5.3473881889763781
20
-3.5692646456692914
11
5.3475041338582674
21
-3.569186377952756
0
LINE
8
BLACK
6
CONTINUOUS
10
5.3475041338582674
20
-3.569186377952756
11
5.3550031889763776
21
-3.5673116141732284
0
LINE
8
BLACK
6
CONTINUOUS
10
5.3550031889763776
20
-3.5673116141732284
11
5.3555910629921257
21
-3.567270118110236
0
LINE
8
BLACK
6
CONTINUOUS
10
5.3555910629921257
20
-3.567270118110236
11
5.355719330708661
21
-3.5672234645669292
0
LINE
8
BLACK
6
CONTINUOUS
10
5.355719330708661
20
-3.5672234645669292
11
5.3650931496062988
21
-3.5672234645669292
0
LINE
8
BLACK
6
CONTINUOUS
10
5.3650931496062988
20
-3.5672234645669292
11
5.3656735039370078
21
-3.5673257874015749
0
LINE
8
BLACK
6
CONTINUOUS
10
5.3492508267716534
20
-3.574836968503937
11
5.3462198425196847
21
-3.5763524803149607
0
LINE
8
BLACK
6
CONTINUOUS
10
5.3462198425196847
20
-3.5763524803149607
11
5.3450227165354329
21
-3.5775496062992125
0
LINE
8
BLACK
6
CONTINUOUS
10
5.3450227165354329
20
-3.5775496062992125
11
5.3436739763779526
21
-3.5802470866141731
0
LINE
8
BLACK
6
CONTINUOUS
10
5.3436739763779526
20
-3.5802470866141731
11
5.3436739763779526
21
-3.5826025196850395
0
LINE
8
BLACK
6
CONTINUOUS
10
5.3436739763779526
20
-3.5826025196850395
11
5.3450227165354329
21
-3.5852999999999997
0
LINE
8
BLACK
6
CONTINUOUS
10
5.3450227165354329
20
-3.5852999999999997
11
5.3462198425196847
21
-3.586497125984252
0
LINE
8
BLACK
6
CONTINUOUS
10
5.3462198425196847
20
-3.586497125984252
11
5.3492508267716534
21
-3.5880125984251969
0
LINE
8
BLACK
6
CONTINUOUS
10
5.3492508267716534
20
-3.5880125984251969
11
5.3560828740157476
21
-3.5897206299212598
0
LINE
8
BLACK
6
CONTINUOUS
10
5.3560828740157476
20
-3.5897206299212598
11
5.3647296062992123
21
-3.5897206299212598
0
LINE
8
BLACK
6
CONTINUOUS
10
5.3647296062992123
20
-3.5897206299212598
11
5.3715616535433073
21
-3.5880125984251969
0
LINE
8
BLACK
6
CONTINUOUS
10
5.3715616535433073
20
-3.5880125984251969
11
5.3745926377952751
21
-3.5864970866141732
0
LINE
8
BLACK
6
CONTINUOUS
10
5.3745926377952751
20
-3.5864970866141732
11
5.3757898031496065
21
-3.585299960629921
0
LINE
8
BLACK
6
CONTINUOUS
10
5.3757898031496065
20
-3.585299960629921
11
5.3771385433070868
21
-3.5826025196850395
0
LINE
8
BLACK
6
CONTINUOUS
10
5.3771385433070868
20
-3.5826025196850395
11
5.3771385433070868
21
-3.5802470866141731
0
LINE
8
BLACK
6
CONTINUOUS
10
5.3771385433070868
20
-3.5802470866141731
11
5.3757898031496065
21
-3.5775496062992125
0
LINE
8
BLACK
6
CONTINUOUS
10
5.3757898031496065
20
-3.5775496062992125
11
5.3745926377952751
21
-3.5763524803149607
0
LINE
8
BLACK
6
CONTINUOUS
10
5.3745926377952751
20
-3.5763524803149607
11
5.3715616535433073
21
-3.574836968503937
0
LINE
8
BLACK
6
CONTINUOUS
10
5.3715616535433073
20
-3.574836968503937
11
5.3647296062992123
21
-3.5731289763779528
0
LINE
8
BLACK
6
CONTINUOUS
10
5.3647296062992123
20
-3.5731289763779528
11
5.3560828740157476
21
-3.5731289763779528
0
LINE
8
BLACK
6
CONTINUOUS
10
5.3560828740157476
20
-3.5731289763779528
11
5.3492508267716534
21
-3.574836968503937
0
LINE
8
BLACK
6
CONTINUOUS
10
4.9348880314960626
20
-3.521417598425197
11
4.9362832677165356
21
-3.5228781102362206
0
LINE
8
BLACK
6
CONTINUOUS
10
4.9362832677165356
20
-3.5228781102362206
11
4.9364132283464563
21
-3.5248937007874015
0
LINE
8
BLACK
6
CONTINUOUS
10
4.9364132283464563
20
-3.5248937007874015
11
4.9352172047244096
21
-3.5265213385826772
0
LINE
8
BLACK
6
CONTINUOUS
10
4.9352172047244096
20
-3.5265213385826772
11
4.8845985039370081
21
-3.5602670866141732
0
LINE
8
BLACK
6
CONTINUOUS
10
4.8845985039370081
20
-3.5602670866141732
11
4.8836594488188974
21
-3.5606791338582675
0
LINE
8
BLACK
6
CONTINUOUS
10
4.8836594488188974
20
-3.5606791338582675
11
4.8816518897637797
21
-3.5604571259842519
0
LINE
8
BLACK
6
CONTINUOUS
10
4.8816518897637797
20
-3.5604571259842519
11
4.8802566929133855
21
-3.5589966141732283
0
LINE
8
BLACK
6
CONTINUOUS
10
4.8802566929133855
20
-3.5589966141732283
11
4.8801267322834647
21
-3.5569810236220474
0
LINE
8
BLACK
6
CONTINUOUS
10
4.8801267322834647
20
-3.5569810236220474
11
4.8813227559055115
21
-3.5553533858267716
0
LINE
8
BLACK
6
CONTINUOUS
10
4.8813227559055115
20
-3.5553533858267716
11
4.9319414173228342
21
-3.5216076377952756
0
LINE
8
BLACK
6
CONTINUOUS
10
4.9319414173228342
20
-3.5216076377952756
11
4.9328805118110237
21
-3.5211955905511809
0
LINE
8
BLACK
6
CONTINUOUS
10
4.9328805118110237
20
-3.5211955905511809
11
4.9348880314960626
21
-3.521417598425197
0
LINE
8
BLACK
6
CONTINUOUS
10
5.0748880314960632
20
-3.521417598425197
11
5.0762832677165353
21
-3.5228781102362206
0
LINE
8
BLACK
6
CONTINUOUS
10
5.0762832677165353
20
-3.5228781102362206
11
5.0764132283464569
21
-3.5248937007874015
0
LINE
8
BLACK
6
CONTINUOUS
10
5.0764132283464569
20
-3.5248937007874015
11
5.0752172047244093
21
-3.5265213385826772
0
LINE
8
BLACK
6
CONTINUOUS
10
5.0752172047244093
20
-3.5265213385826772
11
5.0245985039370078
21
-3.5602670866141732
0
LINE
8
BLACK
6
CONTINUOUS
10
5.0245985039370078
20
-3.5602670866141732
11
5.0236594488188979
21
-3.5606791338582675
0
LINE
8
BLACK
6
CONTINUOUS
10
5.0236594488188979
20
-3.5606791338582675
11
5.0216518897637794
21
-3.5604571259842519
0
LINE
8
BLACK
6
CONTINUOUS
10
5.0216518897637794
20
-3.5604571259842519
11
5.0202566929133861
21
-3.5589966141732283
0
LINE
8
BLACK
6
CONTINUOUS
10
5.0202566929133861
20
-3.5589966141732283
11
5.0201267322834644
21
-3.5569810236220474
0
LINE
8
BLACK
6
CONTINUOUS
10
5.0201267322834644
20
-3.5569810236220474
11
5.021322755905512
21
-3.5553533858267716
0
LINE
8
BLACK
6
CONTINUOUS
10
5.021322755905512
20
-3.5553533858267716
11
5.0719414173228348
21
-3.5216076377952756
0
LINE
8
BLACK
6
CONTINUOUS
10
5.0719414173228348
20
-3.5216076377952756
11
5.0728805118110234
21
-3.5211955905511809
0
LINE
8
BLACK
6
CONTINUOUS
10
5.0728805118110234
20
-3.5211955905511809
11
5.0748880314960632
21
-3.521417598425197
0
LINE
8
BLACK
6
CONTINUOUS
10
5.3672583858267719
20
-3.5298121653543308
11
5.3674806692913384
21
-3.5297729921259844
0
LINE
8
BLACK
6
CONTINUOUS
10
5.3674806692913384
20
-3.5297729921259844
11
5.3681781496062992
21
-3.5301757086614174
0
LINE
8
BLACK
6
CONTINUOUS
10
5.3681781496062992
20
-3.5301757086614174
11
5.3689269685039367
21
-3.5304716535433069
0
LINE
8
BLACK
6
CONTINUOUS
10
5.3689269685039367
20
-3.5304716535433069
11
5.3690344094488189
21
-3.5306700787401573
0
LINE
8
BLACK
6
CONTINUOUS
10
5.3690344094488189
20
-3.5306700787401573
11
5.3692298425196849
21
-3.5307829133858268
0
LINE
8
BLACK
6
CONTINUOUS
10
5.3692298425196849
20
-3.5307829133858268
11
5.3695052362204727
21
-3.5315396062992126
0
LINE
8
BLACK
6
CONTINUOUS
10
5.3695052362204727
20
-3.5315396062992126
11
5.3698887401574806
21
-3.5322477952755906
0
LINE
8
BLACK
6
CONTINUOUS
10
5.3698887401574806
20
-3.5322477952755906
11
5.3698434645669293
21
-3.5324688582677166
0
LINE
8
BLACK
6
CONTINUOUS
10
5.3698434645669293
20
-3.5324688582677166
11
5.3699206692913384
21
-3.5326809055118109
0
LINE
8
BLACK
6
CONTINUOUS
10
5.3699206692913384
20
-3.5326809055118109
11
5.3699206692913384
21
-3.5484757874015749
0
LINE
8
BLACK
6
CONTINUOUS
10
5.3699206692913384
20
-3.5484757874015749
11
5.380091299212598
21
-3.5484757874015749
0
LINE
8
BLACK
6
CONTINUOUS
10
5.380091299212598
20
-3.5484757874015749
11
5.3811012204724404
21
-3.5486538582677163
0
LINE
8
BLACK
6
CONTINUOUS
10
5.3811012204724404
20
-3.5486538582677163
11
5.3826484645669286
21
-3.5499521653543304
0
LINE
8
BLACK
6
CONTINUOUS
10
5.3826484645669286
20
-3.5499521653543304
11
5.382999212598425
21
-3.5519412992125985
0
LINE
8
BLACK
6
CONTINUOUS
10
5.382999212598425
20
-3.5519412992125985
11
5.3819892913385825
21
-3.5536904724409446
0
LINE
8
BLACK
6
CONTINUOUS
10
5.3819892913385825
20
-3.5536904724409446
11
5.380091299212598
21
-3.5543812992125985
0
LINE
8
BLACK
6
CONTINUOUS
10
5.380091299212598
20
-3.5543812992125985
11
5.3699206692913384
21
-3.5543812992125985
0
LINE
8
BLACK
6
CONTINUOUS
10
5.3699206692913384
20
-3.5543812992125985
11
5.3699206692913384
21
-3.5570528346456691
0
LINE
8
BLACK
6
CONTINUOUS
10
5.3699206692913384
20
-3.5570528346456691
11
5.369742598425197
21
-3.5580627559055116
0
LINE
8
BLACK
6
CONTINUOUS
10
5.369742598425197
20
-3.5580627559055116
11
5.3684442913385828
21
-3.5596099999999997
0
LINE
8
BLACK
6
CONTINUOUS
10
5.3684442913385828
20
-3.5596099999999997
11
5.3664551574803152
21
-3.5599607480314961
0
LINE
8
BLACK
6
CONTINUOUS
10
5.3664551574803152
20
-3.5599607480314961
11
5.3647059842519687
21
-3.5589508267716536
0
LINE
8
BLACK
6
CONTINUOUS
10
5.3647059842519687
20
-3.5589508267716536
11
5.3640151574803152
21
-3.5570528346456691
0
LINE
8
BLACK
6
CONTINUOUS
10
5.3640151574803152
20
-3.5570528346456691
11
5.3640151574803152
21
-3.5543812992125985
0
LINE
8
BLACK
6
CONTINUOUS
10
5.3640151574803152
20
-3.5543812992125985
11
5.3538445669291335
21
-3.5543812992125985
0
LINE
8
BLACK
6
CONTINUOUS
10
5.3538445669291335
20
-3.5543812992125985
11
5.352834645669291
21
-3.5542032283464566
0
LINE
8
BLACK
6
CONTINUOUS
10
5.352834645669291
20
-3.5542032283464566
11
5.3512874015748029
21
-3.5529049212598425
0
LINE
8
BLACK
6
CONTINUOUS
10
5.3512874015748029
20
-3.5529049212598425
11
5.3509366535433074
21
-3.5509157874015749
0
LINE
8
BLACK
6
CONTINUOUS
10
5.3509366535433074
20
-3.5509157874015749
11
5.3519465748031498
21
-3.5491666141732283
0
LINE
8
BLACK
6
CONTINUOUS
10
5.3519465748031498
20
-3.5491666141732283
11
5.3538445669291335
21
-3.5484757874015749
0
LINE
8
BLACK
6
CONTINUOUS
10
5.3538445669291335
20
-3.5484757874015749
11
5.3640151574803152
21
-3.5484757874015749
0
LINE
8
BLACK
6
CONTINUOUS
10
5.3640151574803152
20
-3.5484757874015749
11
5.3640151574803152
21
-3.5367775984251968
0
LINE
8
BLACK
6
CONTINUOUS
10
5.3640151574803152
20
-3.5367775984251968
11
5.339780196850394
21
-3.5448559448818897
0
LINE
8
BLACK
6
CONTINUOUS
10
5.339780196850394
20
-3.5448559448818897
11
5.3387657874015746
21
-3.5450063779527556
0
LINE
8
BLACK
6
CONTINUOUS
10
5.3387657874015746
20
-3.5450063779527556
11
5.3368874015748027
21
-3.5442639763779527
0
LINE
8
BLACK
6
CONTINUOUS
10
5.3368874015748027
20
-3.5442639763779527
11
5.3359256299212596
21
-3.5424878346456694
0
LINE
8
BLACK
6
CONTINUOUS
10
5.3359256299212596
20
-3.5424878346456694
11
5.3363305905511806
21
-3.5405090551181102
0
LINE
8
BLACK
6
CONTINUOUS
10
5.3363305905511806
20
-3.5405090551181102
11
5.337912716535433
21
-3.5392535039370077
0
LINE
8
BLACK
6
CONTINUOUS
10
5.337912716535433
20
-3.5392535039370077
11
5.3660341338582676
21
-3.5298796850393699
0
LINE
8
BLACK
6
CONTINUOUS
10
5.3660341338582676
20
-3.5298796850393699
11
5.3670485433070869
21
-3.529729251968504
0
LINE
8
BLACK
6
CONTINUOUS
10
5.3670485433070869
20
-3.529729251968504
11
5.3672583858267719
21
-3.5298121653543308
0
LINE
8
BLACK
6
CONTINUOUS
10
5.5806977559055113
20
-3.4980646456692912
11
5.580832992125984
21
-3.4981781102362204
0
LINE
8
BLACK
6
CONTINUOUS
10
5.580832992125984
20
-3.4981781102362204
11
5.5810083464566924
21
-3.4981983070866143
0
LINE
8
BLACK
6
CONTINUOUS
10
5.5810083464566924
20
-3.4981983070866143
11
5.5847578740157475
21
-3.5000730708661418
0
LINE
8
BLACK
6
CONTINUOUS
10
5.5847578740157475
20
-3.5000730708661418
11
5.5854669291338581
21
-3.5005989763779528
0
LINE
8
BLACK
6
CONTINUOUS
10
5.5854669291338581
20
-3.5005989763779528
11
5.5855252755905509
21
-3.500626181102362
0
LINE
8
BLACK
6
CONTINUOUS
10
5.5855252755905509
20
-3.500626181102362
11
5.5874000393700785
21
-3.5025009448818896
0
LINE
8
BLACK
6
CONTINUOUS
10
5.5874000393700785
20
-3.5025009448818896
11
5.5876580314960629
21
-3.5028694094488189
0
LINE
8
BLACK
6
CONTINUOUS
10
5.5876580314960629
20
-3.5028694094488189
11
5.5877689763779523
21
-3.5029509448818898
0
LINE
8
BLACK
6
CONTINUOUS
10
5.5877689763779523
20
-3.5029509448818898
11
5.5915185039370074
21
-3.5085752755905513
0
LINE
8
BLACK
6
CONTINUOUS
10
5.5915185039370074
20
-3.5085752755905513
11
5.5919168110236219
21
-3.5094829921259842
0
LINE
8
BLACK
6
CONTINUOUS
10
5.5919168110236219
20
-3.5094829921259842
11
5.5919262598425199
21
-3.5094970078740158
0
LINE
8
BLACK
6
CONTINUOUS
10
5.5919262598425199
20
-3.5094970078740158
11
5.5938010236220475
21
-3.516996062992126
0
LINE
8
BLACK
6
CONTINUOUS
10
5.5938010236220475
20
-3.516996062992126
11
5.5938424803149607
21
-3.5175839370078741
0
LINE
8
BLACK
6
CONTINUOUS
10
5.5938424803149607
20
-3.5175839370078741
11
5.5938891732283462
21
-3.5177122047244094
0
LINE
8
BLACK
6
CONTINUOUS
10
5.5938891732283462
20
-3.5177122047244094
11
5.5938891732283462
21
-3.5327103149606298
0
LINE
8
BLACK
6
CONTINUOUS
10
5.5938891732283462
20
-3.5327103149606298
11
5.5937111023622048
21
-3.5337202362204723
0
LINE
8
BLACK
6
CONTINUOUS
10
5.5937111023622048
20
-3.5337202362204723
11
5.5935975984251964
21
-3.533855472440945
0
LINE
8
BLACK
6
CONTINUOUS
10
5.5935975984251964
20
-3.533855472440945
11
5.5935774409448822
21
-3.5340308267716534
0
LINE
8
BLACK
6
CONTINUOUS
10
5.5935774409448822
20
-3.5340308267716534
11
5.5917026771653546
21
-3.5377803543307085
0
LINE
8
BLACK
6
CONTINUOUS
10
5.5917026771653546
20
-3.5377803543307085
11
5.591176732283464
21
-3.5384894094488186
0
LINE
8
BLACK
6
CONTINUOUS
10
5.591176732283464
20
-3.5384894094488186
11
5.5911495669291336
21
-3.5385477559055118
0
LINE
8
BLACK
6
CONTINUOUS
10
5.5911495669291336
20
-3.5385477559055118
11
5.5892748425196848
21
-3.5404225196850394
0
LINE
8
BLACK
6
CONTINUOUS
10
5.5892748425196848
20
-3.5404225196850394
11
5.5885516535433073
21
-3.5409288976377953
0
LINE
8
BLACK
6
CONTINUOUS
10
5.5885516535433073
20
-3.5409288976377953
11
5.5885074015748026
21
-3.5409756692913383
0
LINE
8
BLACK
6
CONTINUOUS
10
5.5885074015748026
20
-3.5409756692913383
11
5.5847578740157475
21
-3.5428504330708659
0
LINE
8
BLACK
6
CONTINUOUS
10
5.5847578740157475
20
-3.5428504330708659
11
5.5837749212598426
21
-3.5431427952755903
0
LINE
8
BLACK
6
CONTINUOUS
10
5.5837749212598426
20
-3.5431427952755903
11
5.5836032283464565
21
-3.5431017716535433
0
LINE
8
BLACK
6
CONTINUOUS
10
5.5836032283464565
20
-3.5431017716535433
11
5.583437362204724
21
-3.5431621653543308
0
LINE
8
BLACK
6
CONTINUOUS
10
5.583437362204724
20
-3.5431621653543308
11
5.5759383070866138
21
-3.5431621653543308
0
LINE
8
BLACK
6
CONTINUOUS
10
5.5759383070866138
20
-3.5431621653543308
11
5.5749283858267713
21
-3.542984094488189
0
LINE
8
BLACK
6
CONTINUOUS
10
5.5749283858267713
20
-3.542984094488189
11
5.5747931102362207
21
-3.542870590551181
0
LINE
8
BLACK
6
CONTINUOUS
10
5.5747931102362207
20
-3.542870590551181
11
5.5746177952755902
21
-3.5428504330708659
0
LINE
8
BLACK
6
CONTINUOUS
10
5.5746177952755902
20
-3.5428504330708659
11
5.5708682677165351
21
-3.5409756692913383
0
LINE
8
BLACK
6
CONTINUOUS
10
5.5708682677165351
20
-3.5409756692913383
11
5.5701591338582679
21
-3.5404496850393699
0
LINE
8
BLACK
6
CONTINUOUS
10
5.5701591338582679
20
-3.5404496850393699
11
5.5701008267716539
21
-3.5404225196850394
0
LINE
8
BLACK
6
CONTINUOUS
10
5.5701008267716539
20
-3.5404225196850394
11
5.5682260629921254
21
-3.5385477165354331
0
LINE
8
BLACK
6
CONTINUOUS
10
5.5682260629921254
20
-3.5385477165354331
11
5.567719763779527
21
-3.5378246456692914
0
LINE
8
BLACK
6
CONTINUOUS
10
5.567719763779527
20
-3.5378246456692914
11
5.567672992125984
21
-3.5377803543307085
0
LINE
8
BLACK
6
CONTINUOUS
10
5.567672992125984
20
-3.5377803543307085
11
5.5657982283464564
21
-3.5340308267716534
0
LINE
8
BLACK
6
CONTINUOUS
10
5.5657982283464564
20
-3.5340308267716534
11
5.5655058661417325
21
-3.533047874015748
0
LINE
8
BLACK
6
CONTINUOUS
10
5.5655058661417325
20
-3.533047874015748
11
5.5655468503937007
21
-3.5328761811023623
0
LINE
8
BLACK
6
CONTINUOUS
10
5.5655468503937007
20
-3.5328761811023623
11
5.5654864960629924
21
-3.5327103149606298
0
LINE
8
BLACK
6
CONTINUOUS
10
5.5654864960629924
20
-3.5327103149606298
11
5.5654864960629924
21
-3.523336496062992
0
LINE
8
BLACK
6
CONTINUOUS
10
5.5654864960629924
20
-3.523336496062992
11
5.5656645669291338
21
-3.5223265748031496
0
LINE
8
BLACK
6
CONTINUOUS
10
5.5656645669291338
20
-3.5223265748031496
11
5.5657780314960625
21
-3.5221912992125985
0
LINE
8
BLACK
6
CONTINUOUS
10
5.5657780314960625
20
-3.5221912992125985
11
5.5657982283464564
21
-3.5220159842519685
0
LINE
8
BLACK
6
CONTINUOUS
10
5.5657982283464564
20
-3.5220159842519685
11
5.567672992125984
21
-3.5182664566929134
0
LINE
8
BLACK
6
CONTINUOUS
10
5.567672992125984
20
-3.5182664566929134
11
5.568198897637795
21
-3.5175573622047245
0
LINE
8
BLACK
6
CONTINUOUS
10
5.568198897637795
20
-3.5175573622047245
11
5.5682261023622042
21
-3.51749905511811
0
LINE
8
BLACK
6
CONTINUOUS
10
5.5682261023622042
20
-3.51749905511811
11
5.5701008661417317
21
-3.5156242913385825
0
LINE
8
BLACK
6
CONTINUOUS
10
5.5701008661417317
20
-3.5156242913385825
11
5.5708239370078738
21
-3.5151179921259841
0
LINE
8
BLACK
6
CONTINUOUS
10
5.5708239370078738
20
-3.5151179921259841
11
5.5708682677165351
21
-3.5150711811023623
0
LINE
8
BLACK
6
CONTINUOUS
10
5.5708682677165351
20
-3.5150711811023623
11
5.5746177952755902
21
-3.5131964173228347
0
LINE
8
BLACK
6
CONTINUOUS
10
5.5746177952755902
20
-3.5131964173228347
11
5.5756007086614172
21
-3.5129040551181103
0
LINE
8
BLACK
6
CONTINUOUS
10
5.5756007086614172
20
-3.5129040551181103
11
5.5757724015748034
21
-3.5129450393700785
0
LINE
8
BLACK
6
CONTINUOUS
10
5.5757724015748034
20
-3.5129450393700785
11
5.5759383070866138
21
-3.5128846850393698
0
LINE
8
BLACK
6
CONTINUOUS
10
5.5759383070866138
20
-3.5128846850393698
11
5.583437362204724
21
-3.5128846850393698
0
LINE
8
BLACK
6
CONTINUOUS
10
5.583437362204724
20
-3.5128846850393698
11
5.5844472834645664
21
-3.5130627559055116
0
LINE
8
BLACK
6
CONTINUOUS
10
5.5844472834645664
20
-3.5130627559055116
11
5.5845825196850392
21
-3.5131762204724408
0
LINE
8
BLACK
6
CONTINUOUS
10
5.5845825196850392
20
-3.5131762204724408
11
5.5847578740157475
21
-3.5131964173228347
0
LINE
8
BLACK
6
CONTINUOUS
10
5.5847578740157475
20
-3.5131964173228347
11
5.5870503937007872
21
-3.5143426771653541
0
LINE
8
BLACK
6
CONTINUOUS
10
5.5870503937007872
20
-3.5143426771653541
11
5.5863211023622048
21
-3.5114255118110234
0
LINE
8
BLACK
6
CONTINUOUS
10
5.5863211023622048
20
-3.5114255118110234
11
5.5830174015748026
21
-3.506469960629921
0
LINE
8
BLACK
6
CONTINUOUS
10
5.5830174015748026
20
-3.506469960629921
11
5.5816882677165349
21
-3.5051408267716533
0
LINE
8
BLACK
6
CONTINUOUS
10
5.5816882677165349
20
-3.5051408267716533
11
5.5789907874015743
21
-3.503792086614173
0
LINE
8
BLACK
6
CONTINUOUS
10
5.5789907874015743
20
-3.503792086614173
11
5.5721887795275586
21
-3.503792086614173
0
LINE
8
BLACK
6
CONTINUOUS
10
5.5721887795275586
20
-3.503792086614173
11
5.5711788582677162
21
-3.5036140157480316
0
LINE
8
BLACK
6
CONTINUOUS
10
5.5711788582677162
20
-3.5036140157480316
11
5.5696316141732281
21
-3.5023157086614174
0
LINE
8
BLACK
6
CONTINUOUS
10
5.5696316141732281
20
-3.5023157086614174
11
5.5692808661417326
21
-3.5003265748031493
0
LINE
8
BLACK
6
CONTINUOUS
10
5.5692808661417326
20
-3.5003265748031493
11
5.570290787401575
21
-3.4985774015748032
0
LINE
8
BLACK
6
CONTINUOUS
10
5.570290787401575
20
-3.4985774015748032
11
5.5721887795275586
21
-3.4978865748031494
0
LINE
8
BLACK
6
CONTINUOUS
10
5.5721887795275586
20
-3.4978865748031494
11
5.5796878346456689
21
-3.4978865748031494
0
LINE
8
BLACK
6
CONTINUOUS
10
5.5796878346456689
20
-3.4978865748031494
11
5.5806977559055113
21
-3.4980646456692912
0
LINE
8
BLACK
6
CONTINUOUS
10
5.5739378740157477
20
-3.5201389370078737
11
5.5727407480314959
21
-3.521336062992126
0
LINE
8
BLACK
6
CONTINUOUS
10
5.5727407480314959
20
-3.521336062992126
11
5.5713920078740156
21
-3.5240335433070866
0
LINE
8
BLACK
6
CONTINUOUS
10
5.5713920078740156
20
-3.5240335433070866
11
5.5713920078740156
21
-3.5320132677165352
0
LINE
8
BLACK
6
CONTINUOUS
10
5.5713920078740156
20
-3.5320132677165352
11
5.5727407480314959
21
-3.5347107480314959
0
LINE
8
BLACK
6
CONTINUOUS
10
5.5727407480314959
20
-3.5347107480314959
11
5.5739378740157477
21
-3.5359079133858269
0
LINE
8
BLACK
6
CONTINUOUS
10
5.5739378740157477
20
-3.5359079133858269
11
5.5766353543307083
21
-3.5372566535433072
0
LINE
8
BLACK
6
CONTINUOUS
10
5.5766353543307083
20
-3.5372566535433072
11
5.5827403149606294
21
-3.5372566535433072
0
LINE
8
BLACK
6
CONTINUOUS
10
5.5827403149606294
20
-3.5372566535433072
11
5.5854377559055113
21
-3.5359079133858269
0
LINE
8
BLACK
6
CONTINUOUS
10
5.5854377559055113
20
-3.5359079133858269
11
5.586634881889764
21
-3.5347107480314959
0
LINE
8
BLACK
6
CONTINUOUS
10
5.586634881889764
20
-3.5347107480314959
11
5.5879836614173231
21
-3.5320132677165352
0
LINE
8
BLACK
6
CONTINUOUS
10
5.5879836614173231
20
-3.5320132677165352
11
5.5879836614173231
21
-3.5240335433070866
0
LINE
8
BLACK
6
CONTINUOUS
10
5.5879836614173231
20
-3.5240335433070866
11
5.5866349212598427
21
-3.521336062992126
0
LINE
8
BLACK
6
CONTINUOUS
10
5.5866349212598427
20
-3.521336062992126
11
5.58543779527559
21
-3.5201389370078737
0
LINE
8
BLACK
6
CONTINUOUS
10
5.58543779527559
20
-3.5201389370078737
11
5.5827403149606294
21
-3.5187901968503934
0
LINE
8
BLACK
6
CONTINUOUS
10
5.5827403149606294
20
-3.5187901968503934
11
5.5766353543307083
21
-3.5187901968503934
0
LINE
8
BLACK
6
CONTINUOUS
10
5.5766353543307083
20
-3.5187901968503934
11
5.5739378740157477
21
-3.5201389370078737
0
LINE
8
BLACK
6
CONTINUOUS
10
5.6267107874015743
20
-3.4979136614173227
11
5.6267778346456696
21
-3.4978948425196847
0
LINE
8
BLACK
6
CONTINUOUS
10
5.6267778346456696
20
-3.4978948425196847
11
5.6268893700787403
21
-3.4979451574803151
0
LINE
8
BLACK
6
CONTINUOUS
10
5.6268893700787403
20
-3.4979451574803151
11
5.6275668897637798
21
-3.4980646456692912
0
LINE
8
BLACK
6
CONTINUOUS
10
5.6275668897637798
20
-3.4980646456692912
11
5.6280472440944882
21
-3.498467716535433
0
LINE
8
BLACK
6
CONTINUOUS
10
5.6280472440944882
20
-3.498467716535433
11
5.628618818897638
21
-3.4987256692913387
0
LINE
8
BLACK
6
CONTINUOUS
10
5.628618818897638
20
-3.4987256692913387
11
5.6287978740157483
21
-3.4990975984251969
0
LINE
8
BLACK
6
CONTINUOUS
10
5.6287978740157483
20
-3.4990975984251969
11
5.629114133858268
21
-3.4993629527559054
0
LINE
8
BLACK
6
CONTINUOUS
10
5.629114133858268
20
-3.4993629527559054
11
5.6292229921259844
21
-3.4999804724409449
0
LINE
8
BLACK
6
CONTINUOUS
10
5.6292229921259844
20
-3.4999804724409449
11
5.629495078740157
21
-3.5005455118110236
0
LINE
8
BLACK
6
CONTINUOUS
10
5.629495078740157
20
-3.5005455118110236
11
5.6313698425196845
21
-3.5192931496062991
0
LINE
8
BLACK
6
CONTINUOUS
10
5.6313698425196845
20
-3.5192931496062991
11
5.6312931496062992
21
-3.5203157874015747
0
LINE
8
BLACK
6
CONTINUOUS
10
5.6312931496062992
20
-3.5203157874015747
11
5.6312821653543308
21
-3.5203318503937009
0
LINE
8
BLACK
6
CONTINUOUS
10
5.6312821653543308
20
-3.5203318503937009
11
5.6312838582677163
21
-3.5203511811023622
0
LINE
8
BLACK
6
CONTINUOUS
10
5.6312838582677163
20
-3.5203511811023622
11
5.6307154724409445
21
-3.5211629133858269
0
LINE
8
BLACK
6
CONTINUOUS
10
5.6307154724409445
20
-3.5211629133858269
11
5.6301552362204719
21
-3.5219845275590549
0
LINE
8
BLACK
6
CONTINUOUS
10
5.6301552362204719
20
-3.5219845275590549
11
5.6301364960629918
21
-3.5219897637795277
0
LINE
8
BLACK
6
CONTINUOUS
10
5.6301364960629918
20
-3.5219897637795277
11
5.6301253543307084
21
-3.5220057480314959
0
LINE
8
BLACK
6
CONTINUOUS
10
5.6301253543307084
20
-3.5220057480314959
11
5.6291664173228346
21
-3.5222626377952757
0
LINE
8
BLACK
6
CONTINUOUS
10
5.6291664173228346
20
-3.5222626377952757
11
5.6282108661417318
21
-3.5225314566929131
0
LINE
8
BLACK
6
CONTINUOUS
10
5.6282108661417318
20
-3.5225314566929131
11
5.6281931102362206
21
-3.5225234251968502
0
LINE
8
BLACK
6
CONTINUOUS
10
5.6281931102362206
20
-3.5225234251968502
11
5.6281743700787397
21
-3.5225284645669293
0
LINE
8
BLACK
6
CONTINUOUS
10
5.6281743700787397
20
-3.5225284645669293
11
5.627275984251968
21
-3.522109527559055
0
LINE
8
BLACK
6
CONTINUOUS
10
5.627275984251968
20
-3.522109527559055
11
5.6263698818897634
21
-3.5217006299212597
0
LINE
8
BLACK
6
CONTINUOUS
10
5.6263698818897634
20
-3.5217006299212597
11
5.6263614173228342
21
-3.5216830708661417
0
LINE
8
BLACK
6
CONTINUOUS
10
5.6263614173228342
20
-3.5216830708661417
11
5.626343818897638
21
-3.5216748818897639
0
LINE
8
BLACK
6
CONTINUOUS
10
5.626343818897638
20
-3.5216748818897639
11
5.6248078740157483
21
-3.5201389370078737
0
LINE
8
BLACK
6
CONTINUOUS
10
5.6248078740157483
20
-3.5201389370078737
11
5.6221103937007877
21
-3.5187901968503934
0
LINE
8
BLACK
6
CONTINUOUS
10
5.6221103937007877
20
-3.5187901968503934
11
5.6141306692913382
21
-3.5187901968503934
0
LINE
8
BLACK
6
CONTINUOUS
10
5.6141306692913382
20
-3.5187901968503934
11
5.6114331889763776
21
-3.5201389370078737
0
LINE
8
BLACK
6
CONTINUOUS
10
5.6114331889763776
20
-3.5201389370078737
11
5.6102360629921257
21
-3.521336062992126
0
LINE
8
BLACK
6
CONTINUOUS
10
5.6102360629921257
20
-3.521336062992126
11
5.6088873228346454
21
-3.5240335433070866
0
LINE
8
BLACK
6
CONTINUOUS
10
5.6088873228346454
20
-3.5240335433070866
11
5.6088873228346454
21
-3.5320132677165352
0
LINE
8
BLACK
6
CONTINUOUS
10
5.6088873228346454
20
-3.5320132677165352
11
5.6102360629921257
21
-3.5347107480314959
0
LINE
8
BLACK
6
CONTINUOUS
10
5.6102360629921257
20
-3.5347107480314959
11
5.6114331889763776
21
-3.5359079133858269
0
LINE
8
BLACK
6
CONTINUOUS
10
5.6114331889763776
20
-3.5359079133858269
11
5.6141306692913382
21
-3.5372566535433072
0
LINE
8
BLACK
6
CONTINUOUS
10
5.6141306692913382
20
-3.5372566535433072
11
5.6221103937007877
21
-3.5372566535433072
0
LINE
8
BLACK
6
CONTINUOUS
10
5.6221103937007877
20
-3.5372566535433072
11
5.6248078346456696
21
-3.5359079133858269
0
LINE
8
BLACK
6
CONTINUOUS
10
5.6248078346456696
20
-3.5359079133858269
11
5.6263437795275593
21
-3.5343719685039368
0
LINE
8
BLACK
6
CONTINUOUS
10
5.6263437795275593
20
-3.5343719685039368
11
5.6271838188976373
21
-3.5337837401574803
0
LINE
8
BLACK
6
CONTINUOUS
10
5.6271838188976373
20
-3.5337837401574803
11
5.6291959448818893
21
-3.5336076771653544
0
LINE
8
BLACK
6
CONTINUOUS
10
5.6291959448818893
20
-3.5336076771653544
11
5.6308504724409447
21
-3.5347661811023623
0
LINE
8
BLACK
6
CONTINUOUS
10
5.6308504724409447
20
-3.5347661811023623
11
5.6313732283464564
21
-3.5367171653543306
0
LINE
8
BLACK
6
CONTINUOUS
10
5.6313732283464564
20
-3.5367171653543306
11
5.630519645669291
21
-3.5385477559055118
0
LINE
8
BLACK
6
CONTINUOUS
10
5.630519645669291
20
-3.5385477559055118
11
5.6286449212598422
21
-3.5404225196850394
0
LINE
8
BLACK
6
CONTINUOUS
10
5.6286449212598422
20
-3.5404225196850394
11
5.6279217322834647
21
-3.5409288976377953
0
LINE
8
BLACK
6
CONTINUOUS
10
5.6279217322834647
20
-3.5409288976377953
11
5.6278774803149609
21
-3.5409756692913383
0
LINE
8
BLACK
6
CONTINUOUS
10
5.6278774803149609
20
-3.5409756692913383
11
5.6241279527559058
21
-3.5428504330708659
0
LINE
8
BLACK
6
CONTINUOUS
10
5.6241279527559058
20
-3.5428504330708659
11
5.6231450000000001
21
-3.5431427952755903
0
LINE
8
BLACK
6
CONTINUOUS
10
5.6231450000000001
20
-3.5431427952755903
11
5.6229733070866139
21
-3.5431017716535433
0
LINE
8
BLACK
6
CONTINUOUS
10
5.6229733070866139
20
-3.5431017716535433
11
5.6228074409448814
21
-3.5431621653543308
0
LINE
8
BLACK
6
CONTINUOUS
10
5.6228074409448814
20
-3.5431621653543308
11
5.6134336220472436
21
-3.5431621653543308
0
LINE
8
BLACK
6
CONTINUOUS
10
5.6134336220472436
20
-3.5431621653543308
11
5.6124237007874012
21
-3.542984094488189
0
LINE
8
BLACK
6
CONTINUOUS
10
5.6124237007874012
20
-3.542984094488189
11
5.6122884251968506
21
-3.542870590551181
0
LINE
8
BLACK
6
CONTINUOUS
10
5.6122884251968506
20
-3.542870590551181
11
5.6121131102362201
21
-3.5428504330708659
0
LINE
8
BLACK
6
CONTINUOUS
10
5.6121131102362201
20
-3.5428504330708659
11
5.6083635826771649
21
-3.5409756692913383
0
LINE
8
BLACK
6
CONTINUOUS
10
5.6083635826771649
20
-3.5409756692913383
11
5.6076544488188977
21
-3.5404496850393699
0
LINE
8
BLACK
6
CONTINUOUS
10
5.6076544488188977
20
-3.5404496850393699
11
5.6075961417322837
21
-3.5404225196850394
0
LINE
8
BLACK
6
CONTINUOUS
10
5.6075961417322837
20
-3.5404225196850394
11
5.6057213779527562
21
-3.5385477165354331
0
LINE
8
BLACK
6
CONTINUOUS
10
5.6057213779527562
20
-3.5385477165354331
11
5.6052150787401578
21
-3.5378246456692914
0
LINE
8
BLACK
6
CONTINUOUS
10
5.6052150787401578
20
-3.5378246456692914
11
5.6051683070866138
21
-3.5377803543307085
0
LINE
8
BLACK
6
CONTINUOUS
10
5.6051683070866138
20
-3.5377803543307085
11
5.6032935433070863
21
-3.5340308267716534
0
LINE
8
BLACK
6
CONTINUOUS
10
5.6032935433070863
20
-3.5340308267716534
11
5.6030011811023623
21
-3.533047874015748
0
LINE
8
BLACK
6
CONTINUOUS
10
5.6030011811023623
20
-3.533047874015748
11
5.6030421653543305
21
-3.5328761811023623
0
LINE
8
BLACK
6
CONTINUOUS
10
5.6030421653543305
20
-3.5328761811023623
11
5.6029818110236222
21
-3.5327103149606298
0
LINE
8
BLACK
6
CONTINUOUS
10
5.6029818110236222
20
-3.5327103149606298
11
5.6029818110236222
21
-3.523336496062992
0
LINE
8
BLACK
6
CONTINUOUS
10
5.6029818110236222
20
-3.523336496062992
11
5.6031598818897637
21
-3.5223265748031496
0
LINE
8
BLACK
6
CONTINUOUS
10
5.6031598818897637
20
-3.5223265748031496
11
5.6032733464566924
21
-3.5221912992125985
0
LINE
8
BLACK
6
CONTINUOUS
10
5.6032733464566924
20
-3.5221912992125985
11
5.6032935433070863
21
-3.5220159842519685
0
LINE
8
BLACK
6
CONTINUOUS
10
5.6032935433070863
20
-3.5220159842519685
11
5.6051683070866138
21
-3.5182664566929134
0
LINE
8
BLACK
6
CONTINUOUS
10
5.6051683070866138
20
-3.5182664566929134
11
5.6056942125984248
21
-3.5175573622047245
0
LINE
8
BLACK
6
CONTINUOUS
10
5.6056942125984248
20
-3.5175573622047245
11
5.6057214173228349
21
-3.51749905511811
0
LINE
8
BLACK
6
CONTINUOUS
10
5.6057214173228349
20
-3.51749905511811
11
5.6075961811023625
21
-3.5156242913385825
0
LINE
8
BLACK
6
CONTINUOUS
10
5.6075961811023625
20
-3.5156242913385825
11
5.6083192519685037
21
-3.5151179921259841
0
LINE
8
BLACK
6
CONTINUOUS
10
5.6083192519685037
20
-3.5151179921259841
11
5.6083635826771649
21
-3.5150711811023623
0
LINE
8
BLACK
6
CONTINUOUS
10
5.6083635826771649
20
-3.5150711811023623
11
5.6121131102362201
21
-3.5131964173228347
0
LINE
8
BLACK
6
CONTINUOUS
10
5.6121131102362201
20
-3.5131964173228347
11
5.6130960236220471
21
-3.5129040551181103
0
LINE
8
BLACK
6
CONTINUOUS
10
5.6130960236220471
20
-3.5129040551181103
11
5.6132677165354332
21
-3.5129450393700785
0
LINE
8
BLACK
6
CONTINUOUS
10
5.6132677165354332
20
-3.5129450393700785
11
5.6134336220472436
21
-3.5128846850393698
0
LINE
8
BLACK
6
CONTINUOUS
10
5.6134336220472436
20
-3.5128846850393698
11
5.6228074409448814
21
-3.5128846850393698
0
LINE
8
BLACK
6
CONTINUOUS
10
5.6228074409448814
20
-3.5128846850393698
11
5.6238173622047247
21
-3.5130627559055116
0
LINE
8
BLACK
6
CONTINUOUS
10
5.6238173622047247
20
-3.5130627559055116
11
5.6239525984251966
21
-3.5131762204724408
0
LINE
8
BLACK
6
CONTINUOUS
10
5.6239525984251966
20
-3.5131762204724408
11
5.6241279527559058
21
-3.5131964173228347
0
LINE
8
BLACK
6
CONTINUOUS
10
5.6241279527559058
20
-3.5131964173228347
11
5.6248618503937005
21
-3.5135633464566927
0
LINE
8
BLACK
6
CONTINUOUS
10
5.6248618503937005
20
-3.5135633464566927
11
5.6238847637795271
21
-3.503792086614173
0
LINE
8
BLACK
6
CONTINUOUS
10
5.6238847637795271
20
-3.503792086614173
11
5.6078093307086609
21
-3.503792086614173
0
LINE
8
BLACK
6
CONTINUOUS
10
5.6078093307086609
20
-3.503792086614173
11
5.6067994094488185
21
-3.5036140157480316
0
LINE
8
BLACK
6
CONTINUOUS
10
5.6067994094488185
20
-3.5036140157480316
11
5.6052521653543304
21
-3.5023157086614174
0
LINE
8
BLACK
6
CONTINUOUS
10
5.6052521653543304
20
-3.5023157086614174
11
5.6049014173228349
21
-3.5003265748031493
0
LINE
8
BLACK
6
CONTINUOUS
10
5.6049014173228349
20
-3.5003265748031493
11
5.6059113385826773
21
-3.4985774015748032
0
LINE
8
BLACK
6
CONTINUOUS
10
5.6059113385826773
20
-3.4985774015748032
11
5.6078093307086609
21
-3.4978865748031494
0
LINE
8
BLACK
6
CONTINUOUS
10
5.6078093307086609
20
-3.4978865748031494
11
5.6265569685039365
21
-3.4978865748031494
0
LINE
8
BLACK
6
CONTINUOUS
10
5.6265569685039365
20
-3.4978865748031494
11
5.6267107874015743
21
-3.4979136614173227
0
LINE
8
BLACK
6
CONTINUOUS
10
5.5538282677165354
20
-3.4989413385826773
11
5.5545190944881888
21
-3.5008393307086614
0
LINE
8
BLACK
6
CONTINUOUS
10
5.5545190944881888
20
-3.5008393307086614
11
5.5545190944881888
21
-3.5402094094488188
0
LINE
8
BLACK
6
CONTINUOUS
10
5.5545190944881888
20
-3.5402094094488188
11
5.5543410236220474
21
-3.5412193307086612
0
LINE
8
BLACK
6
CONTINUOUS
10
5.5543410236220474
20
-3.5412193307086612
11
5.5530427165354332
21
-3.5427665748031494
0
LINE
8
BLACK
6
CONTINUOUS
10
5.5530427165354332
20
-3.5427665748031494
11
5.5510535826771656
21
-3.5431173228346458
0
LINE
8
BLACK
6
CONTINUOUS
10
5.5510535826771656
20
-3.5431173228346458
11
5.5493044094488191
21
-3.5421074015748029
0
LINE
8
BLACK
6
CONTINUOUS
10
5.5493044094488191
20
-3.5421074015748029
11
5.5486135826771656
21
-3.5402094094488188
0
LINE
8
BLACK
6
CONTINUOUS
10
5.5486135826771656
20
-3.5402094094488188
11
5.5486135826771656
21
-3.5301838582677165
0
LINE
8
BLACK
6
CONTINUOUS
10
5.5486135826771656
20
-3.5301838582677165
11
5.5481362598425195
21
-3.5297065354330708
0
LINE
8
BLACK
6
CONTINUOUS
10
5.5481362598425195
20
-3.5297065354330708
11
5.538930433070866
21
-3.541981062992126
0
LINE
8
BLACK
6
CONTINUOUS
10
5.538930433070866
20
-3.541981062992126
11
5.538182007874016
21
-3.5426821653543308
0
LINE
8
BLACK
6
CONTINUOUS
10
5.538182007874016
20
-3.5426821653543308
11
5.5362150393700782
21
-3.5431409842519686
0
LINE
8
BLACK
6
CONTINUOUS
10
5.5362150393700782
20
-3.5431409842519686
11
5.534413267716535
21
-3.5422280708661416
0
LINE
8
BLACK
6
CONTINUOUS
10
5.534413267716535
20
-3.5422280708661416
11
5.5336198818897637
21
-3.5403706299212598
0
LINE
8
BLACK
6
CONTINUOUS
10
5.5336198818897637
20
-3.5403706299212598
11
5.5342060236220467
21
-3.5384377559055116
0
LINE
8
BLACK
6
CONTINUOUS
10
5.5342060236220467
20
-3.5384377559055116
11
5.5439180314960632
21
-3.5254883070866141
0
LINE
8
BLACK
6
CONTINUOUS
10
5.5439180314960632
20
-3.5254883070866141
11
5.5344803149606294
21
-3.5160505905511812
0
LINE
8
BLACK
6
CONTINUOUS
10
5.5344803149606294
20
-3.5160505905511812
11
5.5338921259842522
21
-3.5152105511811023
0
LINE
8
BLACK
6
CONTINUOUS
10
5.5338921259842522
20
-3.5152105511811023
11
5.5337160629921263
21
-3.513198464566929
0
LINE
8
BLACK
6
CONTINUOUS
10
5.5337160629921263
20
-3.513198464566929
11
5.5348746062992129
21
-3.5115438976377953
0
LINE
8
BLACK
6
CONTINUOUS
10
5.5348746062992129
20
-3.5115438976377953
11
5.536825551181102
21
-3.5110211811023619
0
LINE
8
BLACK
6
CONTINUOUS
10
5.536825551181102
20
-3.5110211811023619
11
5.5386561417322833
21
-3.5118747637795273
0
LINE
8
BLACK
6
CONTINUOUS
10
5.5386561417322833
20
-3.5118747637795273
11
5.5486135826771656
21
-3.5218322047244093
0
LINE
8
BLACK
6
CONTINUOUS
10
5.5486135826771656
20
-3.5218322047244093
11
5.5486135826771656
21
-3.5008393307086614
0
LINE
8
BLACK
6
CONTINUOUS
10
5.5486135826771656
20
-3.5008393307086614
11
5.5487916535433071
21
-3.4998294094488189
0
LINE
8
BLACK
6
CONTINUOUS
10
5.5487916535433071
20
-3.4998294094488189
11
5.5500899606299212
21
-3.4982821653543308
0
LINE
8
BLACK
6
CONTINUOUS
10
5.5500899606299212
20
-3.4982821653543308
11
5.5520790944881888
21
-3.4979314173228344
0
LINE
8
BLACK
6
CONTINUOUS
10
5.5520790944881888
20
-3.4979314173228344
11
5.5538282677165354
21
-3.4989413385826773
0
LINE
8
BLACK
6
CONTINUOUS
10
4.7948880314960629
20
-3.502669960629921
11
4.796283267716535
21
-3.504130472440945
0
LINE
8
BLACK
6
CONTINUOUS
10
4.796283267716535
20
-3.504130472440945
11
4.7964132283464567
21
-3.5061460629921259
0
LINE
8
BLACK
6
CONTINUOUS
10
4.7964132283464567
20
-3.5061460629921259
11
4.795217204724409
21
-3.5077737007874017
0
LINE
8
BLACK
6
CONTINUOUS
10
4.795217204724409
20
-3.5077737007874017
11
4.7445985039370075
21
-3.5415194488188977
0
LINE
8
BLACK
6
CONTINUOUS
10
4.7445985039370075
20
-3.5415194488188977
11
4.7436594488188977
21
-3.541931496062992
0
LINE
8
BLACK
6
CONTINUOUS
10
4.7436594488188977
20
-3.541931496062992
11
4.7416518897637792
21
-3.5417094881889764
0
LINE
8
BLACK
6
CONTINUOUS
10
4.7416518897637792
20
-3.5417094881889764
11
4.7402566929133858
21
-3.5402489763779528
0
LINE
8
BLACK
6
CONTINUOUS
10
4.7402566929133858
20
-3.5402489763779528
11
4.7401267322834642
21
-3.5382333858267714
0
LINE
8
BLACK
6
CONTINUOUS
10
4.7401267322834642
20
-3.5382333858267714
11
4.7413227559055118
21
-3.5366057480314961
0
LINE
8
BLACK
6
CONTINUOUS
10
4.7413227559055118
20
-3.5366057480314961
11
4.7919414173228345
21
-3.5028600000000001
0
LINE
8
BLACK
6
CONTINUOUS
10
4.7919414173228345
20
-3.5028600000000001
11
4.7928805118110231
21
-3.5024479527559054
0
LINE
8
BLACK
6
CONTINUOUS
10
4.7928805118110231
20
-3.5024479527559054
11
4.7948880314960629
21
-3.502669960629921
0
LINE
8
BLACK
6
CONTINUOUS
10
5.2148880314960628
20
-3.502669960629921
11
5.2162832677165349
21
-3.504130472440945
0
LINE
8
BLACK
6
CONTINUOUS
10
5.2162832677165349
20
-3.504130472440945
11
5.2164132283464566
21
-3.5061460629921259
0
LINE
8
BLACK
6
CONTINUOUS
10
5.2164132283464566
20
-3.5061460629921259
11
5.215217204724409
21
-3.5077737007874017
0
LINE
8
BLACK
6
CONTINUOUS
10
5.215217204724409
20
-3.5077737007874017
11
5.1645985039370075
21
-3.5415194488188977
0
LINE
8
BLACK
6
CONTINUOUS
10
5.1645985039370075
20
-3.5415194488188977
11
5.1636594488188976
21
-3.541931496062992
0
LINE
8
BLACK
6
CONTINUOUS
10
5.1636594488188976
20
-3.541931496062992
11
5.1616518897637791
21
-3.5417094881889764
0
LINE
8
BLACK
6
CONTINUOUS
10
5.1616518897637791
20
-3.5417094881889764
11
5.1602566929133857
21
-3.5402489763779528
0
LINE
8
BLACK
6
CONTINUOUS
10
5.1602566929133857
20
-3.5402489763779528
11
5.1601267322834641
21
-3.5382333858267714
0
LINE
8
BLACK
6
CONTINUOUS
10
5.1601267322834641
20
-3.5382333858267714
11
5.1613227559055117
21
-3.5366057480314961
0
LINE
8
BLACK
6
CONTINUOUS
10
5.1613227559055117
20
-3.5366057480314961
11
5.2119414173228344
21
-3.5028600000000001
0
LINE
8
BLACK
6
CONTINUOUS
10
5.2119414173228344
20
-3.5028600000000001
11
5.2128805118110231
21
-3.5024479527559054
0
LINE
8
BLACK
6
CONTINUOUS
10
5.2128805118110231
20
-3.5024479527559054
11
5.2148880314960628
21
-3.502669960629921
0
LINE
8
BLACK
6
CONTINUOUS
10
5.3537288976377955
20
-3.4928140157480314
11
5.3548417322834645
21
-3.4944995669291337
0
LINE
8
BLACK
6
CONTINUOUS
10
5.3548417322834645
20
-3.4944995669291337
11
5.354610826771653
21
-3.4965061023622046
0
LINE
8
BLACK
6
CONTINUOUS
10
5.354610826771653
20
-3.4965061023622046
11
5.3527360629921255
21
-3.5002556299212597
0
LINE
8
BLACK
6
CONTINUOUS
10
5.3527360629921255
20
-3.5002556299212597
11
5.3522101181102357
21
-3.5009646850393699
0
LINE
8
BLACK
6
CONTINUOUS
10
5.3522101181102357
20
-3.5009646850393699
11
5.3521829527559053
21
-3.5010230314960631
0
LINE
8
BLACK
6
CONTINUOUS
10
5.3521829527559053
20
-3.5010230314960631
11
5.349724566929134
21
-3.5034814173228344
0
LINE
8
BLACK
6
CONTINUOUS
10
5.349724566929134
20
-3.5034814173228344
11
5.3771385433070868
21
-3.5034814173228344
0
LINE
8
BLACK
6
CONTINUOUS
10
5.3771385433070868
20
-3.5034814173228344
11
5.3771385433070868
21
-3.4951855905511811
0
LINE
8
BLACK
6
CONTINUOUS
10
5.3771385433070868
20
-3.4951855905511811
11
5.3773166141732283
21
-3.4941756692913386
0
LINE
8
BLACK
6
CONTINUOUS
10
5.3773166141732283
20
-3.4941756692913386
11
5.3786149212598424
21
-3.4926284251968505
0
LINE
8
BLACK
6
CONTINUOUS
10
5.3786149212598424
20
-3.4926284251968505
11
5.38060405511811
21
-3.4922776771653541
0
LINE
8
BLACK
6
CONTINUOUS
10
5.38060405511811
20
-3.4922776771653541
11
5.3823532283464566
21
-3.493287598425197
0
LINE
8
BLACK
6
CONTINUOUS
10
5.3823532283464566
20
-3.493287598425197
11
5.38304405511811
21
-3.4951855905511811
0
LINE
8
BLACK
6
CONTINUOUS
10
5.38304405511811
20
-3.4951855905511811
11
5.38304405511811
21
-3.5176827559055117
0
LINE
8
BLACK
6
CONTINUOUS
10
5.38304405511811
20
-3.5176827559055117
11
5.3828659842519686
21
-3.5186926771653542
0
LINE
8
BLACK
6
CONTINUOUS
10
5.3828659842519686
20
-3.5186926771653542
11
5.3815676771653544
21
-3.5202399212598423
0
LINE
8
BLACK
6
CONTINUOUS
10
5.3815676771653544
20
-3.5202399212598423
11
5.3795785433070868
21
-3.5205906692913387
0
LINE
8
BLACK
6
CONTINUOUS
10
5.3795785433070868
20
-3.5205906692913387
11
5.3778293700787403
21
-3.5195807480314958
0
LINE
8
BLACK
6
CONTINUOUS
10
5.3778293700787403
20
-3.5195807480314958
11
5.3771385433070868
21
-3.5176827559055117
0
LINE
8
BLACK
6
CONTINUOUS
10
5.3771385433070868
20
-3.5176827559055117
11
5.3771385433070868
21
-3.509386929133858
0
LINE
8
BLACK
6
CONTINUOUS
10
5.3771385433070868
20
-3.509386929133858
11
5.3407212204724406
21
-3.509386929133858
0
LINE
8
BLACK
6
CONTINUOUS
10
5.3407212204724406
20
-3.509386929133858
11
5.3397112992125981
21
-3.5092088582677166
0
LINE
8
BLACK
6
CONTINUOUS
10
5.3397112992125981
20
-3.5092088582677166
11
5.3395812204724411
21
-3.5090997244094488
0
LINE
8
BLACK
6
CONTINUOUS
10
5.3395812204724411
20
-3.5090997244094488
11
5.3394124803149605
21
-3.5090810629921259
0
LINE
8
BLACK
6
CONTINUOUS
10
5.3394124803149605
20
-3.5090810629921259
11
5.3388205511811027
21
-3.5084614173228346
0
LINE
8
BLACK
6
CONTINUOUS
10
5.3388205511811027
20
-3.5084614173228346
11
5.33816405511811
21
-3.5079105511811024
0
LINE
8
BLACK
6
CONTINUOUS
10
5.33816405511811
20
-3.5079105511811024
11
5.338134566929134
21
-3.507743307086614
0
LINE
8
BLACK
6
CONTINUOUS
10
5.338134566929134
20
-3.507743307086614
11
5.3380172834645672
21
-3.5076205511811023
0
LINE
8
BLACK
6
CONTINUOUS
10
5.3380172834645672
20
-3.5076205511811023
11
5.3379621259842516
21
-3.5067653937007872
0
LINE
8
BLACK
6
CONTINUOUS
10
5.3379621259842516
20
-3.5067653937007872
11
5.3378133070866136
21
-3.5059214173228344
0
LINE
8
BLACK
6
CONTINUOUS
10
5.3378133070866136
20
-3.5059214173228344
11
5.3378981889763777
21
-3.5057743307086615
0
LINE
8
BLACK
6
CONTINUOUS
10
5.3378981889763777
20
-3.5057743307086615
11
5.3378872834645668
21
-3.5056049606299213
0
LINE
8
BLACK
6
CONTINUOUS
10
5.3378872834645668
20
-3.5056049606299213
11
5.338394724409449
21
-3.5049143307086612
0
LINE
8
BLACK
6
CONTINUOUS
10
5.338394724409449
20
-3.5049143307086612
11
5.338823228346457
21
-3.5041722440944882
0
LINE
8
BLACK
6
CONTINUOUS
10
5.338823228346457
20
-3.5041722440944882
11
5.3389827165354333
21
-3.5041141732283463
0
LINE
8
BLACK
6
CONTINUOUS
10
5.3389827165354333
20
-3.5041141732283463
11
5.3390833070866144
21
-3.5039773228346456
0
LINE
8
BLACK
6
CONTINUOUS
10
5.3390833070866144
20
-3.5039773228346456
11
5.3444643307086617
21
-3.5003899606299211
0
LINE
8
BLACK
6
CONTINUOUS
10
5.3444643307086617
20
-3.5003899606299211
11
5.3476683070866144
21
-3.4971860236220471
0
LINE
8
BLACK
6
CONTINUOUS
10
5.3476683070866144
20
-3.4971860236220471
11
5.3493287795275588
21
-3.4938650787401575
0
LINE
8
BLACK
6
CONTINUOUS
10
5.3493287795275588
20
-3.4938650787401575
11
5.3499396850393701
21
-3.4930414173228344
0
LINE
8
BLACK
6
CONTINUOUS
10
5.3499396850393701
20
-3.4930414173228344
11
5.3517928740157483
21
-3.4922381496062993
0
LINE
8
BLACK
6
CONTINUOUS
10
5.3517928740157483
20
-3.4922381496062993
11
5.3537288976377955
21
-3.4928140157480314
0
LINE
8
BLACK
6
CONTINUOUS
10
4.9195910629921258
20
-3.461297283464567
11
4.9197262992125985
21
-3.4614107480314962
0
LINE
8
BLACK
6
CONTINUOUS
10
4.9197262992125985
20
-3.4614107480314962
11
4.9199016535433069
21
-3.4614309448818896
0
LINE
8
BLACK
6
CONTINUOUS
10
4.9199016535433069
20
-3.4614309448818896
11
4.9236512204724407
21
-3.4633057086614172
0
LINE
8
BLACK
6
CONTINUOUS
10
4.9236512204724407
20
-3.4633057086614172
11
4.9244748818897639
21
-3.463916614173228
0
LINE
8
BLACK
6
CONTINUOUS
10
4.9244748818897639
20
-3.463916614173228
11
4.9246507086614173
21
-3.4643222834645671
0
LINE
8
BLACK
6
CONTINUOUS
10
4.9246507086614173
20
-3.4643222834645671
11
4.9249717322834643
21
-3.4646262204724407
0
LINE
8
BLACK
6
CONTINUOUS
10
4.9249717322834643
20
-3.4646262204724407
11
4.9268464960629919
21
-3.4683757480314958
0
LINE
8
BLACK
6
CONTINUOUS
10
4.9268464960629919
20
-3.4683757480314958
11
4.9271388582677167
21
-3.4693586614173229
0
LINE
8
BLACK
6
CONTINUOUS
10
4.9271388582677167
20
-3.4693586614173229
11
4.9270978346456689
21
-3.4695303543307086
0
LINE
8
BLACK
6
CONTINUOUS
10
4.9270978346456689
20
-3.4695303543307086
11
4.9271582283464568
21
-3.4696962598425194
0
LINE
8
BLACK
6
CONTINUOUS
10
4.9271582283464568
20
-3.4696962598425194
11
4.9271582283464568
21
-3.4753205511811025
0
LINE
8
BLACK
6
CONTINUOUS
10
4.9271582283464568
20
-3.4753205511811025
11
4.9269801574803145
21
-3.476330472440945
0
LINE
8
BLACK
6
CONTINUOUS
10
4.9269801574803145
20
-3.476330472440945
11
4.926866653543307
21
-3.4764657086614172
0
LINE
8
BLACK
6
CONTINUOUS
10
4.926866653543307
20
-3.4764657086614172
11
4.9268464960629919
21
-3.4766410629921261
0
LINE
8
BLACK
6
CONTINUOUS
10
4.9268464960629919
20
-3.4766410629921261
11
4.9258258267716535
21
-3.4786823622047245
0
LINE
8
BLACK
6
CONTINUOUS
10
4.9258258267716535
20
-3.4786823622047245
11
4.9267626377952753
21
-3.4794684645669292
0
LINE
8
BLACK
6
CONTINUOUS
10
4.9267626377952753
20
-3.4794684645669292
11
4.9271133858267717
21
-3.4814575984251968
0
LINE
8
BLACK
6
CONTINUOUS
10
4.9271133858267717
20
-3.4814575984251968
11
4.9261034645669293
21
-3.4832067716535433
0
LINE
8
BLACK
6
CONTINUOUS
10
4.9261034645669293
20
-3.4832067716535433
11
4.9242054724409448
21
-3.4838975984251968
0
LINE
8
BLACK
6
CONTINUOUS
10
4.9242054724409448
20
-3.4838975984251968
11
4.8979587401574802
21
-3.4838975984251968
0
LINE
8
BLACK
6
CONTINUOUS
10
4.8979587401574802
20
-3.4838975984251968
11
4.8969488188976378
21
-3.4837195275590549
0
LINE
8
BLACK
6
CONTINUOUS
10
4.8969488188976378
20
-3.4837195275590549
11
4.8954015748031496
21
-3.4824212204724407
0
LINE
8
BLACK
6
CONTINUOUS
10
4.8954015748031496
20
-3.4824212204724407
11
4.8950508267716533
21
-3.4804320866141731
0
LINE
8
BLACK
6
CONTINUOUS
10
4.8950508267716533
20
-3.4804320866141731
11
4.8960607480314957
21
-3.4786829133858266
0
LINE
8
BLACK
6
CONTINUOUS
10
4.8960607480314957
20
-3.4786829133858266
11
4.8979587401574802
21
-3.4779920866141731
0
LINE
8
BLACK
6
CONTINUOUS
10
4.8979587401574802
20
-3.4779920866141731
11
4.9192328346456691
21
-3.4779920866141731
0
LINE
8
BLACK
6
CONTINUOUS
10
4.9192328346456691
20
-3.4779920866141731
11
4.9199039763779524
21
-3.4773209448818898
0
LINE
8
BLACK
6
CONTINUOUS
10
4.9199039763779524
20
-3.4773209448818898
11
4.9212527165354327
21
-3.4746235039370079
0
LINE
8
BLACK
6
CONTINUOUS
10
4.9212527165354327
20
-3.4746235039370079
11
4.9212527165354327
21
-3.470393307086614
0
LINE
8
BLACK
6
CONTINUOUS
10
4.9212527165354327
20
-3.470393307086614
11
4.9201298425196853
21
-3.4681475590551178
0
LINE
8
BLACK
6
CONTINUOUS
10
4.9201298425196853
20
-3.4681475590551178
11
4.9178840944881888
21
-3.4670247244094488
0
LINE
8
BLACK
6
CONTINUOUS
10
4.9178840944881888
20
-3.4670247244094488
11
4.8979587401574802
21
-3.4670247244094488
0
LINE
8
BLACK
6
CONTINUOUS
10
4.8979587401574802
20
-3.4670247244094488
11
4.8969488188976378
21
-3.4668466535433069
0
LINE
8
BLACK
6
CONTINUOUS
10
4.8969488188976378
20
-3.4668466535433069
11
4.8954015748031496
21
-3.4655483464566927
0
LINE
8
BLACK
6
CONTINUOUS
10
4.8954015748031496
20
-3.4655483464566927
11
4.8950508267716533
21
-3.4635592125984251
0
LINE
8
BLACK
6
CONTINUOUS
10
4.8950508267716533
20
-3.4635592125984251
11
4.8960607480314957
21
-3.4618100393700786
0
LINE
8
BLACK
6
CONTINUOUS
10
4.8960607480314957
20
-3.4618100393700786
11
4.8979587401574802
21
-3.4611192125984251
0
LINE
8
BLACK
6
CONTINUOUS
10
4.8979587401574802
20
-3.4611192125984251
11
4.9185811417322833
21
-3.4611192125984251
0
LINE
8
BLACK
6
CONTINUOUS
10
4.9185811417322833
20
-3.4611192125984251
11
4.9195910629921258
21
-3.461297283464567
0
LINE
8
BLACK
6
CONTINUOUS
10
5.0595910629921255
20
-3.461297283464567
11
5.0597262992125982
21
-3.4614107480314962
0
LINE
8
BLACK
6
CONTINUOUS
10
5.0597262992125982
20
-3.4614107480314962
11
5.0599016535433066
21
-3.4614309448818896
0
LINE
8
BLACK
6
CONTINUOUS
10
5.0599016535433066
20
-3.4614309448818896
11
5.0636512204724404
21
-3.4633057086614172
0
LINE
8
BLACK
6
CONTINUOUS
10
5.0636512204724404
20
-3.4633057086614172
11
5.0644748818897636
21
-3.463916614173228
0
LINE
8
BLACK
6
CONTINUOUS
10
5.0644748818897636
20
-3.463916614173228
11
5.064650708661417
21
-3.4643222834645671
0
LINE
8
BLACK
6
CONTINUOUS
10
5.064650708661417
20
-3.4643222834645671
11
5.0649717322834649
21
-3.4646262204724407
0
LINE
8
BLACK
6
CONTINUOUS
10
5.0649717322834649
20
-3.4646262204724407
11
5.0668464960629924
21
-3.4683757480314958
0
LINE
8
BLACK
6
CONTINUOUS
10
5.0668464960629924
20
-3.4683757480314958
11
5.0671388582677164
21
-3.4693586614173229
0
LINE
8
BLACK
6
CONTINUOUS
10
5.0671388582677164
20
-3.4693586614173229
11
5.0670978346456694
21
-3.4695303543307086
0
LINE
8
BLACK
6
CONTINUOUS
10
5.0670978346456694
20
-3.4695303543307086
11
5.0671582283464565
21
-3.4696962598425194
0
LINE
8
BLACK
6
CONTINUOUS
10
5.0671582283464565
20
-3.4696962598425194
11
5.0671582283464565
21
-3.4753205511811025
0
LINE
8
BLACK
6
CONTINUOUS
10
5.0671582283464565
20
-3.4753205511811025
11
5.0669801574803151
21
-3.476330472440945
0
LINE
8
BLACK
6
CONTINUOUS
10
5.0669801574803151
20
-3.476330472440945
11
5.0668666535433067
21
-3.4764657086614172
0
LINE
8
BLACK
6
CONTINUOUS
10
5.0668666535433067
20
-3.4764657086614172
11
5.0668464960629924
21
-3.4766410629921261
0
LINE
8
BLACK
6
CONTINUOUS
10
5.0668464960629924
20
-3.4766410629921261
11
5.0658258267716532
21
-3.4786823622047245
0
LINE
8
BLACK
6
CONTINUOUS
10
5.0658258267716532
20
-3.4786823622047245
11
5.0667626377952759
21
-3.4794684645669292
0
LINE
8
BLACK
6
CONTINUOUS
10
5.0667626377952759
20
-3.4794684645669292
11
5.0671133858267714
21
-3.4814575984251968
0
LINE
8
BLACK
6
CONTINUOUS
10
5.0671133858267714
20
-3.4814575984251968
11
5.0661034645669289
21
-3.4832067716535433
0
LINE
8
BLACK
6
CONTINUOUS
10
5.0661034645669289
20
-3.4832067716535433
11
5.0642054724409444
21
-3.4838975984251968
0
LINE
8
BLACK
6
CONTINUOUS
10
5.0642054724409444
20
-3.4838975984251968
11
5.0379587401574799
21
-3.4838975984251968
0
LINE
8
BLACK
6
CONTINUOUS
10
5.0379587401574799
20
-3.4838975984251968
11
5.0369488188976375
21
-3.4837195275590549
0
LINE
8
BLACK
6
CONTINUOUS
10
5.0369488188976375
20
-3.4837195275590549
11
5.0354015748031493
21
-3.4824212204724407
0
LINE
8
BLACK
6
CONTINUOUS
10
5.0354015748031493
20
-3.4824212204724407
11
5.0350508267716538
21
-3.4804320866141731
0
LINE
8
BLACK
6
CONTINUOUS
10
5.0350508267716538
20
-3.4804320866141731
11
5.0360607480314963
21
-3.4786829133858266
0
LINE
8
BLACK
6
CONTINUOUS
10
5.0360607480314963
20
-3.4786829133858266
11
5.0379587401574799
21
-3.4779920866141731
0
LINE
8
BLACK
6
CONTINUOUS
10
5.0379587401574799
20
-3.4779920866141731
11
5.0592328346456688
21
-3.4779920866141731
0
LINE
8
BLACK
6
CONTINUOUS
10
5.0592328346456688
20
-3.4779920866141731
11
5.059903976377953
21
-3.4773209448818898
0
LINE
8
BLACK
6
CONTINUOUS
10
5.059903976377953
20
-3.4773209448818898
11
5.0612527165354333
21
-3.4746235039370079
0
LINE
8
BLACK
6
CONTINUOUS
10
5.0612527165354333
20
-3.4746235039370079
11
5.0612527165354333
21
-3.470393307086614
0
LINE
8
BLACK
6
CONTINUOUS
10
5.0612527165354333
20
-3.470393307086614
11
5.060129842519685
21
-3.4681475590551178
0
LINE
8
BLACK
6
CONTINUOUS
10
5.060129842519685
20
-3.4681475590551178
11
5.0578840944881884
21
-3.4670247244094488
0
LINE
8
BLACK
6
CONTINUOUS
10
5.0578840944881884
20
-3.4670247244094488
11
5.0379587401574799
21
-3.4670247244094488
0
LINE
8
BLACK
6
CONTINUOUS
10
5.0379587401574799
20
-3.4670247244094488
11
5.0369488188976375
21
-3.4668466535433069
0
LINE
8
BLACK
6
CONTINUOUS
10
5.0369488188976375
20
-3.4668466535433069
11
5.0354015748031493
21
-3.4655483464566927
0
LINE
8
BLACK
6
CONTINUOUS
10
5.0354015748031493
20
-3.4655483464566927
11
5.0350508267716538
21
-3.4635592125984251
0
LINE
8
BLACK
6
CONTINUOUS
10
5.0350508267716538
20
-3.4635592125984251
11
5.0360607480314963
21
-3.4618100393700786
0
LINE
8
BLACK
6
CONTINUOUS
10
5.0360607480314963
20
-3.4618100393700786
11
5.0379587401574799
21
-3.4611192125984251
0
LINE
8
BLACK
6
CONTINUOUS
10
5.0379587401574799
20
-3.4611192125984251
11
5.058581141732283
21
-3.4611192125984251
0
LINE
8
BLACK
6
CONTINUOUS
10
5.058581141732283
20
-3.4611192125984251
11
5.0595910629921255
21
-3.461297283464567
0
LINE
8
BLACK
6
CONTINUOUS
10
5.3811012204724404
20
-3.454915590551181
11
5.3826484645669286
21
-3.4562138976377952
0
LINE
8
BLACK
6
CONTINUOUS
10
5.3826484645669286
20
-3.4562138976377952
11
5.382999212598425
21
-3.4582030314960628
0
LINE
8
BLACK
6
CONTINUOUS
10
5.382999212598425
20
-3.4582030314960628
11
5.3819892913385825
21
-3.4599522047244093
0
LINE
8
BLACK
6
CONTINUOUS
10
5.3819892913385825
20
-3.4599522047244093
11
5.380091299212598
21
-3.4606430314960628
0
LINE
8
BLACK
6
CONTINUOUS
10
5.380091299212598
20
-3.4606430314960628
11
5.3642963779527557
21
-3.4606430314960628
0
LINE
8
BLACK
6
CONTINUOUS
10
5.3642963779527557
20
-3.4606430314960628
11
5.3642963779527557
21
-3.4655266929133859
0
LINE
8
BLACK
6
CONTINUOUS
10
5.3642963779527557
20
-3.4655266929133859
11
5.3817846062992123
21
-3.4777684645669291
0
LINE
8
BLACK
6
CONTINUOUS
10
5.3817846062992123
20
-3.4777684645669291
11
5.3825098425196849
21
-3.478493503937008
0
LINE
8
BLACK
6
CONTINUOUS
10
5.3825098425196849
20
-3.478493503937008
11
5.3830328740157478
21
-3.48044437007874
0
LINE
8
BLACK
6
CONTINUOUS
10
5.3830328740157478
20
-3.48044437007874
11
5.3821795275590549
21
-3.4822750787401575
0
LINE
8
BLACK
6
CONTINUOUS
10
5.3821795275590549
20
-3.4822750787401575
11
5.3803490551181099
21
-3.483128897637795
0
LINE
8
BLACK
6
CONTINUOUS
10
5.3803490551181099
20
-3.483128897637795
11
5.3783980314960624
21
-3.4826064566929134
0
LINE
8
BLACK
6
CONTINUOUS
10
5.3783980314960624
20
-3.4826064566929134
11
5.3642889763779529
21
-3.4727301181102361
0
LINE
8
BLACK
6
CONTINUOUS
10
5.3642889763779529
20
-3.4727301181102361
11
5.3641183070866143
21
-3.4736983070866141
0
LINE
8
BLACK
6
CONTINUOUS
10
5.3641183070866143
20
-3.4736983070866141
11
5.3640048031496059
21
-3.4738335433070864
0
LINE
8
BLACK
6
CONTINUOUS
10
5.3640048031496059
20
-3.4738335433070864
11
5.3639846456692908
21
-3.4740088976377952
0
LINE
8
BLACK
6
CONTINUOUS
10
5.3639846456692908
20
-3.4740088976377952
11
5.3621098818897632
21
-3.4777584251968503
0
LINE
8
BLACK
6
CONTINUOUS
10
5.3621098818897632
20
-3.4777584251968503
11
5.3615839763779523
21
-3.4784674803149604
0
LINE
8
BLACK
6
CONTINUOUS
10
5.3615839763779523
20
-3.4784674803149604
11
5.3615567716535431
21
-3.4785258267716537
0
LINE
8
BLACK
6
CONTINUOUS
10
5.3615567716535431
20
-3.4785258267716537
11
5.3596820078740155
21
-3.4804005905511812
0
LINE
8
BLACK
6
CONTINUOUS
10
5.3596820078740155
20
-3.4804005905511812
11
5.3589588976377955
21
-3.4809068503937008
0
LINE
8
BLACK
6
CONTINUOUS
10
5.3589588976377955
20
-3.4809068503937008
11
5.3589146062992121
21
-3.4809537007874014
0
LINE
8
BLACK
6
CONTINUOUS
10
5.3589146062992121
20
-3.4809537007874014
11
5.355165078740157
21
-3.482828464566929
0
LINE
8
BLACK
6
CONTINUOUS
10
5.355165078740157
20
-3.482828464566929
11
5.3541821259842521
21
-3.4831208267716534
0
LINE
8
BLACK
6
CONTINUOUS
10
5.3541821259842521
20
-3.4831208267716534
11
5.354010433070866
21
-3.4830798031496064
0
LINE
8
BLACK
6
CONTINUOUS
10
5.354010433070866
20
-3.4830798031496064
11
5.3538445669291335
21
-3.4831401968503934
0
LINE
8
BLACK
6
CONTINUOUS
10
5.3538445669291335
20
-3.4831401968503934
11
5.3482202755905508
21
-3.4831401968503934
0
LINE
8
BLACK
6
CONTINUOUS
10
5.3482202755905508
20
-3.4831401968503934
11
5.3472103543307083
21
-3.482962125984252
0
LINE
8
BLACK
6
CONTINUOUS
10
5.3472103543307083
20
-3.482962125984252
11
5.3470750787401577
21
-3.4828486220472441
0
LINE
8
BLACK
6
CONTINUOUS
10
5.3470750787401577
20
-3.4828486220472441
11
5.3468997637795272
21
-3.482828464566929
0
LINE
8
BLACK
6
CONTINUOUS
10
5.3468997637795272
20
-3.482828464566929
11
5.3431502362204721
21
-3.4809537007874014
0
LINE
8
BLACK
6
CONTINUOUS
10
5.3431502362204721
20
-3.4809537007874014
11
5.3424411417322837
21
-3.4804277952755904
0
LINE
8
BLACK
6
CONTINUOUS
10
5.3424411417322837
20
-3.4804277952755904
11
5.3423828346456688
21
-3.4804005905511812
0
LINE
8
BLACK
6
CONTINUOUS
10
5.3423828346456688
20
-3.4804005905511812
11
5.3405080708661412
21
-3.4785258267716537
0
LINE
8
BLACK
6
CONTINUOUS
10
5.3405080708661412
20
-3.4785258267716537
11
5.3400017716535428
21
-3.4778027165354328
0
LINE
8
BLACK
6
CONTINUOUS
10
5.3400017716535428
20
-3.4778027165354328
11
5.339954960629921
21
-3.4777584251968503
0
LINE
8
BLACK
6
CONTINUOUS
10
5.339954960629921
20
-3.4777584251968503
11
5.3380801968503935
21
-3.4740088976377952
0
LINE
8
BLACK
6
CONTINUOUS
10
5.3380801968503935
20
-3.4740088976377952
11
5.3377878346456695
21
-3.4730259448818899
0
LINE
8
BLACK
6
CONTINUOUS
10
5.3377878346456695
20
-3.4730259448818899
11
5.3378288188976377
21
-3.4728542519685037
0
LINE
8
BLACK
6
CONTINUOUS
10
5.3378288188976377
20
-3.4728542519685037
11
5.3377684645669294
21
-3.4726883858267716
0
LINE
8
BLACK
6
CONTINUOUS
10
5.3377684645669294
20
-3.4726883858267716
11
5.3377684645669294
21
-3.4576902755905512
0
LINE
8
BLACK
6
CONTINUOUS
10
5.3377684645669294
20
-3.4576902755905512
11
5.3378360629921255
21
-3.4573067322834645
0
LINE
8
BLACK
6
CONTINUOUS
10
5.3378360629921255
20
-3.4573067322834645
11
5.3378133070866136
21
-3.4571775196850392
0
LINE
8
BLACK
6
CONTINUOUS
10
5.3378133070866136
20
-3.4571775196850392
11
5.3378788976377951
21
-3.457063897637795
0
LINE
8
BLACK
6
CONTINUOUS
10
5.3378788976377951
20
-3.457063897637795
11
5.3379465354330708
21
-3.4566803543307087
0
LINE
8
BLACK
6
CONTINUOUS
10
5.3379465354330708
20
-3.4566803543307087
11
5.3384396456692915
21
-3.4560926377952756
0
LINE
8
BLACK
6
CONTINUOUS
10
5.3384396456692915
20
-3.4560926377952756
11
5.338823228346457
21
-3.4554283464566931
0
LINE
8
BLACK
6
CONTINUOUS
10
5.338823228346457
20
-3.4554283464566931
11
5.3390735433070864
21
-3.4553372047244095
0
LINE
8
BLACK
6
CONTINUOUS
10
5.3390735433070864
20
-3.4553372047244095
11
5.339244842519685
21
-3.4551331102362206
0
LINE
8
BLACK
6
CONTINUOUS
10
5.339244842519685
20
-3.4551331102362206
11
5.3400003937007874
21
-3.4549998425196851
0
LINE
8
BLACK
6
CONTINUOUS
10
5.3400003937007874
20
-3.4549998425196851
11
5.3407212204724406
21
-3.4547375196850392
0
LINE
8
BLACK
6
CONTINUOUS
10
5.3407212204724406
20
-3.4547375196850392
11
5.380091299212598
21
-3.4547375196850392
0
LINE
8
BLACK
6
CONTINUOUS
10
5.380091299212598
20
-3.4547375196850392
11
5.3811012204724404
21
-3.454915590551181
0
LINE
8
BLACK
6
CONTINUOUS
10
5.3436739763779526
20
-3.4719913385826771
11
5.3450227165354329
21
-3.4746888188976377
0
LINE
8
BLACK
6
CONTINUOUS
10
5.3450227165354329
20
-3.4746888188976377
11
5.3462198425196847
21
-3.4758859448818895
0
LINE
8
BLACK
6
CONTINUOUS
10
5.3462198425196847
20
-3.4758859448818895
11
5.3489173228346454
21
-3.4772346850393698
0
LINE
8
BLACK
6
CONTINUOUS
10
5.3489173228346454
20
-3.4772346850393698
11
5.3531475196850389
21
-3.4772346850393698
0
LINE
8
BLACK
6
CONTINUOUS
10
5.3531475196850389
20
-3.4772346850393698
11
5.3558449999999995
21
-3.4758859448818895
0
LINE
8
BLACK
6
CONTINUOUS
10
5.3558449999999995
20
-3.4758859448818895
11
5.3570421259842522
21
-3.4746888188976377
0
LINE
8
BLACK
6
CONTINUOUS
10
5.3570421259842522
20
-3.4746888188976377
11
5.3583908661417325
21
-3.4719913385826771
0
LINE
8
BLACK
6
CONTINUOUS
10
5.3583908661417325
20
-3.4719913385826771
11
5.3583908661417325
21
-3.4606430314960628
0
LINE
8
BLACK
6
CONTINUOUS
10
5.3583908661417325
20
-3.4606430314960628
11
5.3436739763779526
21
-3.4606430314960628
0
LINE
8
BLACK
6
CONTINUOUS
10
5.3436739763779526
20
-3.4606430314960628
11
5.3436739763779526
21
-3.4719913385826771
0
LINE
8
BLACK
6
CONTINUOUS
10
5.5200725196850389
20
-3.4305646456692913
11
5.5202077559055116
21
-3.4306781102362205
0
LINE
8
BLACK
6
CONTINUOUS
10
5.5202077559055116
20
-3.4306781102362205
11
5.52038311023622
21
-3.4306983070866139
0
LINE
8
BLACK
6
CONTINUOUS
10
5.52038311023622
20
-3.4306983070866139
11
5.5241326377952751
21
-3.4325730708661415
0
LINE
8
BLACK
6
CONTINUOUS
10
5.5241326377952751
20
-3.4325730708661415
11
5.5248416929133857
21
-3.4330989763779525
0
LINE
8
BLACK
6
CONTINUOUS
10
5.5248416929133857
20
-3.4330989763779525
11
5.5249000393700785
21
-3.4331261811023621
0
LINE
8
BLACK
6
CONTINUOUS
10
5.5249000393700785
20
-3.4331261811023621
11
5.526774803149606
21
-3.4350009448818897
0
LINE
8
BLACK
6
CONTINUOUS
10
5.526774803149606
20
-3.4350009448818897
11
5.5272810629921256
21
-3.4357240157480313
0
LINE
8
BLACK
6
CONTINUOUS
10
5.5272810629921256
20
-3.4357240157480313
11
5.5273279133858271
21
-3.435768346456693
0
LINE
8
BLACK
6
CONTINUOUS
10
5.5273279133858271
20
-3.435768346456693
11
5.5292026771653546
21
-3.4395178740157482
0
LINE
8
BLACK
6
CONTINUOUS
10
5.5292026771653546
20
-3.4395178740157482
11
5.5293479527559057
21
-3.4400062992125982
0
LINE
8
BLACK
6
CONTINUOUS
10
5.5293479527559057
20
-3.4400062992125982
11
5.5294262598425199
21
-3.4401222440944883
0
LINE
8
BLACK
6
CONTINUOUS
10
5.5294262598425199
20
-3.4401222440944883
11
5.5313010236220475
21
-3.4476212992125985
0
LINE
8
BLACK
6
CONTINUOUS
10
5.5313010236220475
20
-3.4476212992125985
11
5.5313424803149607
21
-3.4482091732283462
0
LINE
8
BLACK
6
CONTINUOUS
10
5.5313424803149607
20
-3.4482091732283462
11
5.5313891732283462
21
-3.4483374409448819
0
LINE
8
BLACK
6
CONTINUOUS
10
5.5313891732283462
20
-3.4483374409448819
11
5.5313891732283462
21
-3.4577112598425197
0
LINE
8
BLACK
6
CONTINUOUS
10
5.5313891732283462
20
-3.4577112598425197
11
5.5312868110236222
21
-3.4582916141732283
0
LINE
8
BLACK
6
CONTINUOUS
10
5.5312868110236222
20
-3.4582916141732283
11
5.5313010236220475
21
-3.4584274015748031
0
LINE
8
BLACK
6
CONTINUOUS
10
5.5313010236220475
20
-3.4584274015748031
11
5.5294262598425199
21
-3.4659264566929133
0
LINE
8
BLACK
6
CONTINUOUS
10
5.5294262598425199
20
-3.4659264566929133
11
5.5292186614173229
21
-3.4663918897637793
0
LINE
8
BLACK
6
CONTINUOUS
10
5.5292186614173229
20
-3.4663918897637793
11
5.5292026771653546
21
-3.4665308267716535
0
LINE
8
BLACK
6
CONTINUOUS
10
5.5292026771653546
20
-3.4665308267716535
11
5.5273279133858271
21
-3.4702803543307086
0
LINE
8
BLACK
6
CONTINUOUS
10
5.5273279133858271
20
-3.4702803543307086
11
5.5268019685039365
21
-3.4709894094488187
0
LINE
8
BLACK
6
CONTINUOUS
10
5.5268019685039365
20
-3.4709894094488187
11
5.526774803149606
21
-3.4710477559055115
0
LINE
8
BLACK
6
CONTINUOUS
10
5.526774803149606
20
-3.4710477559055115
11
5.5249000787401572
21
-3.4729225196850395
0
LINE
8
BLACK
6
CONTINUOUS
10
5.5249000787401572
20
-3.4729225196850395
11
5.5241768897637797
21
-3.4734288976377954
0
LINE
8
BLACK
6
CONTINUOUS
10
5.5241768897637797
20
-3.4734288976377954
11
5.5241326377952751
21
-3.4734756692913384
0
LINE
8
BLACK
6
CONTINUOUS
10
5.5241326377952751
20
-3.4734756692913384
11
5.52038311023622
21
-3.475350433070866
0
LINE
8
BLACK
6
CONTINUOUS
10
5.52038311023622
20
-3.475350433070866
11
5.5194001574803151
21
-3.4756427952755904
0
LINE
8
BLACK
6
CONTINUOUS
10
5.5194001574803151
20
-3.4756427952755904
11
5.5192284645669289
21
-3.4756017716535434
0
LINE
8
BLACK
6
CONTINUOUS
10
5.5192284645669289
20
-3.4756017716535434
11
5.5190625984251964
21
-3.4756621653543305
0
LINE
8
BLACK
6
CONTINUOUS
10
5.5190625984251964
20
-3.4756621653543305
11
5.5153130708661413
21
-3.4756621653543305
0
LINE
8
BLACK
6
CONTINUOUS
10
5.5153130708661413
20
-3.4756621653543305
11
5.5143031496062989
21
-3.4754840944881891
0
LINE
8
BLACK
6
CONTINUOUS
10
5.5143031496062989
20
-3.4754840944881891
11
5.5141678740157483
21
-3.4753705905511811
0
LINE
8
BLACK
6
CONTINUOUS
10
5.5141678740157483
20
-3.4753705905511811
11
5.5139925590551178
21
-3.475350433070866
0
LINE
8
BLACK
6
CONTINUOUS
10
5.5139925590551178
20
-3.475350433070866
11
5.5102430314960626
21
-3.4734756692913384
0
LINE
8
BLACK
6
CONTINUOUS
10
5.5102430314960626
20
-3.4734756692913384
11
5.5095338976377954
21
-3.47294968503937
0
LINE
8
BLACK
6
CONTINUOUS
10
5.5095338976377954
20
-3.47294968503937
11
5.5094755905511814
21
-3.4729225196850395
0
LINE
8
BLACK
6
CONTINUOUS
10
5.5094755905511814
20
-3.4729225196850395
11
5.5076008267716539
21
-3.4710477165354332
0
LINE
8
BLACK
6
CONTINUOUS
10
5.5076008267716539
20
-3.4710477165354332
11
5.5070945275590546
21
-3.4703246456692911
0
LINE
8
BLACK
6
CONTINUOUS
10
5.5070945275590546
20
-3.4703246456692911
11
5.5070477559055115
21
-3.4702803543307086
0
LINE
8
BLACK
6
CONTINUOUS
10
5.5070477559055115
20
-3.4702803543307086
11
5.505172992125984
21
-3.4665308267716535
0
LINE
8
BLACK
6
CONTINUOUS
10
5.505172992125984
20
-3.4665308267716535
11
5.5050276771653541
21
-3.4660423622047243
0
LINE
8
BLACK
6
CONTINUOUS
10
5.5050276771653541
20
-3.4660423622047243
11
5.5049494094488187
21
-3.4659264566929133
0
LINE
8
BLACK
6
CONTINUOUS
10
5.5049494094488187
20
-3.4659264566929133
11
5.5030746456692912
21
-3.4584274015748031
0
LINE
8
BLACK
6
CONTINUOUS
10
5.5030746456692912
20
-3.4584274015748031
11
5.5030331496062992
21
-3.4578394881889762
0
LINE
8
BLACK
6
CONTINUOUS
10
5.5030331496062992
20
-3.4578394881889762
11
5.5029864960629924
21
-3.4577112598425197
0
LINE
8
BLACK
6
CONTINUOUS
10
5.5029864960629924
20
-3.4577112598425197
11
5.5029864960629924
21
-3.4483374409448819
0
LINE
8
BLACK
6
CONTINUOUS
10
5.5029864960629924
20
-3.4483374409448819
11
5.5030888188976377
21
-3.4477570472440946
0
LINE
8
BLACK
6
CONTINUOUS
10
5.5030888188976377
20
-3.4477570472440946
11
5.5030746456692912
21
-3.4476212992125985
0
LINE
8
BLACK
6
CONTINUOUS
10
5.5030746456692912
20
-3.4476212992125985
11
5.5049494094488187
21
-3.4401222440944883
0
LINE
8
BLACK
6
CONTINUOUS
10
5.5049494094488187
20
-3.4401222440944883
11
5.505156968503937
21
-3.4396567716535431
0
LINE
8
BLACK
6
CONTINUOUS
10
5.505156968503937
20
-3.4396567716535431
11
5.505172992125984
21
-3.4395178740157482
0
LINE
8
BLACK
6
CONTINUOUS
10
5.505172992125984
20
-3.4395178740157482
11
5.5070477559055115
21
-3.435768346456693
0
LINE
8
BLACK
6
CONTINUOUS
10
5.5070477559055115
20
-3.435768346456693
11
5.5075736614173225
21
-3.4350592519685037
0
LINE
8
BLACK
6
CONTINUOUS
10
5.5075736614173225
20
-3.4350592519685037
11
5.5076008661417317
21
-3.4350009448818897
0
LINE
8
BLACK
6
CONTINUOUS
10
5.5076008661417317
20
-3.4350009448818897
11
5.5094756299212593
21
-3.4331261811023621
0
LINE
8
BLACK
6
CONTINUOUS
10
5.5094756299212593
20
-3.4331261811023621
11
5.5101987007874014
21
-3.4326198818897637
0
LINE
8
BLACK
6
CONTINUOUS
10
5.5101987007874014
20
-3.4326198818897637
11
5.5102430314960626
21
-3.4325730708661415
0
LINE
8
BLACK
6
CONTINUOUS
10
5.5102430314960626
20
-3.4325730708661415
11
5.5139925590551178
21
-3.4306983070866139
0
LINE
8
BLACK
6
CONTINUOUS
10
5.5139925590551178
20
-3.4306983070866139
11
5.5149754724409448
21
-3.4304059448818895
0
LINE
8
BLACK
6
CONTINUOUS
10
5.5149754724409448
20
-3.4304059448818895
11
5.5151471653543309
21
-3.4304469291338582
0
LINE
8
BLACK
6
CONTINUOUS
10
5.5151471653543309
20
-3.4304469291338582
11
5.5153130708661413
21
-3.4303865748031495
0
LINE
8
BLACK
6
CONTINUOUS
10
5.5153130708661413
20
-3.4303865748031495
11
5.5190625984251964
21
-3.4303865748031495
0
LINE
8
BLACK
6
CONTINUOUS
10
5.5190625984251964
20
-3.4303865748031495
11
5.5200725196850389
21
-3.4305646456692913
0
LINE
8
BLACK
6
CONTINUOUS
10
5.5133126377952753
20
-3.4376408267716534
11
5.5121155118110234
21
-3.4388379527559056
0
LINE
8
BLACK
6
CONTINUOUS
10
5.5121155118110234
20
-3.4388379527559056
11
5.5106000000000002
21
-3.4418689370078739
0
LINE
8
BLACK
6
CONTINUOUS
10
5.5106000000000002
20
-3.4418689370078739
11
5.5088920078740156
21
-3.4487009842519685
0
LINE
8
BLACK
6
CONTINUOUS
10
5.5088920078740156
20
-3.4487009842519685
11
5.5088920078740156
21
-3.4573477165354332
0
LINE
8
BLACK
6
CONTINUOUS
10
5.5088920078740156
20
-3.4573477165354332
11
5.5106000000000002
21
-3.4641797637795273
0
LINE
8
BLACK
6
CONTINUOUS
10
5.5106000000000002
20
-3.4641797637795273
11
5.5121155118110234
21
-3.467210748031496
0
LINE
8
BLACK
6
CONTINUOUS
10
5.5121155118110234
20
-3.467210748031496
11
5.5133126377952753
21
-3.4684079133858265
0
LINE
8
BLACK
6
CONTINUOUS
10
5.5133126377952753
20
-3.4684079133858265
11
5.5160101181102359
21
-3.4697566535433069
0
LINE
8
BLACK
6
CONTINUOUS
10
5.5160101181102359
20
-3.4697566535433069
11
5.5183655511811018
21
-3.4697566535433069
0
LINE
8
BLACK
6
CONTINUOUS
10
5.5183655511811018
20
-3.4697566535433069
11
5.5210629921259837
21
-3.4684079133858265
0
LINE
8
BLACK
6
CONTINUOUS
10
5.5210629921259837
20
-3.4684079133858265
11
5.5222601181102364
21
-3.467210748031496
0
LINE
8
BLACK
6
CONTINUOUS
10
5.5222601181102364
20
-3.467210748031496
11
5.5237756299212597
21
-3.4641797637795273
0
LINE
8
BLACK
6
CONTINUOUS
10
5.5237756299212597
20
-3.4641797637795273
11
5.5254836614173231
21
-3.4573477165354332
0
LINE
8
BLACK
6
CONTINUOUS
10
5.5254836614173231
20
-3.4573477165354332
11
5.5254836614173231
21
-3.4487009842519685
0
LINE
8
BLACK
6
CONTINUOUS
10
5.5254836614173231
20
-3.4487009842519685
11
5.5237756299212597
21
-3.4418689370078739
0
LINE
8
BLACK
6
CONTINUOUS
10
5.5237756299212597
20
-3.4418689370078739
11
5.5222601574803152
21
-3.4388379527559056
0
LINE
8
BLACK
6
CONTINUOUS
10
5.5222601574803152
20
-3.4388379527559056
11
5.5210630314960625
21
-3.4376408267716534
0
LINE
8
BLACK
6
CONTINUOUS
10
5.5210630314960625
20
-3.4376408267716534
11
5.5183655511811018
21
-3.4362920866141731
0
LINE
8
BLACK
6
CONTINUOUS
10
5.5183655511811018
20
-3.4362920866141731
11
5.5160101181102359
21
-3.4362920866141731
0
LINE
8
BLACK
6
CONTINUOUS
10
5.5160101181102359
20
-3.4362920866141731
11
5.5133126377952753
21
-3.4376408267716534
0
LINE
8
BLACK
6
CONTINUOUS
10
5.5488267322834641
20
-3.4265816929133859
11
5.5489619685039369
21
-3.4266951574803151
0
LINE
8
BLACK
6
CONTINUOUS
10
5.5489619685039369
20
-3.4266951574803151
11
5.5491373228346452
21
-3.4267153543307085
0
LINE
8
BLACK
6
CONTINUOUS
10
5.5491373228346452
20
-3.4267153543307085
11
5.5511786220472441
21
-3.4277359842519686
0
LINE
8
BLACK
6
CONTINUOUS
10
5.5511786220472441
20
-3.4277359842519686
11
5.5519647244094488
21
-3.426799212598425
0
LINE
8
BLACK
6
CONTINUOUS
10
5.5519647244094488
20
-3.426799212598425
11
5.5539538582677164
21
-3.4264484645669291
0
LINE
8
BLACK
6
CONTINUOUS
10
5.5539538582677164
20
-3.4264484645669291
11
5.5557030314960629
21
-3.4274583858267715
0
LINE
8
BLACK
6
CONTINUOUS
10
5.5557030314960629
20
-3.4274583858267715
11
5.5563938582677164
21
-3.4293563779527556
0
LINE
8
BLACK
6
CONTINUOUS
10
5.5563938582677164
20
-3.4293563779527556
11
5.5563938582677164
21
-3.431123031496063
0
LINE
8
BLACK
6
CONTINUOUS
10
5.5563938582677164
20
-3.431123031496063
11
5.5569450787401573
21
-3.431441338582677
0
LINE
8
BLACK
6
CONTINUOUS
10
5.5569450787401573
20
-3.431441338582677
11
5.5570031102362201
21
-3.4316008267716533
0
LINE
8
BLACK
6
CONTINUOUS
10
5.5570031102362201
20
-3.4316008267716533
11
5.5571399999999995
21
-3.4317014173228344
0
LINE
8
BLACK
6
CONTINUOUS
10
5.5571399999999995
20
-3.4317014173228344
11
5.5607273228346452
21
-3.4370824409448817
0
LINE
8
BLACK
6
CONTINUOUS
10
5.5607273228346452
20
-3.4370824409448817
11
5.563931299212598
21
-3.4402864173228345
0
LINE
8
BLACK
6
CONTINUOUS
10
5.563931299212598
20
-3.4402864173228345
11
5.5672522440944885
21
-3.4419468897637793
0
LINE
8
BLACK
6
CONTINUOUS
10
5.5672522440944885
20
-3.4419468897637793
11
5.5680759055118108
21
-3.4425577952755906
0
LINE
8
BLACK
6
CONTINUOUS
10
5.5680759055118108
20
-3.4425577952755906
11
5.5688791732283462
21
-3.4444109842519683
0
LINE
8
BLACK
6
CONTINUOUS
10
5.5688791732283462
20
-3.4444109842519683
11
5.5683033070866141
21
-3.4463470078740155
0
LINE
8
BLACK
6
CONTINUOUS
10
5.5683033070866141
20
-3.4463470078740155
11
5.5666177559055114
21
-3.447459842519685
0
LINE
8
BLACK
6
CONTINUOUS
10
5.5666177559055114
20
-3.447459842519685
11
5.5646112204724405
21
-3.4472289370078739
0
LINE
8
BLACK
6
CONTINUOUS
10
5.5646112204724405
20
-3.4472289370078739
11
5.5608616929133854
21
-3.4453541732283464
0
LINE
8
BLACK
6
CONTINUOUS
10
5.5608616929133854
20
-3.4453541732283464
11
5.5601525984251969
21
-3.4448282283464566
0
LINE
8
BLACK
6
CONTINUOUS
10
5.5601525984251969
20
-3.4448282283464566
11
5.5600942913385829
21
-3.4448010629921257
0
LINE
8
BLACK
6
CONTINUOUS
10
5.5600942913385829
20
-3.4448010629921257
11
5.5576359055118107
21
-3.4423426771653545
0
LINE
8
BLACK
6
CONTINUOUS
10
5.5576359055118107
20
-3.4423426771653545
11
5.5576359055118107
21
-3.4697566535433069
0
LINE
8
BLACK
6
CONTINUOUS
10
5.5576359055118107
20
-3.4697566535433069
11
5.5659317322834641
21
-3.4697566535433069
0
LINE
8
BLACK
6
CONTINUOUS
10
5.5659317322834641
20
-3.4697566535433069
11
5.5669416535433074
21
-3.4699347244094487
0
LINE
8
BLACK
6
CONTINUOUS
10
5.5669416535433074
20
-3.4699347244094487
11
5.5684888976377955
21
-3.4712330314960629
0
LINE
8
BLACK
6
CONTINUOUS
10
5.5684888976377955
20
-3.4712330314960629
11
5.568839645669291
21
-3.4732221653543305
0
LINE
8
BLACK
6
CONTINUOUS
10
5.568839645669291
20
-3.4732221653543305
11
5.5678297244094486
21
-3.474971338582677
0
LINE
8
BLACK
6
CONTINUOUS
10
5.5678297244094486
20
-3.474971338582677
11
5.5659317322834641
21
-3.4756621653543305
0
LINE
8
BLACK
6
CONTINUOUS
10
5.5659317322834641
20
-3.4756621653543305
11
5.5434345669291334
21
-3.4756621653543305
0
LINE
8
BLACK
6
CONTINUOUS
10
5.5434345669291334
20
-3.4756621653543305
11
5.5424246456692909
21
-3.4754840944881891
0
LINE
8
BLACK
6
CONTINUOUS
10
5.5424246456692909
20
-3.4754840944881891
11
5.5408774015748028
21
-3.4741857874015749
0
LINE
8
BLACK
6
CONTINUOUS
10
5.5408774015748028
20
-3.4741857874015749
11
5.5405266535433073
21
-3.4721966535433069
0
LINE
8
BLACK
6
CONTINUOUS
10
5.5405266535433073
20
-3.4721966535433069
11
5.5415365748031498
21
-3.4704474803149608
0
LINE
8
BLACK
6
CONTINUOUS
10
5.5415365748031498
20
-3.4704474803149608
11
5.5434345669291334
21
-3.4697566535433069
0
LINE
8
BLACK
6
CONTINUOUS
10
5.5434345669291334
20
-3.4697566535433069
11
5.5517303937007876
21
-3.4697566535433069
0
LINE
8
BLACK
6
CONTINUOUS
10
5.5517303937007876
20
-3.4697566535433069
11
5.5517303937007876
21
-3.4578193307086615
0
LINE
8
BLACK
6
CONTINUOUS
10
5.5517303937007876
20
-3.4578193307086615
11
5.5511791732283466
21
-3.4575011023622046
0
LINE
8
BLACK
6
CONTINUOUS
10
5.5511791732283466
20
-3.4575011023622046
11
5.5504883464566932
21
-3.4556031102362206
0
LINE
8
BLACK
6
CONTINUOUS
10
5.5504883464566932
20
-3.4556031102362206
11
5.5504883464566932
21
-3.4343289763779525
0
LINE
8
BLACK
6
CONTINUOUS
10
5.5504883464566932
20
-3.4343289763779525
11
5.5498172440944877
21
-3.433657874015748
0
LINE
8
BLACK
6
CONTINUOUS
10
5.5498172440944877
20
-3.433657874015748
11
5.5471197637795271
21
-3.4323091338582676
0
LINE
8
BLACK
6
CONTINUOUS
10
5.5471197637795271
20
-3.4323091338582676
11
5.5428895669291336
21
-3.4323091338582676
0
LINE
8
BLACK
6
CONTINUOUS
10
5.5428895669291336
20
-3.4323091338582676
11
5.5406438188976379
21
-3.4334319685039367
0
LINE
8
BLACK
6
CONTINUOUS
10
5.5406438188976379
20
-3.4334319685039367
11
5.5395209842519684
21
-3.4356777165354329
0
LINE
8
BLACK
6
CONTINUOUS
10
5.5395209842519684
20
-3.4356777165354329
11
5.5395209842519684
21
-3.4556031102362206
0
LINE
8
BLACK
6
CONTINUOUS
10
5.5395209842519684
20
-3.4556031102362206
11
5.539342913385827
21
-3.456613031496063
0
LINE
8
BLACK
6
CONTINUOUS
10
5.539342913385827
20
-3.456613031496063
11
5.5380446062992128
21
-3.4581602755905512
0
LINE
8
BLACK
6
CONTINUOUS
10
5.5380446062992128
20
-3.4581602755905512
11
5.5360554724409443
21
-3.4585110236220471
0
LINE
8
BLACK
6
CONTINUOUS
10
5.5360554724409443
20
-3.4585110236220471
11
5.5343062992125986
21
-3.4575011023622046
0
LINE
8
BLACK
6
CONTINUOUS
10
5.5343062992125986
20
-3.4575011023622046
11
5.5336154724409443
21
-3.4556031102362206
0
LINE
8
BLACK
6
CONTINUOUS
10
5.5336154724409443
20
-3.4556031102362206
11
5.5336154724409443
21
-3.4349806692913387
0
LINE
8
BLACK
6
CONTINUOUS
10
5.5336154724409443
20
-3.4349806692913387
11
5.5337935433070866
21
-3.4339707480314958
0
LINE
8
BLACK
6
CONTINUOUS
10
5.5337935433070866
20
-3.4339707480314958
11
5.5339070078740153
21
-3.4338354724409448
0
LINE
8
BLACK
6
CONTINUOUS
10
5.5339070078740153
20
-3.4338354724409448
11
5.5339272047244092
21
-3.4336601574803147
0
LINE
8
BLACK
6
CONTINUOUS
10
5.5339272047244092
20
-3.4336601574803147
11
5.5358019685039368
21
-3.4299106299212596
0
LINE
8
BLACK
6
CONTINUOUS
10
5.5358019685039368
20
-3.4299106299212596
11
5.5364128740157481
21
-3.4290869685039369
0
LINE
8
BLACK
6
CONTINUOUS
10
5.5364128740157481
20
-3.4290869685039369
11
5.5368185433070867
21
-3.4289111023622048
0
LINE
8
BLACK
6
CONTINUOUS
10
5.5368185433070867
20
-3.4289111023622048
11
5.5371224803149603
21
-3.4285901181102361
0
LINE
8
BLACK
6
CONTINUOUS
10
5.5371224803149603
20
-3.4285901181102361
11
5.5408720078740155
21
-3.4267153543307085
0
LINE
8
BLACK
6
CONTINUOUS
10
5.5408720078740155
20
-3.4267153543307085
11
5.5418549212598425
21
-3.4264229921259841
0
LINE
8
BLACK
6
CONTINUOUS
10
5.5418549212598425
20
-3.4264229921259841
11
5.5420266141732286
21
-3.4264639763779527
0
LINE
8
BLACK
6
CONTINUOUS
10
5.5420266141732286
20
-3.4264639763779527
11
5.542192519685039
21
-3.426403622047244
0
LINE
8
BLACK
6
CONTINUOUS
10
5.542192519685039
20
-3.426403622047244
11
5.5478168110236217
21
-3.426403622047244
0
LINE
8
BLACK
6
CONTINUOUS
10
5.5478168110236217
20
-3.426403622047244
11
5.5488267322834641
21
-3.4265816929133859
0
LINE
8
BLACK
6
CONTINUOUS
10
5.4913282677165354
20
-3.431441338582677
11
5.4920190944881888
21
-3.4333393307086615
0
LINE
8
BLACK
6
CONTINUOUS
10
5.4920190944881888
20
-3.4333393307086615
11
5.4920190944881888
21
-3.4727094094488189
0
LINE
8
BLACK
6
CONTINUOUS
10
5.4920190944881888
20
-3.4727094094488189
11
5.4918410236220474
21
-3.4737193307086613
0
LINE
8
BLACK
6
CONTINUOUS
10
5.4918410236220474
20
-3.4737193307086613
11
5.4905427165354332
21
-3.4752665748031495
0
LINE
8
BLACK
6
CONTINUOUS
10
5.4905427165354332
20
-3.4752665748031495
11
5.4885535826771656
21
-3.4756173228346454
0
LINE
8
BLACK
6
CONTINUOUS
10
5.4885535826771656
20
-3.4756173228346454
11
5.4868044094488191
21
-3.474607401574803
0
LINE
8
BLACK
6
CONTINUOUS
10
5.4868044094488191
20
-3.474607401574803
11
5.4861135826771656
21
-3.4727094094488189
0
LINE
8
BLACK
6
CONTINUOUS
10
5.4861135826771656
20
-3.4727094094488189
11
5.4861135826771656
21
-3.4626838582677166
0
LINE
8
BLACK
6
CONTINUOUS
10
5.4861135826771656
20
-3.4626838582677166
11
5.4856362598425195
21
-3.4622065354330709
0
LINE
8
BLACK
6
CONTINUOUS
10
5.4856362598425195
20
-3.4622065354330709
11
5.476430433070866
21
-3.4744810629921261
0
LINE
8
BLACK
6
CONTINUOUS
10
5.476430433070866
20
-3.4744810629921261
11
5.475682007874016
21
-3.4751821653543304
0
LINE
8
BLACK
6
CONTINUOUS
10
5.475682007874016
20
-3.4751821653543304
11
5.4737150393700782
21
-3.4756409842519682
0
LINE
8
BLACK
6
CONTINUOUS
10
5.4737150393700782
20
-3.4756409842519682
11
5.471913267716535
21
-3.4747280708661417
0
LINE
8
BLACK
6
CONTINUOUS
10
5.471913267716535
20
-3.4747280708661417
11
5.4711198818897637
21
-3.4728706299212599
0
LINE
8
BLACK
6
CONTINUOUS
10
5.4711198818897637
20
-3.4728706299212599
11
5.4717060236220467
21
-3.4709377559055117
0
LINE
8
BLACK
6
CONTINUOUS
10
5.4717060236220467
20
-3.4709377559055117
11
5.4814180314960632
21
-3.4579883070866142
0
LINE
8
BLACK
6
CONTINUOUS
10
5.4814180314960632
20
-3.4579883070866142
11
5.4719803149606294
21
-3.4485505905511808
0
LINE
8
BLACK
6
CONTINUOUS
10
5.4719803149606294
20
-3.4485505905511808
11
5.4713921259842522
21
-3.4477105511811024
0
LINE
8
BLACK
6
CONTINUOUS
10
5.4713921259842522
20
-3.4477105511811024
11
5.4712160629921263
21
-3.4456984645669291
0
LINE
8
BLACK
6
CONTINUOUS
10
5.4712160629921263
20
-3.4456984645669291
11
5.4723746062992129
21
-3.4440438976377954
0
LINE
8
BLACK
6
CONTINUOUS
10
5.4723746062992129
20
-3.4440438976377954
11
5.474325551181102
21
-3.443521181102362
0
LINE
8
BLACK
6
CONTINUOUS
10
5.474325551181102
20
-3.443521181102362
11
5.4761561417322833
21
-3.4443747637795274
0
LINE
8
BLACK
6
CONTINUOUS
10
5.4761561417322833
20
-3.4443747637795274
11
5.4861135826771656
21
-3.4543322047244094
0
LINE
8
BLACK
6
CONTINUOUS
10
5.4861135826771656
20
-3.4543322047244094
11
5.4861135826771656
21
-3.4333393307086615
0
LINE
8
BLACK
6
CONTINUOUS
10
5.4861135826771656
20
-3.4333393307086615
11
5.4862916535433071
21
-3.432329409448819
0
LINE
8
BLACK
6
CONTINUOUS
10
5.4862916535433071
20
-3.432329409448819
11
5.4875899606299212
21
-3.4307821653543304
0
LINE
8
BLACK
6
CONTINUOUS
10
5.4875899606299212
20
-3.4307821653543304
11
5.4895790944881888
21
-3.4304314173228345
0
LINE
8
BLACK
6
CONTINUOUS
10
5.4895790944881888
20
-3.4304314173228345
11
5.4913282677165354
21
-3.431441338582677
0
LINE
8
BLACK
6
CONTINUOUS
10
4.7795910629921261
20
-3.4425496456692914
11
4.779726299212598
21
-3.4426631102362202
0
LINE
8
BLACK
6
CONTINUOUS
10
4.779726299212598
20
-3.4426631102362202
11
4.7799016535433072
21
-3.4426833070866141
0
LINE
8
BLACK
6
CONTINUOUS
10
4.7799016535433072
20
-3.4426833070866141
11
4.7836512204724411
21
-3.4445580708661416
0
LINE
8
BLACK
6
CONTINUOUS
10
4.7836512204724411
20
-3.4445580708661416
11
4.7844748818897633
21
-3.4451689763779525
0
LINE
8
BLACK
6
CONTINUOUS
10
4.7844748818897633
20
-3.4451689763779525
11
4.7846507086614176
21
-3.4455746456692911
0
LINE
8
BLACK
6
CONTINUOUS
10
4.7846507086614176
20
-3.4455746456692911
11
4.7849717322834646
21
-3.4458785826771652
0
LINE
8
BLACK
6
CONTINUOUS
10
4.7849717322834646
20
-3.4458785826771652
11
4.7868464960629922
21
-3.4496281102362203
0
LINE
8
BLACK
6
CONTINUOUS
10
4.7868464960629922
20
-3.4496281102362203
11
4.7871388582677161
21
-3.4506110236220473
0
LINE
8
BLACK
6
CONTINUOUS
10
4.7871388582677161
20
-3.4506110236220473
11
4.7870978346456692
21
-3.450782716535433
0
LINE
8
BLACK
6
CONTINUOUS
10
4.7870978346456692
20
-3.450782716535433
11
4.7871582283464562
21
-3.4509486220472438
0
LINE
8
BLACK
6
CONTINUOUS
10
4.7871582283464562
20
-3.4509486220472438
11
4.7871582283464562
21
-3.4565729133858265
0
LINE
8
BLACK
6
CONTINUOUS
10
4.7871582283464562
20
-3.4565729133858265
11
4.7869801574803148
21
-3.4575828346456694
0
LINE
8
BLACK
6
CONTINUOUS
10
4.7869801574803148
20
-3.4575828346456694
11
4.7868666535433073
21
-3.4577180708661417
0
LINE
8
BLACK
6
CONTINUOUS
10
4.7868666535433073
20
-3.4577180708661417
11
4.7868464960629922
21
-3.4578934251968505
0
LINE
8
BLACK
6
CONTINUOUS
10
4.7868464960629922
20
-3.4578934251968505
11
4.7858258267716538
21
-3.4599347244094489
0
LINE
8
BLACK
6
CONTINUOUS
10
4.7858258267716538
20
-3.4599347244094489
11
4.7867626377952757
21
-3.4607208267716536
0
LINE
8
BLACK
6
CONTINUOUS
10
4.7867626377952757
20
-3.4607208267716536
11
4.7871133858267712
21
-3.4627099606299212
0
LINE
8
BLACK
6
CONTINUOUS
10
4.7871133858267712
20
-3.4627099606299212
11
4.7861034645669287
21
-3.4644591338582678
0
LINE
8
BLACK
6
CONTINUOUS
10
4.7861034645669287
20
-3.4644591338582678
11
4.7842054724409451
21
-3.4651499606299212
0
LINE
8
BLACK
6
CONTINUOUS
10
4.7842054724409451
20
-3.4651499606299212
11
4.7579587401574805
21
-3.4651499606299212
0
LINE
8
BLACK
6
CONTINUOUS
10
4.7579587401574805
20
-3.4651499606299212
11
4.7569488188976381
21
-3.4649718897637793
0
LINE
8
BLACK
6
CONTINUOUS
10
4.7569488188976381
20
-3.4649718897637793
11
4.7554015748031491
21
-3.4636735826771652
0
LINE
8
BLACK
6
CONTINUOUS
10
4.7554015748031491
20
-3.4636735826771652
11
4.7550508267716536
21
-3.4616844488188976
0
LINE
8
BLACK
6
CONTINUOUS
10
4.7550508267716536
20
-3.4616844488188976
11
4.756060748031496
21
-3.459935275590551
0
LINE
8
BLACK
6
CONTINUOUS
10
4.756060748031496
20
-3.459935275590551
11
4.7579587401574805
21
-3.4592444488188976
0
LINE
8
BLACK
6
CONTINUOUS
10
4.7579587401574805
20
-3.4592444488188976
11
4.7792328346456694
21
-3.4592444488188976
0
LINE
8
BLACK
6
CONTINUOUS
10
4.7792328346456694
20
-3.4592444488188976
11
4.7799039763779527
21
-3.4585733070866143
0
LINE
8
BLACK
6
CONTINUOUS
10
4.7799039763779527
20
-3.4585733070866143
11
4.781252716535433
21
-3.4558758661417324
0
LINE
8
BLACK
6
CONTINUOUS
10
4.781252716535433
20
-3.4558758661417324
11
4.781252716535433
21
-3.4516456692913384
0
LINE
8
BLACK
6
CONTINUOUS
10
4.781252716535433
20
-3.4516456692913384
11
4.7801298425196848
21
-3.4493999212598423
0
LINE
8
BLACK
6
CONTINUOUS
10
4.7801298425196848
20
-3.4493999212598423
11
4.7778840944881891
21
-3.4482770866141732
0
LINE
8
BLACK
6
CONTINUOUS
10
4.7778840944881891
20
-3.4482770866141732
11
4.7579587401574805
21
-3.4482770866141732
0
LINE
8
BLACK
6
CONTINUOUS
10
4.7579587401574805
20
-3.4482770866141732
11
4.7569488188976381
21
-3.4480990157480313
0
LINE
8
BLACK
6
CONTINUOUS
10
4.7569488188976381
20
-3.4480990157480313
11
4.7554015748031491
21
-3.4468007086614172
0
LINE
8
BLACK
6
CONTINUOUS
10
4.7554015748031491
20
-3.4468007086614172
11
4.7550508267716536
21
-3.4448115748031496
0
LINE
8
BLACK
6
CONTINUOUS
10
4.7550508267716536
20
-3.4448115748031496
11
4.756060748031496
21
-3.443062401574803
0
LINE
8
BLACK
6
CONTINUOUS
10
4.756060748031496
20
-3.443062401574803
11
4.7579587401574805
21
-3.4423715748031496
0
LINE
8
BLACK
6
CONTINUOUS
10
4.7579587401574805
20
-3.4423715748031496
11
4.7785811417322837
21
-3.4423715748031496
0
LINE
8
BLACK
6
CONTINUOUS
10
4.7785811417322837
20
-3.4423715748031496
11
4.7795910629921261
21
-3.4425496456692914
0
LINE
8
BLACK
6
CONTINUOUS
10
5.199591062992126
20
-3.4425496456692914
11
5.1997262992125979
21
-3.4426631102362202
0
LINE
8
BLACK
6
CONTINUOUS
10
5.1997262992125979
20
-3.4426631102362202
11
5.1999016535433071
21
-3.4426833070866141
0
LINE
8
BLACK
6
CONTINUOUS
10
5.1999016535433071
20
-3.4426833070866141
11
5.203651220472441
21
-3.4445580708661416
0
LINE
8
BLACK
6
CONTINUOUS
10
5.203651220472441
20
-3.4445580708661416
11
5.2044748818897633
21
-3.4451689763779525
0
LINE
8
BLACK
6
CONTINUOUS
10
5.2044748818897633
20
-3.4451689763779525
11
5.2046507086614175
21
-3.4455746456692911
0
LINE
8
BLACK
6
CONTINUOUS
10
5.2046507086614175
20
-3.4455746456692911
11
5.2049717322834645
21
-3.4458785826771652
0
LINE
8
BLACK
6
CONTINUOUS
10
5.2049717322834645
20
-3.4458785826771652
11
5.2068464960629921
21
-3.4496281102362203
0
LINE
8
BLACK
6
CONTINUOUS
10
5.2068464960629921
20
-3.4496281102362203
11
5.2071388582677161
21
-3.4506110236220473
0
LINE
8
BLACK
6
CONTINUOUS
10
5.2071388582677161
20
-3.4506110236220473
11
5.2070978346456691
21
-3.450782716535433
0
LINE
8
BLACK
6
CONTINUOUS
10
5.2070978346456691
20
-3.450782716535433
11
5.2071582283464561
21
-3.4509486220472438
0
LINE
8
BLACK
6
CONTINUOUS
10
5.2071582283464561
20
-3.4509486220472438
11
5.2071582283464561
21
-3.4565729133858265
0
LINE
8
BLACK
6
CONTINUOUS
10
5.2071582283464561
20
-3.4565729133858265
11
5.2069801574803147
21
-3.4575828346456694
0
LINE
8
BLACK
6
CONTINUOUS
10
5.2069801574803147
20
-3.4575828346456694
11
5.2068666535433072
21
-3.4577180708661417
0
LINE
8
BLACK
6
CONTINUOUS
10
5.2068666535433072
20
-3.4577180708661417
11
5.2068464960629921
21
-3.4578934251968505
0
LINE
8
BLACK
6
CONTINUOUS
10
5.2068464960629921
20
-3.4578934251968505
11
5.2058258267716537
21
-3.4599347244094489
0
LINE
8
BLACK
6
CONTINUOUS
10
5.2058258267716537
20
-3.4599347244094489
11
5.2067626377952756
21
-3.4607208267716536
0
LINE
8
BLACK
6
CONTINUOUS
10
5.2067626377952756
20
-3.4607208267716536
11
5.207113385826772
21
-3.4627099606299212
0
LINE
8
BLACK
6
CONTINUOUS
10
5.207113385826772
20
-3.4627099606299212
11
5.2061034645669286
21
-3.4644591338582678
0
LINE
8
BLACK
6
CONTINUOUS
10
5.2061034645669286
20
-3.4644591338582678
11
5.204205472440945
21
-3.4651499606299212
0
LINE
8
BLACK
6
CONTINUOUS
10
5.204205472440945
20
-3.4651499606299212
11
5.1779587401574805
21
-3.4651499606299212
0
LINE
8
BLACK
6
CONTINUOUS
10
5.1779587401574805
20
-3.4651499606299212
11
5.176948818897638
21
-3.4649718897637793
0
LINE
8
BLACK
6
CONTINUOUS
10
5.176948818897638
20
-3.4649718897637793
11
5.1754015748031499
21
-3.4636735826771652
0
LINE
8
BLACK
6
CONTINUOUS
10
5.1754015748031499
20
-3.4636735826771652
11
5.1750508267716535
21
-3.4616844488188976
0
LINE
8
BLACK
6
CONTINUOUS
10
5.1750508267716535
20
-3.4616844488188976
11
5.176060748031496
21
-3.459935275590551
0
LINE
8
BLACK
6
CONTINUOUS
10
5.176060748031496
20
-3.459935275590551
11
5.1779587401574805
21
-3.4592444488188976
0
LINE
8
BLACK
6
CONTINUOUS
10
5.1779587401574805
20
-3.4592444488188976
11
5.1992328346456693
21
-3.4592444488188976
0
LINE
8
BLACK
6
CONTINUOUS
10
5.1992328346456693
20
-3.4592444488188976
11
5.1999039763779527
21
-3.4585733070866143
0
LINE
8
BLACK
6
CONTINUOUS
10
5.1999039763779527
20
-3.4585733070866143
11
5.201252716535433
21
-3.4558758661417324
0
LINE
8
BLACK
6
CONTINUOUS
10
5.201252716535433
20
-3.4558758661417324
11
5.201252716535433
21
-3.4516456692913384
0
LINE
8
BLACK
6
CONTINUOUS
10
5.201252716535433
20
-3.4516456692913384
11
5.2001298425196847
21
-3.4493999212598423
0
LINE
8
BLACK
6
CONTINUOUS
10
5.2001298425196847
20
-3.4493999212598423
11
5.197884094488189
21
-3.4482770866141732
0
LINE
8
BLACK
6
CONTINUOUS
10
5.197884094488189
20
-3.4482770866141732
11
5.1779587401574805
21
-3.4482770866141732
0
LINE
8
BLACK
6
CONTINUOUS
10
5.1779587401574805
20
-3.4482770866141732
11
5.176948818897638
21
-3.4480990157480313
0
LINE
8
BLACK
6
CONTINUOUS
10
5.176948818897638
20
-3.4480990157480313
11
5.1754015748031499
21
-3.4468007086614172
0
LINE
8
BLACK
6
CONTINUOUS
10
5.1754015748031499
20
-3.4468007086614172
11
5.1750508267716535
21
-3.4448115748031496
0
LINE
8
BLACK
6
CONTINUOUS
10
5.1750508267716535
20
-3.4448115748031496
11
5.176060748031496
21
-3.443062401574803
0
LINE
8
BLACK
6
CONTINUOUS
10
5.176060748031496
20
-3.443062401574803
11
5.1779587401574805
21
-3.4423715748031496
0
LINE
8
BLACK
6
CONTINUOUS
10
5.1779587401574805
20
-3.4423715748031496
11
5.1985811417322836
21
-3.4423715748031496
0
LINE
8
BLACK
6
CONTINUOUS
10
5.1985811417322836
20
-3.4423715748031496
11
5.199591062992126
21
-3.4425496456692914
0
LINE
8
BLACK
6
CONTINUOUS
10
5.5881968110236215
20
-3.413458346456693
11
5.5883320472440943
21
-3.4135718110236222
0
LINE
8
BLACK
6
CONTINUOUS
10
5.5883320472440943
20
-3.4135718110236222
11
5.5885074015748026
21
-3.4135920078740156
0
LINE
8
BLACK
6
CONTINUOUS
10
5.5885074015748026
20
-3.4135920078740156
11
5.5922569291338577
21
-3.4154667716535432
0
LINE
8
BLACK
6
CONTINUOUS
10
5.5922569291338577
20
-3.4154667716535432
11
5.5929659842519683
21
-3.4159926771653542
0
LINE
8
BLACK
6
CONTINUOUS
10
5.5929659842519683
20
-3.4159926771653542
11
5.5930243307086611
21
-3.4160198818897638
0
LINE
8
BLACK
6
CONTINUOUS
10
5.5930243307086611
20
-3.4160198818897638
11
5.5948990944881887
21
-3.4178946456692914
0
LINE
8
BLACK
6
CONTINUOUS
10
5.5948990944881887
20
-3.4178946456692914
11
5.5954872834645668
21
-3.4187346850393698
0
LINE
8
BLACK
6
CONTINUOUS
10
5.5954872834645668
20
-3.4187346850393698
11
5.595663307086614
21
-3.4207467716535431
0
LINE
8
BLACK
6
CONTINUOUS
10
5.595663307086614
20
-3.4207467716535431
11
5.5945048031496061
21
-3.4224013385826773
0
LINE
8
BLACK
6
CONTINUOUS
10
5.5945048031496061
20
-3.4224013385826773
11
5.5925538188976374
21
-3.4229240551181102
0
LINE
8
BLACK
6
CONTINUOUS
10
5.5925538188976374
20
-3.4229240551181102
11
5.5907232677165357
21
-3.4220704724409448
0
LINE
8
BLACK
6
CONTINUOUS
10
5.5907232677165357
20
-3.4220704724409448
11
5.5891873228346451
21
-3.4205345275590551
0
LINE
8
BLACK
6
CONTINUOUS
10
5.5891873228346451
20
-3.4205345275590551
11
5.5864898425196845
21
-3.4191857874015747
0
LINE
8
BLACK
6
CONTINUOUS
10
5.5864898425196845
20
-3.4191857874015747
11
5.5785101181102359
21
-3.4191857874015747
0
LINE
8
BLACK
6
CONTINUOUS
10
5.5785101181102359
20
-3.4191857874015747
11
5.5758126377952753
21
-3.4205345275590551
0
LINE
8
BLACK
6
CONTINUOUS
10
5.5758126377952753
20
-3.4205345275590551
11
5.5746155118110234
21
-3.4217316535433069
0
LINE
8
BLACK
6
CONTINUOUS
10
5.5746155118110234
20
-3.4217316535433069
11
5.5732667716535431
21
-3.4244291338582675
0
LINE
8
BLACK
6
CONTINUOUS
10
5.5732667716535431
20
-3.4244291338582675
11
5.5732667716535431
21
-3.4270024409448818
0
LINE
8
BLACK
6
CONTINUOUS
10
5.5732667716535431
20
-3.4270024409448818
11
5.5747695669291337
21
-3.4315108661417324
0
LINE
8
BLACK
6
CONTINUOUS
10
5.5747695669291337
20
-3.4315108661417324
11
5.5967738582677162
21
-3.4535151968503937
0
LINE
8
BLACK
6
CONTINUOUS
10
5.5967738582677162
20
-3.4535151968503937
11
5.5971436220472439
21
-3.4540432283464568
0
LINE
8
BLACK
6
CONTINUOUS
10
5.5971436220472439
20
-3.4540432283464568
11
5.5972431102362208
21
-3.4541267322834646
0
LINE
8
BLACK
6
CONTINUOUS
10
5.5972431102362208
20
-3.4541267322834646
11
5.5972568897637798
21
-3.4542050393700787
0
LINE
8
BLACK
6
CONTINUOUS
10
5.5972568897637798
20
-3.4542050393700787
11
5.5973620866141731
21
-3.4543552362204726
0
LINE
8
BLACK
6
CONTINUOUS
10
5.5973620866141731
20
-3.4543552362204726
11
5.5974395275590547
21
-3.4552407874015749
0
LINE
8
BLACK
6
CONTINUOUS
10
5.5974395275590547
20
-3.4552407874015749
11
5.5975938582677163
21
-3.4561158661417322
0
LINE
8
BLACK
6
CONTINUOUS
10
5.5975938582677163
20
-3.4561158661417322
11
5.5975263385826768
21
-3.4562327952755907
0
LINE
8
BLACK
6
CONTINUOUS
10
5.5975263385826768
20
-3.4562327952755907
11
5.5975381102362203
21
-3.4563673622047242
0
LINE
8
BLACK
6
CONTINUOUS
10
5.5975381102362203
20
-3.4563673622047242
11
5.5970282283464563
21
-3.4570955118110236
0
LINE
8
BLACK
6
CONTINUOUS
10
5.5970282283464563
20
-3.4570955118110236
11
5.5965839370078738
21
-3.4578650393700787
0
LINE
8
BLACK
6
CONTINUOUS
10
5.5965839370078738
20
-3.4578650393700787
11
5.596457047244094
21
-3.4579111811023622
0
LINE
8
BLACK
6
CONTINUOUS
10
5.596457047244094
20
-3.4579111811023622
11
5.5963795669291336
21
-3.4580218897637796
0
LINE
8
BLACK
6
CONTINUOUS
10
5.5963795669291336
20
-3.4580218897637796
11
5.5955210236220472
21
-3.4582518897637793
0
LINE
8
BLACK
6
CONTINUOUS
10
5.5955210236220472
20
-3.4582518897637793
11
5.5946859448818893
21
-3.4585558661417322
0
LINE
8
BLACK
6
CONTINUOUS
10
5.5946859448818893
20
-3.4585558661417322
11
5.5703140157480311
21
-3.4585558661417322
0
LINE
8
BLACK
6
CONTINUOUS
10
5.5703140157480311
20
-3.4585558661417322
11
5.5693040944881886
21
-3.4583777952755903
0
LINE
8
BLACK
6
CONTINUOUS
10
5.5693040944881886
20
-3.4583777952755903
11
5.5677568503937005
21
-3.4570794881889761
0
LINE
8
BLACK
6
CONTINUOUS
10
5.5677568503937005
20
-3.4570794881889761
11
5.567406102362205
21
-3.4550903543307085
0
LINE
8
BLACK
6
CONTINUOUS
10
5.567406102362205
20
-3.4550903543307085
11
5.5684160236220475
21
-3.453341181102362
0
LINE
8
BLACK
6
CONTINUOUS
10
5.5684160236220475
20
-3.453341181102362
11
5.5703140157480311
21
-3.4526503543307085
0
LINE
8
BLACK
6
CONTINUOUS
10
5.5703140157480311
20
-3.4526503543307085
11
5.5875573622047243
21
-3.4526503543307085
0
LINE
8
BLACK
6
CONTINUOUS
10
5.5875573622047243
20
-3.4526503543307085
11
5.5701008661417317
21
-3.4351938188976376
0
LINE
8
BLACK
6
CONTINUOUS
10
5.5701008661417317
20
-3.4351938188976376
11
5.5695126771653545
21
-3.4343537795275592
0
LINE
8
BLACK
6
CONTINUOUS
10
5.5695126771653545
20
-3.4343537795275592
11
5.5694972834645666
21
-3.4341779133858266
0
LINE
8
BLACK
6
CONTINUOUS
10
5.5694972834645666
20
-3.4341779133858266
11
5.5693875590551176
21
-3.4340396456692912
0
LINE
8
BLACK
6
CONTINUOUS
10
5.5693875590551176
20
-3.4340396456692912
11
5.5675127952755901
21
-3.4284153543307085
0
LINE
8
BLACK
6
CONTINUOUS
10
5.5675127952755901
20
-3.4284153543307085
11
5.5673833070866143
21
-3.4275421653543305
0
LINE
8
BLACK
6
CONTINUOUS
10
5.5673833070866143
20
-3.4275421653543305
11
5.5673612598425199
21
-3.4274816141732281
0
LINE
8
BLACK
6
CONTINUOUS
10
5.5673612598425199
20
-3.4274816141732281
11
5.5673612598425199
21
-3.4237320866141729
0
LINE
8
BLACK
6
CONTINUOUS
10
5.5673612598425199
20
-3.4237320866141729
11
5.5675393307086614
21
-3.4227221653543305
0
LINE
8
BLACK
6
CONTINUOUS
10
5.5675393307086614
20
-3.4227221653543305
11
5.5676527952755901
21
-3.4225868897637794
0
LINE
8
BLACK
6
CONTINUOUS
10
5.5676527952755901
20
-3.4225868897637794
11
5.567672992125984
21
-3.4224115748031494
0
LINE
8
BLACK
6
CONTINUOUS
10
5.567672992125984
20
-3.4224115748031494
11
5.5695477559055115
21
-3.4186620472440943
0
LINE
8
BLACK
6
CONTINUOUS
10
5.5695477559055115
20
-3.4186620472440943
11
5.5700736614173225
21
-3.4179529527559054
0
LINE
8
BLACK
6
CONTINUOUS
10
5.5700736614173225
20
-3.4179529527559054
11
5.5701008661417317
21
-3.4178946456692914
0
LINE
8
BLACK
6
CONTINUOUS
10
5.5701008661417317
20
-3.4178946456692914
11
5.5719756299212593
21
-3.4160198818897638
0
LINE
8
BLACK
6
CONTINUOUS
10
5.5719756299212593
20
-3.4160198818897638
11
5.5726987007874014
21
-3.4155135826771654
0
LINE
8
BLACK
6
CONTINUOUS
10
5.5726987007874014
20
-3.4155135826771654
11
5.5727430314960626
21
-3.4154667716535432
0
LINE
8
BLACK
6
CONTINUOUS
10
5.5727430314960626
20
-3.4154667716535432
11
5.5764925590551178
21
-3.4135920078740156
0
LINE
8
BLACK
6
CONTINUOUS
10
5.5764925590551178
20
-3.4135920078740156
11
5.5774754724409448
21
-3.4132996456692912
0
LINE
8
BLACK
6
CONTINUOUS
10
5.5774754724409448
20
-3.4132996456692912
11
5.5776471653543309
21
-3.4133406299212599
0
LINE
8
BLACK
6
CONTINUOUS
10
5.5776471653543309
20
-3.4133406299212599
11
5.5778130708661413
21
-3.4132802755905511
0
LINE
8
BLACK
6
CONTINUOUS
10
5.5778130708661413
20
-3.4132802755905511
11
5.5871868897637791
21
-3.4132802755905511
0
LINE
8
BLACK
6
CONTINUOUS
10
5.5871868897637791
20
-3.4132802755905511
11
5.5881968110236215
21
-3.413458346456693
0
LINE
8
BLACK
6
CONTINUOUS
10
5.6256921259842523
20
-3.413458346456693
11
5.6258273622047241
21
-3.4135718110236222
0
LINE
8
BLACK
6
CONTINUOUS
10
5.6258273622047241
20
-3.4135718110236222
11
5.6260027165354334
21
-3.4135920078740156
0
LINE
8
BLACK
6
CONTINUOUS
10
5.6260027165354334
20
-3.4135920078740156
11
5.6297522440944885
21
-3.4154667716535432
0
LINE
8
BLACK
6
CONTINUOUS
10
5.6297522440944885
20
-3.4154667716535432
11
5.6304612992125982
21
-3.4159926771653542
0
LINE
8
BLACK
6
CONTINUOUS
10
5.6304612992125982
20
-3.4159926771653542
11
5.630519645669291
21
-3.4160198818897638
0
LINE
8
BLACK
6
CONTINUOUS
10
5.630519645669291
20
-3.4160198818897638
11
5.6323944094488185
21
-3.4178946456692914
0
LINE
8
BLACK
6
CONTINUOUS
10
5.6323944094488185
20
-3.4178946456692914
11
5.6329825984251967
21
-3.4187346850393698
0
LINE
8
BLACK
6
CONTINUOUS
10
5.6329825984251967
20
-3.4187346850393698
11
5.6331586220472438
21
-3.4207467716535431
0
LINE
8
BLACK
6
CONTINUOUS
10
5.6331586220472438
20
-3.4207467716535431
11
5.6320001181102359
21
-3.4224013385826773
0
LINE
8
BLACK
6
CONTINUOUS
10
5.6320001181102359
20
-3.4224013385826773
11
5.6300491338582672
21
-3.4229240551181102
0
LINE
8
BLACK
6
CONTINUOUS
10
5.6300491338582672
20
-3.4229240551181102
11
5.6282185826771656
21
-3.4220704724409448
0
LINE
8
BLACK
6
CONTINUOUS
10
5.6282185826771656
20
-3.4220704724409448
11
5.6266826377952759
21
-3.4205345275590551
0
LINE
8
BLACK
6
CONTINUOUS
10
5.6266826377952759
20
-3.4205345275590551
11
5.6239851574803152
21
-3.4191857874015747
0
LINE
8
BLACK
6
CONTINUOUS
10
5.6239851574803152
20
-3.4191857874015747
11
5.6160054330708657
21
-3.4191857874015747
0
LINE
8
BLACK
6
CONTINUOUS
10
5.6160054330708657
20
-3.4191857874015747
11
5.6133079527559051
21
-3.4205345275590551
0
LINE
8
BLACK
6
CONTINUOUS
10
5.6133079527559051
20
-3.4205345275590551
11
5.6121108267716533
21
-3.4217316535433069
0
LINE
8
BLACK
6
CONTINUOUS
10
5.6121108267716533
20
-3.4217316535433069
11
5.610762086614173
21
-3.4244291338582675
0
LINE
8
BLACK
6
CONTINUOUS
10
5.610762086614173
20
-3.4244291338582675
11
5.610762086614173
21
-3.4270024409448818
0
LINE
8
BLACK
6
CONTINUOUS
10
5.610762086614173
20
-3.4270024409448818
11
5.6122648818897636
21
-3.4315108661417324
0
LINE
8
BLACK
6
CONTINUOUS
10
5.6122648818897636
20
-3.4315108661417324
11
5.6342691732283461
21
-3.4535151968503937
0
LINE
8
BLACK
6
CONTINUOUS
10
5.6342691732283461
20
-3.4535151968503937
11
5.6346389370078738
21
-3.4540432283464568
0
LINE
8
BLACK
6
CONTINUOUS
10
5.6346389370078738
20
-3.4540432283464568
11
5.6347384251968506
21
-3.4541267322834646
0
LINE
8
BLACK
6
CONTINUOUS
10
5.6347384251968506
20
-3.4541267322834646
11
5.6347522047244096
21
-3.4542050393700787
0
LINE
8
BLACK
6
CONTINUOUS
10
5.6347522047244096
20
-3.4542050393700787
11
5.634857401574803
21
-3.4543552362204726
0
LINE
8
BLACK
6
CONTINUOUS
10
5.634857401574803
20
-3.4543552362204726
11
5.6349348425196846
21
-3.4552407874015749
0
LINE
8
BLACK
6
CONTINUOUS
10
5.6349348425196846
20
-3.4552407874015749
11
5.6350891732283461
21
-3.4561158661417322
0
LINE
8
BLACK
6
CONTINUOUS
10
5.6350891732283461
20
-3.4561158661417322
11
5.6350216535433066
21
-3.4562327952755907
0
LINE
8
BLACK
6
CONTINUOUS
10
5.6350216535433066
20
-3.4562327952755907
11
5.6350334251968501
21
-3.4563673622047242
0
LINE
8
BLACK
6
CONTINUOUS
10
5.6350334251968501
20
-3.4563673622047242
11
5.6345235433070862
21
-3.4570955118110236
0
LINE
8
BLACK
6
CONTINUOUS
10
5.6345235433070862
20
-3.4570955118110236
11
5.6340792519685037
21
-3.4578650393700787
0
LINE
8
BLACK
6
CONTINUOUS
10
5.6340792519685037
20
-3.4578650393700787
11
5.6339523622047238
21
-3.4579111811023622
0
LINE
8
BLACK
6
CONTINUOUS
10
5.6339523622047238
20
-3.4579111811023622
11
5.6338748818897635
21
-3.4580218897637796
0
LINE
8
BLACK
6
CONTINUOUS
10
5.6338748818897635
20
-3.4580218897637796
11
5.633016338582677
21
-3.4582518897637793
0
LINE
8
BLACK
6
CONTINUOUS
10
5.633016338582677
20
-3.4582518897637793
11
5.6321812598425192
21
-3.4585558661417322
0
LINE
8
BLACK
6
CONTINUOUS
10
5.6321812598425192
20
-3.4585558661417322
11
5.6078093307086609
21
-3.4585558661417322
0
LINE
8
BLACK
6
CONTINUOUS
10
5.6078093307086609
20
-3.4585558661417322
11
5.6067994094488185
21
-3.4583777952755903
0
LINE
8
BLACK
6
CONTINUOUS
10
5.6067994094488185
20
-3.4583777952755903
11
5.6052521653543304
21
-3.4570794881889761
0
LINE
8
BLACK
6
CONTINUOUS
10
5.6052521653543304
20
-3.4570794881889761
11
5.6049014173228349
21
-3.4550903543307085
0
LINE
8
BLACK
6
CONTINUOUS
10
5.6049014173228349
20
-3.4550903543307085
11
5.6059113385826773
21
-3.453341181102362
0
LINE
8
BLACK
6
CONTINUOUS
10
5.6059113385826773
20
-3.453341181102362
11
5.6078093307086609
21
-3.4526503543307085
0
LINE
8
BLACK
6
CONTINUOUS
10
5.6078093307086609
20
-3.4526503543307085
11
5.6250526771653542
21
-3.4526503543307085
0
LINE
8
BLACK
6
CONTINUOUS
10
5.6250526771653542
20
-3.4526503543307085
11
5.6075961811023625
21
-3.4351938188976376
0
LINE
8
BLACK
6
CONTINUOUS
10
5.6075961811023625
20
-3.4351938188976376
11
5.6070079921259843
21
-3.4343537795275592
0
LINE
8
BLACK
6
CONTINUOUS
10
5.6070079921259843
20
-3.4343537795275592
11
5.6069925984251965
21
-3.4341779133858266
0
LINE
8
BLACK
6
CONTINUOUS
10
5.6069925984251965
20
-3.4341779133858266
11
5.6068828740157475
21
-3.4340396456692912
0
LINE
8
BLACK
6
CONTINUOUS
10
5.6068828740157475
20
-3.4340396456692912
11
5.6050081102362199
21
-3.4284153543307085
0
LINE
8
BLACK
6
CONTINUOUS
10
5.6050081102362199
20
-3.4284153543307085
11
5.6048786220472442
21
-3.4275421653543305
0
LINE
8
BLACK
6
CONTINUOUS
10
5.6048786220472442
20
-3.4275421653543305
11
5.6048565748031498
21
-3.4274816141732281
0
LINE
8
BLACK
6
CONTINUOUS
10
5.6048565748031498
20
-3.4274816141732281
11
5.6048565748031498
21
-3.4237320866141729
0
LINE
8
BLACK
6
CONTINUOUS
10
5.6048565748031498
20
-3.4237320866141729
11
5.6050346456692912
21
-3.4227221653543305
0
LINE
8
BLACK
6
CONTINUOUS
10
5.6050346456692912
20
-3.4227221653543305
11
5.6051481102362199
21
-3.4225868897637794
0
LINE
8
BLACK
6
CONTINUOUS
10
5.6051481102362199
20
-3.4225868897637794
11
5.6051683070866138
21
-3.4224115748031494
0
LINE
8
BLACK
6
CONTINUOUS
10
5.6051683070866138
20
-3.4224115748031494
11
5.6070430708661414
21
-3.4186620472440943
0
LINE
8
BLACK
6
CONTINUOUS
10
5.6070430708661414
20
-3.4186620472440943
11
5.6075689763779524
21
-3.4179529527559054
0
LINE
8
BLACK
6
CONTINUOUS
10
5.6075689763779524
20
-3.4179529527559054
11
5.6075961811023625
21
-3.4178946456692914
0
LINE
8
BLACK
6
CONTINUOUS
10
5.6075961811023625
20
-3.4178946456692914
11
5.60947094488189
21
-3.4160198818897638
0
LINE
8
BLACK
6
CONTINUOUS
10
5.60947094488189
20
-3.4160198818897638
11
5.6101940157480312
21
-3.4155135826771654
0
LINE
8
BLACK
6
CONTINUOUS
10
5.6101940157480312
20
-3.4155135826771654
11
5.6102383464566925
21
-3.4154667716535432
0
LINE
8
BLACK
6
CONTINUOUS
10
5.6102383464566925
20
-3.4154667716535432
11
5.6139878740157476
21
-3.4135920078740156
0
LINE
8
BLACK
6
CONTINUOUS
10
5.6139878740157476
20
-3.4135920078740156
11
5.6149707874015746
21
-3.4132996456692912
0
LINE
8
BLACK
6
CONTINUOUS
10
5.6149707874015746
20
-3.4132996456692912
11
5.6151424803149608
21
-3.4133406299212599
0
LINE
8
BLACK
6
CONTINUOUS
10
5.6151424803149608
20
-3.4133406299212599
11
5.6153083858267712
21
-3.4132802755905511
0
LINE
8
BLACK
6
CONTINUOUS
10
5.6153083858267712
20
-3.4132802755905511
11
5.6246822047244089
21
-3.4132802755905511
0
LINE
8
BLACK
6
CONTINUOUS
10
5.6246822047244089
20
-3.4132802755905511
11
5.6256921259842523
21
-3.413458346456693
0
LINE
8
BLACK
6
CONTINUOUS
10
4.9097876771653546
20
-3.4218514566929135
11
4.909923464566929
21
-3.4218372834645669
0
LINE
8
BLACK
6
CONTINUOUS
10
4.909923464566929
20
-3.4218372834645669
11
4.9174225196850392
21
-3.4237120472440945
0
LINE
8
BLACK
6
CONTINUOUS
10
4.9174225196850392
20
-3.4237120472440945
11
4.9178879527559056
21
-3.4239196062992123
0
LINE
8
BLACK
6
CONTINUOUS
10
4.9178879527559056
20
-3.4239196062992123
11
4.9180268897637793
21
-3.4239356299212598
0
LINE
8
BLACK
6
CONTINUOUS
10
4.9180268897637793
20
-3.4239356299212598
11
4.9217764173228344
21
-3.4258103937007873
0
LINE
8
BLACK
6
CONTINUOUS
10
4.9217764173228344
20
-3.4258103937007873
11
4.9224853937007875
21
-3.4263362204724408
0
LINE
8
BLACK
6
CONTINUOUS
10
4.9224853937007875
20
-3.4263362204724408
11
4.9225437795275591
21
-3.4263634645669292
0
LINE
8
BLACK
6
CONTINUOUS
10
4.9225437795275591
20
-3.4263634645669292
11
4.9244185826771654
21
-3.4282382283464568
0
LINE
8
BLACK
6
CONTINUOUS
10
4.9244185826771654
20
-3.4282382283464568
11
4.9249249606299212
21
-3.4289613779527559
0
LINE
8
BLACK
6
CONTINUOUS
10
4.9249249606299212
20
-3.4289613779527559
11
4.9249717322834643
21
-3.4290056692913384
0
LINE
8
BLACK
6
CONTINUOUS
10
4.9249717322834643
20
-3.4290056692913384
11
4.9268464960629919
21
-3.4327551968503935
0
LINE
8
BLACK
6
CONTINUOUS
10
4.9268464960629919
20
-3.4327551968503935
11
4.9271388582677167
21
-3.4337381102362206
0
LINE
8
BLACK
6
CONTINUOUS
10
4.9271388582677167
20
-3.4337381102362206
11
4.9270978346456689
21
-3.4339098031496063
0
LINE
8
BLACK
6
CONTINUOUS
10
4.9270978346456689
20
-3.4339098031496063
11
4.9271582283464568
21
-3.4340757086614171
0
LINE
8
BLACK
6
CONTINUOUS
10
4.9271582283464568
20
-3.4340757086614171
11
4.9271582283464568
21
-3.4378252362204722
0
LINE
8
BLACK
6
CONTINUOUS
10
4.9271582283464568
20
-3.4378252362204722
11
4.9269801574803145
21
-3.4388351574803151
0
LINE
8
BLACK
6
CONTINUOUS
10
4.9269801574803145
20
-3.4388351574803151
11
4.926866653543307
21
-3.4389703937007874
0
LINE
8
BLACK
6
CONTINUOUS
10
4.926866653543307
20
-3.4389703937007874
11
4.9268464960629919
21
-3.4391457480314962
0
LINE
8
BLACK
6
CONTINUOUS
10
4.9268464960629919
20
-3.4391457480314962
11
4.9249717322834643
21
-3.4428952755905513
0
LINE
8
BLACK
6
CONTINUOUS
10
4.9249717322834643
20
-3.4428952755905513
11
4.9244457480314958
21
-3.4436043700787402
0
LINE
8
BLACK
6
CONTINUOUS
10
4.9244457480314958
20
-3.4436043700787402
11
4.9244185826771654
21
-3.443662716535433
0
LINE
8
BLACK
6
CONTINUOUS
10
4.9244185826771654
20
-3.443662716535433
11
4.9225437795275591
21
-3.4455374803149605
0
LINE
8
BLACK
6
CONTINUOUS
10
4.9225437795275591
20
-3.4455374803149605
11
4.921820708661417
21
-3.4460437401574802
0
LINE
8
BLACK
6
CONTINUOUS
10
4.921820708661417
20
-3.4460437401574802
11
4.9217764173228344
21
-3.4460905511811024
0
LINE
8
BLACK
6
CONTINUOUS
10
4.9217764173228344
20
-3.4460905511811024
11
4.9180268897637793
21
-3.44796531496063
0
LINE
8
BLACK
6
CONTINUOUS
10
4.9180268897637793
20
-3.44796531496063
11
4.9175384251968506
21
-3.4481105905511811
0
LINE
8
BLACK
6
CONTINUOUS
10
4.9175384251968506
20
-3.4481105905511811
11
4.9174225196850392
21
-3.4481888976377952
0
LINE
8
BLACK
6
CONTINUOUS
10
4.9174225196850392
20
-3.4481888976377952
11
4.909923464566929
21
-3.4500636614173228
0
LINE
8
BLACK
6
CONTINUOUS
10
4.909923464566929
20
-3.4500636614173228
11
4.9093355511811021
21
-3.450105118110236
0
LINE
8
BLACK
6
CONTINUOUS
10
4.9093355511811021
20
-3.450105118110236
11
4.9092073228346456
21
-3.450151811023622
0
LINE
8
BLACK
6
CONTINUOUS
10
4.9092073228346456
20
-3.450151811023622
11
4.8998335039370078
21
-3.450151811023622
0
LINE
8
BLACK
6
CONTINUOUS
10
4.8998335039370078
20
-3.450151811023622
11
4.89925311023622
21
-3.4500494488188975
0
LINE
8
BLACK
6
CONTINUOUS
10
4.89925311023622
20
-3.4500494488188975
11
4.8991173622047244
21
-3.4500636614173228
0
LINE
8
BLACK
6
CONTINUOUS
10
4.8991173622047244
20
-3.4500636614173228
11
4.8916183070866142
21
-3.4481888976377952
0
LINE
8
BLACK
6
CONTINUOUS
10
4.8916183070866142
20
-3.4481888976377952
11
4.891152834645669
21
-3.4479812992125982
0
LINE
8
BLACK
6
CONTINUOUS
10
4.891152834645669
20
-3.4479812992125982
11
4.891013937007874
21
-3.44796531496063
0
LINE
8
BLACK
6
CONTINUOUS
10
4.891013937007874
20
-3.44796531496063
11
4.8872644094488189
21
-3.4460905511811024
0
LINE
8
BLACK
6
CONTINUOUS
10
4.8872644094488189
20
-3.4460905511811024
11
4.8865553149606296
21
-3.4455646456692914
0
LINE
8
BLACK
6
CONTINUOUS
10
4.8865553149606296
20
-3.4455646456692914
11
4.8864970078740155
21
-3.4455374409448818
0
LINE
8
BLACK
6
CONTINUOUS
10
4.8864970078740155
20
-3.4455374409448818
11
4.884622244094488
21
-3.4436626771653542
0
LINE
8
BLACK
6
CONTINUOUS
10
4.884622244094488
20
-3.4436626771653542
11
4.8841159448818896
21
-3.4429395669291338
0
LINE
8
BLACK
6
CONTINUOUS
10
4.8841159448818896
20
-3.4429395669291338
11
4.8840691338582678
21
-3.4428952755905513
0
LINE
8
BLACK
6
CONTINUOUS
10
4.8840691338582678
20
-3.4428952755905513
11
4.8821943700787402
21
-3.4391457480314962
0
LINE
8
BLACK
6
CONTINUOUS
10
4.8821943700787402
20
-3.4391457480314962
11
4.8819020078740154
21
-3.4381627952755904
0
LINE
8
BLACK
6
CONTINUOUS
10
4.8819020078740154
20
-3.4381627952755904
11
4.8819429921259845
21
-3.4379911023622047
0
LINE
8
BLACK
6
CONTINUOUS
10
4.8819429921259845
20
-3.4379911023622047
11
4.8818826377952753
21
-3.4378252362204722
0
LINE
8
BLACK
6
CONTINUOUS
10
4.8818826377952753
20
-3.4378252362204722
11
4.8818826377952753
21
-3.4340757086614171
0
LINE
8
BLACK
6
CONTINUOUS
10
4.8818826377952753
20
-3.4340757086614171
11
4.8820607086614176
21
-3.4330657874015746
0
LINE
8
BLACK
6
CONTINUOUS
10
4.8820607086614176
20
-3.4330657874015746
11
4.8821741732283463
21
-3.4329305118110236
0
LINE
8
BLACK
6
CONTINUOUS
10
4.8821741732283463
20
-3.4329305118110236
11
4.8821943700787402
21
-3.4327551968503935
0
LINE
8
BLACK
6
CONTINUOUS
10
4.8821943700787402
20
-3.4327551968503935
11
4.8840691338582678
21
-3.4290056692913384
0
LINE
8
BLACK
6
CONTINUOUS
10
4.8840691338582678
20
-3.4290056692913384
11
4.8845950393700788
21
-3.4282965748031495
0
LINE
8
BLACK
6
CONTINUOUS
10
4.8845950393700788
20
-3.4282965748031495
11
4.884622244094488
21
-3.4282382677165355
0
LINE
8
BLACK
6
CONTINUOUS
10
4.884622244094488
20
-3.4282382677165355
11
4.8864970078740155
21
-3.4263635039370079
0
LINE
8
BLACK
6
CONTINUOUS
10
4.8864970078740155
20
-3.4263635039370079
11
4.8872200787401576
21
-3.4258572047244096
0
LINE
8
BLACK
6
CONTINUOUS
10
4.8872200787401576
20
-3.4258572047244096
11
4.8872644094488189
21
-3.4258103937007873
0
LINE
8
BLACK
6
CONTINUOUS
10
4.8872644094488189
20
-3.4258103937007873
11
4.891013937007874
21
-3.4239356299212598
0
LINE
8
BLACK
6
CONTINUOUS
10
4.891013937007874
20
-3.4239356299212598
11
4.891502362204724
21
-3.4237903149606299
0
LINE
8
BLACK
6
CONTINUOUS
10
4.891502362204724
20
-3.4237903149606299
11
4.8916183070866142
21
-3.4237120472440945
0
LINE
8
BLACK
6
CONTINUOUS
10
4.8916183070866142
20
-3.4237120472440945
11
4.8991173622047244
21
-3.4218372834645669
0
LINE
8
BLACK
6
CONTINUOUS
10
4.8991173622047244
20
-3.4218372834645669
11
4.8997052362204725
21
-3.4217957874015745
0
LINE
8
BLACK
6
CONTINUOUS
10
4.8997052362204725
20
-3.4217957874015745
11
4.8998335039370078
21
-3.4217491338582677
0
LINE
8
BLACK
6
CONTINUOUS
10
4.8998335039370078
20
-3.4217491338582677
11
4.9092073228346456
21
-3.4217491338582677
0
LINE
8
BLACK
6
CONTINUOUS
10
4.9092073228346456
20
-3.4217491338582677
11
4.9097876771653546
21
-3.4218514566929135
0
LINE
8
BLACK
6
CONTINUOUS
10
4.8933650000000002
20
-3.4293626377952755
11
4.8903340157480315
21
-3.4308781496062992
0
LINE
8
BLACK
6
CONTINUOUS
10
4.8903340157480315
20
-3.4308781496062992
11
4.8891368897637797
21
-3.432075275590551
0
LINE
8
BLACK
6
CONTINUOUS
10
4.8891368897637797
20
-3.432075275590551
11
4.8877881496062994
21
-3.4347727559055117
0
LINE
8
BLACK
6
CONTINUOUS
10
4.8877881496062994
20
-3.4347727559055117
11
4.8877881496062994
21
-3.4371281889763781
0
LINE
8
BLACK
6
CONTINUOUS
10
4.8877881496062994
20
-3.4371281889763781
11
4.8891368897637797
21
-3.4398256692913387
0
LINE
8
BLACK
6
CONTINUOUS
10
4.8891368897637797
20
-3.4398256692913387
11
4.8903340157480315
21
-3.4410227952755905
0
LINE
8
BLACK
6
CONTINUOUS
10
4.8903340157480315
20
-3.4410227952755905
11
4.8933650000000002
21
-3.4425382677165355
0
LINE
8
BLACK
6
CONTINUOUS
10
4.8933650000000002
20
-3.4425382677165355
11
4.9001970472440943
21
-3.4442462992125984
0
LINE
8
BLACK
6
CONTINUOUS
10
4.9001970472440943
20
-3.4442462992125984
11
4.908843779527559
21
-3.4442462992125984
0
LINE
8
BLACK
6
CONTINUOUS
10
4.908843779527559
20
-3.4442462992125984
11
4.9156758267716532
21
-3.4425382677165355
0
LINE
8
BLACK
6
CONTINUOUS
10
4.9156758267716532
20
-3.4425382677165355
11
4.9187068110236218
21
-3.4410227559055118
0
LINE
8
BLACK
6
CONTINUOUS
10
4.9187068110236218
20
-3.4410227559055118
11
4.9199039763779524
21
-3.43982562992126
0
LINE
8
BLACK
6
CONTINUOUS
10
4.9199039763779524
20
-3.43982562992126
11
4.9212527165354327
21
-3.4371281889763781
0
LINE
8
BLACK
6
CONTINUOUS
10
4.9212527165354327
20
-3.4371281889763781
11
4.9212527165354327
21
-3.4347727559055117
0
LINE
8
BLACK
6
CONTINUOUS
10
4.9212527165354327
20
-3.4347727559055117
11
4.9199039763779524
21
-3.432075275590551
0
LINE
8
BLACK
6
CONTINUOUS
10
4.9199039763779524
20
-3.432075275590551
11
4.9187068110236218
21
-3.4308781496062992
0
LINE
8
BLACK
6
CONTINUOUS
10
4.9187068110236218
20
-3.4308781496062992
11
4.9156758267716532
21
-3.4293626377952755
0
LINE
8
BLACK
6
CONTINUOUS
10
4.9156758267716532
20
-3.4293626377952755
11
4.908843779527559
21
-3.4276546456692913
0
LINE
8
BLACK
6
CONTINUOUS
10
4.908843779527559
20
-3.4276546456692913
11
4.9001970472440943
21
-3.4276546456692913
0
LINE
8
BLACK
6
CONTINUOUS
10
4.9001970472440943
20
-3.4276546456692913
11
4.8933650000000002
21
-3.4293626377952755
0
LINE
8
BLACK
6
CONTINUOUS
10
5.0497876771653543
20
-3.4218514566929135
11
5.0499234645669286
21
-3.4218372834645669
0
LINE
8
BLACK
6
CONTINUOUS
10
5.0499234645669286
20
-3.4218372834645669
11
5.0574225196850389
21
-3.4237120472440945
0
LINE
8
BLACK
6
CONTINUOUS
10
5.0574225196850389
20
-3.4237120472440945
11
5.0578879527559053
21
-3.4239196062992123
0
LINE
8
BLACK
6
CONTINUOUS
10
5.0578879527559053
20
-3.4239196062992123
11
5.058026889763779
21
-3.4239356299212598
0
LINE
8
BLACK
6
CONTINUOUS
10
5.058026889763779
20
-3.4239356299212598
11
5.0617764173228341
21
-3.4258103937007873
0
LINE
8
BLACK
6
CONTINUOUS
10
5.0617764173228341
20
-3.4258103937007873
11
5.0624853937007872
21
-3.4263362204724408
0
LINE
8
BLACK
6
CONTINUOUS
10
5.0624853937007872
20
-3.4263362204724408
11
5.0625437795275587
21
-3.4263634645669292
0
LINE
8
BLACK
6
CONTINUOUS
10
5.0625437795275587
20
-3.4263634645669292
11
5.064418582677165
21
-3.4282382283464568
0
LINE
8
BLACK
6
CONTINUOUS
10
5.064418582677165
20
-3.4282382283464568
11
5.0649249606299209
21
-3.4289613779527559
0
LINE
8
BLACK
6
CONTINUOUS
10
5.0649249606299209
20
-3.4289613779527559
11
5.0649717322834649
21
-3.4290056692913384
0
LINE
8
BLACK
6
CONTINUOUS
10
5.0649717322834649
20
-3.4290056692913384
11
5.0668464960629924
21
-3.4327551968503935
0
LINE
8
BLACK
6
CONTINUOUS
10
5.0668464960629924
20
-3.4327551968503935
11
5.0671388582677164
21
-3.4337381102362206
0
LINE
8
BLACK
6
CONTINUOUS
10
5.0671388582677164
20
-3.4337381102362206
11
5.0670978346456694
21
-3.4339098031496063
0
LINE
8
BLACK
6
CONTINUOUS
10
5.0670978346456694
20
-3.4339098031496063
11
5.0671582283464565
21
-3.4340757086614171
0
LINE
8
BLACK
6
CONTINUOUS
10
5.0671582283464565
20
-3.4340757086614171
11
5.0671582283464565
21
-3.4378252362204722
0
LINE
8
BLACK
6
CONTINUOUS
10
5.0671582283464565
20
-3.4378252362204722
11
5.0669801574803151
21
-3.4388351574803151
0
LINE
8
BLACK
6
CONTINUOUS
10
5.0669801574803151
20
-3.4388351574803151
11
5.0668666535433067
21
-3.4389703937007874
0
LINE
8
BLACK
6
CONTINUOUS
10
5.0668666535433067
20
-3.4389703937007874
11
5.0668464960629924
21
-3.4391457480314962
0
LINE
8
BLACK
6
CONTINUOUS
10
5.0668464960629924
20
-3.4391457480314962
11
5.0649717322834649
21
-3.4428952755905513
0
LINE
8
BLACK
6
CONTINUOUS
10
5.0649717322834649
20
-3.4428952755905513
11
5.0644457480314964
21
-3.4436043700787402
0
LINE
8
BLACK
6
CONTINUOUS
10
5.0644457480314964
20
-3.4436043700787402
11
5.064418582677165
21
-3.443662716535433
0
LINE
8
BLACK
6
CONTINUOUS
10
5.064418582677165
20
-3.443662716535433
11
5.0625437795275587
21
-3.4455374803149605
0
LINE
8
BLACK
6
CONTINUOUS
10
5.0625437795275587
20
-3.4455374803149605
11
5.0618207086614175
21
-3.4460437401574802
0
LINE
8
BLACK
6
CONTINUOUS
10
5.0618207086614175
20
-3.4460437401574802
11
5.0617764173228341
21
-3.4460905511811024
0
LINE
8
BLACK
6
CONTINUOUS
10
5.0617764173228341
20
-3.4460905511811024
11
5.058026889763779
21
-3.44796531496063
0
LINE
8
BLACK
6
CONTINUOUS
10
5.058026889763779
20
-3.44796531496063
11
5.0575384251968503
21
-3.4481105905511811
0
LINE
8
BLACK
6
CONTINUOUS
10
5.0575384251968503
20
-3.4481105905511811
11
5.0574225196850389
21
-3.4481888976377952
0
LINE
8
BLACK
6
CONTINUOUS
10
5.0574225196850389
20
-3.4481888976377952
11
5.0499234645669286
21
-3.4500636614173228
0
LINE
8
BLACK
6
CONTINUOUS
10
5.0499234645669286
20
-3.4500636614173228
11
5.0493355511811027
21
-3.450105118110236
0
LINE
8
BLACK
6
CONTINUOUS
10
5.0493355511811027
20
-3.450105118110236
11
5.0492073228346452
21
-3.450151811023622
0
LINE
8
BLACK
6
CONTINUOUS
10
5.0492073228346452
20
-3.450151811023622
11
5.0398335039370075
21
-3.450151811023622
0
LINE
8
BLACK
6
CONTINUOUS
10
5.0398335039370075
20
-3.450151811023622
11
5.0392531102362206
21
-3.4500494488188975
0
LINE
8
BLACK
6
CONTINUOUS
10
5.0392531102362206
20
-3.4500494488188975
11
5.0391173622047241
21
-3.4500636614173228
0
LINE
8
BLACK
6
CONTINUOUS
10
5.0391173622047241
20
-3.4500636614173228
11
5.0316183070866138
21
-3.4481888976377952
0
LINE
8
BLACK
6
CONTINUOUS
10
5.0316183070866138
20
-3.4481888976377952
11
5.0311528346456695
21
-3.4479812992125982
0
LINE
8
BLACK
6
CONTINUOUS
10
5.0311528346456695
20
-3.4479812992125982
11
5.0310139370078737
21
-3.44796531496063
0
LINE
8
BLACK
6
CONTINUOUS
10
5.0310139370078737
20
-3.44796531496063
11
5.0272644094488186
21
-3.4460905511811024
0
LINE
8
BLACK
6
CONTINUOUS
10
5.0272644094488186
20
-3.4460905511811024
11
5.0265553149606301
21
-3.4455646456692914
0
LINE
8
BLACK
6
CONTINUOUS
10
5.0265553149606301
20
-3.4455646456692914
11
5.0264970078740152
21
-3.4455374409448818
0
LINE
8
BLACK
6
CONTINUOUS
10
5.0264970078740152
20
-3.4455374409448818
11
5.0246222440944877
21
-3.4436626771653542
0
LINE
8
BLACK
6
CONTINUOUS
10
5.0246222440944877
20
-3.4436626771653542
11
5.0241159448818893
21
-3.4429395669291338
0
LINE
8
BLACK
6
CONTINUOUS
10
5.0241159448818893
20
-3.4429395669291338
11
5.0240691338582675
21
-3.4428952755905513
0
LINE
8
BLACK
6
CONTINUOUS
10
5.0240691338582675
20
-3.4428952755905513
11
5.0221943700787399
21
-3.4391457480314962
0
LINE
8
BLACK
6
CONTINUOUS
10
5.0221943700787399
20
-3.4391457480314962
11
5.021902007874016
21
-3.4381627952755904
0
LINE
8
BLACK
6
CONTINUOUS
10
5.021902007874016
20
-3.4381627952755904
11
5.0219429921259842
21
-3.4379911023622047
0
LINE
8
BLACK
6
CONTINUOUS
10
5.0219429921259842
20
-3.4379911023622047
11
5.0218826377952759
21
-3.4378252362204722
0
LINE
8
BLACK
6
CONTINUOUS
10
5.0218826377952759
20
-3.4378252362204722
11
5.0218826377952759
21
-3.4340757086614171
0
LINE
8
BLACK
6
CONTINUOUS
10
5.0218826377952759
20
-3.4340757086614171
11
5.0220607086614173
21
-3.4330657874015746
0
LINE
8
BLACK
6
CONTINUOUS
10
5.0220607086614173
20
-3.4330657874015746
11
5.022174173228346
21
-3.4329305118110236
0
LINE
8
BLACK
6
CONTINUOUS
10
5.022174173228346
20
-3.4329305118110236
11
5.0221943700787399
21
-3.4327551968503935
0
LINE
8
BLACK
6
CONTINUOUS
10
5.0221943700787399
20
-3.4327551968503935
11
5.0240691338582675
21
-3.4290056692913384
0
LINE
8
BLACK
6
CONTINUOUS
10
5.0240691338582675
20
-3.4290056692913384
11
5.0245950393700785
21
-3.4282965748031495
0
LINE
8
BLACK
6
CONTINUOUS
10
5.0245950393700785
20
-3.4282965748031495
11
5.0246222440944877
21
-3.4282382677165355
0
LINE
8
BLACK
6
CONTINUOUS
10
5.0246222440944877
20
-3.4282382677165355
11
5.0264970078740152
21
-3.4263635039370079
0
LINE
8
BLACK
6
CONTINUOUS
10
5.0264970078740152
20
-3.4263635039370079
11
5.0272200787401573
21
-3.4258572047244096
0
LINE
8
BLACK
6
CONTINUOUS
10
5.0272200787401573
20
-3.4258572047244096
11
5.0272644094488186
21
-3.4258103937007873
0
LINE
8
BLACK
6
CONTINUOUS
10
5.0272644094488186
20
-3.4258103937007873
11
5.0310139370078737
21
-3.4239356299212598
0
LINE
8
BLACK
6
CONTINUOUS
10
5.0310139370078737
20
-3.4239356299212598
11
5.0315023622047246
21
-3.4237903149606299
0
LINE
8
BLACK
6
CONTINUOUS
10
5.0315023622047246
20
-3.4237903149606299
11
5.0316183070866138
21
-3.4237120472440945
0
LINE
8
BLACK
6
CONTINUOUS
10
5.0316183070866138
20
-3.4237120472440945
11
5.0391173622047241
21
-3.4218372834645669
0
LINE
8
BLACK
6
CONTINUOUS
10
5.0391173622047241
20
-3.4218372834645669
11
5.0397052362204722
21
-3.4217957874015745
0
LINE
8
BLACK
6
CONTINUOUS
10
5.0397052362204722
20
-3.4217957874015745
11
5.0398335039370075
21
-3.4217491338582677
0
LINE
8
BLACK
6
CONTINUOUS
10
5.0398335039370075
20
-3.4217491338582677
11
5.0492073228346452
21
-3.4217491338582677
0
LINE
8
BLACK
6
CONTINUOUS
10
5.0492073228346452
20
-3.4217491338582677
11
5.0497876771653543
21
-3.4218514566929135
0
LINE
8
BLACK
6
CONTINUOUS
10
5.0333649999999999
20
-3.4293626377952755
11
5.0303340157480312
21
-3.4308781496062992
0
LINE
8
BLACK
6
CONTINUOUS
10
5.0303340157480312
20
-3.4308781496062992
11
5.0291368897637794
21
-3.432075275590551
0
LINE
8
BLACK
6
CONTINUOUS
10
5.0291368897637794
20
-3.432075275590551
11
5.0277881496062991
21
-3.4347727559055117
0
LINE
8
BLACK
6
CONTINUOUS
10
5.0277881496062991
20
-3.4347727559055117
11
5.0277881496062991
21
-3.4371281889763781
0
LINE
8
BLACK
6
CONTINUOUS
10
5.0277881496062991
20
-3.4371281889763781
11
5.0291368897637794
21
-3.4398256692913387
0
LINE
8
BLACK
6
CONTINUOUS
10
5.0291368897637794
20
-3.4398256692913387
11
5.0303340157480312
21
-3.4410227952755905
0
LINE
8
BLACK
6
CONTINUOUS
10
5.0303340157480312
20
-3.4410227952755905
11
5.0333649999999999
21
-3.4425382677165355
0
LINE
8
BLACK
6
CONTINUOUS
10
5.0333649999999999
20
-3.4425382677165355
11
5.040197047244094
21
-3.4442462992125984
0
LINE
8
BLACK
6
CONTINUOUS
10
5.040197047244094
20
-3.4442462992125984
11
5.0488437795275587
21
-3.4442462992125984
0
LINE
8
BLACK
6
CONTINUOUS
10
5.0488437795275587
20
-3.4442462992125984
11
5.0556758267716537
21
-3.4425382677165355
0
LINE
8
BLACK
6
CONTINUOUS
10
5.0556758267716537
20
-3.4425382677165355
11
5.0587068110236215
21
-3.4410227559055118
0
LINE
8
BLACK
6
CONTINUOUS
10
5.0587068110236215
20
-3.4410227559055118
11
5.059903976377953
21
-3.43982562992126
0
LINE
8
BLACK
6
CONTINUOUS
10
5.059903976377953
20
-3.43982562992126
11
5.0612527165354333
21
-3.4371281889763781
0
LINE
8
BLACK
6
CONTINUOUS
10
5.0612527165354333
20
-3.4371281889763781
11
5.0612527165354333
21
-3.4347727559055117
0
LINE
8
BLACK
6
CONTINUOUS
10
5.0612527165354333
20
-3.4347727559055117
11
5.059903976377953
21
-3.432075275590551
0
LINE
8
BLACK
6
CONTINUOUS
10
5.059903976377953
20
-3.432075275590551
11
5.0587068110236215
21
-3.4308781496062992
0
LINE
8
BLACK
6
CONTINUOUS
10
5.0587068110236215
20
-3.4308781496062992
11
5.0556758267716537
21
-3.4293626377952755
0
LINE
8
BLACK
6
CONTINUOUS
10
5.0556758267716537
20
-3.4293626377952755
11
5.0488437795275587
21
-3.4276546456692913
0
LINE
8
BLACK
6
CONTINUOUS
10
5.0488437795275587
20
-3.4276546456692913
11
5.040197047244094
21
-3.4276546456692913
0
LINE
8
BLACK
6
CONTINUOUS
10
5.040197047244094
20
-3.4276546456692913
11
5.0333649999999999
21
-3.4293626377952755
0
LINE
8
BLACK
6
CONTINUOUS
10
5.3811012204724404
20
-3.409921220472441
11
5.3826484645669286
21
-3.4112195275590551
0
LINE
8
BLACK
6
CONTINUOUS
10
5.3826484645669286
20
-3.4112195275590551
11
5.382999212598425
21
-3.4132086614173227
0
LINE
8
BLACK
6
CONTINUOUS
10
5.382999212598425
20
-3.4132086614173227
11
5.3819892913385825
21
-3.4149578346456693
0
LINE
8
BLACK
6
CONTINUOUS
10
5.3819892913385825
20
-3.4149578346456693
11
5.380091299212598
21
-3.4156486614173227
0
LINE
8
BLACK
6
CONTINUOUS
10
5.380091299212598
20
-3.4156486614173227
11
5.3540309842519687
21
-3.4156486614173227
0
LINE
8
BLACK
6
CONTINUOUS
10
5.3540309842519687
20
-3.4156486614173227
11
5.3700913779527557
21
-3.4231435039370077
0
LINE
8
BLACK
6
CONTINUOUS
10
5.3700913779527557
20
-3.4231435039370077
11
5.370409133858268
21
-3.4233661417322834
0
LINE
8
BLACK
6
CONTINUOUS
10
5.370409133858268
20
-3.4233661417322834
11
5.3705355905511807
21
-3.4234
0
LINE
8
BLACK
6
CONTINUOUS
10
5.3705355905511807
20
-3.4234
11
5.3706109448818893
21
-3.4235075590551181
0
LINE
8
BLACK
6
CONTINUOUS
10
5.3706109448818893
20
-3.4235075590551181
11
5.3709312204724409
21
-3.4237319685039371
0
LINE
8
BLACK
6
CONTINUOUS
10
5.3709312204724409
20
-3.4237319685039371
11
5.3712548031496059
21
-3.4244264566929132
0
LINE
8
BLACK
6
CONTINUOUS
10
5.3712548031496059
20
-3.4244264566929132
11
5.3716946456692911
21
-3.4250541732283466
0
LINE
8
BLACK
6
CONTINUOUS
10
5.3716946456692911
20
-3.4250541732283466
11
5.3716713779527554
21
-3.4253205118110235
0
LINE
8
BLACK
6
CONTINUOUS
10
5.3716713779527554
20
-3.4253205118110235
11
5.3717842913385825
21
-3.4255627952755905
0
LINE
8
BLACK
6
CONTINUOUS
10
5.3717842913385825
20
-3.4255627952755905
11
5.3715857086614172
21
-3.4263029921259842
0
LINE
8
BLACK
6
CONTINUOUS
10
5.3715857086614172
20
-3.4263029921259842
11
5.3715191338582677
21
-3.427066338582677
0
LINE
8
BLACK
6
CONTINUOUS
10
5.3715191338582677
20
-3.427066338582677
11
5.3713301968503933
21
-3.4272553543307085
0
LINE
8
BLACK
6
CONTINUOUS
10
5.3713301968503933
20
-3.4272553543307085
11
5.3712609448818895
21
-3.4275136220472442
0
LINE
8
BLACK
6
CONTINUOUS
10
5.3712609448818895
20
-3.4275136220472442
11
5.3706330314960633
21
-3.4279529921259844
0
LINE
8
BLACK
6
CONTINUOUS
10
5.3706330314960633
20
-3.4279529921259844
11
5.3700913779527557
21
-3.4284949999999998
0
LINE
8
BLACK
6
CONTINUOUS
10
5.3700913779527557
20
-3.4284949999999998
11
5.3540309842519687
21
-3.4359898425196849
0
LINE
8
BLACK
6
CONTINUOUS
10
5.3540309842519687
20
-3.4359898425196849
11
5.380091299212598
21
-3.4359898425196849
0
LINE
8
BLACK
6
CONTINUOUS
10
5.380091299212598
20
-3.4359898425196849
11
5.3811012204724404
21
-3.4361679133858267
0
LINE
8
BLACK
6
CONTINUOUS
10
5.3811012204724404
20
-3.4361679133858267
11
5.3826484645669286
21
-3.4374662204724409
0
LINE
8
BLACK
6
CONTINUOUS
10
5.3826484645669286
20
-3.4374662204724409
11
5.382999212598425
21
-3.4394553543307085
0
LINE
8
BLACK
6
CONTINUOUS
10
5.382999212598425
20
-3.4394553543307085
11
5.3819892913385825
21
-3.441204527559055
0
LINE
8
BLACK
6
CONTINUOUS
10
5.3819892913385825
20
-3.441204527559055
11
5.380091299212598
21
-3.4418953543307085
0
LINE
8
BLACK
6
CONTINUOUS
10
5.380091299212598
20
-3.4418953543307085
11
5.3407212204724406
21
-3.4418953543307085
0
LINE
8
BLACK
6
CONTINUOUS
10
5.3407212204724406
20
-3.4418953543307085
11
5.3397112992125981
21
-3.4417172834645671
0
LINE
8
BLACK
6
CONTINUOUS
10
5.3397112992125981
20
-3.4417172834645671
11
5.3394091732283462
21
-3.4414637795275591
0
LINE
8
BLACK
6
CONTINUOUS
10
5.3394091732283462
20
-3.4414637795275591
11
5.3390283070866138
21
-3.4413618503937009
0
LINE
8
BLACK
6
CONTINUOUS
10
5.3390283070866138
20
-3.4413618503937009
11
5.3386581496062995
21
-3.4408335826771652
0
LINE
8
BLACK
6
CONTINUOUS
10
5.3386581496062995
20
-3.4408335826771652
11
5.33816405511811
21
-3.4404189763779525
0
LINE
8
BLACK
6
CONTINUOUS
10
5.33816405511811
20
-3.4404189763779525
11
5.3380955511811026
21
-3.4400306299212597
0
LINE
8
BLACK
6
CONTINUOUS
10
5.3380955511811026
20
-3.4400306299212597
11
5.3378692913385821
21
-3.4397076771653543
0
LINE
8
BLACK
6
CONTINUOUS
10
5.3378692913385821
20
-3.4397076771653543
11
5.3379253149606294
21
-3.4390650787401573
0
LINE
8
BLACK
6
CONTINUOUS
10
5.3379253149606294
20
-3.4390650787401573
11
5.3378133070866136
21
-3.4384298425196849
0
LINE
8
BLACK
6
CONTINUOUS
10
5.3378133070866136
20
-3.4384298425196849
11
5.3380104724409447
21
-3.4380882677165352
0
LINE
8
BLACK
6
CONTINUOUS
10
5.3380104724409447
20
-3.4380882677165352
11
5.3380447637795276
21
-3.4376955118110235
0
LINE
8
BLACK
6
CONTINUOUS
10
5.3380447637795276
20
-3.4376955118110235
11
5.3385006692913386
21
-3.4372392913385825
0
LINE
8
BLACK
6
CONTINUOUS
10
5.3385006692913386
20
-3.4372392913385825
11
5.338823228346457
21
-3.4366806692913383
0
LINE
8
BLACK
6
CONTINUOUS
10
5.338823228346457
20
-3.4366806692913383
11
5.3391937795275588
21
-3.4365457874015748
0
LINE
8
BLACK
6
CONTINUOUS
10
5.3391937795275588
20
-3.4365457874015748
11
5.3394725590551184
21
-3.4362668503937006
0
LINE
8
BLACK
6
CONTINUOUS
10
5.3394725590551184
20
-3.4362668503937006
11
5.3618602362204726
21
-3.425819251968504
0
LINE
8
BLACK
6
CONTINUOUS
10
5.3618602362204726
20
-3.425819251968504
11
5.3394725590551184
21
-3.415371653543307
0
LINE
8
BLACK
6
CONTINUOUS
10
5.3394725590551184
20
-3.415371653543307
11
5.3386326771653545
21
-3.414783188976378
0
LINE
8
BLACK
6
CONTINUOUS
10
5.3386326771653545
20
-3.414783188976378
11
5.3384661023622044
21
-3.4144257480314959
0
LINE
8
BLACK
6
CONTINUOUS
10
5.3384661023622044
20
-3.4144257480314959
11
5.33816405511811
21
-3.4141722834645667
0
LINE
8
BLACK
6
CONTINUOUS
10
5.33816405511811
20
-3.4141722834645667
11
5.3380520472440942
21
-3.413537086614173
0
LINE
8
BLACK
6
CONTINUOUS
10
5.3380520472440942
20
-3.413537086614173
11
5.3377796062992129
21
-3.412952401574803
0
LINE
8
BLACK
6
CONTINUOUS
10
5.3377796062992129
20
-3.412952401574803
11
5.3378817716535432
21
-3.4125714960629923
0
LINE
8
BLACK
6
CONTINUOUS
10
5.3378817716535432
20
-3.4125714960629923
11
5.3378133070866136
21
-3.4121831496062991
0
LINE
8
BLACK
6
CONTINUOUS
10
5.3378133070866136
20
-3.4121831496062991
11
5.3381357874015745
21
-3.4116245669291336
0
LINE
8
BLACK
6
CONTINUOUS
10
5.3381357874015745
20
-3.4116245669291336
11
5.3383029527559058
21
-3.4110015354330709
0
LINE
8
BLACK
6
CONTINUOUS
10
5.3383029527559058
20
-3.4110015354330709
11
5.3386260629921258
21
-3.4107753937007872
0
LINE
8
BLACK
6
CONTINUOUS
10
5.3386260629921258
20
-3.4107753937007872
11
5.338823228346457
21
-3.4104339763779525
0
LINE
8
BLACK
6
CONTINUOUS
10
5.338823228346457
20
-3.4104339763779525
11
5.3394292913385826
21
-3.4102133464566928
0
LINE
8
BLACK
6
CONTINUOUS
10
5.3394292913385826
20
-3.4102133464566928
11
5.3399578346456691
21
-3.4098435433070864
0
LINE
8
BLACK
6
CONTINUOUS
10
5.3399578346456691
20
-3.4098435433070864
11
5.34035062992126
21
-3.4098779921259843
0
LINE
8
BLACK
6
CONTINUOUS
10
5.34035062992126
20
-3.4098779921259843
11
5.3407212204724406
21
-3.4097431496062991
0
LINE
8
BLACK
6
CONTINUOUS
10
5.3407212204724406
20
-3.4097431496062991
11
5.380091299212598
21
-3.4097431496062991
0
LINE
8
BLACK
6
CONTINUOUS
10
5.380091299212598
20
-3.4097431496062991
11
5.3811012204724404
21
-3.409921220472441
0
LINE
8
BLACK
6
CONTINUOUS
10
4.7578430708661417
20
-3.4035826771653541
11
4.7589559055118107
21
-3.4052682283464568
0
LINE
8
BLACK
6
CONTINUOUS
10
4.7589559055118107
20
-3.4052682283464568
11
4.7587250000000001
21
-3.4072747637795273
0
LINE
8
BLACK
6
CONTINUOUS
10
4.7587250000000001
20
-3.4072747637795273
11
4.7568502362204725
21
-3.4110242913385824
0
LINE
8
BLACK
6
CONTINUOUS
10
4.7568502362204725
20
-3.4110242913385824
11
4.7563242913385828
21
-3.411733346456693
0
LINE
8
BLACK
6
CONTINUOUS
10
4.7563242913385828
20
-3.411733346456693
11
4.7562971259842515
21
-3.4117916929133858
0
LINE
8
BLACK
6
CONTINUOUS
10
4.7562971259842515
20
-3.4117916929133858
11
4.7538387401574802
21
-3.4142500787401575
0
LINE
8
BLACK
6
CONTINUOUS
10
4.7538387401574802
20
-3.4142500787401575
11
4.781252716535433
21
-3.4142500787401575
0
LINE
8
BLACK
6
CONTINUOUS
10
4.781252716535433
20
-3.4142500787401575
11
4.781252716535433
21
-3.4059542519685038
0
LINE
8
BLACK
6
CONTINUOUS
10
4.781252716535433
20
-3.4059542519685038
11
4.7814307874015745
21
-3.4049443307086613
0
LINE
8
BLACK
6
CONTINUOUS
10
4.7814307874015745
20
-3.4049443307086613
11
4.7827290944881886
21
-3.4033970866141732
0
LINE
8
BLACK
6
CONTINUOUS
10
4.7827290944881886
20
-3.4033970866141732
11
4.7847182283464562
21
-3.4030463385826772
0
LINE
8
BLACK
6
CONTINUOUS
10
4.7847182283464562
20
-3.4030463385826772
11
4.7864674015748028
21
-3.4040562598425197
0
LINE
8
BLACK
6
CONTINUOUS
10
4.7864674015748028
20
-3.4040562598425197
11
4.7871582283464562
21
-3.4059542519685038
0
LINE
8
BLACK
6
CONTINUOUS
10
4.7871582283464562
20
-3.4059542519685038
11
4.7871582283464562
21
-3.4284514173228344
0
LINE
8
BLACK
6
CONTINUOUS
10
4.7871582283464562
20
-3.4284514173228344
11
4.7869801574803148
21
-3.4294613385826769
0
LINE
8
BLACK
6
CONTINUOUS
10
4.7869801574803148
20
-3.4294613385826769
11
4.7856818503937006
21
-3.4310085826771655
0
LINE
8
BLACK
6
CONTINUOUS
10
4.7856818503937006
20
-3.4310085826771655
11
4.783692716535433
21
-3.4313593307086614
0
LINE
8
BLACK
6
CONTINUOUS
10
4.783692716535433
20
-3.4313593307086614
11
4.7819435433070865
21
-3.4303494094488189
0
LINE
8
BLACK
6
CONTINUOUS
10
4.7819435433070865
20
-3.4303494094488189
11
4.781252716535433
21
-3.4284514173228344
0
LINE
8
BLACK
6
CONTINUOUS
10
4.781252716535433
20
-3.4284514173228344
11
4.781252716535433
21
-3.4201555905511811
0
LINE
8
BLACK
6
CONTINUOUS
10
4.781252716535433
20
-3.4201555905511811
11
4.7448353937007877
21
-3.4201555905511811
0
LINE
8
BLACK
6
CONTINUOUS
10
4.7448353937007877
20
-3.4201555905511811
11
4.7438254724409452
21
-3.4199775196850393
0
LINE
8
BLACK
6
CONTINUOUS
10
4.7438254724409452
20
-3.4199775196850393
11
4.7436953937007873
21
-3.4198683858267716
0
LINE
8
BLACK
6
CONTINUOUS
10
4.7436953937007873
20
-3.4198683858267716
11
4.7435266535433067
21
-3.4198497244094486
0
LINE
8
BLACK
6
CONTINUOUS
10
4.7435266535433067
20
-3.4198497244094486
11
4.7429347244094489
21
-3.4192300787401573
0
LINE
8
BLACK
6
CONTINUOUS
10
4.7429347244094489
20
-3.4192300787401573
11
4.7422782283464562
21
-3.4186792125984251
0
LINE
8
BLACK
6
CONTINUOUS
10
4.7422782283464562
20
-3.4186792125984251
11
4.7422487401574802
21
-3.4185119685039371
0
LINE
8
BLACK
6
CONTINUOUS
10
4.7422487401574802
20
-3.4185119685039371
11
4.7421314566929134
21
-3.418389212598425
0
LINE
8
BLACK
6
CONTINUOUS
10
4.7421314566929134
20
-3.418389212598425
11
4.7420762992125987
21
-3.4175340551181104
0
LINE
8
BLACK
6
CONTINUOUS
10
4.7420762992125987
20
-3.4175340551181104
11
4.7419274803149607
21
-3.4166900787401575
0
LINE
8
BLACK
6
CONTINUOUS
10
4.7419274803149607
20
-3.4166900787401575
11
4.7420123622047239
21
-3.4165429921259842
0
LINE
8
BLACK
6
CONTINUOUS
10
4.7420123622047239
20
-3.4165429921259842
11
4.742001456692913
21
-3.416373622047244
0
LINE
8
BLACK
6
CONTINUOUS
10
4.742001456692913
20
-3.416373622047244
11
4.7425088976377952
21
-3.4156829921259844
0
LINE
8
BLACK
6
CONTINUOUS
10
4.7425088976377952
20
-3.4156829921259844
11
4.7429374015748031
21
-3.414940905511811
0
LINE
8
BLACK
6
CONTINUOUS
10
4.7429374015748031
20
-3.414940905511811
11
4.7430968897637795
21
-3.414882834645669
0
LINE
8
BLACK
6
CONTINUOUS
10
4.7430968897637795
20
-3.414882834645669
11
4.7431974803149606
21
-3.4147459842519683
0
LINE
8
BLACK
6
CONTINUOUS
10
4.7431974803149606
20
-3.4147459842519683
11
4.7485785039370079
21
-3.4111586220472438
0
LINE
8
BLACK
6
CONTINUOUS
10
4.7485785039370079
20
-3.4111586220472438
11
4.7517824803149606
21
-3.4079546850393698
0
LINE
8
BLACK
6
CONTINUOUS
10
4.7517824803149606
20
-3.4079546850393698
11
4.753442952755905
21
-3.4046337401574802
0
LINE
8
BLACK
6
CONTINUOUS
10
4.753442952755905
20
-3.4046337401574802
11
4.7540538582677163
21
-3.4038100787401575
0
LINE
8
BLACK
6
CONTINUOUS
10
4.7540538582677163
20
-3.4038100787401575
11
4.7559070472440945
21
-3.403006811023622
0
LINE
8
BLACK
6
CONTINUOUS
10
4.7559070472440945
20
-3.403006811023622
11
4.7578430708661417
21
-3.4035826771653541
0
LINE
8
BLACK
6
CONTINUOUS
10
5.1778430708661416
20
-3.4035826771653541
11
5.1789559055118106
21
-3.4052682283464568
0
LINE
8
BLACK
6
CONTINUOUS
10
5.1789559055118106
20
-3.4052682283464568
11
5.178725
21
-3.4072747637795273
0
LINE
8
BLACK
6
CONTINUOUS
10
5.178725
20
-3.4072747637795273
11
5.1768502362204725
21
-3.4110242913385824
0
LINE
8
BLACK
6
CONTINUOUS
10
5.1768502362204725
20
-3.4110242913385824
11
5.1763242913385827
21
-3.411733346456693
0
LINE
8
BLACK
6
CONTINUOUS
10
5.1763242913385827
20
-3.411733346456693
11
5.1762971259842523
21
-3.4117916929133858
0
LINE
8
BLACK
6
CONTINUOUS
10
5.1762971259842523
20
-3.4117916929133858
11
5.1738387401574801
21
-3.4142500787401575
0
LINE
8
BLACK
6
CONTINUOUS
10
5.1738387401574801
20
-3.4142500787401575
11
5.201252716535433
21
-3.4142500787401575
0
LINE
8
BLACK
6
CONTINUOUS
10
5.201252716535433
20
-3.4142500787401575
11
5.201252716535433
21
-3.4059542519685038
0
LINE
8
BLACK
6
CONTINUOUS
10
5.201252716535433
20
-3.4059542519685038
11
5.2014307874015744
21
-3.4049443307086613
0
LINE
8
BLACK
6
CONTINUOUS
10
5.2014307874015744
20
-3.4049443307086613
11
5.2027290944881885
21
-3.4033970866141732
0
LINE
8
BLACK
6
CONTINUOUS
10
5.2027290944881885
20
-3.4033970866141732
11
5.2047182283464561
21
-3.4030463385826772
0
LINE
8
BLACK
6
CONTINUOUS
10
5.2047182283464561
20
-3.4030463385826772
11
5.2064674015748027
21
-3.4040562598425197
0
LINE
8
BLACK
6
CONTINUOUS
10
5.2064674015748027
20
-3.4040562598425197
11
5.2071582283464561
21
-3.4059542519685038
0
LINE
8
BLACK
6
CONTINUOUS
10
5.2071582283464561
20
-3.4059542519685038
11
5.2071582283464561
21
-3.4284514173228344
0
LINE
8
BLACK
6
CONTINUOUS
10
5.2071582283464561
20
-3.4284514173228344
11
5.2069801574803147
21
-3.4294613385826769
0
LINE
8
BLACK
6
CONTINUOUS
10
5.2069801574803147
20
-3.4294613385826769
11
5.2056818503937006
21
-3.4310085826771655
0
LINE
8
BLACK
6
CONTINUOUS
10
5.2056818503937006
20
-3.4310085826771655
11
5.203692716535433
21
-3.4313593307086614
0
LINE
8
BLACK
6
CONTINUOUS
10
5.203692716535433
20
-3.4313593307086614
11
5.2019435433070864
21
-3.4303494094488189
0
LINE
8
BLACK
6
CONTINUOUS
10
5.2019435433070864
20
-3.4303494094488189
11
5.201252716535433
21
-3.4284514173228344
0
LINE
8
BLACK
6
CONTINUOUS
10
5.201252716535433
20
-3.4284514173228344
11
5.201252716535433
21
-3.4201555905511811
0
LINE
8
BLACK
6
CONTINUOUS
10
5.201252716535433
20
-3.4201555905511811
11
5.1648353937007876
21
-3.4201555905511811
0
LINE
8
BLACK
6
CONTINUOUS
10
5.1648353937007876
20
-3.4201555905511811
11
5.1638254724409451
21
-3.4199775196850393
0
LINE
8
BLACK
6
CONTINUOUS
10
5.1638254724409451
20
-3.4199775196850393
11
5.1636953937007872
21
-3.4198683858267716
0
LINE
8
BLACK
6
CONTINUOUS
10
5.1636953937007872
20
-3.4198683858267716
11
5.1635266535433066
21
-3.4198497244094486
0
LINE
8
BLACK
6
CONTINUOUS
10
5.1635266535433066
20
-3.4198497244094486
11
5.1629347244094488
21
-3.4192300787401573
0
LINE
8
BLACK
6
CONTINUOUS
10
5.1629347244094488
20
-3.4192300787401573
11
5.162278228346457
21
-3.4186792125984251
0
LINE
8
BLACK
6
CONTINUOUS
10
5.162278228346457
20
-3.4186792125984251
11
5.1622487401574801
21
-3.4185119685039371
0
LINE
8
BLACK
6
CONTINUOUS
10
5.1622487401574801
20
-3.4185119685039371
11
5.1621314566929133
21
-3.418389212598425
0
LINE
8
BLACK
6
CONTINUOUS
10
5.1621314566929133
20
-3.418389212598425
11
5.1620762992125986
21
-3.4175340551181104
0
LINE
8
BLACK
6
CONTINUOUS
10
5.1620762992125986
20
-3.4175340551181104
11
5.1619274803149606
21
-3.4166900787401575
0
LINE
8
BLACK
6
CONTINUOUS
10
5.1619274803149606
20
-3.4166900787401575
11
5.1620123622047247
21
-3.4165429921259842
0
LINE
8
BLACK
6
CONTINUOUS
10
5.1620123622047247
20
-3.4165429921259842
11
5.1620014566929129
21
-3.416373622047244
0
LINE
8
BLACK
6
CONTINUOUS
10
5.1620014566929129
20
-3.416373622047244
11
5.1625088976377951
21
-3.4156829921259844
0
LINE
8
BLACK
6
CONTINUOUS
10
5.1625088976377951
20
-3.4156829921259844
11
5.1629374015748031
21
-3.414940905511811
0
LINE
8
BLACK
6
CONTINUOUS
10
5.1629374015748031
20
-3.414940905511811
11
5.1630968897637795
21
-3.414882834645669
0
LINE
8
BLACK
6
CONTINUOUS
10
5.1630968897637795
20
-3.414882834645669
11
5.1631974803149605
21
-3.4147459842519683
0
LINE
8
BLACK
6
CONTINUOUS
10
5.1631974803149605
20
-3.4147459842519683
11
5.1685785039370078
21
-3.4111586220472438
0
LINE
8
BLACK
6
CONTINUOUS
10
5.1685785039370078
20
-3.4111586220472438
11
5.1717824803149606
21
-3.4079546850393698
0
LINE
8
BLACK
6
CONTINUOUS
10
5.1717824803149606
20
-3.4079546850393698
11
5.1734429527559058
21
-3.4046337401574802
0
LINE
8
BLACK
6
CONTINUOUS
10
5.1734429527559058
20
-3.4046337401574802
11
5.1740538582677162
21
-3.4038100787401575
0
LINE
8
BLACK
6
CONTINUOUS
10
5.1740538582677162
20
-3.4038100787401575
11
5.1759070472440944
21
-3.403006811023622
0
LINE
8
BLACK
6
CONTINUOUS
10
5.1759070472440944
20
-3.403006811023622
11
5.1778430708661416
21
-3.4035826771653541
0
LINE
8
BLACK
6
CONTINUOUS
10
4.8978430708661413
20
-3.3848349999999998
11
4.8989559055118113
21
-3.3865205511811021
0
LINE
8
BLACK
6
CONTINUOUS
10
4.8989559055118113
20
-3.3865205511811021
11
4.8987249999999998
21
-3.388527086614173
0
LINE
8
BLACK
6
CONTINUOUS
10
4.8987249999999998
20
-3.388527086614173
11
4.8968502362204722
21
-3.3922766141732281
0
LINE
8
BLACK
6
CONTINUOUS
10
4.8968502362204722
20
-3.3922766141732281
11
4.8963242913385825
21
-3.3929856692913387
0
LINE
8
BLACK
6
CONTINUOUS
10
4.8963242913385825
20
-3.3929856692913387
11
4.896297125984252
21
-3.3930440157480315
0
LINE
8
BLACK
6
CONTINUOUS
10
4.896297125984252
20
-3.3930440157480315
11
4.8938387401574799
21
-3.3955024015748032
0
LINE
8
BLACK
6
CONTINUOUS
10
4.8938387401574799
20
-3.3955024015748032
11
4.9212527165354327
21
-3.3955024015748032
0
LINE
8
BLACK
6
CONTINUOUS
10
4.9212527165354327
20
-3.3955024015748032
11
4.9212527165354327
21
-3.3872065748031495
0
LINE
8
BLACK
6
CONTINUOUS
10
4.9212527165354327
20
-3.3872065748031495
11
4.921430787401575
21
-3.386196653543307
0
LINE
8
BLACK
6
CONTINUOUS
10
4.921430787401575
20
-3.386196653543307
11
4.9227290944881892
21
-3.3846494094488189
0
LINE
8
BLACK
6
CONTINUOUS
10
4.9227290944881892
20
-3.3846494094488189
11
4.9247182283464568
21
-3.3842986614173229
0
LINE
8
BLACK
6
CONTINUOUS
10
4.9247182283464568
20
-3.3842986614173229
11
4.9264674015748033
21
-3.3853085826771654
0
LINE
8
BLACK
6
CONTINUOUS
10
4.9264674015748033
20
-3.3853085826771654
11
4.9271582283464568
21
-3.3872065748031495
0
LINE
8
BLACK
6
CONTINUOUS
10
4.9271582283464568
20
-3.3872065748031495
11
4.9271582283464568
21
-3.4097037401574801
0
LINE
8
BLACK
6
CONTINUOUS
10
4.9271582283464568
20
-3.4097037401574801
11
4.9269801574803145
21
-3.4107136614173226
0
LINE
8
BLACK
6
CONTINUOUS
10
4.9269801574803145
20
-3.4107136614173226
11
4.9256818503937003
21
-3.4122609055118112
0
LINE
8
BLACK
6
CONTINUOUS
10
4.9256818503937003
20
-3.4122609055118112
11
4.9236927165354327
21
-3.4126116535433071
0
LINE
8
BLACK
6
CONTINUOUS
10
4.9236927165354327
20
-3.4126116535433071
11
4.9219435433070862
21
-3.4116017322834646
0
LINE
8
BLACK
6
CONTINUOUS
10
4.9219435433070862
20
-3.4116017322834646
11
4.9212527165354327
21
-3.4097037401574801
0
LINE
8
BLACK
6
CONTINUOUS
10
4.9212527165354327
20
-3.4097037401574801
11
4.9212527165354327
21
-3.4014079133858268
0
LINE
8
BLACK
6
CONTINUOUS
10
4.9212527165354327
20
-3.4014079133858268
11
4.8848353937007873
21
-3.4014079133858268
0
LINE
8
BLACK
6
CONTINUOUS
10
4.8848353937007873
20
-3.4014079133858268
11
4.8838254724409449
21
-3.401229842519685
0
LINE
8
BLACK
6
CONTINUOUS
10
4.8838254724409449
20
-3.401229842519685
11
4.883695393700787
21
-3.4011207086614172
0
LINE
8
BLACK
6
CONTINUOUS
10
4.883695393700787
20
-3.4011207086614172
11
4.8835266535433073
21
-3.4011020472440943
0
LINE
8
BLACK
6
CONTINUOUS
10
4.8835266535433073
20
-3.4011020472440943
11
4.8829347244094485
21
-3.400482401574803
0
LINE
8
BLACK
6
CONTINUOUS
10
4.8829347244094485
20
-3.400482401574803
11
4.8822782283464567
21
-3.3999315354330708
0
LINE
8
BLACK
6
CONTINUOUS
10
4.8822782283464567
20
-3.3999315354330708
11
4.8822487401574799
21
-3.3997642913385824
0
LINE
8
BLACK
6
CONTINUOUS
10
4.8822487401574799
20
-3.3997642913385824
11
4.882131456692913
21
-3.3996415354330707
0
LINE
8
BLACK
6
CONTINUOUS
10
4.882131456692913
20
-3.3996415354330707
11
4.8820762992125983
21
-3.3987863779527556
0
LINE
8
BLACK
6
CONTINUOUS
10
4.8820762992125983
20
-3.3987863779527556
11
4.8819274803149604
21
-3.3979424015748032
0
LINE
8
BLACK
6
CONTINUOUS
10
4.8819274803149604
20
-3.3979424015748032
11
4.8820123622047245
21
-3.3977953149606299
0
LINE
8
BLACK
6
CONTINUOUS
10
4.8820123622047245
20
-3.3977953149606299
11
4.8820014566929135
21
-3.3976259448818897
0
LINE
8
BLACK
6
CONTINUOUS
10
4.8820014566929135
20
-3.3976259448818897
11
4.8825088976377948
21
-3.3969353149606301
0
LINE
8
BLACK
6
CONTINUOUS
10
4.8825088976377948
20
-3.3969353149606301
11
4.8829374015748028
21
-3.3961932283464566
0
LINE
8
BLACK
6
CONTINUOUS
10
4.8829374015748028
20
-3.3961932283464566
11
4.8830968897637792
21
-3.3961351574803147
0
LINE
8
BLACK
6
CONTINUOUS
10
4.8830968897637792
20
-3.3961351574803147
11
4.8831974803149603
21
-3.395998307086614
0
LINE
8
BLACK
6
CONTINUOUS
10
4.8831974803149603
20
-3.395998307086614
11
4.8885785039370075
21
-3.3924109448818895
0
LINE
8
BLACK
6
CONTINUOUS
10
4.8885785039370075
20
-3.3924109448818895
11
4.8917824803149603
21
-3.3892070078740155
0
LINE
8
BLACK
6
CONTINUOUS
10
4.8917824803149603
20
-3.3892070078740155
11
4.8934429527559056
21
-3.3858860629921259
0
LINE
8
BLACK
6
CONTINUOUS
10
4.8934429527559056
20
-3.3858860629921259
11
4.894053858267716
21
-3.3850624015748032
0
LINE
8
BLACK
6
CONTINUOUS
10
4.894053858267716
20
-3.3850624015748032
11
4.8959070472440942
21
-3.3842591338582677
0
LINE
8
BLACK
6
CONTINUOUS
10
4.8959070472440942
20
-3.3842591338582677
11
4.8978430708661413
21
-3.3848349999999998
0
LINE
8
BLACK
6
CONTINUOUS
10
5.0378430708661419
20
-3.3848349999999998
11
5.0389559055118109
21
-3.3865205511811021
0
LINE
8
BLACK
6
CONTINUOUS
10
5.0389559055118109
20
-3.3865205511811021
11
5.0387249999999995
21
-3.388527086614173
0
LINE
8
BLACK
6
CONTINUOUS
10
5.0387249999999995
20
-3.388527086614173
11
5.0368502362204719
21
-3.3922766141732281
0
LINE
8
BLACK
6
CONTINUOUS
10
5.0368502362204719
20
-3.3922766141732281
11
5.0363242913385822
21
-3.3929856692913387
0
LINE
8
BLACK
6
CONTINUOUS
10
5.0363242913385822
20
-3.3929856692913387
11
5.0362971259842517
21
-3.3930440157480315
0
LINE
8
BLACK
6
CONTINUOUS
10
5.0362971259842517
20
-3.3930440157480315
11
5.0338387401574805
21
-3.3955024015748032
0
LINE
8
BLACK
6
CONTINUOUS
10
5.0338387401574805
20
-3.3955024015748032
11
5.0612527165354333
21
-3.3955024015748032
0
LINE
8
BLACK
6
CONTINUOUS
10
5.0612527165354333
20
-3.3955024015748032
11
5.0612527165354333
21
-3.3872065748031495
0
LINE
8
BLACK
6
CONTINUOUS
10
5.0612527165354333
20
-3.3872065748031495
11
5.0614307874015747
21
-3.386196653543307
0
LINE
8
BLACK
6
CONTINUOUS
10
5.0614307874015747
20
-3.386196653543307
11
5.0627290944881889
21
-3.3846494094488189
0
LINE
8
BLACK
6
CONTINUOUS
10
5.0627290944881889
20
-3.3846494094488189
11
5.0647182283464565
21
-3.3842986614173229
0
LINE
8
BLACK
6
CONTINUOUS
10
5.0647182283464565
20
-3.3842986614173229
11
5.066467401574803
21
-3.3853085826771654
0
LINE
8
BLACK
6
CONTINUOUS
10
5.066467401574803
20
-3.3853085826771654
11
5.0671582283464565
21
-3.3872065748031495
0
LINE
8
BLACK
6
CONTINUOUS
10
5.0671582283464565
20
-3.3872065748031495
11
5.0671582283464565
21
-3.4097037401574801
0
LINE
8
BLACK
6
CONTINUOUS
10
5.0671582283464565
20
-3.4097037401574801
11
5.0669801574803151
21
-3.4107136614173226
0
LINE
8
BLACK
6
CONTINUOUS
10
5.0669801574803151
20
-3.4107136614173226
11
5.0656818503937009
21
-3.4122609055118112
0
LINE
8
BLACK
6
CONTINUOUS
10
5.0656818503937009
20
-3.4122609055118112
11
5.0636927165354333
21
-3.4126116535433071
0
LINE
8
BLACK
6
CONTINUOUS
10
5.0636927165354333
20
-3.4126116535433071
11
5.0619435433070867
21
-3.4116017322834646
0
LINE
8
BLACK
6
CONTINUOUS
10
5.0619435433070867
20
-3.4116017322834646
11
5.0612527165354333
21
-3.4097037401574801
0
LINE
8
BLACK
6
CONTINUOUS
10
5.0612527165354333
20
-3.4097037401574801
11
5.0612527165354333
21
-3.4014079133858268
0
LINE
8
BLACK
6
CONTINUOUS
10
5.0612527165354333
20
-3.4014079133858268
11
5.024835393700787
21
-3.4014079133858268
0
LINE
8
BLACK
6
CONTINUOUS
10
5.024835393700787
20
-3.4014079133858268
11
5.0238254724409446
21
-3.401229842519685
0
LINE
8
BLACK
6
CONTINUOUS
10
5.0238254724409446
20
-3.401229842519685
11
5.0236953937007875
21
-3.4011207086614172
0
LINE
8
BLACK
6
CONTINUOUS
10
5.0236953937007875
20
-3.4011207086614172
11
5.023526653543307
21
-3.4011020472440943
0
LINE
8
BLACK
6
CONTINUOUS
10
5.023526653543307
20
-3.4011020472440943
11
5.0229347244094491
21
-3.400482401574803
0
LINE
8
BLACK
6
CONTINUOUS
10
5.0229347244094491
20
-3.400482401574803
11
5.0222782283464564
21
-3.3999315354330708
0
LINE
8
BLACK
6
CONTINUOUS
10
5.0222782283464564
20
-3.3999315354330708
11
5.0222487401574805
21
-3.3997642913385824
0
LINE
8
BLACK
6
CONTINUOUS
10
5.0222487401574805
20
-3.3997642913385824
11
5.0221314566929136
21
-3.3996415354330707
0
LINE
8
BLACK
6
CONTINUOUS
10
5.0221314566929136
20
-3.3996415354330707
11
5.022076299212598
21
-3.3987863779527556
0
LINE
8
BLACK
6
CONTINUOUS
10
5.022076299212598
20
-3.3987863779527556
11
5.0219274803149609
21
-3.3979424015748032
0
LINE
8
BLACK
6
CONTINUOUS
10
5.0219274803149609
20
-3.3979424015748032
11
5.0220123622047241
21
-3.3977953149606299
0
LINE
8
BLACK
6
CONTINUOUS
10
5.0220123622047241
20
-3.3977953149606299
11
5.0220014566929132
21
-3.3976259448818897
0
LINE
8
BLACK
6
CONTINUOUS
10
5.0220014566929132
20
-3.3976259448818897
11
5.0225088976377954
21
-3.3969353149606301
0
LINE
8
BLACK
6
CONTINUOUS
10
5.0225088976377954
20
-3.3969353149606301
11
5.0229374015748034
21
-3.3961932283464566
0
LINE
8
BLACK
6
CONTINUOUS
10
5.0229374015748034
20
-3.3961932283464566
11
5.0230968897637798
21
-3.3961351574803147
0
LINE
8
BLACK
6
CONTINUOUS
10
5.0230968897637798
20
-3.3961351574803147
11
5.0231974803149608
21
-3.395998307086614
0
LINE
8
BLACK
6
CONTINUOUS
10
5.0231974803149608
20
-3.395998307086614
11
5.0285785039370081
21
-3.3924109448818895
0
LINE
8
BLACK
6
CONTINUOUS
10
5.0285785039370081
20
-3.3924109448818895
11
5.0317824803149609
21
-3.3892070078740155
0
LINE
8
BLACK
6
CONTINUOUS
10
5.0317824803149609
20
-3.3892070078740155
11
5.0334429527559053
21
-3.3858860629921259
0
LINE
8
BLACK
6
CONTINUOUS
10
5.0334429527559053
20
-3.3858860629921259
11
5.0340538582677166
21
-3.3850624015748032
0
LINE
8
BLACK
6
CONTINUOUS
10
5.0340538582677166
20
-3.3850624015748032
11
5.0359070472440948
21
-3.3842591338582677
0
LINE
8
BLACK
6
CONTINUOUS
10
5.0359070472440948
20
-3.3842591338582677
11
5.0378430708661419
21
-3.3848349999999998
0
LINE
8
BLACK
6
CONTINUOUS
10
5.3804748031496059
20
-3.3779397244094489
11
5.38060405511811
21
-3.377916968503937
0
LINE
8
BLACK
6
CONTINUOUS
10
5.38060405511811
20
-3.377916968503937
11
5.3807176377952759
21
-3.377982559055118
0
LINE
8
BLACK
6
CONTINUOUS
10
5.3807176377952759
20
-3.377982559055118
11
5.3811012204724404
21
-3.3780501968503938
0
LINE
8
BLACK
6
CONTINUOUS
10
5.3811012204724404
20
-3.3780501968503938
11
5.3816888976377948
21
-3.378543307086614
0
LINE
8
BLACK
6
CONTINUOUS
10
5.3816888976377948
20
-3.378543307086614
11
5.3823532283464566
21
-3.3789268897637794
0
LINE
8
BLACK
6
CONTINUOUS
10
5.3823532283464566
20
-3.3789268897637794
11
5.3824443307086609
21
-3.3791772047244093
0
LINE
8
BLACK
6
CONTINUOUS
10
5.3824443307086609
20
-3.3791772047244093
11
5.3826484645669286
21
-3.3793485039370079
0
LINE
8
BLACK
6
CONTINUOUS
10
5.3826484645669286
20
-3.3793485039370079
11
5.3827816929133858
21
-3.3801040551181103
0
LINE
8
BLACK
6
CONTINUOUS
10
5.3827816929133858
20
-3.3801040551181103
11
5.38304405511811
21
-3.3808248818897635
0
LINE
8
BLACK
6
CONTINUOUS
10
5.38304405511811
20
-3.3808248818897635
11
5.38304405511811
21
-3.3995725196850395
0
LINE
8
BLACK
6
CONTINUOUS
10
5.38304405511811
20
-3.3995725196850395
11
5.3828659842519686
21
-3.4005824409448819
0
LINE
8
BLACK
6
CONTINUOUS
10
5.3828659842519686
20
-3.4005824409448819
11
5.3815676771653544
21
-3.4021296850393701
0
LINE
8
BLACK
6
CONTINUOUS
10
5.3815676771653544
20
-3.4021296850393701
11
5.3795785433070868
21
-3.402480433070866
0
LINE
8
BLACK
6
CONTINUOUS
10
5.3795785433070868
20
-3.402480433070866
11
5.3778293700787403
21
-3.4014705118110236
0
LINE
8
BLACK
6
CONTINUOUS
10
5.3778293700787403
20
-3.4014705118110236
11
5.3771385433070868
21
-3.3995725196850395
0
LINE
8
BLACK
6
CONTINUOUS
10
5.3771385433070868
20
-3.3995725196850395
11
5.3771385433070868
21
-3.3837776377952755
0
LINE
8
BLACK
6
CONTINUOUS
10
5.3771385433070868
20
-3.3837776377952755
11
5.3407212204724406
21
-3.3837776377952755
0
LINE
8
BLACK
6
CONTINUOUS
10
5.3407212204724406
20
-3.3837776377952755
11
5.3397112992125981
21
-3.3835995669291337
0
LINE
8
BLACK
6
CONTINUOUS
10
5.3397112992125981
20
-3.3835995669291337
11
5.33816405511811
21
-3.3823012598425195
0
LINE
8
BLACK
6
CONTINUOUS
10
5.33816405511811
20
-3.3823012598425195
11
5.3378133070866136
21
-3.3803121259842519
0
LINE
8
BLACK
6
CONTINUOUS
10
5.3378133070866136
20
-3.3803121259842519
11
5.338823228346457
21
-3.3785629527559053
0
LINE
8
BLACK
6
CONTINUOUS
10
5.338823228346457
20
-3.3785629527559053
11
5.3407212204724406
21
-3.3778721259842519
0
LINE
8
BLACK
6
CONTINUOUS
10
5.3407212204724406
20
-3.3778721259842519
11
5.380091299212598
21
-3.3778721259842519
0
LINE
8
BLACK
6
CONTINUOUS
10
5.380091299212598
20
-3.3778721259842519
11
5.3804748031496059
21
-3.3779397244094489
0
LINE
8
BLACK
6
CONTINUOUS
10
5.2300725196850388
20
-3.2809583464566927
11
5.2302077559055116
21
-3.2810718110236219
0
LINE
8
BLACK
6
CONTINUOUS
10
5.2302077559055116
20
-3.2810718110236219
11
5.2303831102362199
21
-3.2810920078740158
0
LINE
8
BLACK
6
CONTINUOUS
10
5.2303831102362199
20
-3.2810920078740158
11
5.234132637795275
21
-3.2829667716535433
0
LINE
8
BLACK
6
CONTINUOUS
10
5.234132637795275
20
-3.2829667716535433
11
5.2348416929133856
21
-3.2834926771653543
0
LINE
8
BLACK
6
CONTINUOUS
10
5.2348416929133856
20
-3.2834926771653543
11
5.2349000393700784
21
-3.2835198818897635
0
LINE
8
BLACK
6
CONTINUOUS
10
5.2349000393700784
20
-3.2835198818897635
11
5.236774803149606
21
-3.2853946456692911
0
LINE
8
BLACK
6
CONTINUOUS
10
5.236774803149606
20
-3.2853946456692911
11
5.2372810629921256
21
-3.2861177165354332
0
LINE
8
BLACK
6
CONTINUOUS
10
5.2372810629921256
20
-3.2861177165354332
11
5.237327913385827
21
-3.2861620472440944
0
LINE
8
BLACK
6
CONTINUOUS
10
5.237327913385827
20
-3.2861620472440944
11
5.2392026771653546
21
-3.2899115748031496
0
LINE
8
BLACK
6
CONTINUOUS
10
5.2392026771653546
20
-3.2899115748031496
11
5.2393479527559057
21
-3.2904
0
LINE
8
BLACK
6
CONTINUOUS
10
5.2393479527559057
20
-3.2904
11
5.2394262598425199
21
-3.2905159448818897
0
LINE
8
BLACK
6
CONTINUOUS
10
5.2394262598425199
20
-3.2905159448818897
11
5.2413010236220474
21
-3.2980149999999999
0
LINE
8
BLACK
6
CONTINUOUS
10
5.2413010236220474
20
-3.2980149999999999
11
5.2413424803149606
21
-3.298602874015748
0
LINE
8
BLACK
6
CONTINUOUS
10
5.2413424803149606
20
-3.298602874015748
11
5.2413891732283462
21
-3.2987311417322833
0
LINE
8
BLACK
6
CONTINUOUS
10
5.2413891732283462
20
-3.2987311417322833
11
5.2413891732283462
21
-3.3081049606299211
0
LINE
8
BLACK
6
CONTINUOUS
10
5.2413891732283462
20
-3.3081049606299211
11
5.2412868110236221
21
-3.3086853149606297
0
LINE
8
BLACK
6
CONTINUOUS
10
5.2412868110236221
20
-3.3086853149606297
11
5.2413010236220474
21
-3.3088211023622045
0
LINE
8
BLACK
6
CONTINUOUS
10
5.2413010236220474
20
-3.3088211023622045
11
5.2394262598425199
21
-3.3163201574803147
0
LINE
8
BLACK
6
CONTINUOUS
10
5.2394262598425199
20
-3.3163201574803147
11
5.2392186614173228
21
-3.3167855905511812
0
LINE
8
BLACK
6
CONTINUOUS
10
5.2392186614173228
20
-3.3167855905511812
11
5.2392026771653546
21
-3.3169245275590549
0
LINE
8
BLACK
6
CONTINUOUS
10
5.2392026771653546
20
-3.3169245275590549
11
5.237327913385827
21
-3.32067405511811
0
LINE
8
BLACK
6
CONTINUOUS
10
5.237327913385827
20
-3.32067405511811
11
5.2368019685039373
21
-3.3213831102362206
0
LINE
8
BLACK
6
CONTINUOUS
10
5.2368019685039373
20
-3.3213831102362206
11
5.236774803149606
21
-3.3214414566929134
0
LINE
8
BLACK
6
CONTINUOUS
10
5.236774803149606
20
-3.3214414566929134
11
5.2349000787401572
21
-3.3233162204724409
0
LINE
8
BLACK
6
CONTINUOUS
10
5.2349000787401572
20
-3.3233162204724409
11
5.2341768897637797
21
-3.3238225984251968
0
LINE
8
BLACK
6
CONTINUOUS
10
5.2341768897637797
20
-3.3238225984251968
11
5.234132637795275
21
-3.3238693700787403
0
LINE
8
BLACK
6
CONTINUOUS
10
5.234132637795275
20
-3.3238693700787403
11
5.2303831102362199
21
-3.3257441338582678
0
LINE
8
BLACK
6
CONTINUOUS
10
5.2303831102362199
20
-3.3257441338582678
11
5.2294001574803151
21
-3.3260364960629922
0
LINE
8
BLACK
6
CONTINUOUS
10
5.2294001574803151
20
-3.3260364960629922
11
5.2292284645669289
21
-3.3259954724409448
0
LINE
8
BLACK
6
CONTINUOUS
10
5.2292284645669289
20
-3.3259954724409448
11
5.2290625984251964
21
-3.3260558661417323
0
LINE
8
BLACK
6
CONTINUOUS
10
5.2290625984251964
20
-3.3260558661417323
11
5.2253130708661413
21
-3.3260558661417323
0
LINE
8
BLACK
6
CONTINUOUS
10
5.2253130708661413
20
-3.3260558661417323
11
5.2243031496062988
21
-3.3258777952755905
0
LINE
8
BLACK
6
CONTINUOUS
10
5.2243031496062988
20
-3.3258777952755905
11
5.2241678740157482
21
-3.3257642913385825
0
LINE
8
BLACK
6
CONTINUOUS
10
5.2241678740157482
20
-3.3257642913385825
11
5.2239925590551177
21
-3.3257441338582678
0
LINE
8
BLACK
6
CONTINUOUS
10
5.2239925590551177
20
-3.3257441338582678
11
5.2202430314960626
21
-3.3238693700787403
0
LINE
8
BLACK
6
CONTINUOUS
10
5.2202430314960626
20
-3.3238693700787403
11
5.2195338976377954
21
-3.3233433858267714
0
LINE
8
BLACK
6
CONTINUOUS
10
5.2195338976377954
20
-3.3233433858267714
11
5.2194755905511814
21
-3.3233162204724409
0
LINE
8
BLACK
6
CONTINUOUS
10
5.2194755905511814
20
-3.3233162204724409
11
5.2176008267716538
21
-3.3214414173228346
0
LINE
8
BLACK
6
CONTINUOUS
10
5.2176008267716538
20
-3.3214414173228346
11
5.2170945275590546
21
-3.3207183464566929
0
LINE
8
BLACK
6
CONTINUOUS
10
5.2170945275590546
20
-3.3207183464566929
11
5.2170477559055115
21
-3.32067405511811
0
LINE
8
BLACK
6
CONTINUOUS
10
5.2170477559055115
20
-3.32067405511811
11
5.215172992125984
21
-3.3169245275590549
0
LINE
8
BLACK
6
CONTINUOUS
10
5.215172992125984
20
-3.3169245275590549
11
5.2150276771653541
21
-3.3164360629921261
0
LINE
8
BLACK
6
CONTINUOUS
10
5.2150276771653541
20
-3.3164360629921261
11
5.2149494094488187
21
-3.3163201574803147
0
LINE
8
BLACK
6
CONTINUOUS
10
5.2149494094488187
20
-3.3163201574803147
11
5.2130746456692911
21
-3.3088211023622045
0
LINE
8
BLACK
6
CONTINUOUS
10
5.2130746456692911
20
-3.3088211023622045
11
5.2130331496062992
21
-3.3082331889763781
0
LINE
8
BLACK
6
CONTINUOUS
10
5.2130331496062992
20
-3.3082331889763781
11
5.2129864960629924
21
-3.3081049606299211
0
LINE
8
BLACK
6
CONTINUOUS
10
5.2129864960629924
20
-3.3081049606299211
11
5.2129864960629924
21
-3.2987311417322833
0
LINE
8
BLACK
6
CONTINUOUS
10
5.2129864960629924
20
-3.2987311417322833
11
5.2130888188976376
21
-3.298150748031496
0
LINE
8
BLACK
6
CONTINUOUS
10
5.2130888188976376
20
-3.298150748031496
11
5.2130746456692911
21
-3.2980149999999999
0
LINE
8
BLACK
6
CONTINUOUS
10
5.2130746456692911
20
-3.2980149999999999
11
5.2149494094488187
21
-3.2905159448818897
0
LINE
8
BLACK
6
CONTINUOUS
10
5.2149494094488187
20
-3.2905159448818897
11
5.215156968503937
21
-3.290050472440945
0
LINE
8
BLACK
6
CONTINUOUS
10
5.215156968503937
20
-3.290050472440945
11
5.215172992125984
21
-3.2899115748031496
0
LINE
8
BLACK
6
CONTINUOUS
10
5.215172992125984
20
-3.2899115748031496
11
5.2170477559055115
21
-3.2861620472440944
0
LINE
8
BLACK
6
CONTINUOUS
10
5.2170477559055115
20
-3.2861620472440944
11
5.2175736614173225
21
-3.2854529527559055
0
LINE
8
BLACK
6
CONTINUOUS
10
5.2175736614173225
20
-3.2854529527559055
11
5.2176008661417326
21
-3.2853946456692911
0
LINE
8
BLACK
6
CONTINUOUS
10
5.2176008661417326
20
-3.2853946456692911
11
5.2194756299212601
21
-3.2835198818897635
0
LINE
8
BLACK
6
CONTINUOUS
10
5.2194756299212601
20
-3.2835198818897635
11
5.2201987007874013
21
-3.2830135826771651
0
LINE
8
BLACK
6
CONTINUOUS
10
5.2201987007874013
20
-3.2830135826771651
11
5.2202430314960626
21
-3.2829667716535433
0
LINE
8
BLACK
6
CONTINUOUS
10
5.2202430314960626
20
-3.2829667716535433
11
5.2239925590551177
21
-3.2810920078740158
0
LINE
8
BLACK
6
CONTINUOUS
10
5.2239925590551177
20
-3.2810920078740158
11
5.2249754724409447
21
-3.2807996456692914
0
LINE
8
BLACK
6
CONTINUOUS
10
5.2249754724409447
20
-3.2807996456692914
11
5.2251471653543309
21
-3.2808406299212596
0
LINE
8
BLACK
6
CONTINUOUS
10
5.2251471653543309
20
-3.2808406299212596
11
5.2253130708661413
21
-3.2807802755905513
0
LINE
8
BLACK
6
CONTINUOUS
10
5.2253130708661413
20
-3.2807802755905513
11
5.2290625984251964
21
-3.2807802755905513
0
LINE
8
BLACK
6
CONTINUOUS
10
5.2290625984251964
20
-3.2807802755905513
11
5.2300725196850388
21
-3.2809583464566927
0
LINE
8
BLACK
6
CONTINUOUS
10
5.2233126377952752
20
-3.2880345275590552
11
5.2221155118110234
21
-3.289231653543307
0
LINE
8
BLACK
6
CONTINUOUS
10
5.2221155118110234
20
-3.289231653543307
11
5.2206000000000001
21
-3.2922626377952757
0
LINE
8
BLACK
6
CONTINUOUS
10
5.2206000000000001
20
-3.2922626377952757
11
5.2188920078740155
21
-3.2990946850393699
0
LINE
8
BLACK
6
CONTINUOUS
10
5.2188920078740155
20
-3.2990946850393699
11
5.2188920078740155
21
-3.3077414173228346
0
LINE
8
BLACK
6
CONTINUOUS
10
5.2188920078740155
20
-3.3077414173228346
11
5.2206000000000001
21
-3.3145734645669291
0
LINE
8
BLACK
6
CONTINUOUS
10
5.2206000000000001
20
-3.3145734645669291
11
5.2221155118110234
21
-3.3176044488188974
0
LINE
8
BLACK
6
CONTINUOUS
10
5.2221155118110234
20
-3.3176044488188974
11
5.2233126377952752
21
-3.3188016141732284
0
LINE
8
BLACK
6
CONTINUOUS
10
5.2233126377952752
20
-3.3188016141732284
11
5.2260101181102359
21
-3.3201503543307087
0
LINE
8
BLACK
6
CONTINUOUS
10
5.2260101181102359
20
-3.3201503543307087
11
5.2283655511811018
21
-3.3201503543307087
0
LINE
8
BLACK
6
CONTINUOUS
10
5.2283655511811018
20
-3.3201503543307087
11
5.2310629921259837
21
-3.3188016141732284
0
LINE
8
BLACK
6
CONTINUOUS
10
5.2310629921259837
20
-3.3188016141732284
11
5.2322601181102364
21
-3.3176044488188974
0
LINE
8
BLACK
6
CONTINUOUS
10
5.2322601181102364
20
-3.3176044488188974
11
5.2337756299212597
21
-3.3145734645669291
0
LINE
8
BLACK
6
CONTINUOUS
10
5.2337756299212597
20
-3.3145734645669291
11
5.235483661417323
21
-3.3077414173228346
0
LINE
8
BLACK
6
CONTINUOUS
10
5.235483661417323
20
-3.3077414173228346
11
5.235483661417323
21
-3.2990946850393699
0
LINE
8
BLACK
6
CONTINUOUS
10
5.235483661417323
20
-3.2990946850393699
11
5.2337756299212597
21
-3.2922626377952757
0
LINE
8
BLACK
6
CONTINUOUS
10
5.2337756299212597
20
-3.2922626377952757
11
5.2322601574803151
21
-3.289231653543307
0
LINE
8
BLACK
6
CONTINUOUS
10
5.2322601574803151
20
-3.289231653543307
11
5.2310630314960624
21
-3.2880345275590552
0
LINE
8
BLACK
6
CONTINUOUS
10
5.2310630314960624
20
-3.2880345275590552
11
5.2283655511811018
21
-3.2866857874015749
0
LINE
8
BLACK
6
CONTINUOUS
10
5.2283655511811018
20
-3.2866857874015749
11
5.2260101181102359
21
-3.2866857874015749
0
LINE
8
BLACK
6
CONTINUOUS
10
5.2260101181102359
20
-3.2866857874015749
11
5.2233126377952752
21
-3.2880345275590552
0
LINE
8
BLACK
6
CONTINUOUS
10
5.2713173622047247
20
-3.2809583464566927
11
5.2714525984251965
21
-3.2810718110236219
0
LINE
8
BLACK
6
CONTINUOUS
10
5.2714525984251965
20
-3.2810718110236219
11
5.2716279527559058
21
-3.2810920078740158
0
LINE
8
BLACK
6
CONTINUOUS
10
5.2716279527559058
20
-3.2810920078740158
11
5.2753774803149609
21
-3.2829667716535433
0
LINE
8
BLACK
6
CONTINUOUS
10
5.2753774803149609
20
-3.2829667716535433
11
5.2760865354330706
21
-3.2834926771653543
0
LINE
8
BLACK
6
CONTINUOUS
10
5.2760865354330706
20
-3.2834926771653543
11
5.2761448818897634
21
-3.2835198818897635
0
LINE
8
BLACK
6
CONTINUOUS
10
5.2761448818897634
20
-3.2835198818897635
11
5.2780196456692909
21
-3.2853946456692911
0
LINE
8
BLACK
6
CONTINUOUS
10
5.2780196456692909
20
-3.2853946456692911
11
5.2786078346456691
21
-3.28623468503937
0
LINE
8
BLACK
6
CONTINUOUS
10
5.2786078346456691
20
-3.28623468503937
11
5.2787838582677162
21
-3.2882467716535433
0
LINE
8
BLACK
6
CONTINUOUS
10
5.2787838582677162
20
-3.2882467716535433
11
5.2776253543307083
21
-3.289901338582677
0
LINE
8
BLACK
6
CONTINUOUS
10
5.2776253543307083
20
-3.289901338582677
11
5.2756743700787396
21
-3.2904240551181103
0
LINE
8
BLACK
6
CONTINUOUS
10
5.2756743700787396
20
-3.2904240551181103
11
5.273843818897638
21
-3.2895704724409449
0
LINE
8
BLACK
6
CONTINUOUS
10
5.273843818897638
20
-3.2895704724409449
11
5.2723078740157483
21
-3.2880345275590552
0
LINE
8
BLACK
6
CONTINUOUS
10
5.2723078740157483
20
-3.2880345275590552
11
5.2696103937007877
21
-3.2866857874015749
0
LINE
8
BLACK
6
CONTINUOUS
10
5.2696103937007877
20
-3.2866857874015749
11
5.2616306692913382
21
-3.2866857874015749
0
LINE
8
BLACK
6
CONTINUOUS
10
5.2616306692913382
20
-3.2866857874015749
11
5.2589331889763775
21
-3.2880345275590552
0
LINE
8
BLACK
6
CONTINUOUS
10
5.2589331889763775
20
-3.2880345275590552
11
5.2577360629921257
21
-3.289231653543307
0
LINE
8
BLACK
6
CONTINUOUS
10
5.2577360629921257
20
-3.289231653543307
11
5.2563873228346454
21
-3.2919291338582677
0
LINE
8
BLACK
6
CONTINUOUS
10
5.2563873228346454
20
-3.2919291338582677
11
5.2563873228346454
21
-3.294502440944882
0
LINE
8
BLACK
6
CONTINUOUS
10
5.2563873228346454
20
-3.294502440944882
11
5.257890118110236
21
-3.2990108661417321
0
LINE
8
BLACK
6
CONTINUOUS
10
5.257890118110236
20
-3.2990108661417321
11
5.2798944094488185
21
-3.3210151968503938
0
LINE
8
BLACK
6
CONTINUOUS
10
5.2798944094488185
20
-3.3210151968503938
11
5.2802641732283462
21
-3.3215432283464565
0
LINE
8
BLACK
6
CONTINUOUS
10
5.2802641732283462
20
-3.3215432283464565
11
5.2803636614173231
21
-3.3216267322834643
0
LINE
8
BLACK
6
CONTINUOUS
10
5.2803636614173231
20
-3.3216267322834643
11
5.280377440944882
21
-3.3217050393700789
0
LINE
8
BLACK
6
CONTINUOUS
10
5.280377440944882
20
-3.3217050393700789
11
5.2804826377952754
21
-3.3218552362204723
0
LINE
8
BLACK
6
CONTINUOUS
10
5.2804826377952754
20
-3.3218552362204723
11
5.280560078740157
21
-3.3227407874015746
0
LINE
8
BLACK
6
CONTINUOUS
10
5.280560078740157
20
-3.3227407874015746
11
5.2807144094488185
21
-3.3236158661417323
0
LINE
8
BLACK
6
CONTINUOUS
10
5.2807144094488185
20
-3.3236158661417323
11
5.2806468897637791
21
-3.3237327952755904
0
LINE
8
BLACK
6
CONTINUOUS
10
5.2806468897637791
20
-3.3237327952755904
11
5.2806586614173225
21
-3.3238673622047243
0
LINE
8
BLACK
6
CONTINUOUS
10
5.2806586614173225
20
-3.3238673622047243
11
5.2801487795275586
21
-3.3245955118110238
0
LINE
8
BLACK
6
CONTINUOUS
10
5.2801487795275586
20
-3.3245955118110238
11
5.2797044881889761
21
-3.3253650393700789
0
LINE
8
BLACK
6
CONTINUOUS
10
5.2797044881889761
20
-3.3253650393700789
11
5.2795775984251971
21
-3.3254111811023623
0
LINE
8
BLACK
6
CONTINUOUS
10
5.2795775984251971
20
-3.3254111811023623
11
5.2795001181102359
21
-3.3255218897637793
0
LINE
8
BLACK
6
CONTINUOUS
10
5.2795001181102359
20
-3.3255218897637793
11
5.2786415748031494
21
-3.3257518897637794
0
LINE
8
BLACK
6
CONTINUOUS
10
5.2786415748031494
20
-3.3257518897637794
11
5.2778064960629916
21
-3.3260558661417323
0
LINE
8
BLACK
6
CONTINUOUS
10
5.2778064960629916
20
-3.3260558661417323
11
5.2534345669291334
21
-3.3260558661417323
0
LINE
8
BLACK
6
CONTINUOUS
10
5.2534345669291334
20
-3.3260558661417323
11
5.2524246456692909
21
-3.3258777952755905
0
LINE
8
BLACK
6
CONTINUOUS
10
5.2524246456692909
20
-3.3258777952755905
11
5.2508774015748028
21
-3.3245794881889763
0
LINE
8
BLACK
6
CONTINUOUS
10
5.2508774015748028
20
-3.3245794881889763
11
5.2505266535433073
21
-3.3225903543307087
0
LINE
8
BLACK
6
CONTINUOUS
10
5.2505266535433073
20
-3.3225903543307087
11
5.2515365748031497
21
-3.3208411811023621
0
LINE
8
BLACK
6
CONTINUOUS
10
5.2515365748031497
20
-3.3208411811023621
11
5.2534345669291334
21
-3.3201503543307087
0
LINE
8
BLACK
6
CONTINUOUS
10
5.2534345669291334
20
-3.3201503543307087
11
5.2706779133858266
21
-3.3201503543307087
0
LINE
8
BLACK
6
CONTINUOUS
10
5.2706779133858266
20
-3.3201503543307087
11
5.2532214173228349
21
-3.3026938188976378
0
LINE
8
BLACK
6
CONTINUOUS
10
5.2532214173228349
20
-3.3026938188976378
11
5.2526332283464567
21
-3.3018537795275589
0
LINE
8
BLACK
6
CONTINUOUS
10
5.2526332283464567
20
-3.3018537795275589
11
5.2526178346456689
21
-3.3016779133858267
0
LINE
8
BLACK
6
CONTINUOUS
10
5.2526178346456689
20
-3.3016779133858267
11
5.2525081102362208
21
-3.3015396456692914
0
LINE
8
BLACK
6
CONTINUOUS
10
5.2525081102362208
20
-3.3015396456692914
11
5.2506333464566932
21
-3.2959153543307087
0
LINE
8
BLACK
6
CONTINUOUS
10
5.2506333464566932
20
-3.2959153543307087
11
5.2505038582677166
21
-3.2950421653543307
0
LINE
8
BLACK
6
CONTINUOUS
10
5.2505038582677166
20
-3.2950421653543307
11
5.2504818110236222
21
-3.2949816141732282
0
LINE
8
BLACK
6
CONTINUOUS
10
5.2504818110236222
20
-3.2949816141732282
11
5.2504818110236222
21
-3.2912320866141731
0
LINE
8
BLACK
6
CONTINUOUS
10
5.2504818110236222
20
-3.2912320866141731
11
5.2506598818897636
21
-3.2902221653543307
0
LINE
8
BLACK
6
CONTINUOUS
10
5.2506598818897636
20
-3.2902221653543307
11
5.2507733464566924
21
-3.2900868897637796
0
LINE
8
BLACK
6
CONTINUOUS
10
5.2507733464566924
20
-3.2900868897637796
11
5.2507935433070863
21
-3.2899115748031496
0
LINE
8
BLACK
6
CONTINUOUS
10
5.2507935433070863
20
-3.2899115748031496
11
5.2526683070866138
21
-3.2861620472440944
0
LINE
8
BLACK
6
CONTINUOUS
10
5.2526683070866138
20
-3.2861620472440944
11
5.2531942125984248
21
-3.2854529527559055
0
LINE
8
BLACK
6
CONTINUOUS
10
5.2531942125984248
20
-3.2854529527559055
11
5.2532214173228349
21
-3.2853946456692911
0
LINE
8
BLACK
6
CONTINUOUS
10
5.2532214173228349
20
-3.2853946456692911
11
5.2550961811023624
21
-3.2835198818897635
0
LINE
8
BLACK
6
CONTINUOUS
10
5.2550961811023624
20
-3.2835198818897635
11
5.2558192519685036
21
-3.2830135826771651
0
LINE
8
BLACK
6
CONTINUOUS
10
5.2558192519685036
20
-3.2830135826771651
11
5.2558635826771649
21
-3.2829667716535433
0
LINE
8
BLACK
6
CONTINUOUS
10
5.2558635826771649
20
-3.2829667716535433
11
5.25961311023622
21
-3.2810920078740158
0
LINE
8
BLACK
6
CONTINUOUS
10
5.25961311023622
20
-3.2810920078740158
11
5.260596023622047
21
-3.2807996456692914
0
LINE
8
BLACK
6
CONTINUOUS
10
5.260596023622047
20
-3.2807996456692914
11
5.2607677165354332
21
-3.2808406299212596
0
LINE
8
BLACK
6
CONTINUOUS
10
5.2607677165354332
20
-3.2808406299212596
11
5.2609336220472436
21
-3.2807802755905513
0
LINE
8
BLACK
6
CONTINUOUS
10
5.2609336220472436
20
-3.2807802755905513
11
5.2703074409448813
21
-3.2807802755905513
0
LINE
8
BLACK
6
CONTINUOUS
10
5.2703074409448813
20
-3.2807802755905513
11
5.2713173622047247
21
-3.2809583464566927
0
LINE
8
BLACK
6
CONTINUOUS
10
5.2013282677165353
20
-3.2818350393700788
11
5.2020190944881888
21
-3.2837330314960629
0
LINE
8
BLACK
6
CONTINUOUS
10
5.2020190944881888
20
-3.2837330314960629
11
5.2020190944881888
21
-3.3231031102362203
0
LINE
8
BLACK
6
CONTINUOUS
10
5.2020190944881888
20
-3.3231031102362203
11
5.2018410236220474
21
-3.3241130314960627
0
LINE
8
BLACK
6
CONTINUOUS
10
5.2018410236220474
20
-3.3241130314960627
11
5.2005427165354332
21
-3.3256602755905509
0
LINE
8
BLACK
6
CONTINUOUS
10
5.2005427165354332
20
-3.3256602755905509
11
5.1985535826771656
21
-3.3260110236220473
0
LINE
8
BLACK
6
CONTINUOUS
10
5.1985535826771656
20
-3.3260110236220473
11
5.1968044094488191
21
-3.3250011023622048
0
LINE
8
BLACK
6
CONTINUOUS
10
5.1968044094488191
20
-3.3250011023622048
11
5.1961135826771656
21
-3.3231031102362203
0
LINE
8
BLACK
6
CONTINUOUS
10
5.1961135826771656
20
-3.3231031102362203
11
5.1961135826771656
21
-3.313077559055118
0
LINE
8
BLACK
6
CONTINUOUS
10
5.1961135826771656
20
-3.313077559055118
11
5.1956362598425194
21
-3.3126002362204723
0
LINE
8
BLACK
6
CONTINUOUS
10
5.1956362598425194
20
-3.3126002362204723
11
5.1864304330708659
21
-3.3248747637795275
0
LINE
8
BLACK
6
CONTINUOUS
10
5.1864304330708659
20
-3.3248747637795275
11
5.185682007874016
21
-3.3255758661417323
0
LINE
8
BLACK
6
CONTINUOUS
10
5.185682007874016
20
-3.3255758661417323
11
5.183715039370079
21
-3.3260346850393701
0
LINE
8
BLACK
6
CONTINUOUS
10
5.183715039370079
20
-3.3260346850393701
11
5.1819132677165349
21
-3.3251217716535431
0
LINE
8
BLACK
6
CONTINUOUS
10
5.1819132677165349
20
-3.3251217716535431
11
5.1811198818897637
21
-3.3232643307086613
0
LINE
8
BLACK
6
CONTINUOUS
10
5.1811198818897637
20
-3.3232643307086613
11
5.1817060236220467
21
-3.3213314566929135
0
LINE
8
BLACK
6
CONTINUOUS
10
5.1817060236220467
20
-3.3213314566929135
11
5.1914180314960632
21
-3.3083820078740156
0
LINE
8
BLACK
6
CONTINUOUS
10
5.1914180314960632
20
-3.3083820078740156
11
5.1819803149606294
21
-3.2989442913385827
0
LINE
8
BLACK
6
CONTINUOUS
10
5.1819803149606294
20
-3.2989442913385827
11
5.1813921259842521
21
-3.2981042519685038
0
LINE
8
BLACK
6
CONTINUOUS
10
5.1813921259842521
20
-3.2981042519685038
11
5.1812160629921262
21
-3.2960921653543305
0
LINE
8
BLACK
6
CONTINUOUS
10
5.1812160629921262
20
-3.2960921653543305
11
5.1823746062992129
21
-3.2944375984251968
0
LINE
8
BLACK
6
CONTINUOUS
10
5.1823746062992129
20
-3.2944375984251968
11
5.1843255511811019
21
-3.2939148818897639
0
LINE
8
BLACK
6
CONTINUOUS
10
5.1843255511811019
20
-3.2939148818897639
11
5.1861561417322832
21
-3.2947684645669288
0
LINE
8
BLACK
6
CONTINUOUS
10
5.1861561417322832
20
-3.2947684645669288
11
5.1961135826771656
21
-3.3047259055118108
0
LINE
8
BLACK
6
CONTINUOUS
10
5.1961135826771656
20
-3.3047259055118108
11
5.1961135826771656
21
-3.2837330314960629
0
LINE
8
BLACK
6
CONTINUOUS
10
5.1961135826771656
20
-3.2837330314960629
11
5.196291653543307
21
-3.2827231102362204
0
LINE
8
BLACK
6
CONTINUOUS
10
5.196291653543307
20
-3.2827231102362204
11
5.1975899606299212
21
-3.2811758661417323
0
LINE
8
BLACK
6
CONTINUOUS
10
5.1975899606299212
20
-3.2811758661417323
11
5.1995790944881888
21
-3.2808251181102364
0
LINE
8
BLACK
6
CONTINUOUS
10
5.1995790944881888
20
-3.2808251181102364
11
5.2013282677165353
21
-3.2818350393700788
0
LINE
8
BLACK
6
CONTINUOUS
10
4.0281940157480314
20
-2.8535267716535433
11
4.0297412598425195
21
-2.8548250787401575
0
LINE
8
BLACK
6
CONTINUOUS
10
4.0297412598425195
20
-2.8548250787401575
11
4.0300920078740159
21
-2.8568142125984251
0
LINE
8
BLACK
6
CONTINUOUS
10
4.0300920078740159
20
-2.8568142125984251
11
4.0290820866141734
21
-2.8585633858267716
0
LINE
8
BLACK
6
CONTINUOUS
10
4.0290820866141734
20
-2.8585633858267716
11
4.0271840944881889
21
-2.859254212598425
0
LINE
8
BLACK
6
CONTINUOUS
10
4.0271840944881889
20
-2.859254212598425
11
3.9971878346456693
21
-2.859254212598425
0
LINE
8
BLACK
6
CONTINUOUS
10
3.9971878346456693
20
-2.859254212598425
11
3.9961779133858268
21
-2.8590761417322832
0
LINE
8
BLACK
6
CONTINUOUS
10
3.9961779133858268
20
-2.8590761417322832
11
3.9946306692913387
21
-2.857777834645669
0
LINE
8
BLACK
6
CONTINUOUS
10
3.9946306692913387
20
-2.857777834645669
11
3.9942799212598423
21
-2.8557887007874014
0
LINE
8
BLACK
6
CONTINUOUS
10
3.9942799212598423
20
-2.8557887007874014
11
3.9952898425196848
21
-2.8540395275590549
0
LINE
8
BLACK
6
CONTINUOUS
10
3.9952898425196848
20
-2.8540395275590549
11
3.9971878346456693
21
-2.8533487007874014
0
LINE
8
BLACK
6
CONTINUOUS
10
3.9971878346456693
20
-2.8533487007874014
11
4.0271840944881889
21
-2.8533487007874014
0
LINE
8
BLACK
6
CONTINUOUS
10
4.0271840944881889
20
-2.8533487007874014
11
4.0281940157480314
21
-2.8535267716535433
0
LINE
8
BLACK
6
CONTINUOUS
10
5.7281940157480316
20
-2.8535267716535433
11
5.7297412598425197
21
-2.8548250787401575
0
LINE
8
BLACK
6
CONTINUOUS
10
5.7297412598425197
20
-2.8548250787401575
11
5.7300920078740152
21
-2.8568142125984251
0
LINE
8
BLACK
6
CONTINUOUS
10
5.7300920078740152
20
-2.8568142125984251
11
5.7290820866141727
21
-2.8585633858267716
0
LINE
8
BLACK
6
CONTINUOUS
10
5.7290820866141727
20
-2.8585633858267716
11
5.7271840944881891
21
-2.859254212598425
0
LINE
8
BLACK
6
CONTINUOUS
10
5.7271840944881891
20
-2.859254212598425
11
5.6971878346456695
21
-2.859254212598425
0
LINE
8
BLACK
6
CONTINUOUS
10
5.6971878346456695
20
-2.859254212598425
11
5.696177913385827
21
-2.8590761417322832
0
LINE
8
BLACK
6
CONTINUOUS
10
5.696177913385827
20
-2.8590761417322832
11
5.6946306692913389
21
-2.857777834645669
0
LINE
8
BLACK
6
CONTINUOUS
10
5.6946306692913389
20
-2.857777834645669
11
5.6942799212598425
21
-2.8557887007874014
0
LINE
8
BLACK
6
CONTINUOUS
10
5.6942799212598425
20
-2.8557887007874014
11
5.695289842519685
21
-2.8540395275590549
0
LINE
8
BLACK
6
CONTINUOUS
10
5.695289842519685
20
-2.8540395275590549
11
5.6971878346456695
21
-2.8533487007874014
0
LINE
8
BLACK
6
CONTINUOUS
10
5.6971878346456695
20
-2.8533487007874014
11
5.7271840944881891
21
-2.8533487007874014
0
LINE
8
BLACK
6
CONTINUOUS
10
5.7271840944881891
20
-2.8533487007874014
11
5.7281940157480316
21
-2.8535267716535433
0
LINE
8
BLACK
6
CONTINUOUS
10
3.8291187007874017
20
-2.8103588188976376
11
3.8292881102362202
21
-2.8103479133858267
0
LINE
8
BLACK
6
CONTINUOUS
10
3.8292881102362202
20
-2.8103479133858267
11
3.8299787007874015
21
-2.8108553543307084
0
LINE
8
BLACK
6
CONTINUOUS
10
3.8299787007874015
20
-2.8108553543307084
11
3.8307208267716533
21
-2.8112838582677164
0
LINE
8
BLACK
6
CONTINUOUS
10
3.8307208267716533
20
-2.8112838582677164
11
3.8307788582677165
21
-2.8114433464566928
0
LINE
8
BLACK
6
CONTINUOUS
10
3.8307788582677165
20
-2.8114433464566928
11
3.8309157480314959
21
-2.8115439370078739
0
LINE
8
BLACK
6
CONTINUOUS
10
3.8309157480314959
20
-2.8115439370078739
11
3.8345030708661416
21
-2.8169249606299211
0
LINE
8
BLACK
6
CONTINUOUS
10
3.8345030708661416
20
-2.8169249606299211
11
3.8377070472440944
21
-2.8201289370078739
0
LINE
8
BLACK
6
CONTINUOUS
10
3.8377070472440944
20
-2.8201289370078739
11
3.841027992125984
21
-2.8217894094488187
0
LINE
8
BLACK
6
CONTINUOUS
10
3.841027992125984
20
-2.8217894094488187
11
3.8418516535433072
21
-2.82240031496063
0
LINE
8
BLACK
6
CONTINUOUS
10
3.8418516535433072
20
-2.82240031496063
11
3.8426549212598426
21
-2.8242535039370078
0
LINE
8
BLACK
6
CONTINUOUS
10
3.8426549212598426
20
-2.8242535039370078
11
3.8420790551181101
21
-2.8261895275590549
0
LINE
8
BLACK
6
CONTINUOUS
10
3.8420790551181101
20
-2.8261895275590549
11
3.8403935039370078
21
-2.8273023622047244
0
LINE
8
BLACK
6
CONTINUOUS
10
3.8403935039370078
20
-2.8273023622047244
11
3.8383869685039369
21
-2.8270714566929134
0
LINE
8
BLACK
6
CONTINUOUS
10
3.8383869685039369
20
-2.8270714566929134
11
3.8346374409448818
21
-2.8251966929133858
0
LINE
8
BLACK
6
CONTINUOUS
10
3.8346374409448818
20
-2.8251966929133858
11
3.8339283464566929
21
-2.8246707480314961
0
LINE
8
BLACK
6
CONTINUOUS
10
3.8339283464566929
20
-2.8246707480314961
11
3.8338700393700789
21
-2.8246435826771652
0
LINE
8
BLACK
6
CONTINUOUS
10
3.8338700393700789
20
-2.8246435826771652
11
3.8314116535433071
21
-2.8221851968503935
0
LINE
8
BLACK
6
CONTINUOUS
10
3.8314116535433071
20
-2.8221851968503935
11
3.8314116535433071
21
-2.8495991732283463
0
LINE
8
BLACK
6
CONTINUOUS
10
3.8314116535433071
20
-2.8495991732283463
11
3.8397074803149605
21
-2.8495991732283463
0
LINE
8
BLACK
6
CONTINUOUS
10
3.8397074803149605
20
-2.8495991732283463
11
3.8407174015748029
21
-2.8497772440944882
0
LINE
8
BLACK
6
CONTINUOUS
10
3.8407174015748029
20
-2.8497772440944882
11
3.842264645669291
21
-2.8510755511811023
0
LINE
8
BLACK
6
CONTINUOUS
10
3.842264645669291
20
-2.8510755511811023
11
3.8426153937007874
21
-2.8530646850393699
0
LINE
8
BLACK
6
CONTINUOUS
10
3.8426153937007874
20
-2.8530646850393699
11
3.841605472440945
21
-2.8548138582677165
0
LINE
8
BLACK
6
CONTINUOUS
10
3.841605472440945
20
-2.8548138582677165
11
3.8397074803149605
21
-2.8555046850393699
0
LINE
8
BLACK
6
CONTINUOUS
10
3.8397074803149605
20
-2.8555046850393699
11
3.8172103149606298
21
-2.8555046850393699
0
LINE
8
BLACK
6
CONTINUOUS
10
3.8172103149606298
20
-2.8555046850393699
11
3.8162003937007873
21
-2.8553266141732281
0
LINE
8
BLACK
6
CONTINUOUS
10
3.8162003937007873
20
-2.8553266141732281
11
3.8146531496062992
21
-2.8540283070866139
0
LINE
8
BLACK
6
CONTINUOUS
10
3.8146531496062992
20
-2.8540283070866139
11
3.8143024015748033
21
-2.8520391732283463
0
LINE
8
BLACK
6
CONTINUOUS
10
3.8143024015748033
20
-2.8520391732283463
11
3.8153123228346457
21
-2.8502899999999998
0
LINE
8
BLACK
6
CONTINUOUS
10
3.8153123228346457
20
-2.8502899999999998
11
3.8172103149606298
21
-2.8495991732283463
0
LINE
8
BLACK
6
CONTINUOUS
10
3.8172103149606298
20
-2.8495991732283463
11
3.8255061417322835
21
-2.8495991732283463
0
LINE
8
BLACK
6
CONTINUOUS
10
3.8255061417322835
20
-2.8495991732283463
11
3.8255061417322835
21
-2.8131818503937009
0
LINE
8
BLACK
6
CONTINUOUS
10
3.8255061417322835
20
-2.8131818503937009
11
3.8256842125984249
21
-2.8121719291338581
0
LINE
8
BLACK
6
CONTINUOUS
10
3.8256842125984249
20
-2.8121719291338581
11
3.8257933070866139
21
-2.8120418503937006
0
LINE
8
BLACK
6
CONTINUOUS
10
3.8257933070866139
20
-2.8120418503937006
11
3.8258120078740157
21
-2.8118731102362204
0
LINE
8
BLACK
6
CONTINUOUS
10
3.8258120078740157
20
-2.8118731102362204
11
3.8264316141732282
21
-2.8112811811023621
0
LINE
8
BLACK
6
CONTINUOUS
10
3.8264316141732282
20
-2.8112811811023621
11
3.8269825196850391
21
-2.8106246850393699
0
LINE
8
BLACK
6
CONTINUOUS
10
3.8269825196850391
20
-2.8106246850393699
11
3.8271497244094488
21
-2.8105951968503935
0
LINE
8
BLACK
6
CONTINUOUS
10
3.8271497244094488
20
-2.8105951968503935
11
3.8272725196850392
21
-2.8104779133858266
0
LINE
8
BLACK
6
CONTINUOUS
10
3.8272725196850392
20
-2.8104779133858266
11
3.8281276377952755
21
-2.8104227559055119
0
LINE
8
BLACK
6
CONTINUOUS
10
3.8281276377952755
20
-2.8104227559055119
11
3.8289716535433072
21
-2.810273937007874
0
LINE
8
BLACK
6
CONTINUOUS
10
3.8289716535433072
20
-2.810273937007874
11
3.8291187007874017
21
-2.8103588188976376
0
LINE
8
BLACK
6
CONTINUOUS
10
3.868838897637795
20
-2.8104071653543308
11
3.8689741338582677
21
-2.8105206299212599
0
LINE
8
BLACK
6
CONTINUOUS
10
3.8689741338582677
20
-2.8105206299212599
11
3.8691494881889761
21
-2.8105408267716534
0
LINE
8
BLACK
6
CONTINUOUS
10
3.8691494881889761
20
-2.8105408267716534
11
3.8728990157480312
21
-2.812415590551181
0
LINE
8
BLACK
6
CONTINUOUS
10
3.8728990157480312
20
-2.812415590551181
11
3.8736080708661418
21
-2.8129414960629919
0
LINE
8
BLACK
6
CONTINUOUS
10
3.8736080708661418
20
-2.8129414960629919
11
3.8736664173228346
21
-2.8129687007874016
0
LINE
8
BLACK
6
CONTINUOUS
10
3.8736664173228346
20
-2.8129687007874016
11
3.8755411811023621
21
-2.8148434645669291
0
LINE
8
BLACK
6
CONTINUOUS
10
3.8755411811023621
20
-2.8148434645669291
11
3.8760474409448817
21
-2.8155665354330708
0
LINE
8
BLACK
6
CONTINUOUS
10
3.8760474409448817
20
-2.8155665354330708
11
3.8760942913385827
21
-2.8156108661417321
0
LINE
8
BLACK
6
CONTINUOUS
10
3.8760942913385827
20
-2.8156108661417321
11
3.8779690551181103
21
-2.8193603937007872
0
LINE
8
BLACK
6
CONTINUOUS
10
3.8779690551181103
20
-2.8193603937007872
11
3.8781143307086614
21
-2.8198488188976376
0
LINE
8
BLACK
6
CONTINUOUS
10
3.8781143307086614
20
-2.8198488188976376
11
3.8781926377952756
21
-2.8199647637795273
0
LINE
8
BLACK
6
CONTINUOUS
10
3.8781926377952756
20
-2.8199647637795273
11
3.8800674015748031
21
-2.8274638188976375
0
LINE
8
BLACK
6
CONTINUOUS
10
3.8800674015748031
20
-2.8274638188976375
11
3.8801088582677163
21
-2.8280516929133857
0
LINE
8
BLACK
6
CONTINUOUS
10
3.8801088582677163
20
-2.8280516929133857
11
3.8801555511811023
21
-2.8281799606299214
0
LINE
8
BLACK
6
CONTINUOUS
10
3.8801555511811023
20
-2.8281799606299214
11
3.8801555511811023
21
-2.8375537795275592
0
LINE
8
BLACK
6
CONTINUOUS
10
3.8801555511811023
20
-2.8375537795275592
11
3.8800531889763779
21
-2.8381341338582677
0
LINE
8
BLACK
6
CONTINUOUS
10
3.8800531889763779
20
-2.8381341338582677
11
3.8800674015748031
21
-2.8382699212598426
0
LINE
8
BLACK
6
CONTINUOUS
10
3.8800674015748031
20
-2.8382699212598426
11
3.8781926377952756
21
-2.8457689763779528
0
LINE
8
BLACK
6
CONTINUOUS
10
3.8781926377952756
20
-2.8457689763779528
11
3.8779850393700785
21
-2.8462344094488188
0
LINE
8
BLACK
6
CONTINUOUS
10
3.8779850393700785
20
-2.8462344094488188
11
3.8779690551181103
21
-2.8463733464566929
0
LINE
8
BLACK
6
CONTINUOUS
10
3.8779690551181103
20
-2.8463733464566929
11
3.8760942913385827
21
-2.850122874015748
0
LINE
8
BLACK
6
CONTINUOUS
10
3.8760942913385827
20
-2.850122874015748
11
3.875568346456693
21
-2.8508319291338582
0
LINE
8
BLACK
6
CONTINUOUS
10
3.875568346456693
20
-2.8508319291338582
11
3.8755411811023621
21
-2.850890275590551
0
LINE
8
BLACK
6
CONTINUOUS
10
3.8755411811023621
20
-2.850890275590551
11
3.8736664566929133
21
-2.8527650393700785
0
LINE
8
BLACK
6
CONTINUOUS
10
3.8736664566929133
20
-2.8527650393700785
11
3.8729432677165354
21
-2.8532714173228344
0
LINE
8
BLACK
6
CONTINUOUS
10
3.8729432677165354
20
-2.8532714173228344
11
3.8728990157480312
21
-2.8533181889763779
0
LINE
8
BLACK
6
CONTINUOUS
10
3.8728990157480312
20
-2.8533181889763779
11
3.8691494881889761
21
-2.8551929527559055
0
LINE
8
BLACK
6
CONTINUOUS
10
3.8691494881889761
20
-2.8551929527559055
11
3.8681665354330708
21
-2.8554853149606299
0
LINE
8
BLACK
6
CONTINUOUS
10
3.8681665354330708
20
-2.8554853149606299
11
3.8679948425196851
21
-2.8554442913385825
0
LINE
8
BLACK
6
CONTINUOUS
10
3.8679948425196851
20
-2.8554442913385825
11
3.8678289763779525
21
-2.8555046850393699
0
LINE
8
BLACK
6
CONTINUOUS
10
3.8678289763779525
20
-2.8555046850393699
11
3.8640794488188974
21
-2.8555046850393699
0
LINE
8
BLACK
6
CONTINUOUS
10
3.8640794488188974
20
-2.8555046850393699
11
3.863069527559055
21
-2.8553266141732281
0
LINE
8
BLACK
6
CONTINUOUS
10
3.863069527559055
20
-2.8553266141732281
11
3.8629342519685039
21
-2.8552131102362206
0
LINE
8
BLACK
6
CONTINUOUS
10
3.8629342519685039
20
-2.8552131102362206
11
3.8627589370078739
21
-2.8551929527559055
0
LINE
8
BLACK
6
CONTINUOUS
10
3.8627589370078739
20
-2.8551929527559055
11
3.8590094094488188
21
-2.8533181889763779
0
LINE
8
BLACK
6
CONTINUOUS
10
3.8590094094488188
20
-2.8533181889763779
11
3.8583002755905511
21
-2.8527922047244094
0
LINE
8
BLACK
6
CONTINUOUS
10
3.8583002755905511
20
-2.8527922047244094
11
3.8582419685039371
21
-2.8527650393700785
0
LINE
8
BLACK
6
CONTINUOUS
10
3.8582419685039371
20
-2.8527650393700785
11
3.8563672047244095
21
-2.8508902362204722
0
LINE
8
BLACK
6
CONTINUOUS
10
3.8563672047244095
20
-2.8508902362204722
11
3.8558609055118112
21
-2.8501671653543306
0
LINE
8
BLACK
6
CONTINUOUS
10
3.8558609055118112
20
-2.8501671653543306
11
3.8558141338582677
21
-2.850122874015748
0
LINE
8
BLACK
6
CONTINUOUS
10
3.8558141338582677
20
-2.850122874015748
11
3.8539393700787401
21
-2.8463733464566929
0
LINE
8
BLACK
6
CONTINUOUS
10
3.8539393700787401
20
-2.8463733464566929
11
3.8537940551181102
21
-2.8458848818897637
0
LINE
8
BLACK
6
CONTINUOUS
10
3.8537940551181102
20
-2.8458848818897637
11
3.8537157874015748
21
-2.8457689763779528
0
LINE
8
BLACK
6
CONTINUOUS
10
3.8537157874015748
20
-2.8457689763779528
11
3.8518410236220473
21
-2.8382699212598426
0
LINE
8
BLACK
6
CONTINUOUS
10
3.8518410236220473
20
-2.8382699212598426
11
3.8517995275590549
21
-2.8376820078740157
0
LINE
8
BLACK
6
CONTINUOUS
10
3.8517995275590549
20
-2.8376820078740157
11
3.8517528740157481
21
-2.8375537795275592
0
LINE
8
BLACK
6
CONTINUOUS
10
3.8517528740157481
20
-2.8375537795275592
11
3.8517528740157481
21
-2.8281799606299214
0
LINE
8
BLACK
6
CONTINUOUS
10
3.8517528740157481
20
-2.8281799606299214
11
3.8518551968503938
21
-2.8275995669291336
0
LINE
8
BLACK
6
CONTINUOUS
10
3.8518551968503938
20
-2.8275995669291336
11
3.8518410236220473
21
-2.8274638188976375
0
LINE
8
BLACK
6
CONTINUOUS
10
3.8518410236220473
20
-2.8274638188976375
11
3.8537157874015748
21
-2.8199647637795273
0
LINE
8
BLACK
6
CONTINUOUS
10
3.8537157874015748
20
-2.8199647637795273
11
3.8539233464566927
21
-2.8194992913385826
0
LINE
8
BLACK
6
CONTINUOUS
10
3.8539233464566927
20
-2.8194992913385826
11
3.8539393700787401
21
-2.8193603937007872
0
LINE
8
BLACK
6
CONTINUOUS
10
3.8539393700787401
20
-2.8193603937007872
11
3.8558141338582677
21
-2.8156108661417321
0
LINE
8
BLACK
6
CONTINUOUS
10
3.8558141338582677
20
-2.8156108661417321
11
3.8563400393700786
21
-2.8149017716535432
0
LINE
8
BLACK
6
CONTINUOUS
10
3.8563400393700786
20
-2.8149017716535432
11
3.8563672440944883
21
-2.8148434645669291
0
LINE
8
BLACK
6
CONTINUOUS
10
3.8563672440944883
20
-2.8148434645669291
11
3.8582420078740158
21
-2.8129687007874016
0
LINE
8
BLACK
6
CONTINUOUS
10
3.8582420078740158
20
-2.8129687007874016
11
3.8589650787401575
21
-2.8124624015748032
0
LINE
8
BLACK
6
CONTINUOUS
10
3.8589650787401575
20
-2.8124624015748032
11
3.8590094094488188
21
-2.812415590551181
0
LINE
8
BLACK
6
CONTINUOUS
10
3.8590094094488188
20
-2.812415590551181
11
3.8627589370078739
21
-2.8105408267716534
0
LINE
8
BLACK
6
CONTINUOUS
10
3.8627589370078739
20
-2.8105408267716534
11
3.8637418503937009
21
-2.810248464566929
0
LINE
8
BLACK
6
CONTINUOUS
10
3.8637418503937009
20
-2.810248464566929
11
3.8639135433070866
21
-2.8102894488188976
0
LINE
8
BLACK
6
CONTINUOUS
10
3.8639135433070866
20
-2.8102894488188976
11
3.8640794488188974
21
-2.8102290944881889
0
LINE
8
BLACK
6
CONTINUOUS
10
3.8640794488188974
20
-2.8102290944881889
11
3.8678289763779525
21
-2.8102290944881889
0
LINE
8
BLACK
6
CONTINUOUS
10
3.8678289763779525
20
-2.8102290944881889
11
3.868838897637795
21
-2.8104071653543308
0
LINE
8
BLACK
6
CONTINUOUS
10
3.8620790157480314
20
-2.8174833464566928
11
3.8608818897637796
21
-2.8186804724409447
0
LINE
8
BLACK
6
CONTINUOUS
10
3.8608818897637796
20
-2.8186804724409447
11
3.8593663779527558
21
-2.8217114566929133
0
LINE
8
BLACK
6
CONTINUOUS
10
3.8593663779527558
20
-2.8217114566929133
11
3.8576583858267717
21
-2.8285435039370079
0
LINE
8
BLACK
6
CONTINUOUS
10
3.8576583858267717
20
-2.8285435039370079
11
3.8576583858267717
21
-2.8371902362204722
0
LINE
8
BLACK
6
CONTINUOUS
10
3.8576583858267717
20
-2.8371902362204722
11
3.8593663779527558
21
-2.8440222834645668
0
LINE
8
BLACK
6
CONTINUOUS
10
3.8593663779527558
20
-2.8440222834645668
11
3.8608818897637796
21
-2.8470532677165354
0
LINE
8
BLACK
6
CONTINUOUS
10
3.8608818897637796
20
-2.8470532677165354
11
3.8620790157480314
21
-2.848250433070866
0
LINE
8
BLACK
6
CONTINUOUS
10
3.8620790157480314
20
-2.848250433070866
11
3.864776496062992
21
-2.8495991732283463
0
LINE
8
BLACK
6
CONTINUOUS
10
3.864776496062992
20
-2.8495991732283463
11
3.8671319291338584
21
-2.8495991732283463
0
LINE
8
BLACK
6
CONTINUOUS
10
3.8671319291338584
20
-2.8495991732283463
11
3.8698293700787403
21
-2.848250433070866
0
LINE
8
BLACK
6
CONTINUOUS
10
3.8698293700787403
20
-2.848250433070866
11
3.8710264960629921
21
-2.8470532677165354
0
LINE
8
BLACK
6
CONTINUOUS
10
3.8710264960629921
20
-2.8470532677165354
11
3.8725420078740158
21
-2.8440222834645668
0
LINE
8
BLACK
6
CONTINUOUS
10
3.8725420078740158
20
-2.8440222834645668
11
3.8742500393700787
21
-2.8371902362204722
0
LINE
8
BLACK
6
CONTINUOUS
10
3.8742500393700787
20
-2.8371902362204722
11
3.8742500393700787
21
-2.8285435039370079
0
LINE
8
BLACK
6
CONTINUOUS
10
3.8742500393700787
20
-2.8285435039370079
11
3.8725420078740158
21
-2.8217114566929133
0
LINE
8
BLACK
6
CONTINUOUS
10
3.8725420078740158
20
-2.8217114566929133
11
3.8710265354330708
21
-2.8186804724409447
0
LINE
8
BLACK
6
CONTINUOUS
10
3.8710265354330708
20
-2.8186804724409447
11
3.8698294094488186
21
-2.8174833464566928
0
LINE
8
BLACK
6
CONTINUOUS
10
3.8698294094488186
20
-2.8174833464566928
11
3.8671319291338584
21
-2.8161346062992125
0
LINE
8
BLACK
6
CONTINUOUS
10
3.8671319291338584
20
-2.8161346062992125
11
3.864776496062992
21
-2.8161346062992125
0
LINE
8
BLACK
6
CONTINUOUS
10
3.864776496062992
20
-2.8161346062992125
11
3.8620790157480314
21
-2.8174833464566928
0
LINE
8
BLACK
6
CONTINUOUS
10
3.9416046456692913
20
-2.8103588188976376
11
3.9417740551181102
21
-2.8103479133858267
0
LINE
8
BLACK
6
CONTINUOUS
10
3.9417740551181102
20
-2.8103479133858267
11
3.9424646456692911
21
-2.8108553543307084
0
LINE
8
BLACK
6
CONTINUOUS
10
3.9424646456692911
20
-2.8108553543307084
11
3.9432067716535433
21
-2.8112838582677164
0
LINE
8
BLACK
6
CONTINUOUS
10
3.9432067716535433
20
-2.8112838582677164
11
3.943264803149606
21
-2.8114433464566928
0
LINE
8
BLACK
6
CONTINUOUS
10
3.943264803149606
20
-2.8114433464566928
11
3.9434016929133859
21
-2.8115439370078739
0
LINE
8
BLACK
6
CONTINUOUS
10
3.9434016929133859
20
-2.8115439370078739
11
3.9469890157480316
21
-2.8169249606299211
0
LINE
8
BLACK
6
CONTINUOUS
10
3.9469890157480316
20
-2.8169249606299211
11
3.950192992125984
21
-2.8201289370078739
0
LINE
8
BLACK
6
CONTINUOUS
10
3.950192992125984
20
-2.8201289370078739
11
3.953513937007874
21
-2.8217894094488187
0
LINE
8
BLACK
6
CONTINUOUS
10
3.953513937007874
20
-2.8217894094488187
11
3.9543375984251967
21
-2.82240031496063
0
LINE
8
BLACK
6
CONTINUOUS
10
3.9543375984251967
20
-2.82240031496063
11
3.9551408661417322
21
-2.8242535039370078
0
LINE
8
BLACK
6
CONTINUOUS
10
3.9551408661417322
20
-2.8242535039370078
11
3.9545650000000001
21
-2.8261895275590549
0
LINE
8
BLACK
6
CONTINUOUS
10
3.9545650000000001
20
-2.8261895275590549
11
3.9528794488188974
21
-2.8273023622047244
0
LINE
8
BLACK
6
CONTINUOUS
10
3.9528794488188974
20
-2.8273023622047244
11
3.9508729133858265
21
-2.8270714566929134
0
LINE
8
BLACK
6
CONTINUOUS
10
3.9508729133858265
20
-2.8270714566929134
11
3.9471233858267714
21
-2.8251966929133858
0
LINE
8
BLACK
6
CONTINUOUS
10
3.9471233858267714
20
-2.8251966929133858
11
3.9464142913385825
21
-2.8246707480314961
0
LINE
8
BLACK
6
CONTINUOUS
10
3.9464142913385825
20
-2.8246707480314961
11
3.9463559842519684
21
-2.8246435826771652
0
LINE
8
BLACK
6
CONTINUOUS
10
3.9463559842519684
20
-2.8246435826771652
11
3.9438975984251967
21
-2.8221851968503935
0
LINE
8
BLACK
6
CONTINUOUS
10
3.9438975984251967
20
-2.8221851968503935
11
3.9438975984251967
21
-2.8495991732283463
0
LINE
8
BLACK
6
CONTINUOUS
10
3.9438975984251967
20
-2.8495991732283463
11
3.9521934251968505
21
-2.8495991732283463
0
LINE
8
BLACK
6
CONTINUOUS
10
3.9521934251968505
20
-2.8495991732283463
11
3.9532033464566929
21
-2.8497772440944882
0
LINE
8
BLACK
6
CONTINUOUS
10
3.9532033464566929
20
-2.8497772440944882
11
3.9547505905511811
21
-2.8510755511811023
0
LINE
8
BLACK
6
CONTINUOUS
10
3.9547505905511811
20
-2.8510755511811023
11
3.955101338582677
21
-2.8530646850393699
0
LINE
8
BLACK
6
CONTINUOUS
10
3.955101338582677
20
-2.8530646850393699
11
3.9540914173228345
21
-2.8548138582677165
0
LINE
8
BLACK
6
CONTINUOUS
10
3.9540914173228345
20
-2.8548138582677165
11
3.9521934251968505
21
-2.8555046850393699
0
LINE
8
BLACK
6
CONTINUOUS
10
3.9521934251968505
20
-2.8555046850393699
11
3.9296962598425198
21
-2.8555046850393699
0
LINE
8
BLACK
6
CONTINUOUS
10
3.9296962598425198
20
-2.8555046850393699
11
3.9286863385826769
21
-2.8553266141732281
0
LINE
8
BLACK
6
CONTINUOUS
10
3.9286863385826769
20
-2.8553266141732281
11
3.9271390944881888
21
-2.8540283070866139
0
LINE
8
BLACK
6
CONTINUOUS
10
3.9271390944881888
20
-2.8540283070866139
11
3.9267883464566928
21
-2.8520391732283463
0
LINE
8
BLACK
6
CONTINUOUS
10
3.9267883464566928
20
-2.8520391732283463
11
3.9277982677165353
21
-2.8502899999999998
0
LINE
8
BLACK
6
CONTINUOUS
10
3.9277982677165353
20
-2.8502899999999998
11
3.9296962598425198
21
-2.8495991732283463
0
LINE
8
BLACK
6
CONTINUOUS
10
3.9296962598425198
20
-2.8495991732283463
11
3.9379920866141731
21
-2.8495991732283463
0
LINE
8
BLACK
6
CONTINUOUS
10
3.9379920866141731
20
-2.8495991732283463
11
3.9379920866141731
21
-2.8131818503937009
0
LINE
8
BLACK
6
CONTINUOUS
10
3.9379920866141731
20
-2.8131818503937009
11
3.938170157480315
21
-2.8121719291338581
0
LINE
8
BLACK
6
CONTINUOUS
10
3.938170157480315
20
-2.8121719291338581
11
3.9382792519685039
21
-2.8120418503937006
0
LINE
8
BLACK
6
CONTINUOUS
10
3.9382792519685039
20
-2.8120418503937006
11
3.9382979527559052
21
-2.8118731102362204
0
LINE
8
BLACK
6
CONTINUOUS
10
3.9382979527559052
20
-2.8118731102362204
11
3.9389175590551182
21
-2.8112811811023621
0
LINE
8
BLACK
6
CONTINUOUS
10
3.9389175590551182
20
-2.8112811811023621
11
3.9394684645669291
21
-2.8106246850393699
0
LINE
8
BLACK
6
CONTINUOUS
10
3.9394684645669291
20
-2.8106246850393699
11
3.9396356692913383
21
-2.8105951968503935
0
LINE
8
BLACK
6
CONTINUOUS
10
3.9396356692913383
20
-2.8105951968503935
11
3.9397584645669292
21
-2.8104779133858266
0
LINE
8
BLACK
6
CONTINUOUS
10
3.9397584645669292
20
-2.8104779133858266
11
3.9406135826771651
21
-2.8104227559055119
0
LINE
8
BLACK
6
CONTINUOUS
10
3.9406135826771651
20
-2.8104227559055119
11
3.9414575984251967
21
-2.810273937007874
0
LINE
8
BLACK
6
CONTINUOUS
10
3.9414575984251967
20
-2.810273937007874
11
3.9416046456692913
21
-2.8103588188976376
0
LINE
8
BLACK
6
CONTINUOUS
10
3.981324842519685
20
-2.8104071653543308
11
3.9814600787401573
21
-2.8105206299212599
0
LINE
8
BLACK
6
CONTINUOUS
10
3.9814600787401573
20
-2.8105206299212599
11
3.9816354330708661
21
-2.8105408267716534
0
LINE
8
BLACK
6
CONTINUOUS
10
3.9816354330708661
20
-2.8105408267716534
11
3.9853849606299212
21
-2.812415590551181
0
LINE
8
BLACK
6
CONTINUOUS
10
3.9853849606299212
20
-2.812415590551181
11
3.9860940157480313
21
-2.8129414960629919
0
LINE
8
BLACK
6
CONTINUOUS
10
3.9860940157480313
20
-2.8129414960629919
11
3.9861523622047241
21
-2.8129687007874016
0
LINE
8
BLACK
6
CONTINUOUS
10
3.9861523622047241
20
-2.8129687007874016
11
3.9880271259842517
21
-2.8148434645669291
0
LINE
8
BLACK
6
CONTINUOUS
10
3.9880271259842517
20
-2.8148434645669291
11
3.9885333858267717
21
-2.8155665354330708
0
LINE
8
BLACK
6
CONTINUOUS
10
3.9885333858267717
20
-2.8155665354330708
11
3.9885802362204723
21
-2.8156108661417321
0
LINE
8
BLACK
6
CONTINUOUS
10
3.9885802362204723
20
-2.8156108661417321
11
3.9904549999999999
21
-2.8193603937007872
0
LINE
8
BLACK
6
CONTINUOUS
10
3.9904549999999999
20
-2.8193603937007872
11
3.990600275590551
21
-2.8198488188976376
0
LINE
8
BLACK
6
CONTINUOUS
10
3.990600275590551
20
-2.8198488188976376
11
3.9906785826771651
21
-2.8199647637795273
0
LINE
8
BLACK
6
CONTINUOUS
10
3.9906785826771651
20
-2.8199647637795273
11
3.9925533464566927
21
-2.8274638188976375
0
LINE
8
BLACK
6
CONTINUOUS
10
3.9925533464566927
20
-2.8274638188976375
11
3.9925948031496064
21
-2.8280516929133857
0
LINE
8
BLACK
6
CONTINUOUS
10
3.9925948031496064
20
-2.8280516929133857
11
3.9926414960629919
21
-2.8281799606299214
0
LINE
8
BLACK
6
CONTINUOUS
10
3.9926414960629919
20
-2.8281799606299214
11
3.9926414960629919
21
-2.8375537795275592
0
LINE
8
BLACK
6
CONTINUOUS
10
3.9926414960629919
20
-2.8375537795275592
11
3.9925391338582674
21
-2.8381341338582677
0
LINE
8
BLACK
6
CONTINUOUS
10
3.9925391338582674
20
-2.8381341338582677
11
3.9925533464566927
21
-2.8382699212598426
0
LINE
8
BLACK
6
CONTINUOUS
10
3.9925533464566927
20
-2.8382699212598426
11
3.9906785826771651
21
-2.8457689763779528
0
LINE
8
BLACK
6
CONTINUOUS
10
3.9906785826771651
20
-2.8457689763779528
11
3.9904709842519686
21
-2.8462344094488188
0
LINE
8
BLACK
6
CONTINUOUS
10
3.9904709842519686
20
-2.8462344094488188
11
3.9904549999999999
21
-2.8463733464566929
0
LINE
8
BLACK
6
CONTINUOUS
10
3.9904549999999999
20
-2.8463733464566929
11
3.9885802362204723
21
-2.850122874015748
0
LINE
8
BLACK
6
CONTINUOUS
10
3.9885802362204723
20
-2.850122874015748
11
3.9880542913385826
21
-2.8508319291338582
0
LINE
8
BLACK
6
CONTINUOUS
10
3.9880542913385826
20
-2.8508319291338582
11
3.9880271259842517
21
-2.850890275590551
0
LINE
8
BLACK
6
CONTINUOUS
10
3.9880271259842517
20
-2.850890275590551
11
3.9861524015748029
21
-2.8527650393700785
0
LINE
8
BLACK
6
CONTINUOUS
10
3.9861524015748029
20
-2.8527650393700785
11
3.985429212598425
21
-2.8532714173228344
0
LINE
8
BLACK
6
CONTINUOUS
10
3.985429212598425
20
-2.8532714173228344
11
3.9853849606299212
21
-2.8533181889763779
0
LINE
8
BLACK
6
CONTINUOUS
10
3.9853849606299212
20
-2.8533181889763779
11
3.9816354330708661
21
-2.8551929527559055
0
LINE
8
BLACK
6
CONTINUOUS
10
3.9816354330708661
20
-2.8551929527559055
11
3.9806524803149603
21
-2.8554853149606299
0
LINE
8
BLACK
6
CONTINUOUS
10
3.9806524803149603
20
-2.8554853149606299
11
3.9804807874015746
21
-2.8554442913385825
0
LINE
8
BLACK
6
CONTINUOUS
10
3.9804807874015746
20
-2.8554442913385825
11
3.9803149212598425
21
-2.8555046850393699
0
LINE
8
BLACK
6
CONTINUOUS
10
3.9803149212598425
20
-2.8555046850393699
11
3.9765653937007874
21
-2.8555046850393699
0
LINE
8
BLACK
6
CONTINUOUS
10
3.9765653937007874
20
-2.8555046850393699
11
3.975555472440945
21
-2.8553266141732281
0
LINE
8
BLACK
6
CONTINUOUS
10
3.975555472440945
20
-2.8553266141732281
11
3.9754201968503935
21
-2.8552131102362206
0
LINE
8
BLACK
6
CONTINUOUS
10
3.9754201968503935
20
-2.8552131102362206
11
3.9752448818897639
21
-2.8551929527559055
0
LINE
8
BLACK
6
CONTINUOUS
10
3.9752448818897639
20
-2.8551929527559055
11
3.9714953543307088
21
-2.8533181889763779
0
LINE
8
BLACK
6
CONTINUOUS
10
3.9714953543307088
20
-2.8533181889763779
11
3.9707862204724407
21
-2.8527922047244094
0
LINE
8
BLACK
6
CONTINUOUS
10
3.9707862204724407
20
-2.8527922047244094
11
3.9707279133858266
21
-2.8527650393700785
0
LINE
8
BLACK
6
CONTINUOUS
10
3.9707279133858266
20
-2.8527650393700785
11
3.9688531496062991
21
-2.8508902362204722
0
LINE
8
BLACK
6
CONTINUOUS
10
3.9688531496062991
20
-2.8508902362204722
11
3.9683468503937007
21
-2.8501671653543306
0
LINE
8
BLACK
6
CONTINUOUS
10
3.9683468503937007
20
-2.8501671653543306
11
3.9683000787401572
21
-2.850122874015748
0
LINE
8
BLACK
6
CONTINUOUS
10
3.9683000787401572
20
-2.850122874015748
11
3.9664253149606297
21
-2.8463733464566929
0
LINE
8
BLACK
6
CONTINUOUS
10
3.9664253149606297
20
-2.8463733464566929
11
3.9662799999999998
21
-2.8458848818897637
0
LINE
8
BLACK
6
CONTINUOUS
10
3.9662799999999998
20
-2.8458848818897637
11
3.9662017322834644
21
-2.8457689763779528
0
LINE
8
BLACK
6
CONTINUOUS
10
3.9662017322834644
20
-2.8457689763779528
11
3.9643269685039368
21
-2.8382699212598426
0
LINE
8
BLACK
6
CONTINUOUS
10
3.9643269685039368
20
-2.8382699212598426
11
3.9642854724409449
21
-2.8376820078740157
0
LINE
8
BLACK
6
CONTINUOUS
10
3.9642854724409449
20
-2.8376820078740157
11
3.9642388188976376
21
-2.8375537795275592
0
LINE
8
BLACK
6
CONTINUOUS
10
3.9642388188976376
20
-2.8375537795275592
11
3.9642388188976376
21
-2.8281799606299214
0
LINE
8
BLACK
6
CONTINUOUS
10
3.9642388188976376
20
-2.8281799606299214
11
3.9643411417322834
21
-2.8275995669291336
0
LINE
8
BLACK
6
CONTINUOUS
10
3.9643411417322834
20
-2.8275995669291336
11
3.9643269685039368
21
-2.8274638188976375
0
LINE
8
BLACK
6
CONTINUOUS
10
3.9643269685039368
20
-2.8274638188976375
11
3.9662017322834644
21
-2.8199647637795273
0
LINE
8
BLACK
6
CONTINUOUS
10
3.9662017322834644
20
-2.8199647637795273
11
3.9664092913385827
21
-2.8194992913385826
0
LINE
8
BLACK
6
CONTINUOUS
10
3.9664092913385827
20
-2.8194992913385826
11
3.9664253149606297
21
-2.8193603937007872
0
LINE
8
BLACK
6
CONTINUOUS
10
3.9664253149606297
20
-2.8193603937007872
11
3.9683000787401572
21
-2.8156108661417321
0
LINE
8
BLACK
6
CONTINUOUS
10
3.9683000787401572
20
-2.8156108661417321
11
3.9688259842519682
21
-2.8149017716535432
0
LINE
8
BLACK
6
CONTINUOUS
10
3.9688259842519682
20
-2.8149017716535432
11
3.9688531889763778
21
-2.8148434645669291
0
LINE
8
BLACK
6
CONTINUOUS
10
3.9688531889763778
20
-2.8148434645669291
11
3.9707279527559054
21
-2.8129687007874016
0
LINE
8
BLACK
6
CONTINUOUS
10
3.9707279527559054
20
-2.8129687007874016
11
3.971451023622047
21
-2.8124624015748032
0
LINE
8
BLACK
6
CONTINUOUS
10
3.971451023622047
20
-2.8124624015748032
11
3.9714953543307088
21
-2.812415590551181
0
LINE
8
BLACK
6
CONTINUOUS
10
3.9714953543307088
20
-2.812415590551181
11
3.9752448818897639
21
-2.8105408267716534
0
LINE
8
BLACK
6
CONTINUOUS
10
3.9752448818897639
20
-2.8105408267716534
11
3.9762277952755904
21
-2.810248464566929
0
LINE
8
BLACK
6
CONTINUOUS
10
3.9762277952755904
20
-2.810248464566929
11
3.9763994881889762
21
-2.8102894488188976
0
LINE
8
BLACK
6
CONTINUOUS
10
3.9763994881889762
20
-2.8102894488188976
11
3.9765653937007874
21
-2.8102290944881889
0
LINE
8
BLACK
6
CONTINUOUS
10
3.9765653937007874
20
-2.8102290944881889
11
3.9803149212598425
21
-2.8102290944881889
0
LINE
8
BLACK
6
CONTINUOUS
10
3.9803149212598425
20
-2.8102290944881889
11
3.981324842519685
21
-2.8104071653543308
0
LINE
8
BLACK
6
CONTINUOUS
10
3.9745649606299214
20
-2.8174833464566928
11
3.9733678346456691
21
-2.8186804724409447
0
LINE
8
BLACK
6
CONTINUOUS
10
3.9733678346456691
20
-2.8186804724409447
11
3.9718523228346454
21
-2.8217114566929133
0
LINE
8
BLACK
6
CONTINUOUS
10
3.9718523228346454
20
-2.8217114566929133
11
3.9701443307086612
21
-2.8285435039370079
0
LINE
8
BLACK
6
CONTINUOUS
10
3.9701443307086612
20
-2.8285435039370079
11
3.9701443307086612
21
-2.8371902362204722
0
LINE
8
BLACK
6
CONTINUOUS
10
3.9701443307086612
20
-2.8371902362204722
11
3.9718523228346454
21
-2.8440222834645668
0
LINE
8
BLACK
6
CONTINUOUS
10
3.9718523228346454
20
-2.8440222834645668
11
3.9733678346456691
21
-2.8470532677165354
0
LINE
8
BLACK
6
CONTINUOUS
10
3.9733678346456691
20
-2.8470532677165354
11
3.9745649606299214
21
-2.848250433070866
0
LINE
8
BLACK
6
CONTINUOUS
10
3.9745649606299214
20
-2.848250433070866
11
3.977262440944882
21
-2.8495991732283463
0
LINE
8
BLACK
6
CONTINUOUS
10
3.977262440944882
20
-2.8495991732283463
11
3.979617874015748
21
-2.8495991732283463
0
LINE
8
BLACK
6
CONTINUOUS
10
3.979617874015748
20
-2.8495991732283463
11
3.9823153149606298
21
-2.848250433070866
0
LINE
8
BLACK
6
CONTINUOUS
10
3.9823153149606298
20
-2.848250433070866
11
3.9835124409448817
21
-2.8470532677165354
0
LINE
8
BLACK
6
CONTINUOUS
10
3.9835124409448817
20
-2.8470532677165354
11
3.9850279527559054
21
-2.8440222834645668
0
LINE
8
BLACK
6
CONTINUOUS
10
3.9850279527559054
20
-2.8440222834645668
11
3.9867359842519683
21
-2.8371902362204722
0
LINE
8
BLACK
6
CONTINUOUS
10
3.9867359842519683
20
-2.8371902362204722
11
3.9867359842519683
21
-2.8285435039370079
0
LINE
8
BLACK
6
CONTINUOUS
10
3.9867359842519683
20
-2.8285435039370079
11
3.9850279527559054
21
-2.8217114566929133
0
LINE
8
BLACK
6
CONTINUOUS
10
3.9850279527559054
20
-2.8217114566929133
11
3.9835124803149604
21
-2.8186804724409447
0
LINE
8
BLACK
6
CONTINUOUS
10
3.9835124803149604
20
-2.8186804724409447
11
3.9823153543307086
21
-2.8174833464566928
0
LINE
8
BLACK
6
CONTINUOUS
10
3.9823153543307086
20
-2.8174833464566928
11
3.979617874015748
21
-2.8161346062992125
0
LINE
8
BLACK
6
CONTINUOUS
10
3.979617874015748
20
-2.8161346062992125
11
3.977262440944882
21
-2.8161346062992125
0
LINE
8
BLACK
6
CONTINUOUS
10
3.977262440944882
20
-2.8161346062992125
11
3.9745649606299214
21
-2.8174833464566928
0
LINE
8
BLACK
6
CONTINUOUS
10
4.1350556299212595
20
-2.8104071653543308
11
4.1351908661417323
21
-2.8105206299212599
0
LINE
8
BLACK
6
CONTINUOUS
10
4.1351908661417323
20
-2.8105206299212599
11
4.1353662204724406
21
-2.8105408267716534
0
LINE
8
BLACK
6
CONTINUOUS
10
4.1353662204724406
20
-2.8105408267716534
11
4.1391157480314957
21
-2.812415590551181
0
LINE
8
BLACK
6
CONTINUOUS
10
4.1391157480314957
20
-2.812415590551181
11
4.1398248031496063
21
-2.8129414960629919
0
LINE
8
BLACK
6
CONTINUOUS
10
4.1398248031496063
20
-2.8129414960629919
11
4.1398831496062991
21
-2.8129687007874016
0
LINE
8
BLACK
6
CONTINUOUS
10
4.1398831496062991
20
-2.8129687007874016
11
4.1436326771653542
21
-2.8167182283464567
0
LINE
8
BLACK
6
CONTINUOUS
10
4.1436326771653542
20
-2.8167182283464567
11
4.1442209055118111
21
-2.8175582677165352
0
LINE
8
BLACK
6
CONTINUOUS
10
4.1442209055118111
20
-2.8175582677165352
11
4.1442462992125986
21
-2.8178485433070866
0
LINE
8
BLACK
6
CONTINUOUS
10
4.1442462992125986
20
-2.8178485433070866
11
4.1444093700787397
21
-2.8180899999999998
0
LINE
8
BLACK
6
CONTINUOUS
10
4.1444093700787397
20
-2.8180899999999998
11
4.1462841338582672
21
-2.82558905511811
0
LINE
8
BLACK
6
CONTINUOUS
10
4.1462841338582672
20
-2.82558905511811
11
4.1463255905511813
21
-2.8261769291338581
0
LINE
8
BLACK
6
CONTINUOUS
10
4.1463255905511813
20
-2.8261769291338581
11
4.1463722834645669
21
-2.8263051968503938
0
LINE
8
BLACK
6
CONTINUOUS
10
4.1463722834645669
20
-2.8263051968503938
11
4.1463722834645669
21
-2.8394285433070867
0
LINE
8
BLACK
6
CONTINUOUS
10
4.1463722834645669
20
-2.8394285433070867
11
4.1462699212598428
21
-2.8400088976377953
0
LINE
8
BLACK
6
CONTINUOUS
10
4.1462699212598428
20
-2.8400088976377953
11
4.1462841338582672
21
-2.8401446850393701
0
LINE
8
BLACK
6
CONTINUOUS
10
4.1462841338582672
20
-2.8401446850393701
11
4.1444093700787397
21
-2.8476437401574803
0
LINE
8
BLACK
6
CONTINUOUS
10
4.1444093700787397
20
-2.8476437401574803
11
4.1439916535433072
21
-2.8485803149606297
0
LINE
8
BLACK
6
CONTINUOUS
10
4.1439916535433072
20
-2.8485803149606297
11
4.1437558267716534
21
-2.8487513779527558
0
LINE
8
BLACK
6
CONTINUOUS
10
4.1437558267716534
20
-2.8487513779527558
11
4.143632716535433
21
-2.8490154724409447
0
LINE
8
BLACK
6
CONTINUOUS
10
4.143632716535433
20
-2.8490154724409447
11
4.1398831496062991
21
-2.8527650787401573
0
LINE
8
BLACK
6
CONTINUOUS
10
4.1398831496062991
20
-2.8527650787401573
11
4.1391600393700783
21
-2.8532713385826769
0
LINE
8
BLACK
6
CONTINUOUS
10
4.1391600393700783
20
-2.8532713385826769
11
4.1391157480314957
21
-2.8533181889763779
0
LINE
8
BLACK
6
CONTINUOUS
10
4.1391157480314957
20
-2.8533181889763779
11
4.1353662204724406
21
-2.8551929527559055
0
LINE
8
BLACK
6
CONTINUOUS
10
4.1353662204724406
20
-2.8551929527559055
11
4.1343832677165357
21
-2.8554853149606299
0
LINE
8
BLACK
6
CONTINUOUS
10
4.1343832677165357
20
-2.8554853149606299
11
4.1342115748031496
21
-2.8554442913385825
0
LINE
8
BLACK
6
CONTINUOUS
10
4.1342115748031496
20
-2.8554442913385825
11
4.1340457086614171
21
-2.8555046850393699
0
LINE
8
BLACK
6
CONTINUOUS
10
4.1340457086614171
20
-2.8555046850393699
11
4.1265466535433069
21
-2.8555046850393699
0
LINE
8
BLACK
6
CONTINUOUS
10
4.1265466535433069
20
-2.8555046850393699
11
4.1255367322834644
21
-2.8553266141732281
0
LINE
8
BLACK
6
CONTINUOUS
10
4.1255367322834644
20
-2.8553266141732281
11
4.1254014566929129
21
-2.8552131102362206
0
LINE
8
BLACK
6
CONTINUOUS
10
4.1254014566929129
20
-2.8552131102362206
11
4.1252261417322833
21
-2.8551929527559055
0
LINE
8
BLACK
6
CONTINUOUS
10
4.1252261417322833
20
-2.8551929527559055
11
4.1214766141732282
21
-2.8533181889763779
0
LINE
8
BLACK
6
CONTINUOUS
10
4.1214766141732282
20
-2.8533181889763779
11
4.1207675590551176
21
-2.8527922834645669
0
LINE
8
BLACK
6
CONTINUOUS
10
4.1207675590551176
20
-2.8527922834645669
11
4.1207092125984248
21
-2.8527650787401573
0
LINE
8
BLACK
6
CONTINUOUS
10
4.1207092125984248
20
-2.8527650787401573
11
4.1169596850393697
21
-2.8490155118110234
0
LINE
8
BLACK
6
CONTINUOUS
10
4.1169596850393697
20
-2.8490155118110234
11
4.1163714566929137
21
-2.8481754724409449
0
LINE
8
BLACK
6
CONTINUOUS
10
4.1163714566929137
20
-2.8481754724409449
11
4.1163460629921262
21
-2.8478851574803148
0
LINE
8
BLACK
6
CONTINUOUS
10
4.1163460629921262
20
-2.8478851574803148
11
4.1161829921259843
21
-2.8476437401574803
0
LINE
8
BLACK
6
CONTINUOUS
10
4.1161829921259843
20
-2.8476437401574803
11
4.1143082283464567
21
-2.8401446850393701
0
LINE
8
BLACK
6
CONTINUOUS
10
4.1143082283464567
20
-2.8401446850393701
11
4.1142667322834647
21
-2.8395567716535433
0
LINE
8
BLACK
6
CONTINUOUS
10
4.1142667322834647
20
-2.8395567716535433
11
4.114220078740157
21
-2.8394285433070867
0
LINE
8
BLACK
6
CONTINUOUS
10
4.114220078740157
20
-2.8394285433070867
11
4.114220078740157
21
-2.8263051968503938
0
LINE
8
BLACK
6
CONTINUOUS
10
4.114220078740157
20
-2.8263051968503938
11
4.1143224015748032
21
-2.8257248031496061
0
LINE
8
BLACK
6
CONTINUOUS
10
4.1143224015748032
20
-2.8257248031496061
11
4.1143082283464567
21
-2.82558905511811
0
LINE
8
BLACK
6
CONTINUOUS
10
4.1143082283464567
20
-2.82558905511811
11
4.1161829921259843
21
-2.8180899999999998
0
LINE
8
BLACK
6
CONTINUOUS
10
4.1161829921259843
20
-2.8180899999999998
11
4.1166007086614176
21
-2.8171534251968504
0
LINE
8
BLACK
6
CONTINUOUS
10
4.1166007086614176
20
-2.8171534251968504
11
4.1168365354330705
21
-2.8169822834645668
0
LINE
8
BLACK
6
CONTINUOUS
10
4.1168365354330705
20
-2.8169822834645668
11
4.1169596850393697
21
-2.8167182283464567
0
LINE
8
BLACK
6
CONTINUOUS
10
4.1169596850393697
20
-2.8167182283464567
11
4.1207092125984248
21
-2.8129687007874016
0
LINE
8
BLACK
6
CONTINUOUS
10
4.1207092125984248
20
-2.8129687007874016
11
4.1214323622047244
21
-2.8124622834645669
0
LINE
8
BLACK
6
CONTINUOUS
10
4.1214323622047244
20
-2.8124622834645669
11
4.1214766141732282
21
-2.812415590551181
0
LINE
8
BLACK
6
CONTINUOUS
10
4.1214766141732282
20
-2.812415590551181
11
4.1252261417322833
21
-2.8105408267716534
0
LINE
8
BLACK
6
CONTINUOUS
10
4.1252261417322833
20
-2.8105408267716534
11
4.1262090551181103
21
-2.810248464566929
0
LINE
8
BLACK
6
CONTINUOUS
10
4.1262090551181103
20
-2.810248464566929
11
4.1263807480314956
21
-2.8102894488188976
0
LINE
8
BLACK
6
CONTINUOUS
10
4.1263807480314956
20
-2.8102894488188976
11
4.1265466535433069
21
-2.8102290944881889
0
LINE
8
BLACK
6
CONTINUOUS
10
4.1265466535433069
20
-2.8102290944881889
11
4.1340457086614171
21
-2.8102290944881889
0
LINE
8
BLACK
6
CONTINUOUS
10
4.1340457086614171
20
-2.8102290944881889
11
4.1350556299212595
21
-2.8104071653543308
0
LINE
8
BLACK
6
CONTINUOUS
10
4.1245462204724408
20
-2.8174833464566928
11
4.1217138188976374
21
-2.8203157086614175
0
LINE
8
BLACK
6
CONTINUOUS
10
4.1217138188976374
20
-2.8203157086614175
11
4.1201255905511811
21
-2.8266687401574804
0
LINE
8
BLACK
6
CONTINUOUS
10
4.1201255905511811
20
-2.8266687401574804
11
4.1201255905511811
21
-2.8390649999999997
0
LINE
8
BLACK
6
CONTINUOUS
10
4.1201255905511811
20
-2.8390649999999997
11
4.1217138188976374
21
-2.8454179921259843
0
LINE
8
BLACK
6
CONTINUOUS
10
4.1217138188976374
20
-2.8454179921259843
11
4.1245462204724408
21
-2.848250433070866
0
LINE
8
BLACK
6
CONTINUOUS
10
4.1245462204724408
20
-2.848250433070866
11
4.1272437007874014
21
-2.8495991732283463
0
LINE
8
BLACK
6
CONTINUOUS
10
4.1272437007874014
20
-2.8495991732283463
11
4.1333486614173225
21
-2.8495991732283463
0
LINE
8
BLACK
6
CONTINUOUS
10
4.1333486614173225
20
-2.8495991732283463
11
4.1360461023622044
21
-2.848250433070866
0
LINE
8
BLACK
6
CONTINUOUS
10
4.1360461023622044
20
-2.848250433070866
11
4.1388785039370077
21
-2.8454179921259843
0
LINE
8
BLACK
6
CONTINUOUS
10
4.1388785039370077
20
-2.8454179921259843
11
4.1404667716535428
21
-2.8390649999999997
0
LINE
8
BLACK
6
CONTINUOUS
10
4.1404667716535428
20
-2.8390649999999997
11
4.1404667716535428
21
-2.8266687401574804
0
LINE
8
BLACK
6
CONTINUOUS
10
4.1404667716535428
20
-2.8266687401574804
11
4.1388785039370077
21
-2.8203157086614175
0
LINE
8
BLACK
6
CONTINUOUS
10
4.1388785039370077
20
-2.8203157086614175
11
4.1360461417322831
21
-2.8174833464566928
0
LINE
8
BLACK
6
CONTINUOUS
10
4.1360461417322831
20
-2.8174833464566928
11
4.1333486614173225
21
-2.8161346062992125
0
LINE
8
BLACK
6
CONTINUOUS
10
4.1333486614173225
20
-2.8161346062992125
11
4.1272437007874014
21
-2.8161346062992125
0
LINE
8
BLACK
6
CONTINUOUS
10
4.1272437007874014
20
-2.8161346062992125
11
4.1245462204724408
21
-2.8174833464566928
0
LINE
8
BLACK
6
CONTINUOUS
10
4.1705356299212601
20
-2.8103823622047241
11
4.1706000000000003
21
-2.8103806299212599
0
LINE
8
BLACK
6
CONTINUOUS
10
4.1706000000000003
20
-2.8103806299212599
11
4.176224291338583
21
-2.8122553937007875
0
LINE
8
BLACK
6
CONTINUOUS
10
4.176224291338583
20
-2.8122553937007875
11
4.1771260629921256
21
-2.8127436614173229
0
LINE
8
BLACK
6
CONTINUOUS
10
4.1771260629921256
20
-2.8127436614173229
11
4.1772184645669288
21
-2.8128940944881888
0
LINE
8
BLACK
6
CONTINUOUS
10
4.1772184645669288
20
-2.8128940944881888
11
4.177378464566929
21
-2.8129687007874016
0
LINE
8
BLACK
6
CONTINUOUS
10
4.177378464566929
20
-2.8129687007874016
11
4.1811279921259841
21
-2.8167182283464567
0
LINE
8
BLACK
6
CONTINUOUS
10
4.1811279921259841
20
-2.8167182283464567
11
4.1816343700787399
21
-2.8174413779527558
0
LINE
8
BLACK
6
CONTINUOUS
10
4.1816343700787399
20
-2.8174413779527558
11
4.1816811023622042
21
-2.8174856299212596
0
LINE
8
BLACK
6
CONTINUOUS
10
4.1816811023622042
20
-2.8174856299212596
11
4.1835558661417318
21
-2.8212351574803147
0
LINE
8
BLACK
6
CONTINUOUS
10
4.1835558661417318
20
-2.8212351574803147
11
4.1837011417322838
21
-2.8217235826771652
0
LINE
8
BLACK
6
CONTINUOUS
10
4.1837011417322838
20
-2.8217235826771652
11
4.183779448818898
21
-2.8218395275590549
0
LINE
8
BLACK
6
CONTINUOUS
10
4.183779448818898
20
-2.8218395275590549
11
4.1856542125984255
21
-2.8293385826771651
0
LINE
8
BLACK
6
CONTINUOUS
10
4.1856542125984255
20
-2.8293385826771651
11
4.1856956692913387
21
-2.8299264566929132
0
LINE
8
BLACK
6
CONTINUOUS
10
4.1856956692913387
20
-2.8299264566929132
11
4.1857423622047243
21
-2.8300547244094489
0
LINE
8
BLACK
6
CONTINUOUS
10
4.1857423622047243
20
-2.8300547244094489
11
4.1857423622047243
21
-2.8356790157480316
0
LINE
8
BLACK
6
CONTINUOUS
10
4.1857423622047243
20
-2.8356790157480316
11
4.1856400000000002
21
-2.8362593700787402
0
LINE
8
BLACK
6
CONTINUOUS
10
4.1856400000000002
20
-2.8362593700787402
11
4.1856542125984255
21
-2.836395157480315
0
LINE
8
BLACK
6
CONTINUOUS
10
4.1856542125984255
20
-2.836395157480315
11
4.183779448818898
21
-2.8438942125984252
0
LINE
8
BLACK
6
CONTINUOUS
10
4.183779448818898
20
-2.8438942125984252
11
4.1835718503937009
21
-2.8443596456692912
0
LINE
8
BLACK
6
CONTINUOUS
10
4.1835718503937009
20
-2.8443596456692912
11
4.1835558661417318
21
-2.8444985826771654
0
LINE
8
BLACK
6
CONTINUOUS
10
4.1835558661417318
20
-2.8444985826771654
11
4.1816811023622042
21
-2.8482481102362205
0
LINE
8
BLACK
6
CONTINUOUS
10
4.1816811023622042
20
-2.8482481102362205
11
4.181155236220472
21
-2.8489570866141731
0
LINE
8
BLACK
6
CONTINUOUS
10
4.181155236220472
20
-2.8489570866141731
11
4.1811280314960628
21
-2.8490154724409447
0
LINE
8
BLACK
6
CONTINUOUS
10
4.1811280314960628
20
-2.8490154724409447
11
4.177378464566929
21
-2.8527650787401573
0
LINE
8
BLACK
6
CONTINUOUS
10
4.177378464566929
20
-2.8527650787401573
11
4.17653842519685
21
-2.8533532677165354
0
LINE
8
BLACK
6
CONTINUOUS
10
4.17653842519685
20
-2.8533532677165354
11
4.1763625590551179
21
-2.8533686220472441
0
LINE
8
BLACK
6
CONTINUOUS
10
4.1763625590551179
20
-2.8533686220472441
11
4.176224291338583
21
-2.8534783858267714
0
LINE
8
BLACK
6
CONTINUOUS
10
4.176224291338583
20
-2.8534783858267714
11
4.1706000000000003
21
-2.8553531496062989
0
LINE
8
BLACK
6
CONTINUOUS
10
4.1706000000000003
20
-2.8553531496062989
11
4.1697268110236223
21
-2.8554825984251968
0
LINE
8
BLACK
6
CONTINUOUS
10
4.1697268110236223
20
-2.8554825984251968
11
4.1696662598425194
21
-2.8555046850393699
0
LINE
8
BLACK
6
CONTINUOUS
10
4.1696662598425194
20
-2.8555046850393699
11
4.1659167322834643
21
-2.8555046850393699
0
LINE
8
BLACK
6
CONTINUOUS
10
4.1659167322834643
20
-2.8555046850393699
11
4.1650473228346456
21
-2.855351377952756
0
LINE
8
BLACK
6
CONTINUOUS
10
4.1650473228346456
20
-2.855351377952756
11
4.1649829527559055
21
-2.8553531496062989
0
LINE
8
BLACK
6
CONTINUOUS
10
4.1649829527559055
20
-2.8553531496062989
11
4.1593587007874016
21
-2.8534783858267714
0
LINE
8
BLACK
6
CONTINUOUS
10
4.1593587007874016
20
-2.8534783858267714
11
4.158456929133858
21
-2.8529900787401572
0
LINE
8
BLACK
6
CONTINUOUS
10
4.158456929133858
20
-2.8529900787401572
11
4.1583644881889761
21
-2.8528396456692913
0
LINE
8
BLACK
6
CONTINUOUS
10
4.1583644881889761
20
-2.8528396456692913
11
4.1582044881889759
21
-2.8527650393700785
0
LINE
8
BLACK
6
CONTINUOUS
10
4.1582044881889759
20
-2.8527650393700785
11
4.1563297244094484
21
-2.8508902362204722
0
LINE
8
BLACK
6
CONTINUOUS
10
4.1563297244094484
20
-2.8508902362204722
11
4.1557415354330711
21
-2.8500501968503937
0
LINE
8
BLACK
6
CONTINUOUS
10
4.1557415354330711
20
-2.8500501968503937
11
4.1555655511811018
21
-2.8480381102362204
0
LINE
8
BLACK
6
CONTINUOUS
10
4.1555655511811018
20
-2.8480381102362204
11
4.1567240551181097
21
-2.8463835826771651
0
LINE
8
BLACK
6
CONTINUOUS
10
4.1567240551181097
20
-2.8463835826771651
11
4.1586750393700784
21
-2.8458608661417322
0
LINE
8
BLACK
6
CONTINUOUS
10
4.1586750393700784
20
-2.8458608661417322
11
4.1605056299212597
21
-2.8467144881889763
0
LINE
8
BLACK
6
CONTINUOUS
10
4.1605056299212597
20
-2.8467144881889763
11
4.1618874803149604
21
-2.8480963779527557
0
LINE
8
BLACK
6
CONTINUOUS
10
4.1618874803149604
20
-2.8480963779527557
11
4.1663958661417322
21
-2.8495991732283463
0
LINE
8
BLACK
6
CONTINUOUS
10
4.1663958661417322
20
-2.8495991732283463
11
4.1691871259842515
21
-2.8495991732283463
0
LINE
8
BLACK
6
CONTINUOUS
10
4.1691871259842515
20
-2.8495991732283463
11
4.1736955118110233
21
-2.848096338582677
0
LINE
8
BLACK
6
CONTINUOUS
10
4.1736955118110233
20
-2.848096338582677
11
4.1766133070866145
21
-2.8451785039370079
0
LINE
8
BLACK
6
CONTINUOUS
10
4.1766133070866145
20
-2.8451785039370079
11
4.1781288188976378
21
-2.8421475196850392
0
LINE
8
BLACK
6
CONTINUOUS
10
4.1781288188976378
20
-2.8421475196850392
11
4.1798368503937011
21
-2.8353154724409446
0
LINE
8
BLACK
6
CONTINUOUS
10
4.1798368503937011
20
-2.8353154724409446
11
4.1798368503937011
21
-2.8304182677165355
0
LINE
8
BLACK
6
CONTINUOUS
10
4.1798368503937011
20
-2.8304182677165355
11
4.1781288188976378
21
-2.8235862204724409
0
LINE
8
BLACK
6
CONTINUOUS
10
4.1781288188976378
20
-2.8235862204724409
11
4.1766133464566932
21
-2.8205552362204722
0
LINE
8
BLACK
6
CONTINUOUS
10
4.1766133464566932
20
-2.8205552362204722
11
4.1736955118110233
21
-2.8176374015748031
0
LINE
8
BLACK
6
CONTINUOUS
10
4.1736955118110233
20
-2.8176374015748031
11
4.1691871259842515
21
-2.8161346062992125
0
LINE
8
BLACK
6
CONTINUOUS
10
4.1691871259842515
20
-2.8161346062992125
11
4.1663958661417322
21
-2.8161346062992125
0
LINE
8
BLACK
6
CONTINUOUS
10
4.1663958661417322
20
-2.8161346062992125
11
4.1618874803149604
21
-2.8176374015748031
0
LINE
8
BLACK
6
CONTINUOUS
10
4.1618874803149604
20
-2.8176374015748031
11
4.160505590551181
21
-2.8190192913385825
0
LINE
8
BLACK
6
CONTINUOUS
10
4.160505590551181
20
-2.8190192913385825
11
4.159665551181102
21
-2.8196074803149607
0
LINE
8
BLACK
6
CONTINUOUS
10
4.159665551181102
20
-2.8196074803149607
11
4.1576534645669287
21
-2.8197835433070866
0
LINE
8
BLACK
6
CONTINUOUS
10
4.1576534645669287
20
-2.8197835433070866
11
4.1559988976377955
21
-2.8186249999999999
0
LINE
8
BLACK
6
CONTINUOUS
10
4.1559988976377955
20
-2.8186249999999999
11
4.1554761811023617
21
-2.81667405511811
0
LINE
8
BLACK
6
CONTINUOUS
10
4.1554761811023617
20
-2.81667405511811
11
4.1563297637795271
21
-2.8148434645669291
0
LINE
8
BLACK
6
CONTINUOUS
10
4.1563297637795271
20
-2.8148434645669291
11
4.1582045275590547
21
-2.8129687007874016
0
LINE
8
BLACK
6
CONTINUOUS
10
4.1582045275590547
20
-2.8129687007874016
11
4.1590445669291336
21
-2.8123805118110234
0
LINE
8
BLACK
6
CONTINUOUS
10
4.1590445669291336
20
-2.8123805118110234
11
4.159220393700787
21
-2.812365118110236
0
LINE
8
BLACK
6
CONTINUOUS
10
4.159220393700787
20
-2.812365118110236
11
4.1593587007874016
21
-2.8122553937007875
0
LINE
8
BLACK
6
CONTINUOUS
10
4.1593587007874016
20
-2.8122553937007875
11
4.1649829527559055
21
-2.8103806299212599
0
LINE
8
BLACK
6
CONTINUOUS
10
4.1649829527559055
20
-2.8103806299212599
11
4.1658561811023622
21
-2.8102511023622045
0
LINE
8
BLACK
6
CONTINUOUS
10
4.1658561811023622
20
-2.8102511023622045
11
4.1659167322834643
21
-2.8102290944881889
0
LINE
8
BLACK
6
CONTINUOUS
10
4.1659167322834643
20
-2.8102290944881889
11
4.1696662598425194
21
-2.8102290944881889
0
LINE
8
BLACK
6
CONTINUOUS
10
4.1696662598425194
20
-2.8102290944881889
11
4.1705356299212601
21
-2.8103823622047241
0
LINE
8
BLACK
6
CONTINUOUS
10
5.5291187007874019
20
-2.8103588188976376
11
5.5292881102362204
21
-2.8103479133858267
0
LINE
8
BLACK
6
CONTINUOUS
10
5.5292881102362204
20
-2.8103479133858267
11
5.5299787007874013
21
-2.8108553543307084
0
LINE
8
BLACK
6
CONTINUOUS
10
5.5299787007874013
20
-2.8108553543307084
11
5.5307208267716534
21
-2.8112838582677164
0
LINE
8
BLACK
6
CONTINUOUS
10
5.5307208267716534
20
-2.8112838582677164
11
5.5307788582677162
21
-2.8114433464566928
0
LINE
8
BLACK
6
CONTINUOUS
10
5.5307788582677162
20
-2.8114433464566928
11
5.5309157480314957
21
-2.8115439370078739
0
LINE
8
BLACK
6
CONTINUOUS
10
5.5309157480314957
20
-2.8115439370078739
11
5.5345030708661413
21
-2.8169249606299211
0
LINE
8
BLACK
6
CONTINUOUS
10
5.5345030708661413
20
-2.8169249606299211
11
5.5377070472440941
21
-2.8201289370078739
0
LINE
8
BLACK
6
CONTINUOUS
10
5.5377070472440941
20
-2.8201289370078739
11
5.5410279921259837
21
-2.8217894094488187
0
LINE
8
BLACK
6
CONTINUOUS
10
5.5410279921259837
20
-2.8217894094488187
11
5.5418516535433069
21
-2.82240031496063
0
LINE
8
BLACK
6
CONTINUOUS
10
5.5418516535433069
20
-2.82240031496063
11
5.5426549212598424
21
-2.8242535039370078
0
LINE
8
BLACK
6
CONTINUOUS
10
5.5426549212598424
20
-2.8242535039370078
11
5.5420790551181103
21
-2.8261895275590549
0
LINE
8
BLACK
6
CONTINUOUS
10
5.5420790551181103
20
-2.8261895275590549
11
5.5403935039370076
21
-2.8273023622047244
0
LINE
8
BLACK
6
CONTINUOUS
10
5.5403935039370076
20
-2.8273023622047244
11
5.5383869685039366
21
-2.8270714566929134
0
LINE
8
BLACK
6
CONTINUOUS
10
5.5383869685039366
20
-2.8270714566929134
11
5.5346374409448815
21
-2.8251966929133858
0
LINE
8
BLACK
6
CONTINUOUS
10
5.5346374409448815
20
-2.8251966929133858
11
5.5339283464566931
21
-2.8246707480314961
0
LINE
8
BLACK
6
CONTINUOUS
10
5.5339283464566931
20
-2.8246707480314961
11
5.533870039370079
21
-2.8246435826771652
0
LINE
8
BLACK
6
CONTINUOUS
10
5.533870039370079
20
-2.8246435826771652
11
5.5314116535433069
21
-2.8221851968503935
0
LINE
8
BLACK
6
CONTINUOUS
10
5.5314116535433069
20
-2.8221851968503935
11
5.5314116535433069
21
-2.8495991732283463
0
LINE
8
BLACK
6
CONTINUOUS
10
5.5314116535433069
20
-2.8495991732283463
11
5.5397074803149602
21
-2.8495991732283463
0
LINE
8
BLACK
6
CONTINUOUS
10
5.5397074803149602
20
-2.8495991732283463
11
5.5407174015748026
21
-2.8497772440944882
0
LINE
8
BLACK
6
CONTINUOUS
10
5.5407174015748026
20
-2.8497772440944882
11
5.5422646456692908
21
-2.8510755511811023
0
LINE
8
BLACK
6
CONTINUOUS
10
5.5422646456692908
20
-2.8510755511811023
11
5.5426153937007872
21
-2.8530646850393699
0
LINE
8
BLACK
6
CONTINUOUS
10
5.5426153937007872
20
-2.8530646850393699
11
5.5416054724409447
21
-2.8548138582677165
0
LINE
8
BLACK
6
CONTINUOUS
10
5.5416054724409447
20
-2.8548138582677165
11
5.5397074803149602
21
-2.8555046850393699
0
LINE
8
BLACK
6
CONTINUOUS
10
5.5397074803149602
20
-2.8555046850393699
11
5.5172103149606295
21
-2.8555046850393699
0
LINE
8
BLACK
6
CONTINUOUS
10
5.5172103149606295
20
-2.8555046850393699
11
5.5162003937007871
21
-2.8553266141732281
0
LINE
8
BLACK
6
CONTINUOUS
10
5.5162003937007871
20
-2.8553266141732281
11
5.5146531496062989
21
-2.8540283070866139
0
LINE
8
BLACK
6
CONTINUOUS
10
5.5146531496062989
20
-2.8540283070866139
11
5.5143024015748034
21
-2.8520391732283463
0
LINE
8
BLACK
6
CONTINUOUS
10
5.5143024015748034
20
-2.8520391732283463
11
5.5153123228346459
21
-2.8502899999999998
0
LINE
8
BLACK
6
CONTINUOUS
10
5.5153123228346459
20
-2.8502899999999998
11
5.5172103149606295
21
-2.8495991732283463
0
LINE
8
BLACK
6
CONTINUOUS
10
5.5172103149606295
20
-2.8495991732283463
11
5.5255061417322837
21
-2.8495991732283463
0
LINE
8
BLACK
6
CONTINUOUS
10
5.5255061417322837
20
-2.8495991732283463
11
5.5255061417322837
21
-2.8131818503937009
0
LINE
8
BLACK
6
CONTINUOUS
10
5.5255061417322837
20
-2.8131818503937009
11
5.5256842125984251
21
-2.8121719291338581
0
LINE
8
BLACK
6
CONTINUOUS
10
5.5256842125984251
20
-2.8121719291338581
11
5.5257933070866141
21
-2.8120418503937006
0
LINE
8
BLACK
6
CONTINUOUS
10
5.5257933070866141
20
-2.8120418503937006
11
5.5258120078740154
21
-2.8118731102362204
0
LINE
8
BLACK
6
CONTINUOUS
10
5.5258120078740154
20
-2.8118731102362204
11
5.5264316141732284
21
-2.8112811811023621
0
LINE
8
BLACK
6
CONTINUOUS
10
5.5264316141732284
20
-2.8112811811023621
11
5.5269825196850393
21
-2.8106246850393699
0
LINE
8
BLACK
6
CONTINUOUS
10
5.5269825196850393
20
-2.8106246850393699
11
5.5271497244094485
21
-2.8105951968503935
0
LINE
8
BLACK
6
CONTINUOUS
10
5.5271497244094485
20
-2.8105951968503935
11
5.527272519685039
21
-2.8104779133858266
0
LINE
8
BLACK
6
CONTINUOUS
10
5.527272519685039
20
-2.8104779133858266
11
5.5281276377952757
21
-2.8104227559055119
0
LINE
8
BLACK
6
CONTINUOUS
10
5.5281276377952757
20
-2.8104227559055119
11
5.5289716535433069
21
-2.810273937007874
0
LINE
8
BLACK
6
CONTINUOUS
10
5.5289716535433069
20
-2.810273937007874
11
5.5291187007874019
21
-2.8103588188976376
0
LINE
8
BLACK
6
CONTINUOUS
10
5.5688388976377947
20
-2.8104071653543308
11
5.5689741338582675
21
-2.8105206299212599
0
LINE
8
BLACK
6
CONTINUOUS
10
5.5689741338582675
20
-2.8105206299212599
11
5.5691494881889758
21
-2.8105408267716534
0
LINE
8
BLACK
6
CONTINUOUS
10
5.5691494881889758
20
-2.8105408267716534
11
5.5728990157480309
21
-2.812415590551181
0
LINE
8
BLACK
6
CONTINUOUS
10
5.5728990157480309
20
-2.812415590551181
11
5.5736080708661415
21
-2.8129414960629919
0
LINE
8
BLACK
6
CONTINUOUS
10
5.5736080708661415
20
-2.8129414960629919
11
5.5736664173228343
21
-2.8129687007874016
0
LINE
8
BLACK
6
CONTINUOUS
10
5.5736664173228343
20
-2.8129687007874016
11
5.5755411811023619
21
-2.8148434645669291
0
LINE
8
BLACK
6
CONTINUOUS
10
5.5755411811023619
20
-2.8148434645669291
11
5.5760474409448815
21
-2.8155665354330708
0
LINE
8
BLACK
6
CONTINUOUS
10
5.5760474409448815
20
-2.8155665354330708
11
5.5760942913385829
21
-2.8156108661417321
0
LINE
8
BLACK
6
CONTINUOUS
10
5.5760942913385829
20
-2.8156108661417321
11
5.5779690551181105
21
-2.8193603937007872
0
LINE
8
BLACK
6
CONTINUOUS
10
5.5779690551181105
20
-2.8193603937007872
11
5.5781143307086616
21
-2.8198488188976376
0
LINE
8
BLACK
6
CONTINUOUS
10
5.5781143307086616
20
-2.8198488188976376
11
5.5781926377952757
21
-2.8199647637795273
0
LINE
8
BLACK
6
CONTINUOUS
10
5.5781926377952757
20
-2.8199647637795273
11
5.5800674015748033
21
-2.8274638188976375
0
LINE
8
BLACK
6
CONTINUOUS
10
5.5800674015748033
20
-2.8274638188976375
11
5.5801088582677165
21
-2.8280516929133857
0
LINE
8
BLACK
6
CONTINUOUS
10
5.5801088582677165
20
-2.8280516929133857
11
5.5801555511811021
21
-2.8281799606299214
0
LINE
8
BLACK
6
CONTINUOUS
10
5.5801555511811021
20
-2.8281799606299214
11
5.5801555511811021
21
-2.8375537795275592
0
LINE
8
BLACK
6
CONTINUOUS
10
5.5801555511811021
20
-2.8375537795275592
11
5.580053188976378
21
-2.8381341338582677
0
LINE
8
BLACK
6
CONTINUOUS
10
5.580053188976378
20
-2.8381341338582677
11
5.5800674015748033
21
-2.8382699212598426
0
LINE
8
BLACK
6
CONTINUOUS
10
5.5800674015748033
20
-2.8382699212598426
11
5.5781926377952757
21
-2.8457689763779528
0
LINE
8
BLACK
6
CONTINUOUS
10
5.5781926377952757
20
-2.8457689763779528
11
5.5779850393700787
21
-2.8462344094488188
0
LINE
8
BLACK
6
CONTINUOUS
10
5.5779850393700787
20
-2.8462344094488188
11
5.5779690551181105
21
-2.8463733464566929
0
LINE
8
BLACK
6
CONTINUOUS
10
5.5779690551181105
20
-2.8463733464566929
11
5.5760942913385829
21
-2.850122874015748
0
LINE
8
BLACK
6
CONTINUOUS
10
5.5760942913385829
20
-2.850122874015748
11
5.5755683464566932
21
-2.8508319291338582
0
LINE
8
BLACK
6
CONTINUOUS
10
5.5755683464566932
20
-2.8508319291338582
11
5.5755411811023619
21
-2.850890275590551
0
LINE
8
BLACK
6
CONTINUOUS
10
5.5755411811023619
20
-2.850890275590551
11
5.5736664566929131
21
-2.8527650393700785
0
LINE
8
BLACK
6
CONTINUOUS
10
5.5736664566929131
20
-2.8527650393700785
11
5.5729432677165356
21
-2.8532714173228344
0
LINE
8
BLACK
6
CONTINUOUS
10
5.5729432677165356
20
-2.8532714173228344
11
5.5728990157480309
21
-2.8533181889763779
0
LINE
8
BLACK
6
CONTINUOUS
10
5.5728990157480309
20
-2.8533181889763779
11
5.5691494881889758
21
-2.8551929527559055
0
LINE
8
BLACK
6
CONTINUOUS
10
5.5691494881889758
20
-2.8551929527559055
11
5.5681665354330709
21
-2.8554853149606299
0
LINE
8
BLACK
6
CONTINUOUS
10
5.5681665354330709
20
-2.8554853149606299
11
5.5679948425196848
21
-2.8554442913385825
0
LINE
8
BLACK
6
CONTINUOUS
10
5.5679948425196848
20
-2.8554442913385825
11
5.5678289763779523
21
-2.8555046850393699
0
LINE
8
BLACK
6
CONTINUOUS
10
5.5678289763779523
20
-2.8555046850393699
11
5.5640794488188972
21
-2.8555046850393699
0
LINE
8
BLACK
6
CONTINUOUS
10
5.5640794488188972
20
-2.8555046850393699
11
5.5630695275590547
21
-2.8553266141732281
0
LINE
8
BLACK
6
CONTINUOUS
10
5.5630695275590547
20
-2.8553266141732281
11
5.5629342519685041
21
-2.8552131102362206
0
LINE
8
BLACK
6
CONTINUOUS
10
5.5629342519685041
20
-2.8552131102362206
11
5.5627589370078736
21
-2.8551929527559055
0
LINE
8
BLACK
6
CONTINUOUS
10
5.5627589370078736
20
-2.8551929527559055
11
5.5590094094488185
21
-2.8533181889763779
0
LINE
8
BLACK
6
CONTINUOUS
10
5.5590094094488185
20
-2.8533181889763779
11
5.5583002755905513
21
-2.8527922047244094
0
LINE
8
BLACK
6
CONTINUOUS
10
5.5583002755905513
20
-2.8527922047244094
11
5.5582419685039373
21
-2.8527650393700785
0
LINE
8
BLACK
6
CONTINUOUS
10
5.5582419685039373
20
-2.8527650393700785
11
5.5563672047244097
21
-2.8508902362204722
0
LINE
8
BLACK
6
CONTINUOUS
10
5.5563672047244097
20
-2.8508902362204722
11
5.5558609055118113
21
-2.8501671653543306
0
LINE
8
BLACK
6
CONTINUOUS
10
5.5558609055118113
20
-2.8501671653543306
11
5.5558141338582674
21
-2.850122874015748
0
LINE
8
BLACK
6
CONTINUOUS
10
5.5558141338582674
20
-2.850122874015748
11
5.5539393700787398
21
-2.8463733464566929
0
LINE
8
BLACK
6
CONTINUOUS
10
5.5539393700787398
20
-2.8463733464566929
11
5.55379405511811
21
-2.8458848818897637
0
LINE
8
BLACK
6
CONTINUOUS
10
5.55379405511811
20
-2.8458848818897637
11
5.5537157874015746
21
-2.8457689763779528
0
LINE
8
BLACK
6
CONTINUOUS
10
5.5537157874015746
20
-2.8457689763779528
11
5.551841023622047
21
-2.8382699212598426
0
LINE
8
BLACK
6
CONTINUOUS
10
5.551841023622047
20
-2.8382699212598426
11
5.551799527559055
21
-2.8376820078740157
0
LINE
8
BLACK
6
CONTINUOUS
10
5.551799527559055
20
-2.8376820078740157
11
5.5517528740157482
21
-2.8375537795275592
0
LINE
8
BLACK
6
CONTINUOUS
10
5.5517528740157482
20
-2.8375537795275592
11
5.5517528740157482
21
-2.8281799606299214
0
LINE
8
BLACK
6
CONTINUOUS
10
5.5517528740157482
20
-2.8281799606299214
11
5.5518551968503935
21
-2.8275995669291336
0
LINE
8
BLACK
6
CONTINUOUS
10
5.5518551968503935
20
-2.8275995669291336
11
5.551841023622047
21
-2.8274638188976375
0
LINE
8
BLACK
6
CONTINUOUS
10
5.551841023622047
20
-2.8274638188976375
11
5.5537157874015746
21
-2.8199647637795273
0
LINE
8
BLACK
6
CONTINUOUS
10
5.5537157874015746
20
-2.8199647637795273
11
5.5539233464566928
21
-2.8194992913385826
0
LINE
8
BLACK
6
CONTINUOUS
10
5.5539233464566928
20
-2.8194992913385826
11
5.5539393700787398
21
-2.8193603937007872
0
LINE
8
BLACK
6
CONTINUOUS
10
5.5539393700787398
20
-2.8193603937007872
11
5.5558141338582674
21
-2.8156108661417321
0
LINE
8
BLACK
6
CONTINUOUS
10
5.5558141338582674
20
-2.8156108661417321
11
5.5563400393700784
21
-2.8149017716535432
0
LINE
8
BLACK
6
CONTINUOUS
10
5.5563400393700784
20
-2.8149017716535432
11
5.5563672440944885
21
-2.8148434645669291
0
LINE
8
BLACK
6
CONTINUOUS
10
5.5563672440944885
20
-2.8148434645669291
11
5.558242007874016
21
-2.8129687007874016
0
LINE
8
BLACK
6
CONTINUOUS
10
5.558242007874016
20
-2.8129687007874016
11
5.5589650787401572
21
-2.8124624015748032
0
LINE
8
BLACK
6
CONTINUOUS
10
5.5589650787401572
20
-2.8124624015748032
11
5.5590094094488185
21
-2.812415590551181
0
LINE
8
BLACK
6
CONTINUOUS
10
5.5590094094488185
20
-2.812415590551181
11
5.5627589370078736
21
-2.8105408267716534
0
LINE
8
BLACK
6
CONTINUOUS
10
5.5627589370078736
20
-2.8105408267716534
11
5.5637418503937006
21
-2.810248464566929
0
LINE
8
BLACK
6
CONTINUOUS
10
5.5637418503937006
20
-2.810248464566929
11
5.5639135433070868
21
-2.8102894488188976
0
LINE
8
BLACK
6
CONTINUOUS
10
5.5639135433070868
20
-2.8102894488188976
11
5.5640794488188972
21
-2.8102290944881889
0
LINE
8
BLACK
6
CONTINUOUS
10
5.5640794488188972
20
-2.8102290944881889
11
5.5678289763779523
21
-2.8102290944881889
0
LINE
8
BLACK
6
CONTINUOUS
10
5.5678289763779523
20
-2.8102290944881889
11
5.5688388976377947
21
-2.8104071653543308
0
LINE
8
BLACK
6
CONTINUOUS
10
5.5620790157480311
20
-2.8174833464566928
11
5.5608818897637793
21
-2.8186804724409447
0
LINE
8
BLACK
6
CONTINUOUS
10
5.5608818897637793
20
-2.8186804724409447
11
5.559366377952756
21
-2.8217114566929133
0
LINE
8
BLACK
6
CONTINUOUS
10
5.559366377952756
20
-2.8217114566929133
11
5.5576583858267714
21
-2.8285435039370079
0
LINE
8
BLACK
6
CONTINUOUS
10
5.5576583858267714
20
-2.8285435039370079
11
5.5576583858267714
21
-2.8371902362204722
0
LINE
8
BLACK
6
CONTINUOUS
10
5.5576583858267714
20
-2.8371902362204722
11
5.559366377952756
21
-2.8440222834645668
0
LINE
8
BLACK
6
CONTINUOUS
10
5.559366377952756
20
-2.8440222834645668
11
5.5608818897637793
21
-2.8470532677165354
0
LINE
8
BLACK
6
CONTINUOUS
10
5.5608818897637793
20
-2.8470532677165354
11
5.5620790157480311
21
-2.848250433070866
0
LINE
8
BLACK
6
CONTINUOUS
10
5.5620790157480311
20
-2.848250433070866
11
5.5647764960629917
21
-2.8495991732283463
0
LINE
8
BLACK
6
CONTINUOUS
10
5.5647764960629917
20
-2.8495991732283463
11
5.5671319291338586
21
-2.8495991732283463
0
LINE
8
BLACK
6
CONTINUOUS
10
5.5671319291338586
20
-2.8495991732283463
11
5.5698293700787405
21
-2.848250433070866
0
LINE
8
BLACK
6
CONTINUOUS
10
5.5698293700787405
20
-2.848250433070866
11
5.5710264960629923
21
-2.8470532677165354
0
LINE
8
BLACK
6
CONTINUOUS
10
5.5710264960629923
20
-2.8470532677165354
11
5.5725420078740155
21
-2.8440222834645668
0
LINE
8
BLACK
6
CONTINUOUS
10
5.5725420078740155
20
-2.8440222834645668
11
5.5742500393700789
21
-2.8371902362204722
0
LINE
8
BLACK
6
CONTINUOUS
10
5.5742500393700789
20
-2.8371902362204722
11
5.5742500393700789
21
-2.8285435039370079
0
LINE
8
BLACK
6
CONTINUOUS
10
5.5742500393700789
20
-2.8285435039370079
11
5.5725420078740155
21
-2.8217114566929133
0
LINE
8
BLACK
6
CONTINUOUS
10
5.5725420078740155
20
-2.8217114566929133
11
5.571026535433071
21
-2.8186804724409447
0
LINE
8
BLACK
6
CONTINUOUS
10
5.571026535433071
20
-2.8186804724409447
11
5.5698294094488192
21
-2.8174833464566928
0
LINE
8
BLACK
6
CONTINUOUS
10
5.5698294094488192
20
-2.8174833464566928
11
5.5671319291338586
21
-2.8161346062992125
0
LINE
8
BLACK
6
CONTINUOUS
10
5.5671319291338586
20
-2.8161346062992125
11
5.5647764960629917
21
-2.8161346062992125
0
LINE
8
BLACK
6
CONTINUOUS
10
5.5647764960629917
20
-2.8161346062992125
11
5.5620790157480311
21
-2.8174833464566928
0
LINE
8
BLACK
6
CONTINUOUS
10
5.6416046456692914
20
-2.8103588188976376
11
5.6417740551181099
21
-2.8103479133858267
0
LINE
8
BLACK
6
CONTINUOUS
10
5.6417740551181099
20
-2.8103479133858267
11
5.6424646456692908
21
-2.8108553543307084
0
LINE
8
BLACK
6
CONTINUOUS
10
5.6424646456692908
20
-2.8108553543307084
11
5.643206771653543
21
-2.8112838582677164
0
LINE
8
BLACK
6
CONTINUOUS
10
5.643206771653543
20
-2.8112838582677164
11
5.6432648031496058
21
-2.8114433464566928
0
LINE
8
BLACK
6
CONTINUOUS
10
5.6432648031496058
20
-2.8114433464566928
11
5.6434016929133861
21
-2.8115439370078739
0
LINE
8
BLACK
6
CONTINUOUS
10
5.6434016929133861
20
-2.8115439370078739
11
5.6469890157480318
21
-2.8169249606299211
0
LINE
8
BLACK
6
CONTINUOUS
10
5.6469890157480318
20
-2.8169249606299211
11
5.6501929921259837
21
-2.8201289370078739
0
LINE
8
BLACK
6
CONTINUOUS
10
5.6501929921259837
20
-2.8201289370078739
11
5.6535139370078742
21
-2.8217894094488187
0
LINE
8
BLACK
6
CONTINUOUS
10
5.6535139370078742
20
-2.8217894094488187
11
5.6543375984251965
21
-2.82240031496063
0
LINE
8
BLACK
6
CONTINUOUS
10
5.6543375984251965
20
-2.82240031496063
11
5.6551408661417319
21
-2.8242535039370078
0
LINE
8
BLACK
6
CONTINUOUS
10
5.6551408661417319
20
-2.8242535039370078
11
5.6545649999999998
21
-2.8261895275590549
0
LINE
8
BLACK
6
CONTINUOUS
10
5.6545649999999998
20
-2.8261895275590549
11
5.6528794488188971
21
-2.8273023622047244
0
LINE
8
BLACK
6
CONTINUOUS
10
5.6528794488188971
20
-2.8273023622047244
11
5.6508729133858262
21
-2.8270714566929134
0
LINE
8
BLACK
6
CONTINUOUS
10
5.6508729133858262
20
-2.8270714566929134
11
5.6471233858267711
21
-2.8251966929133858
0
LINE
8
BLACK
6
CONTINUOUS
10
5.6471233858267711
20
-2.8251966929133858
11
5.6464142913385826
21
-2.8246707480314961
0
LINE
8
BLACK
6
CONTINUOUS
10
5.6464142913385826
20
-2.8246707480314961
11
5.6463559842519686
21
-2.8246435826771652
0
LINE
8
BLACK
6
CONTINUOUS
10
5.6463559842519686
20
-2.8246435826771652
11
5.6438975984251964
21
-2.8221851968503935
0
LINE
8
BLACK
6
CONTINUOUS
10
5.6438975984251964
20
-2.8221851968503935
11
5.6438975984251964
21
-2.8495991732283463
0
LINE
8
BLACK
6
CONTINUOUS
10
5.6438975984251964
20
-2.8495991732283463
11
5.6521934251968506
21
-2.8495991732283463
0
LINE
8
BLACK
6
CONTINUOUS
10
5.6521934251968506
20
-2.8495991732283463
11
5.6532033464566931
21
-2.8497772440944882
0
LINE
8
BLACK
6
CONTINUOUS
10
5.6532033464566931
20
-2.8497772440944882
11
5.6547505905511812
21
-2.8510755511811023
0
LINE
8
BLACK
6
CONTINUOUS
10
5.6547505905511812
20
-2.8510755511811023
11
5.6551013385826767
21
-2.8530646850393699
0
LINE
8
BLACK
6
CONTINUOUS
10
5.6551013385826767
20
-2.8530646850393699
11
5.6540914173228343
21
-2.8548138582677165
0
LINE
8
BLACK
6
CONTINUOUS
10
5.6540914173228343
20
-2.8548138582677165
11
5.6521934251968506
21
-2.8555046850393699
0
LINE
8
BLACK
6
CONTINUOUS
10
5.6521934251968506
20
-2.8555046850393699
11
5.62969625984252
21
-2.8555046850393699
0
LINE
8
BLACK
6
CONTINUOUS
10
5.62969625984252
20
-2.8555046850393699
11
5.6286863385826766
21
-2.8553266141732281
0
LINE
8
BLACK
6
CONTINUOUS
10
5.6286863385826766
20
-2.8553266141732281
11
5.6271390944881885
21
-2.8540283070866139
0
LINE
8
BLACK
6
CONTINUOUS
10
5.6271390944881885
20
-2.8540283070866139
11
5.626788346456693
21
-2.8520391732283463
0
LINE
8
BLACK
6
CONTINUOUS
10
5.626788346456693
20
-2.8520391732283463
11
5.6277982677165355
21
-2.8502899999999998
0
LINE
8
BLACK
6
CONTINUOUS
10
5.6277982677165355
20
-2.8502899999999998
11
5.62969625984252
21
-2.8495991732283463
0
LINE
8
BLACK
6
CONTINUOUS
10
5.62969625984252
20
-2.8495991732283463
11
5.6379920866141733
21
-2.8495991732283463
0
LINE
8
BLACK
6
CONTINUOUS
10
5.6379920866141733
20
-2.8495991732283463
11
5.6379920866141733
21
-2.8131818503937009
0
LINE
8
BLACK
6
CONTINUOUS
10
5.6379920866141733
20
-2.8131818503937009
11
5.6381701574803147
21
-2.8121719291338581
0
LINE
8
BLACK
6
CONTINUOUS
10
5.6381701574803147
20
-2.8121719291338581
11
5.6382792519685037
21
-2.8120418503937006
0
LINE
8
BLACK
6
CONTINUOUS
10
5.6382792519685037
20
-2.8120418503937006
11
5.638297952755905
21
-2.8118731102362204
0
LINE
8
BLACK
6
CONTINUOUS
10
5.638297952755905
20
-2.8118731102362204
11
5.6389175590551179
21
-2.8112811811023621
0
LINE
8
BLACK
6
CONTINUOUS
10
5.6389175590551179
20
-2.8112811811023621
11
5.6394684645669289
21
-2.8106246850393699
0
LINE
8
BLACK
6
CONTINUOUS
10
5.6394684645669289
20
-2.8106246850393699
11
5.6396356692913381
21
-2.8105951968503935
0
LINE
8
BLACK
6
CONTINUOUS
10
5.6396356692913381
20
-2.8105951968503935
11
5.6397584645669294
21
-2.8104779133858266
0
LINE
8
BLACK
6
CONTINUOUS
10
5.6397584645669294
20
-2.8104779133858266
11
5.6406135826771653
21
-2.8104227559055119
0
LINE
8
BLACK
6
CONTINUOUS
10
5.6406135826771653
20
-2.8104227559055119
11
5.6414575984251965
21
-2.810273937007874
0
LINE
8
BLACK
6
CONTINUOUS
10
5.6414575984251965
20
-2.810273937007874
11
5.6416046456692914
21
-2.8103588188976376
0
LINE
8
BLACK
6
CONTINUOUS
10
5.6813248425196852
20
-2.8104071653543308
11
5.681460078740157
21
-2.8105206299212599
0
LINE
8
BLACK
6
CONTINUOUS
10
5.681460078740157
20
-2.8105206299212599
11
5.6816354330708663
21
-2.8105408267716534
0
LINE
8
BLACK
6
CONTINUOUS
10
5.6816354330708663
20
-2.8105408267716534
11
5.6853849606299214
21
-2.812415590551181
0
LINE
8
BLACK
6
CONTINUOUS
10
5.6853849606299214
20
-2.812415590551181
11
5.6860940157480311
21
-2.8129414960629919
0
LINE
8
BLACK
6
CONTINUOUS
10
5.6860940157480311
20
-2.8129414960629919
11
5.6861523622047239
21
-2.8129687007874016
0
LINE
8
BLACK
6
CONTINUOUS
10
5.6861523622047239
20
-2.8129687007874016
11
5.6880271259842514
21
-2.8148434645669291
0
LINE
8
BLACK
6
CONTINUOUS
10
5.6880271259842514
20
-2.8148434645669291
11
5.6885333858267719
21
-2.8155665354330708
0
LINE
8
BLACK
6
CONTINUOUS
10
5.6885333858267719
20
-2.8155665354330708
11
5.6885802362204725
21
-2.8156108661417321
0
LINE
8
BLACK
6
CONTINUOUS
10
5.6885802362204725
20
-2.8156108661417321
11
5.690455
21
-2.8193603937007872
0
LINE
8
BLACK
6
CONTINUOUS
10
5.690455
20
-2.8193603937007872
11
5.6906002755905511
21
-2.8198488188976376
0
LINE
8
BLACK
6
CONTINUOUS
10
5.6906002755905511
20
-2.8198488188976376
11
5.6906785826771653
21
-2.8199647637795273
0
LINE
8
BLACK
6
CONTINUOUS
10
5.6906785826771653
20
-2.8199647637795273
11
5.6925533464566929
21
-2.8274638188976375
0
LINE
8
BLACK
6
CONTINUOUS
10
5.6925533464566929
20
-2.8274638188976375
11
5.6925948031496061
21
-2.8280516929133857
0
LINE
8
BLACK
6
CONTINUOUS
10
5.6925948031496061
20
-2.8280516929133857
11
5.6926414960629916
21
-2.8281799606299214
0
LINE
8
BLACK
6
CONTINUOUS
10
5.6926414960629916
20
-2.8281799606299214
11
5.6926414960629916
21
-2.8375537795275592
0
LINE
8
BLACK
6
CONTINUOUS
10
5.6926414960629916
20
-2.8375537795275592
11
5.6925391338582676
21
-2.8381341338582677
0
LINE
8
BLACK
6
CONTINUOUS
10
5.6925391338582676
20
-2.8381341338582677
11
5.6925533464566929
21
-2.8382699212598426
0
LINE
8
BLACK
6
CONTINUOUS
10
5.6925533464566929
20
-2.8382699212598426
11
5.6906785826771653
21
-2.8457689763779528
0
LINE
8
BLACK
6
CONTINUOUS
10
5.6906785826771653
20
-2.8457689763779528
11
5.6904709842519683
21
-2.8462344094488188
0
LINE
8
BLACK
6
CONTINUOUS
10
5.6904709842519683
20
-2.8462344094488188
11
5.690455
21
-2.8463733464566929
0
LINE
8
BLACK
6
CONTINUOUS
10
5.690455
20
-2.8463733464566929
11
5.6885802362204725
21
-2.850122874015748
0
LINE
8
BLACK
6
CONTINUOUS
10
5.6885802362204725
20
-2.850122874015748
11
5.6880542913385828
21
-2.8508319291338582
0
LINE
8
BLACK
6
CONTINUOUS
10
5.6880542913385828
20
-2.8508319291338582
11
5.6880271259842514
21
-2.850890275590551
0
LINE
8
BLACK
6
CONTINUOUS
10
5.6880271259842514
20
-2.850890275590551
11
5.6861524015748026
21
-2.8527650393700785
0
LINE
8
BLACK
6
CONTINUOUS
10
5.6861524015748026
20
-2.8527650393700785
11
5.6854292125984252
21
-2.8532714173228344
0
LINE
8
BLACK
6
CONTINUOUS
10
5.6854292125984252
20
-2.8532714173228344
11
5.6853849606299214
21
-2.8533181889763779
0
LINE
8
BLACK
6
CONTINUOUS
10
5.6853849606299214
20
-2.8533181889763779
11
5.6816354330708663
21
-2.8551929527559055
0
LINE
8
BLACK
6
CONTINUOUS
10
5.6816354330708663
20
-2.8551929527559055
11
5.6806524803149605
21
-2.8554853149606299
0
LINE
8
BLACK
6
CONTINUOUS
10
5.6806524803149605
20
-2.8554853149606299
11
5.6804807874015744
21
-2.8554442913385825
0
LINE
8
BLACK
6
CONTINUOUS
10
5.6804807874015744
20
-2.8554442913385825
11
5.6803149212598427
21
-2.8555046850393699
0
LINE
8
BLACK
6
CONTINUOUS
10
5.6803149212598427
20
-2.8555046850393699
11
5.6765653937007876
21
-2.8555046850393699
0
LINE
8
BLACK
6
CONTINUOUS
10
5.6765653937007876
20
-2.8555046850393699
11
5.6755554724409452
21
-2.8553266141732281
0
LINE
8
BLACK
6
CONTINUOUS
10
5.6755554724409452
20
-2.8553266141732281
11
5.6754201968503937
21
-2.8552131102362206
0
LINE
8
BLACK
6
CONTINUOUS
10
5.6754201968503937
20
-2.8552131102362206
11
5.6752448818897641
21
-2.8551929527559055
0
LINE
8
BLACK
6
CONTINUOUS
10
5.6752448818897641
20
-2.8551929527559055
11
5.6714953543307089
21
-2.8533181889763779
0
LINE
8
BLACK
6
CONTINUOUS
10
5.6714953543307089
20
-2.8533181889763779
11
5.6707862204724409
21
-2.8527922047244094
0
LINE
8
BLACK
6
CONTINUOUS
10
5.6707862204724409
20
-2.8527922047244094
11
5.6707279133858268
21
-2.8527650393700785
0
LINE
8
BLACK
6
CONTINUOUS
10
5.6707279133858268
20
-2.8527650393700785
11
5.6688531496062993
21
-2.8508902362204722
0
LINE
8
BLACK
6
CONTINUOUS
10
5.6688531496062993
20
-2.8508902362204722
11
5.6683468503937009
21
-2.8501671653543306
0
LINE
8
BLACK
6
CONTINUOUS
10
5.6683468503937009
20
-2.8501671653543306
11
5.668300078740157
21
-2.850122874015748
0
LINE
8
BLACK
6
CONTINUOUS
10
5.668300078740157
20
-2.850122874015748
11
5.6664253149606294
21
-2.8463733464566929
0
LINE
8
BLACK
6
CONTINUOUS
10
5.6664253149606294
20
-2.8463733464566929
11
5.6662799999999995
21
-2.8458848818897637
0
LINE
8
BLACK
6
CONTINUOUS
10
5.6662799999999995
20
-2.8458848818897637
11
5.6662017322834641
21
-2.8457689763779528
0
LINE
8
BLACK
6
CONTINUOUS
10
5.6662017322834641
20
-2.8457689763779528
11
5.6643269685039366
21
-2.8382699212598426
0
LINE
8
BLACK
6
CONTINUOUS
10
5.6643269685039366
20
-2.8382699212598426
11
5.6642854724409446
21
-2.8376820078740157
0
LINE
8
BLACK
6
CONTINUOUS
10
5.6642854724409446
20
-2.8376820078740157
11
5.6642388188976378
21
-2.8375537795275592
0
LINE
8
BLACK
6
CONTINUOUS
10
5.6642388188976378
20
-2.8375537795275592
11
5.6642388188976378
21
-2.8281799606299214
0
LINE
8
BLACK
6
CONTINUOUS
10
5.6642388188976378
20
-2.8281799606299214
11
5.6643411417322831
21
-2.8275995669291336
0
LINE
8
BLACK
6
CONTINUOUS
10
5.6643411417322831
20
-2.8275995669291336
11
5.6643269685039366
21
-2.8274638188976375
0
LINE
8
BLACK
6
CONTINUOUS
10
5.6643269685039366
20
-2.8274638188976375
11
5.6662017322834641
21
-2.8199647637795273
0
LINE
8
BLACK
6
CONTINUOUS
10
5.6662017322834641
20
-2.8199647637795273
11
5.6664092913385824
21
-2.8194992913385826
0
LINE
8
BLACK
6
CONTINUOUS
10
5.6664092913385824
20
-2.8194992913385826
11
5.6664253149606294
21
-2.8193603937007872
0
LINE
8
BLACK
6
CONTINUOUS
10
5.6664253149606294
20
-2.8193603937007872
11
5.668300078740157
21
-2.8156108661417321
0
LINE
8
BLACK
6
CONTINUOUS
10
5.668300078740157
20
-2.8156108661417321
11
5.6688259842519679
21
-2.8149017716535432
0
LINE
8
BLACK
6
CONTINUOUS
10
5.6688259842519679
20
-2.8149017716535432
11
5.668853188976378
21
-2.8148434645669291
0
LINE
8
BLACK
6
CONTINUOUS
10
5.668853188976378
20
-2.8148434645669291
11
5.6707279527559056
21
-2.8129687007874016
0
LINE
8
BLACK
6
CONTINUOUS
10
5.6707279527559056
20
-2.8129687007874016
11
5.6714510236220468
21
-2.8124624015748032
0
LINE
8
BLACK
6
CONTINUOUS
10
5.6714510236220468
20
-2.8124624015748032
11
5.6714953543307089
21
-2.812415590551181
0
LINE
8
BLACK
6
CONTINUOUS
10
5.6714953543307089
20
-2.812415590551181
11
5.6752448818897641
21
-2.8105408267716534
0
LINE
8
BLACK
6
CONTINUOUS
10
5.6752448818897641
20
-2.8105408267716534
11
5.6762277952755902
21
-2.810248464566929
0
LINE
8
BLACK
6
CONTINUOUS
10
5.6762277952755902
20
-2.810248464566929
11
5.6763994881889763
21
-2.8102894488188976
0
LINE
8
BLACK
6
CONTINUOUS
10
5.6763994881889763
20
-2.8102894488188976
11
5.6765653937007876
21
-2.8102290944881889
0
LINE
8
BLACK
6
CONTINUOUS
10
5.6765653937007876
20
-2.8102290944881889
11
5.6803149212598427
21
-2.8102290944881889
0
LINE
8
BLACK
6
CONTINUOUS
10
5.6803149212598427
20
-2.8102290944881889
11
5.6813248425196852
21
-2.8104071653543308
0
LINE
8
BLACK
6
CONTINUOUS
10
5.6745649606299216
20
-2.8174833464566928
11
5.6733678346456689
21
-2.8186804724409447
0
LINE
8
BLACK
6
CONTINUOUS
10
5.6733678346456689
20
-2.8186804724409447
11
5.6718523228346456
21
-2.8217114566929133
0
LINE
8
BLACK
6
CONTINUOUS
10
5.6718523228346456
20
-2.8217114566929133
11
5.670144330708661
21
-2.8285435039370079
0
LINE
8
BLACK
6
CONTINUOUS
10
5.670144330708661
20
-2.8285435039370079
11
5.670144330708661
21
-2.8371902362204722
0
LINE
8
BLACK
6
CONTINUOUS
10
5.670144330708661
20
-2.8371902362204722
11
5.6718523228346456
21
-2.8440222834645668
0
LINE
8
BLACK
6
CONTINUOUS
10
5.6718523228346456
20
-2.8440222834645668
11
5.6733678346456689
21
-2.8470532677165354
0
LINE
8
BLACK
6
CONTINUOUS
10
5.6733678346456689
20
-2.8470532677165354
11
5.6745649606299216
21
-2.848250433070866
0
LINE
8
BLACK
6
CONTINUOUS
10
5.6745649606299216
20
-2.848250433070866
11
5.6772624409448822
21
-2.8495991732283463
0
LINE
8
BLACK
6
CONTINUOUS
10
5.6772624409448822
20
-2.8495991732283463
11
5.6796178740157481
21
-2.8495991732283463
0
LINE
8
BLACK
6
CONTINUOUS
10
5.6796178740157481
20
-2.8495991732283463
11
5.68231531496063
21
-2.848250433070866
0
LINE
8
BLACK
6
CONTINUOUS
10
5.68231531496063
20
-2.848250433070866
11
5.6835124409448818
21
-2.8470532677165354
0
LINE
8
BLACK
6
CONTINUOUS
10
5.6835124409448818
20
-2.8470532677165354
11
5.6850279527559051
21
-2.8440222834645668
0
LINE
8
BLACK
6
CONTINUOUS
10
5.6850279527559051
20
-2.8440222834645668
11
5.6867359842519685
21
-2.8371902362204722
0
LINE
8
BLACK
6
CONTINUOUS
10
5.6867359842519685
20
-2.8371902362204722
11
5.6867359842519685
21
-2.8285435039370079
0
LINE
8
BLACK
6
CONTINUOUS
10
5.6867359842519685
20
-2.8285435039370079
11
5.6850279527559051
21
-2.8217114566929133
0
LINE
8
BLACK
6
CONTINUOUS
10
5.6850279527559051
20
-2.8217114566929133
11
5.6835124803149606
21
-2.8186804724409447
0
LINE
8
BLACK
6
CONTINUOUS
10
5.6835124803149606
20
-2.8186804724409447
11
5.6823153543307088
21
-2.8174833464566928
0
LINE
8
BLACK
6
CONTINUOUS
10
5.6823153543307088
20
-2.8174833464566928
11
5.6796178740157481
21
-2.8161346062992125
0
LINE
8
BLACK
6
CONTINUOUS
10
5.6796178740157481
20
-2.8161346062992125
11
5.6772624409448822
21
-2.8161346062992125
0
LINE
8
BLACK
6
CONTINUOUS
10
5.6772624409448822
20
-2.8161346062992125
11
5.6745649606299216
21
-2.8174833464566928
0
LINE
8
BLACK
6
CONTINUOUS
10
5.8350556299212597
20
-2.8104071653543308
11
5.8351908661417324
21
-2.8105206299212599
0
LINE
8
BLACK
6
CONTINUOUS
10
5.8351908661417324
20
-2.8105206299212599
11
5.8353662204724408
21
-2.8105408267716534
0
LINE
8
BLACK
6
CONTINUOUS
10
5.8353662204724408
20
-2.8105408267716534
11
5.8391157480314959
21
-2.812415590551181
0
LINE
8
BLACK
6
CONTINUOUS
10
5.8391157480314959
20
-2.812415590551181
11
5.8398248031496065
21
-2.8129414960629919
0
LINE
8
BLACK
6
CONTINUOUS
10
5.8398248031496065
20
-2.8129414960629919
11
5.8398831496062993
21
-2.8129687007874016
0
LINE
8
BLACK
6
CONTINUOUS
10
5.8398831496062993
20
-2.8129687007874016
11
5.8436326771653544
21
-2.8167182283464567
0
LINE
8
BLACK
6
CONTINUOUS
10
5.8436326771653544
20
-2.8167182283464567
11
5.8442209055118113
21
-2.8175582677165352
0
LINE
8
BLACK
6
CONTINUOUS
10
5.8442209055118113
20
-2.8175582677165352
11
5.8442462992125979
21
-2.8178485433070866
0
LINE
8
BLACK
6
CONTINUOUS
10
5.8442462992125979
20
-2.8178485433070866
11
5.8444093700787398
21
-2.8180899999999998
0
LINE
8
BLACK
6
CONTINUOUS
10
5.8444093700787398
20
-2.8180899999999998
11
5.8462841338582674
21
-2.82558905511811
0
LINE
8
BLACK
6
CONTINUOUS
10
5.8462841338582674
20
-2.82558905511811
11
5.8463255905511806
21
-2.8261769291338581
0
LINE
8
BLACK
6
CONTINUOUS
10
5.8463255905511806
20
-2.8261769291338581
11
5.8463722834645671
21
-2.8263051968503938
0
LINE
8
BLACK
6
CONTINUOUS
10
5.8463722834645671
20
-2.8263051968503938
11
5.8463722834645671
21
-2.8394285433070867
0
LINE
8
BLACK
6
CONTINUOUS
10
5.8463722834645671
20
-2.8394285433070867
11
5.8462699212598421
21
-2.8400088976377953
0
LINE
8
BLACK
6
CONTINUOUS
10
5.8462699212598421
20
-2.8400088976377953
11
5.8462841338582674
21
-2.8401446850393701
0
LINE
8
BLACK
6
CONTINUOUS
10
5.8462841338582674
20
-2.8401446850393701
11
5.8444093700787398
21
-2.8476437401574803
0
LINE
8
BLACK
6
CONTINUOUS
10
5.8444093700787398
20
-2.8476437401574803
11
5.8439916535433065
21
-2.8485803149606297
0
LINE
8
BLACK
6
CONTINUOUS
10
5.8439916535433065
20
-2.8485803149606297
11
5.8437558267716536
21
-2.8487513779527558
0
LINE
8
BLACK
6
CONTINUOUS
10
5.8437558267716536
20
-2.8487513779527558
11
5.8436327165354331
21
-2.8490154724409447
0
LINE
8
BLACK
6
CONTINUOUS
10
5.8436327165354331
20
-2.8490154724409447
11
5.8398831496062993
21
-2.8527650787401573
0
LINE
8
BLACK
6
CONTINUOUS
10
5.8398831496062993
20
-2.8527650787401573
11
5.8391600393700784
21
-2.8532713385826769
0
LINE
8
BLACK
6
CONTINUOUS
10
5.8391600393700784
20
-2.8532713385826769
11
5.8391157480314959
21
-2.8533181889763779
0
LINE
8
BLACK
6
CONTINUOUS
10
5.8391157480314959
20
-2.8533181889763779
11
5.8353662204724408
21
-2.8551929527559055
0
LINE
8
BLACK
6
CONTINUOUS
10
5.8353662204724408
20
-2.8551929527559055
11
5.834383267716535
21
-2.8554853149606299
0
LINE
8
BLACK
6
CONTINUOUS
10
5.834383267716535
20
-2.8554853149606299
11
5.8342115748031498
21
-2.8554442913385825
0
LINE
8
BLACK
6
CONTINUOUS
10
5.8342115748031498
20
-2.8554442913385825
11
5.8340457086614173
21
-2.8555046850393699
0
LINE
8
BLACK
6
CONTINUOUS
10
5.8340457086614173
20
-2.8555046850393699
11
5.826546653543307
21
-2.8555046850393699
0
LINE
8
BLACK
6
CONTINUOUS
10
5.826546653543307
20
-2.8555046850393699
11
5.8255367322834646
21
-2.8553266141732281
0
LINE
8
BLACK
6
CONTINUOUS
10
5.8255367322834646
20
-2.8553266141732281
11
5.8254014566929131
21
-2.8552131102362206
0
LINE
8
BLACK
6
CONTINUOUS
10
5.8254014566929131
20
-2.8552131102362206
11
5.8252261417322835
21
-2.8551929527559055
0
LINE
8
BLACK
6
CONTINUOUS
10
5.8252261417322835
20
-2.8551929527559055
11
5.8214766141732284
21
-2.8533181889763779
0
LINE
8
BLACK
6
CONTINUOUS
10
5.8214766141732284
20
-2.8533181889763779
11
5.8207675590551178
21
-2.8527922834645669
0
LINE
8
BLACK
6
CONTINUOUS
10
5.8207675590551178
20
-2.8527922834645669
11
5.820709212598425
21
-2.8527650787401573
0
LINE
8
BLACK
6
CONTINUOUS
10
5.820709212598425
20
-2.8527650787401573
11
5.8169596850393699
21
-2.8490155118110234
0
LINE
8
BLACK
6
CONTINUOUS
10
5.8169596850393699
20
-2.8490155118110234
11
5.816371456692913
21
-2.8481754724409449
0
LINE
8
BLACK
6
CONTINUOUS
10
5.816371456692913
20
-2.8481754724409449
11
5.8163460629921255
21
-2.8478851574803148
0
LINE
8
BLACK
6
CONTINUOUS
10
5.8163460629921255
20
-2.8478851574803148
11
5.8161829921259844
21
-2.8476437401574803
0
LINE
8
BLACK
6
CONTINUOUS
10
5.8161829921259844
20
-2.8476437401574803
11
5.8143082283464569
21
-2.8401446850393701
0
LINE
8
BLACK
6
CONTINUOUS
10
5.8143082283464569
20
-2.8401446850393701
11
5.814266732283464
21
-2.8395567716535433
0
LINE
8
BLACK
6
CONTINUOUS
10
5.814266732283464
20
-2.8395567716535433
11
5.8142200787401572
21
-2.8394285433070867
0
LINE
8
BLACK
6
CONTINUOUS
10
5.8142200787401572
20
-2.8394285433070867
11
5.8142200787401572
21
-2.8263051968503938
0
LINE
8
BLACK
6
CONTINUOUS
10
5.8142200787401572
20
-2.8263051968503938
11
5.8143224015748034
21
-2.8257248031496061
0
LINE
8
BLACK
6
CONTINUOUS
10
5.8143224015748034
20
-2.8257248031496061
11
5.8143082283464569
21
-2.82558905511811
0
LINE
8
BLACK
6
CONTINUOUS
10
5.8143082283464569
20
-2.82558905511811
11
5.8161829921259844
21
-2.8180899999999998
0
LINE
8
BLACK
6
CONTINUOUS
10
5.8161829921259844
20
-2.8180899999999998
11
5.8166007086614169
21
-2.8171534251968504
0
LINE
8
BLACK
6
CONTINUOUS
10
5.8166007086614169
20
-2.8171534251968504
11
5.8168365354330707
21
-2.8169822834645668
0
LINE
8
BLACK
6
CONTINUOUS
10
5.8168365354330707
20
-2.8169822834645668
11
5.8169596850393699
21
-2.8167182283464567
0
LINE
8
BLACK
6
CONTINUOUS
10
5.8169596850393699
20
-2.8167182283464567
11
5.820709212598425
21
-2.8129687007874016
0
LINE
8
BLACK
6
CONTINUOUS
10
5.820709212598425
20
-2.8129687007874016
11
5.8214323622047246
21
-2.8124622834645669
0
LINE
8
BLACK
6
CONTINUOUS
10
5.8214323622047246
20
-2.8124622834645669
11
5.8214766141732284
21
-2.812415590551181
0
LINE
8
BLACK
6
CONTINUOUS
10
5.8214766141732284
20
-2.812415590551181
11
5.8252261417322835
21
-2.8105408267716534
0
LINE
8
BLACK
6
CONTINUOUS
10
5.8252261417322835
20
-2.8105408267716534
11
5.8262090551181105
21
-2.810248464566929
0
LINE
8
BLACK
6
CONTINUOUS
10
5.8262090551181105
20
-2.810248464566929
11
5.8263807480314957
21
-2.8102894488188976
0
LINE
8
BLACK
6
CONTINUOUS
10
5.8263807480314957
20
-2.8102894488188976
11
5.826546653543307
21
-2.8102290944881889
0
LINE
8
BLACK
6
CONTINUOUS
10
5.826546653543307
20
-2.8102290944881889
11
5.8340457086614173
21
-2.8102290944881889
0
LINE
8
BLACK
6
CONTINUOUS
10
5.8340457086614173
20
-2.8102290944881889
11
5.8350556299212597
21
-2.8104071653543308
0
LINE
8
BLACK
6
CONTINUOUS
10
5.824546220472441
20
-2.8174833464566928
11
5.8217138188976376
21
-2.8203157086614175
0
LINE
8
BLACK
6
CONTINUOUS
10
5.8217138188976376
20
-2.8203157086614175
11
5.8201255905511813
21
-2.8266687401574804
0
LINE
8
BLACK
6
CONTINUOUS
10
5.8201255905511813
20
-2.8266687401574804
11
5.8201255905511813
21
-2.8390649999999997
0
LINE
8
BLACK
6
CONTINUOUS
10
5.8201255905511813
20
-2.8390649999999997
11
5.8217138188976376
21
-2.8454179921259843
0
LINE
8
BLACK
6
CONTINUOUS
10
5.8217138188976376
20
-2.8454179921259843
11
5.824546220472441
21
-2.848250433070866
0
LINE
8
BLACK
6
CONTINUOUS
10
5.824546220472441
20
-2.848250433070866
11
5.8272437007874016
21
-2.8495991732283463
0
LINE
8
BLACK
6
CONTINUOUS
10
5.8272437007874016
20
-2.8495991732283463
11
5.8333486614173227
21
-2.8495991732283463
0
LINE
8
BLACK
6
CONTINUOUS
10
5.8333486614173227
20
-2.8495991732283463
11
5.8360461023622046
21
-2.848250433070866
0
LINE
8
BLACK
6
CONTINUOUS
10
5.8360461023622046
20
-2.848250433070866
11
5.8388785039370079
21
-2.8454179921259843
0
LINE
8
BLACK
6
CONTINUOUS
10
5.8388785039370079
20
-2.8454179921259843
11
5.840466771653543
21
-2.8390649999999997
0
LINE
8
BLACK
6
CONTINUOUS
10
5.840466771653543
20
-2.8390649999999997
11
5.840466771653543
21
-2.8266687401574804
0
LINE
8
BLACK
6
CONTINUOUS
10
5.840466771653543
20
-2.8266687401574804
11
5.8388785039370079
21
-2.8203157086614175
0
LINE
8
BLACK
6
CONTINUOUS
10
5.8388785039370079
20
-2.8203157086614175
11
5.8360461417322833
21
-2.8174833464566928
0
LINE
8
BLACK
6
CONTINUOUS
10
5.8360461417322833
20
-2.8174833464566928
11
5.8333486614173227
21
-2.8161346062992125
0
LINE
8
BLACK
6
CONTINUOUS
10
5.8333486614173227
20
-2.8161346062992125
11
5.8272437007874016
21
-2.8161346062992125
0
LINE
8
BLACK
6
CONTINUOUS
10
5.8272437007874016
20
-2.8161346062992125
11
5.824546220472441
21
-2.8174833464566928
0
LINE
8
BLACK
6
CONTINUOUS
10
5.8705356299212594
20
-2.8103823622047241
11
5.8705999999999996
21
-2.8103806299212599
0
LINE
8
BLACK
6
CONTINUOUS
10
5.8705999999999996
20
-2.8103806299212599
11
5.8762242913385823
21
-2.8122553937007875
0
LINE
8
BLACK
6
CONTINUOUS
10
5.8762242913385823
20
-2.8122553937007875
11
5.8771260629921258
21
-2.8127436614173229
0
LINE
8
BLACK
6
CONTINUOUS
10
5.8771260629921258
20
-2.8127436614173229
11
5.877218464566929
21
-2.8128940944881888
0
LINE
8
BLACK
6
CONTINUOUS
10
5.877218464566929
20
-2.8128940944881888
11
5.8773784645669291
21
-2.8129687007874016
0
LINE
8
BLACK
6
CONTINUOUS
10
5.8773784645669291
20
-2.8129687007874016
11
5.8811279921259842
21
-2.8167182283464567
0
LINE
8
BLACK
6
CONTINUOUS
10
5.8811279921259842
20
-2.8167182283464567
11
5.8816343700787401
21
-2.8174413779527558
0
LINE
8
BLACK
6
CONTINUOUS
10
5.8816343700787401
20
-2.8174413779527558
11
5.8816811023622044
21
-2.8174856299212596
0
LINE
8
BLACK
6
CONTINUOUS
10
5.8816811023622044
20
-2.8174856299212596
11
5.883555866141732
21
-2.8212351574803147
0
LINE
8
BLACK
6
CONTINUOUS
10
5.883555866141732
20
-2.8212351574803147
11
5.8837011417322831
21
-2.8217235826771652
0
LINE
8
BLACK
6
CONTINUOUS
10
5.8837011417322831
20
-2.8217235826771652
11
5.8837794488188973
21
-2.8218395275590549
0
LINE
8
BLACK
6
CONTINUOUS
10
5.8837794488188973
20
-2.8218395275590549
11
5.8856542125984248
21
-2.8293385826771651
0
LINE
8
BLACK
6
CONTINUOUS
10
5.8856542125984248
20
-2.8293385826771651
11
5.885695669291338
21
-2.8299264566929132
0
LINE
8
BLACK
6
CONTINUOUS
10
5.885695669291338
20
-2.8299264566929132
11
5.8857423622047245
21
-2.8300547244094489
0
LINE
8
BLACK
6
CONTINUOUS
10
5.8857423622047245
20
-2.8300547244094489
11
5.8857423622047245
21
-2.8356790157480316
0
LINE
8
BLACK
6
CONTINUOUS
10
5.8857423622047245
20
-2.8356790157480316
11
5.8856399999999995
21
-2.8362593700787402
0
LINE
8
BLACK
6
CONTINUOUS
10
5.8856399999999995
20
-2.8362593700787402
11
5.8856542125984248
21
-2.836395157480315
0
LINE
8
BLACK
6
CONTINUOUS
10
5.8856542125984248
20
-2.836395157480315
11
5.8837794488188973
21
-2.8438942125984252
0
LINE
8
BLACK
6
CONTINUOUS
10
5.8837794488188973
20
-2.8438942125984252
11
5.8835718503937002
21
-2.8443596456692912
0
LINE
8
BLACK
6
CONTINUOUS
10
5.8835718503937002
20
-2.8443596456692912
11
5.883555866141732
21
-2.8444985826771654
0
LINE
8
BLACK
6
CONTINUOUS
10
5.883555866141732
20
-2.8444985826771654
11
5.8816811023622044
21
-2.8482481102362205
0
LINE
8
BLACK
6
CONTINUOUS
10
5.8816811023622044
20
-2.8482481102362205
11
5.8811552362204722
21
-2.8489570866141731
0
LINE
8
BLACK
6
CONTINUOUS
10
5.8811552362204722
20
-2.8489570866141731
11
5.881128031496063
21
-2.8490154724409447
0
LINE
8
BLACK
6
CONTINUOUS
10
5.881128031496063
20
-2.8490154724409447
11
5.8773784645669291
21
-2.8527650787401573
0
LINE
8
BLACK
6
CONTINUOUS
10
5.8773784645669291
20
-2.8527650787401573
11
5.8765384251968502
21
-2.8533532677165354
0
LINE
8
BLACK
6
CONTINUOUS
10
5.8765384251968502
20
-2.8533532677165354
11
5.8763625590551181
21
-2.8533686220472441
0
LINE
8
BLACK
6
CONTINUOUS
10
5.8763625590551181
20
-2.8533686220472441
11
5.8762242913385823
21
-2.8534783858267714
0
LINE
8
BLACK
6
CONTINUOUS
10
5.8762242913385823
20
-2.8534783858267714
11
5.8705999999999996
21
-2.8553531496062989
0
LINE
8
BLACK
6
CONTINUOUS
10
5.8705999999999996
20
-2.8553531496062989
11
5.8697268110236216
21
-2.8554825984251968
0
LINE
8
BLACK
6
CONTINUOUS
10
5.8697268110236216
20
-2.8554825984251968
11
5.8696662598425196
21
-2.8555046850393699
0
LINE
8
BLACK
6
CONTINUOUS
10
5.8696662598425196
20
-2.8555046850393699
11
5.8659167322834644
21
-2.8555046850393699
0
LINE
8
BLACK
6
CONTINUOUS
10
5.8659167322834644
20
-2.8555046850393699
11
5.8650473228346458
21
-2.855351377952756
0
LINE
8
BLACK
6
CONTINUOUS
10
5.8650473228346458
20
-2.855351377952756
11
5.8649829527559056
21
-2.8553531496062989
0
LINE
8
BLACK
6
CONTINUOUS
10
5.8649829527559056
20
-2.8553531496062989
11
5.8593587007874017
21
-2.8534783858267714
0
LINE
8
BLACK
6
CONTINUOUS
10
5.8593587007874017
20
-2.8534783858267714
11
5.8584569291338582
21
-2.8529900787401572
0
LINE
8
BLACK
6
CONTINUOUS
10
5.8584569291338582
20
-2.8529900787401572
11
5.8583644881889763
21
-2.8528396456692913
0
LINE
8
BLACK
6
CONTINUOUS
10
5.8583644881889763
20
-2.8528396456692913
11
5.8582044881889761
21
-2.8527650393700785
0
LINE
8
BLACK
6
CONTINUOUS
10
5.8582044881889761
20
-2.8527650393700785
11
5.8563297244094485
21
-2.8508902362204722
0
LINE
8
BLACK
6
CONTINUOUS
10
5.8563297244094485
20
-2.8508902362204722
11
5.8557415354330704
21
-2.8500501968503937
0
LINE
8
BLACK
6
CONTINUOUS
10
5.8557415354330704
20
-2.8500501968503937
11
5.855565551181102
21
-2.8480381102362204
0
LINE
8
BLACK
6
CONTINUOUS
10
5.855565551181102
20
-2.8480381102362204
11
5.8567240551181099
21
-2.8463835826771651
0
LINE
8
BLACK
6
CONTINUOUS
10
5.8567240551181099
20
-2.8463835826771651
11
5.8586750393700786
21
-2.8458608661417322
0
LINE
8
BLACK
6
CONTINUOUS
10
5.8586750393700786
20
-2.8458608661417322
11
5.8605056299212599
21
-2.8467144881889763
0
LINE
8
BLACK
6
CONTINUOUS
10
5.8605056299212599
20
-2.8467144881889763
11
5.8618874803149605
21
-2.8480963779527557
0
LINE
8
BLACK
6
CONTINUOUS
10
5.8618874803149605
20
-2.8480963779527557
11
5.8663958661417324
21
-2.8495991732283463
0
LINE
8
BLACK
6
CONTINUOUS
10
5.8663958661417324
20
-2.8495991732283463
11
5.8691871259842516
21
-2.8495991732283463
0
LINE
8
BLACK
6
CONTINUOUS
10
5.8691871259842516
20
-2.8495991732283463
11
5.8736955118110235
21
-2.848096338582677
0
LINE
8
BLACK
6
CONTINUOUS
10
5.8736955118110235
20
-2.848096338582677
11
5.8766133070866138
21
-2.8451785039370079
0
LINE
8
BLACK
6
CONTINUOUS
10
5.8766133070866138
20
-2.8451785039370079
11
5.8781288188976379
21
-2.8421475196850392
0
LINE
8
BLACK
6
CONTINUOUS
10
5.8781288188976379
20
-2.8421475196850392
11
5.8798368503937004
21
-2.8353154724409446
0
LINE
8
BLACK
6
CONTINUOUS
10
5.8798368503937004
20
-2.8353154724409446
11
5.8798368503937004
21
-2.8304182677165355
0
LINE
8
BLACK
6
CONTINUOUS
10
5.8798368503937004
20
-2.8304182677165355
11
5.8781288188976379
21
-2.8235862204724409
0
LINE
8
BLACK
6
CONTINUOUS
10
5.8781288188976379
20
-2.8235862204724409
11
5.8766133464566925
21
-2.8205552362204722
0
LINE
8
BLACK
6
CONTINUOUS
10
5.8766133464566925
20
-2.8205552362204722
11
5.8736955118110235
21
-2.8176374015748031
0
LINE
8
BLACK
6
CONTINUOUS
10
5.8736955118110235
20
-2.8176374015748031
11
5.8691871259842516
21
-2.8161346062992125
0
LINE
8
BLACK
6
CONTINUOUS
10
5.8691871259842516
20
-2.8161346062992125
11
5.8663958661417324
21
-2.8161346062992125
0
LINE
8
BLACK
6
CONTINUOUS
10
5.8663958661417324
20
-2.8161346062992125
11
5.8618874803149605
21
-2.8176374015748031
0
LINE
8
BLACK
6
CONTINUOUS
10
5.8618874803149605
20
-2.8176374015748031
11
5.8605055905511811
21
-2.8190192913385825
0
LINE
8
BLACK
6
CONTINUOUS
10
5.8605055905511811
20
-2.8190192913385825
11
5.8596655511811022
21
-2.8196074803149607
0
LINE
8
BLACK
6
CONTINUOUS
10
5.8596655511811022
20
-2.8196074803149607
11
5.8576534645669289
21
-2.8197835433070866
0
LINE
8
BLACK
6
CONTINUOUS
10
5.8576534645669289
20
-2.8197835433070866
11
5.8559988976377948
21
-2.8186249999999999
0
LINE
8
BLACK
6
CONTINUOUS
10
5.8559988976377948
20
-2.8186249999999999
11
5.8554761811023619
21
-2.81667405511811
0
LINE
8
BLACK
6
CONTINUOUS
10
5.8554761811023619
20
-2.81667405511811
11
5.8563297637795273
21
-2.8148434645669291
0
LINE
8
BLACK
6
CONTINUOUS
10
5.8563297637795273
20
-2.8148434645669291
11
5.8582045275590549
21
-2.8129687007874016
0
LINE
8
BLACK
6
CONTINUOUS
10
5.8582045275590549
20
-2.8129687007874016
11
5.8590445669291338
21
-2.8123805118110234
0
LINE
8
BLACK
6
CONTINUOUS
10
5.8590445669291338
20
-2.8123805118110234
11
5.8592203937007872
21
-2.812365118110236
0
LINE
8
BLACK
6
CONTINUOUS
10
5.8592203937007872
20
-2.812365118110236
11
5.8593587007874017
21
-2.8122553937007875
0
LINE
8
BLACK
6
CONTINUOUS
10
5.8593587007874017
20
-2.8122553937007875
11
5.8649829527559056
21
-2.8103806299212599
0
LINE
8
BLACK
6
CONTINUOUS
10
5.8649829527559056
20
-2.8103806299212599
11
5.8658561811023624
21
-2.8102511023622045
0
LINE
8
BLACK
6
CONTINUOUS
10
5.8658561811023624
20
-2.8102511023622045
11
5.8659167322834644
21
-2.8102290944881889
0
LINE
8
BLACK
6
CONTINUOUS
10
5.8659167322834644
20
-2.8102290944881889
11
5.8696662598425196
21
-2.8102290944881889
0
LINE
8
BLACK
6
CONTINUOUS
10
5.8696662598425196
20
-2.8102290944881889
11
5.8705356299212594
21
-2.8103823622047241
0
LINE
8
BLACK
6
CONTINUOUS
10
4.0592988582677165
20
-2.8103213385826771
11
4.0595678346456694
21
-2.810273937007874
0
LINE
8
BLACK
6
CONTINUOUS
10
4.0595678346456694
20
-2.810273937007874
11
4.060226771653543
21
-2.8106543700787401
0
LINE
8
BLACK
6
CONTINUOUS
10
4.060226771653543
20
-2.8106543700787401
11
4.0609429921259839
21
-2.8109114566929132
0
LINE
8
BLACK
6
CONTINUOUS
10
4.0609429921259839
20
-2.8109114566929132
11
4.0610805905511809
21
-2.8111473228346457
0
LINE
8
BLACK
6
CONTINUOUS
10
4.0610805905511809
20
-2.8111473228346457
11
4.0613170078740159
21
-2.8112838582677164
0
LINE
8
BLACK
6
CONTINUOUS
10
4.0613170078740159
20
-2.8112838582677164
11
4.0615772047244096
21
-2.8119987401574802
0
LINE
8
BLACK
6
CONTINUOUS
10
4.0615772047244096
20
-2.8119987401574802
11
4.0619606692913388
21
-2.8126561417322833
0
LINE
8
BLACK
6
CONTINUOUS
10
4.0619606692913388
20
-2.8126561417322833
11
4.0619144094488187
21
-2.8129252362204724
0
LINE
8
BLACK
6
CONTINUOUS
10
4.0619144094488187
20
-2.8129252362204724
11
4.0620078346456694
21
-2.8131818503937009
0
LINE
8
BLACK
6
CONTINUOUS
10
4.0620078346456694
20
-2.8131818503937009
11
4.0620078346456694
21
-2.8525519291338584
0
LINE
8
BLACK
6
CONTINUOUS
10
4.0620078346456694
20
-2.8525519291338584
11
4.0618297637795271
21
-2.8535618503937008
0
LINE
8
BLACK
6
CONTINUOUS
10
4.0618297637795271
20
-2.8535618503937008
11
4.0605314566929129
21
-2.8551090944881889
0
LINE
8
BLACK
6
CONTINUOUS
10
4.0605314566929129
20
-2.8551090944881889
11
4.0585423228346453
21
-2.8554598425196849
0
LINE
8
BLACK
6
CONTINUOUS
10
4.0585423228346453
20
-2.8554598425196849
11
4.0567931496062988
21
-2.8544499212598424
0
LINE
8
BLACK
6
CONTINUOUS
10
4.0567931496062988
20
-2.8544499212598424
11
4.0561023228346453
21
-2.8525519291338584
0
LINE
8
BLACK
6
CONTINUOUS
10
4.0561023228346453
20
-2.8525519291338584
11
4.0561023228346453
21
-2.8243005905511809
0
LINE
8
BLACK
6
CONTINUOUS
10
4.0561023228346453
20
-2.8243005905511809
11
4.0391216141732285
21
-2.8540168897637797
0
LINE
8
BLACK
6
CONTINUOUS
10
4.0391216141732285
20
-2.8540168897637797
11
4.0384659448818896
21
-2.8548054330708661
0
LINE
8
BLACK
6
CONTINUOUS
10
4.0384659448818896
20
-2.8548054330708661
11
4.0382097637795278
21
-2.8548999212598423
0
LINE
8
BLACK
6
CONTINUOUS
10
4.0382097637795278
20
-2.8548999212598423
11
4.0380342913385823
21
-2.8551090944881889
0
LINE
8
BLACK
6
CONTINUOUS
10
4.0380342913385823
20
-2.8551090944881889
11
4.0372848818897635
21
-2.8552412204724407
0
LINE
8
BLACK
6
CONTINUOUS
10
4.0372848818897635
20
-2.8552412204724407
11
4.0365710629921256
21
-2.8555046456692912
0
LINE
8
BLACK
6
CONTINUOUS
10
4.0365710629921256
20
-2.8555046456692912
11
4.0363140944881888
21
-2.855412401574803
0
LINE
8
BLACK
6
CONTINUOUS
10
4.0363140944881888
20
-2.855412401574803
11
4.0360451574803147
21
-2.8554598425196849
0
LINE
8
BLACK
6
CONTINUOUS
10
4.0360451574803147
20
-2.8554598425196849
11
4.0353861811023624
21
-2.85507937007874
0
LINE
8
BLACK
6
CONTINUOUS
10
4.0353861811023624
20
-2.85507937007874
11
4.0346700000000002
21
-2.8548223228346457
0
LINE
8
BLACK
6
CONTINUOUS
10
4.0346700000000002
20
-2.8548223228346457
11
4.0345324015748032
21
-2.8545864173228348
0
LINE
8
BLACK
6
CONTINUOUS
10
4.0345324015748032
20
-2.8545864173228348
11
4.0342959842519681
21
-2.8544499212598424
0
LINE
8
BLACK
6
CONTINUOUS
10
4.0342959842519681
20
-2.8544499212598424
11
4.0340357480314957
21
-2.8537349606299212
0
LINE
8
BLACK
6
CONTINUOUS
10
4.0340357480314957
20
-2.8537349606299212
11
4.0336523228346453
21
-2.8530775984251968
0
LINE
8
BLACK
6
CONTINUOUS
10
4.0336523228346453
20
-2.8530775984251968
11
4.0336985039370079
21
-2.8528084645669289
0
LINE
8
BLACK
6
CONTINUOUS
10
4.0336985039370079
20
-2.8528084645669289
11
4.0336051574803147
21
-2.8525519291338584
0
LINE
8
BLACK
6
CONTINUOUS
10
4.0336051574803147
20
-2.8525519291338584
11
4.0336051574803147
21
-2.8131818503937009
0
LINE
8
BLACK
6
CONTINUOUS
10
4.0336051574803147
20
-2.8131818503937009
11
4.033783228346457
21
-2.8121719291338581
0
LINE
8
BLACK
6
CONTINUOUS
10
4.033783228346457
20
-2.8121719291338581
11
4.0350815354330711
21
-2.8106246850393699
0
LINE
8
BLACK
6
CONTINUOUS
10
4.0350815354330711
20
-2.8106246850393699
11
4.0370706692913387
21
-2.810273937007874
0
LINE
8
BLACK
6
CONTINUOUS
10
4.0370706692913387
20
-2.810273937007874
11
4.0388198425196853
21
-2.8112838582677164
0
LINE
8
BLACK
6
CONTINUOUS
10
4.0388198425196853
20
-2.8112838582677164
11
4.0395106692913387
21
-2.8131818503937009
0
LINE
8
BLACK
6
CONTINUOUS
10
4.0395106692913387
20
-2.8131818503937009
11
4.0395106692913387
21
-2.8414331496062992
0
LINE
8
BLACK
6
CONTINUOUS
10
4.0395106692913387
20
-2.8414331496062992
11
4.0564913779527556
21
-2.8117168503937009
0
LINE
8
BLACK
6
CONTINUOUS
10
4.0564913779527556
20
-2.8117168503937009
11
4.0571470472440945
21
-2.8109283464566928
0
LINE
8
BLACK
6
CONTINUOUS
10
4.0571470472440945
20
-2.8109283464566928
11
4.0574031889763775
21
-2.8108338188976378
0
LINE
8
BLACK
6
CONTINUOUS
10
4.0574031889763775
20
-2.8108338188976378
11
4.0575787007874018
21
-2.8106246850393699
0
LINE
8
BLACK
6
CONTINUOUS
10
4.0575787007874018
20
-2.8106246850393699
11
4.0583280708661418
21
-2.8104925196850394
0
LINE
8
BLACK
6
CONTINUOUS
10
4.0583280708661418
20
-2.8104925196850394
11
4.0590419291338584
21
-2.8102291338582677
0
LINE
8
BLACK
6
CONTINUOUS
10
4.0590419291338584
20
-2.8102291338582677
11
4.0592988582677165
21
-2.8103213385826771
0
LINE
8
BLACK
6
CONTINUOUS
10
4.1005437007874015
20
-2.8103213385826771
11
4.1008126771653544
21
-2.810273937007874
0
LINE
8
BLACK
6
CONTINUOUS
10
4.1008126771653544
20
-2.810273937007874
11
4.1014716141732279
21
-2.8106543700787401
0
LINE
8
BLACK
6
CONTINUOUS
10
4.1014716141732279
20
-2.8106543700787401
11
4.1021878346456688
21
-2.8109114566929132
0
LINE
8
BLACK
6
CONTINUOUS
10
4.1021878346456688
20
-2.8109114566929132
11
4.1023254330708658
21
-2.8111473228346457
0
LINE
8
BLACK
6
CONTINUOUS
10
4.1023254330708658
20
-2.8111473228346457
11
4.1025618503937009
21
-2.8112838582677164
0
LINE
8
BLACK
6
CONTINUOUS
10
4.1025618503937009
20
-2.8112838582677164
11
4.1028220472440946
21
-2.8119987401574802
0
LINE
8
BLACK
6
CONTINUOUS
10
4.1028220472440946
20
-2.8119987401574802
11
4.1032055118110238
21
-2.8126561417322833
0
LINE
8
BLACK
6
CONTINUOUS
10
4.1032055118110238
20
-2.8126561417322833
11
4.1031592519685036
21
-2.8129252362204724
0
LINE
8
BLACK
6
CONTINUOUS
10
4.1031592519685036
20
-2.8129252362204724
11
4.1032526771653544
21
-2.8131818503937009
0
LINE
8
BLACK
6
CONTINUOUS
10
4.1032526771653544
20
-2.8131818503937009
11
4.1032526771653544
21
-2.8525519291338584
0
LINE
8
BLACK
6
CONTINUOUS
10
4.1032526771653544
20
-2.8525519291338584
11
4.1030746062992129
21
-2.8535618503937008
0
LINE
8
BLACK
6
CONTINUOUS
10
4.1030746062992129
20
-2.8535618503937008
11
4.1017762992125979
21
-2.8551090944881889
0
LINE
8
BLACK
6
CONTINUOUS
10
4.1017762992125979
20
-2.8551090944881889
11
4.0997871653543303
21
-2.8554598425196849
0
LINE
8
BLACK
6
CONTINUOUS
10
4.0997871653543303
20
-2.8554598425196849
11
4.0980379921259837
21
-2.8544499212598424
0
LINE
8
BLACK
6
CONTINUOUS
10
4.0980379921259837
20
-2.8544499212598424
11
4.0973471653543303
21
-2.8525519291338584
0
LINE
8
BLACK
6
CONTINUOUS
10
4.0973471653543303
20
-2.8525519291338584
11
4.0973471653543303
21
-2.8243005905511809
0
LINE
8
BLACK
6
CONTINUOUS
10
4.0973471653543303
20
-2.8243005905511809
11
4.0803664566929134
21
-2.8540168897637797
0
LINE
8
BLACK
6
CONTINUOUS
10
4.0803664566929134
20
-2.8540168897637797
11
4.0797107874015746
21
-2.8548054330708661
0
LINE
8
BLACK
6
CONTINUOUS
10
4.0797107874015746
20
-2.8548054330708661
11
4.0794546062992127
21
-2.8548999212598423
0
LINE
8
BLACK
6
CONTINUOUS
10
4.0794546062992127
20
-2.8548999212598423
11
4.0792791338582672
21
-2.8551090944881889
0
LINE
8
BLACK
6
CONTINUOUS
10
4.0792791338582672
20
-2.8551090944881889
11
4.0785297244094485
21
-2.8552412204724407
0
LINE
8
BLACK
6
CONTINUOUS
10
4.0785297244094485
20
-2.8552412204724407
11
4.0778159055118106
21
-2.8555046456692912
0
LINE
8
BLACK
6
CONTINUOUS
10
4.0778159055118106
20
-2.8555046456692912
11
4.0775589370078738
21
-2.855412401574803
0
LINE
8
BLACK
6
CONTINUOUS
10
4.0775589370078738
20
-2.855412401574803
11
4.0772899999999996
21
-2.8554598425196849
0
LINE
8
BLACK
6
CONTINUOUS
10
4.0772899999999996
20
-2.8554598425196849
11
4.0766310236220473
21
-2.85507937007874
0
LINE
8
BLACK
6
CONTINUOUS
10
4.0766310236220473
20
-2.85507937007874
11
4.0759148425196852
21
-2.8548223228346457
0
LINE
8
BLACK
6
CONTINUOUS
10
4.0759148425196852
20
-2.8548223228346457
11
4.0757772440944882
21
-2.8545864173228348
0
LINE
8
BLACK
6
CONTINUOUS
10
4.0757772440944882
20
-2.8545864173228348
11
4.0755408267716531
21
-2.8544499212598424
0
LINE
8
BLACK
6
CONTINUOUS
10
4.0755408267716531
20
-2.8544499212598424
11
4.0752805905511806
21
-2.8537349606299212
0
LINE
8
BLACK
6
CONTINUOUS
10
4.0752805905511806
20
-2.8537349606299212
11
4.0748971653543302
21
-2.8530775984251968
0
LINE
8
BLACK
6
CONTINUOUS
10
4.0748971653543302
20
-2.8530775984251968
11
4.0749433464566929
21
-2.8528084645669289
0
LINE
8
BLACK
6
CONTINUOUS
10
4.0749433464566929
20
-2.8528084645669289
11
4.0748499999999996
21
-2.8525519291338584
0
LINE
8
BLACK
6
CONTINUOUS
10
4.0748499999999996
20
-2.8525519291338584
11
4.0748499999999996
21
-2.8131818503937009
0
LINE
8
BLACK
6
CONTINUOUS
10
4.0748499999999996
20
-2.8131818503937009
11
4.0750280708661419
21
-2.8121719291338581
0
LINE
8
BLACK
6
CONTINUOUS
10
4.0750280708661419
20
-2.8121719291338581
11
4.0763263779527561
21
-2.8106246850393699
0
LINE
8
BLACK
6
CONTINUOUS
10
4.0763263779527561
20
-2.8106246850393699
11
4.0783155118110237
21
-2.810273937007874
0
LINE
8
BLACK
6
CONTINUOUS
10
4.0783155118110237
20
-2.810273937007874
11
4.0800646850393703
21
-2.8112838582677164
0
LINE
8
BLACK
6
CONTINUOUS
10
4.0800646850393703
20
-2.8112838582677164
11
4.0807555118110237
21
-2.8131818503937009
0
LINE
8
BLACK
6
CONTINUOUS
10
4.0807555118110237
20
-2.8131818503937009
11
4.0807555118110237
21
-2.8414331496062992
0
LINE
8
BLACK
6
CONTINUOUS
10
4.0807555118110237
20
-2.8414331496062992
11
4.0977362204724406
21
-2.8117168503937009
0
LINE
8
BLACK
6
CONTINUOUS
10
4.0977362204724406
20
-2.8117168503937009
11
4.0983918897637794
21
-2.8109283464566928
0
LINE
8
BLACK
6
CONTINUOUS
10
4.0983918897637794
20
-2.8109283464566928
11
4.0986480314960625
21
-2.8108338188976378
0
LINE
8
BLACK
6
CONTINUOUS
10
4.0986480314960625
20
-2.8108338188976378
11
4.0988235433070868
21
-2.8106246850393699
0
LINE
8
BLACK
6
CONTINUOUS
10
4.0988235433070868
20
-2.8106246850393699
11
4.0995729133858267
21
-2.8104925196850394
0
LINE
8
BLACK
6
CONTINUOUS
10
4.0995729133858267
20
-2.8104925196850394
11
4.1002867716535434
21
-2.8102291338582677
0
LINE
8
BLACK
6
CONTINUOUS
10
4.1002867716535434
20
-2.8102291338582677
11
4.1005437007874015
21
-2.8103213385826771
0
LINE
8
BLACK
6
CONTINUOUS
10
5.7592988582677167
20
-2.8103213385826771
11
5.7595678346456696
21
-2.810273937007874
0
LINE
8
BLACK
6
CONTINUOUS
10
5.7595678346456696
20
-2.810273937007874
11
5.7602267716535431
21
-2.8106543700787401
0
LINE
8
BLACK
6
CONTINUOUS
10
5.7602267716535431
20
-2.8106543700787401
11
5.760942992125984
21
-2.8109114566929132
0
LINE
8
BLACK
6
CONTINUOUS
10
5.760942992125984
20
-2.8109114566929132
11
5.761080590551181
21
-2.8111473228346457
0
LINE
8
BLACK
6
CONTINUOUS
10
5.761080590551181
20
-2.8111473228346457
11
5.7613170078740152
21
-2.8112838582677164
0
LINE
8
BLACK
6
CONTINUOUS
10
5.7613170078740152
20
-2.8112838582677164
11
5.7615772047244089
21
-2.8119987401574802
0
LINE
8
BLACK
6
CONTINUOUS
10
5.7615772047244089
20
-2.8119987401574802
11
5.7619606692913381
21
-2.8126561417322833
0
LINE
8
BLACK
6
CONTINUOUS
10
5.7619606692913381
20
-2.8126561417322833
11
5.7619144094488188
21
-2.8129252362204724
0
LINE
8
BLACK
6
CONTINUOUS
10
5.7619144094488188
20
-2.8129252362204724
11
5.7620078346456696
21
-2.8131818503937009
0
LINE
8
BLACK
6
CONTINUOUS
10
5.7620078346456696
20
-2.8131818503937009
11
5.7620078346456696
21
-2.8525519291338584
0
LINE
8
BLACK
6
CONTINUOUS
10
5.7620078346456696
20
-2.8525519291338584
11
5.7618297637795273
21
-2.8535618503937008
0
LINE
8
BLACK
6
CONTINUOUS
10
5.7618297637795273
20
-2.8535618503937008
11
5.7605314566929131
21
-2.8551090944881889
0
LINE
8
BLACK
6
CONTINUOUS
10
5.7605314566929131
20
-2.8551090944881889
11
5.7585423228346455
21
-2.8554598425196849
0
LINE
8
BLACK
6
CONTINUOUS
10
5.7585423228346455
20
-2.8554598425196849
11
5.756793149606299
21
-2.8544499212598424
0
LINE
8
BLACK
6
CONTINUOUS
10
5.756793149606299
20
-2.8544499212598424
11
5.7561023228346455
21
-2.8525519291338584
0
LINE
8
BLACK
6
CONTINUOUS
10
5.7561023228346455
20
-2.8525519291338584
11
5.7561023228346455
21
-2.8243005905511809
0
LINE
8
BLACK
6
CONTINUOUS
10
5.7561023228346455
20
-2.8243005905511809
11
5.7391216141732286
21
-2.8540168897637797
0
LINE
8
BLACK
6
CONTINUOUS
10
5.7391216141732286
20
-2.8540168897637797
11
5.7384659448818898
21
-2.8548054330708661
0
LINE
8
BLACK
6
CONTINUOUS
10
5.7384659448818898
20
-2.8548054330708661
11
5.7382097637795271
21
-2.8548999212598423
0
LINE
8
BLACK
6
CONTINUOUS
10
5.7382097637795271
20
-2.8548999212598423
11
5.7380342913385824
21
-2.8551090944881889
0
LINE
8
BLACK
6
CONTINUOUS
10
5.7380342913385824
20
-2.8551090944881889
11
5.7372848818897637
21
-2.8552412204724407
0
LINE
8
BLACK
6
CONTINUOUS
10
5.7372848818897637
20
-2.8552412204724407
11
5.7365710629921258
21
-2.8555046456692912
0
LINE
8
BLACK
6
CONTINUOUS
10
5.7365710629921258
20
-2.8555046456692912
11
5.736314094488189
21
-2.855412401574803
0
LINE
8
BLACK
6
CONTINUOUS
10
5.736314094488189
20
-2.855412401574803
11
5.7360451574803148
21
-2.8554598425196849
0
LINE
8
BLACK
6
CONTINUOUS
10
5.7360451574803148
20
-2.8554598425196849
11
5.7353861811023616
21
-2.85507937007874
0
LINE
8
BLACK
6
CONTINUOUS
10
5.7353861811023616
20
-2.85507937007874
11
5.7346699999999995
21
-2.8548223228346457
0
LINE
8
BLACK
6
CONTINUOUS
10
5.7346699999999995
20
-2.8548223228346457
11
5.7345324015748034
21
-2.8545864173228348
0
LINE
8
BLACK
6
CONTINUOUS
10
5.7345324015748034
20
-2.8545864173228348
11
5.7342959842519683
21
-2.8544499212598424
0
LINE
8
BLACK
6
CONTINUOUS
10
5.7342959842519683
20
-2.8544499212598424
11
5.7340357480314958
21
-2.8537349606299212
0
LINE
8
BLACK
6
CONTINUOUS
10
5.7340357480314958
20
-2.8537349606299212
11
5.7336523228346454
21
-2.8530775984251968
0
LINE
8
BLACK
6
CONTINUOUS
10
5.7336523228346454
20
-2.8530775984251968
11
5.7336985039370081
21
-2.8528084645669289
0
LINE
8
BLACK
6
CONTINUOUS
10
5.7336985039370081
20
-2.8528084645669289
11
5.7336051574803149
21
-2.8525519291338584
0
LINE
8
BLACK
6
CONTINUOUS
10
5.7336051574803149
20
-2.8525519291338584
11
5.7336051574803149
21
-2.8131818503937009
0
LINE
8
BLACK
6
CONTINUOUS
10
5.7336051574803149
20
-2.8131818503937009
11
5.7337832283464563
21
-2.8121719291338581
0
LINE
8
BLACK
6
CONTINUOUS
10
5.7337832283464563
20
-2.8121719291338581
11
5.7350815354330704
21
-2.8106246850393699
0
LINE
8
BLACK
6
CONTINUOUS
10
5.7350815354330704
20
-2.8106246850393699
11
5.737070669291338
21
-2.810273937007874
0
LINE
8
BLACK
6
CONTINUOUS
10
5.737070669291338
20
-2.810273937007874
11
5.7388198425196846
21
-2.8112838582677164
0
LINE
8
BLACK
6
CONTINUOUS
10
5.7388198425196846
20
-2.8112838582677164
11
5.739510669291338
21
-2.8131818503937009
0
LINE
8
BLACK
6
CONTINUOUS
10
5.739510669291338
20
-2.8131818503937009
11
5.739510669291338
21
-2.8414331496062992
0
LINE
8
BLACK
6
CONTINUOUS
10
5.739510669291338
20
-2.8414331496062992
11
5.7564913779527558
21
-2.8117168503937009
0
LINE
8
BLACK
6
CONTINUOUS
10
5.7564913779527558
20
-2.8117168503937009
11
5.7571470472440947
21
-2.8109283464566928
0
LINE
8
BLACK
6
CONTINUOUS
10
5.7571470472440947
20
-2.8109283464566928
11
5.7574031889763777
21
-2.8108338188976378
0
LINE
8
BLACK
6
CONTINUOUS
10
5.7574031889763777
20
-2.8108338188976378
11
5.7575787007874011
21
-2.8106246850393699
0
LINE
8
BLACK
6
CONTINUOUS
10
5.7575787007874011
20
-2.8106246850393699
11
5.758328070866142
21
-2.8104925196850394
0
LINE
8
BLACK
6
CONTINUOUS
10
5.758328070866142
20
-2.8104925196850394
11
5.7590419291338577
21
-2.8102291338582677
0
LINE
8
BLACK
6
CONTINUOUS
10
5.7590419291338577
20
-2.8102291338582677
11
5.7592988582677167
21
-2.8103213385826771
0
LINE
8
BLACK
6
CONTINUOUS
10
5.8005437007874017
20
-2.8103213385826771
11
5.8008126771653545
21
-2.810273937007874
0
LINE
8
BLACK
6
CONTINUOUS
10
5.8008126771653545
20
-2.810273937007874
11
5.8014716141732281
21
-2.8106543700787401
0
LINE
8
BLACK
6
CONTINUOUS
10
5.8014716141732281
20
-2.8106543700787401
11
5.802187834645669
21
-2.8109114566929132
0
LINE
8
BLACK
6
CONTINUOUS
10
5.802187834645669
20
-2.8109114566929132
11
5.802325433070866
21
-2.8111473228346457
0
LINE
8
BLACK
6
CONTINUOUS
10
5.802325433070866
20
-2.8111473228346457
11
5.8025618503937011
21
-2.8112838582677164
0
LINE
8
BLACK
6
CONTINUOUS
10
5.8025618503937011
20
-2.8112838582677164
11
5.8028220472440948
21
-2.8119987401574802
0
LINE
8
BLACK
6
CONTINUOUS
10
5.8028220472440948
20
-2.8119987401574802
11
5.8032055118110231
21
-2.8126561417322833
0
LINE
8
BLACK
6
CONTINUOUS
10
5.8032055118110231
20
-2.8126561417322833
11
5.8031592519685038
21
-2.8129252362204724
0
LINE
8
BLACK
6
CONTINUOUS
10
5.8031592519685038
20
-2.8129252362204724
11
5.8032526771653545
21
-2.8131818503937009
0
LINE
8
BLACK
6
CONTINUOUS
10
5.8032526771653545
20
-2.8131818503937009
11
5.8032526771653545
21
-2.8525519291338584
0
LINE
8
BLACK
6
CONTINUOUS
10
5.8032526771653545
20
-2.8525519291338584
11
5.8030746062992122
21
-2.8535618503937008
0
LINE
8
BLACK
6
CONTINUOUS
10
5.8030746062992122
20
-2.8535618503937008
11
5.8017762992125981
21
-2.8551090944881889
0
LINE
8
BLACK
6
CONTINUOUS
10
5.8017762992125981
20
-2.8551090944881889
11
5.7997871653543305
21
-2.8554598425196849
0
LINE
8
BLACK
6
CONTINUOUS
10
5.7997871653543305
20
-2.8554598425196849
11
5.7980379921259839
21
-2.8544499212598424
0
LINE
8
BLACK
6
CONTINUOUS
10
5.7980379921259839
20
-2.8544499212598424
11
5.7973471653543305
21
-2.8525519291338584
0
LINE
8
BLACK
6
CONTINUOUS
10
5.7973471653543305
20
-2.8525519291338584
11
5.7973471653543305
21
-2.8243005905511809
0
LINE
8
BLACK
6
CONTINUOUS
10
5.7973471653543305
20
-2.8243005905511809
11
5.7803664566929136
21
-2.8540168897637797
0
LINE
8
BLACK
6
CONTINUOUS
10
5.7803664566929136
20
-2.8540168897637797
11
5.7797107874015747
21
-2.8548054330708661
0
LINE
8
BLACK
6
CONTINUOUS
10
5.7797107874015747
20
-2.8548054330708661
11
5.779454606299212
21
-2.8548999212598423
0
LINE
8
BLACK
6
CONTINUOUS
10
5.779454606299212
20
-2.8548999212598423
11
5.7792791338582674
21
-2.8551090944881889
0
LINE
8
BLACK
6
CONTINUOUS
10
5.7792791338582674
20
-2.8551090944881889
11
5.7785297244094487
21
-2.8552412204724407
0
LINE
8
BLACK
6
CONTINUOUS
10
5.7785297244094487
20
-2.8552412204724407
11
5.7778159055118108
21
-2.8555046456692912
0
LINE
8
BLACK
6
CONTINUOUS
10
5.7778159055118108
20
-2.8555046456692912
11
5.7775589370078739
21
-2.855412401574803
0
LINE
8
BLACK
6
CONTINUOUS
10
5.7775589370078739
20
-2.855412401574803
11
5.7772899999999998
21
-2.8554598425196849
0
LINE
8
BLACK
6
CONTINUOUS
10
5.7772899999999998
20
-2.8554598425196849
11
5.7766310236220475
21
-2.85507937007874
0
LINE
8
BLACK
6
CONTINUOUS
10
5.7766310236220475
20
-2.85507937007874
11
5.7759148425196853
21
-2.8548223228346457
0
LINE
8
BLACK
6
CONTINUOUS
10
5.7759148425196853
20
-2.8548223228346457
11
5.7757772440944883
21
-2.8545864173228348
0
LINE
8
BLACK
6
CONTINUOUS
10
5.7757772440944883
20
-2.8545864173228348
11
5.7755408267716533
21
-2.8544499212598424
0
LINE
8
BLACK
6
CONTINUOUS
10
5.7755408267716533
20
-2.8544499212598424
11
5.7752805905511808
21
-2.8537349606299212
0
LINE
8
BLACK
6
CONTINUOUS
10
5.7752805905511808
20
-2.8537349606299212
11
5.7748971653543304
21
-2.8530775984251968
0
LINE
8
BLACK
6
CONTINUOUS
10
5.7748971653543304
20
-2.8530775984251968
11
5.774943346456693
21
-2.8528084645669289
0
LINE
8
BLACK
6
CONTINUOUS
10
5.774943346456693
20
-2.8528084645669289
11
5.7748499999999998
21
-2.8525519291338584
0
LINE
8
BLACK
6
CONTINUOUS
10
5.7748499999999998
20
-2.8525519291338584
11
5.7748499999999998
21
-2.8131818503937009
0
LINE
8
BLACK
6
CONTINUOUS
10
5.7748499999999998
20
-2.8131818503937009
11
5.7750280708661412
21
-2.8121719291338581
0
LINE
8
BLACK
6
CONTINUOUS
10
5.7750280708661412
20
-2.8121719291338581
11
5.7763263779527554
21
-2.8106246850393699
0
LINE
8
BLACK
6
CONTINUOUS
10
5.7763263779527554
20
-2.8106246850393699
11
5.7783155118110239
21
-2.810273937007874
0
LINE
8
BLACK
6
CONTINUOUS
10
5.7783155118110239
20
-2.810273937007874
11
5.7800646850393695
21
-2.8112838582677164
0
LINE
8
BLACK
6
CONTINUOUS
10
5.7800646850393695
20
-2.8112838582677164
11
5.7807555118110239
21
-2.8131818503937009
0
LINE
8
BLACK
6
CONTINUOUS
10
5.7807555118110239
20
-2.8131818503937009
11
5.7807555118110239
21
-2.8414331496062992
0
LINE
8
BLACK
6
CONTINUOUS
10
5.7807555118110239
20
-2.8414331496062992
11
5.7977362204724407
21
-2.8117168503937009
0
LINE
8
BLACK
6
CONTINUOUS
10
5.7977362204724407
20
-2.8117168503937009
11
5.7983918897637796
21
-2.8109283464566928
0
LINE
8
BLACK
6
CONTINUOUS
10
5.7983918897637796
20
-2.8109283464566928
11
5.7986480314960627
21
-2.8108338188976378
0
LINE
8
BLACK
6
CONTINUOUS
10
5.7986480314960627
20
-2.8108338188976378
11
5.798823543307086
21
-2.8106246850393699
0
LINE
8
BLACK
6
CONTINUOUS
10
5.798823543307086
20
-2.8106246850393699
11
5.7995729133858269
21
-2.8104925196850394
0
LINE
8
BLACK
6
CONTINUOUS
10
5.7995729133858269
20
-2.8104925196850394
11
5.8002867716535436
21
-2.8102291338582677
0
LINE
8
BLACK
6
CONTINUOUS
10
5.8002867716535436
20
-2.8102291338582677
11
5.8005437007874017
21
-2.8103213385826771
0
LINE
8
BLACK
6
CONTINUOUS
10
3.9186125196850394
20
-2.8110467322834647
11
3.9195077165354331
21
-2.8128573228346454
0
LINE
8
BLACK
6
CONTINUOUS
10
3.9195077165354331
20
-2.8128573228346454
11
3.9190297244094485
21
-2.8148197637795276
0
LINE
8
BLACK
6
CONTINUOUS
10
3.9190297244094485
20
-2.8148197637795276
11
3.9069983070866141
21
-2.8328668897637796
0
LINE
8
BLACK
6
CONTINUOUS
10
3.9069983070866141
20
-2.8328668897637796
11
3.9190297244094485
21
-2.8509140157480313
0
LINE
8
BLACK
6
CONTINUOUS
10
3.9190297244094485
20
-2.8509140157480313
11
3.9194417716535432
21
-2.8518531102362203
0
LINE
8
BLACK
6
CONTINUOUS
10
3.9194417716535432
20
-2.8518531102362203
11
3.9192197637795276
21
-2.8538606692913384
0
LINE
8
BLACK
6
CONTINUOUS
10
3.9192197637795276
20
-2.8538606692913384
11
3.9177592519685041
21
-2.8552558661417322
0
LINE
8
BLACK
6
CONTINUOUS
10
3.9177592519685041
20
-2.8552558661417322
11
3.9157436614173227
21
-2.8553858267716534
0
LINE
8
BLACK
6
CONTINUOUS
10
3.9157436614173227
20
-2.8553858267716534
11
3.9141160236220474
21
-2.8541898031496062
0
LINE
8
BLACK
6
CONTINUOUS
10
3.9141160236220474
20
-2.8541898031496062
11
3.9034495275590548
21
-2.8381900393700787
0
LINE
8
BLACK
6
CONTINUOUS
10
3.9034495275590548
20
-2.8381900393700787
11
3.8927830314960628
21
-2.8541898031496062
0
LINE
8
BLACK
6
CONTINUOUS
10
3.8927830314960628
20
-2.8541898031496062
11
3.8920746456692914
21
-2.8549313385826771
0
LINE
8
BLACK
6
CONTINUOUS
10
3.8920746456692914
20
-2.8549313385826771
11
3.8901361417322833
21
-2.8554985826771655
0
LINE
8
BLACK
6
CONTINUOUS
10
3.8901361417322833
20
-2.8554985826771655
11
3.8882865354330707
21
-2.8546870472440946
0
LINE
8
BLACK
6
CONTINUOUS
10
3.8882865354330707
20
-2.8546870472440946
11
3.887391338582677
21
-2.8528764566929135
0
LINE
8
BLACK
6
CONTINUOUS
10
3.887391338582677
20
-2.8528764566929135
11
3.8878693307086611
21
-2.85091405511811
0
LINE
8
BLACK
6
CONTINUOUS
10
3.8878693307086611
20
-2.85091405511811
11
3.899900748031496
21
-2.8328668897637796
0
LINE
8
BLACK
6
CONTINUOUS
10
3.899900748031496
20
-2.8328668897637796
11
3.8878693307086611
21
-2.8148197244094488
0
LINE
8
BLACK
6
CONTINUOUS
10
3.8878693307086611
20
-2.8148197244094488
11
3.8874572834645669
21
-2.8138806692913385
0
LINE
8
BLACK
6
CONTINUOUS
10
3.8874572834645669
20
-2.8138806692913385
11
3.8876792913385825
21
-2.8118731102362204
0
LINE
8
BLACK
6
CONTINUOUS
10
3.8876792913385825
20
-2.8118731102362204
11
3.8891398031496061
21
-2.8104779133858266
0
LINE
8
BLACK
6
CONTINUOUS
10
3.8891398031496061
20
-2.8104779133858266
11
3.8911553937007874
21
-2.8103479527559054
0
LINE
8
BLACK
6
CONTINUOUS
10
3.8911553937007874
20
-2.8103479527559054
11
3.8927830314960628
21
-2.8115439763779526
0
LINE
8
BLACK
6
CONTINUOUS
10
3.8927830314960628
20
-2.8115439763779526
11
3.9034495275590548
21
-2.8275437007874014
0
LINE
8
BLACK
6
CONTINUOUS
10
3.9034495275590548
20
-2.8275437007874014
11
3.9141160236220474
21
-2.8115439763779526
0
LINE
8
BLACK
6
CONTINUOUS
10
3.9141160236220474
20
-2.8115439763779526
11
3.9148244094488187
21
-2.8108024409448817
0
LINE
8
BLACK
6
CONTINUOUS
10
3.9148244094488187
20
-2.8108024409448817
11
3.9167629133858268
21
-2.8102351968503938
0
LINE
8
BLACK
6
CONTINUOUS
10
3.9167629133858268
20
-2.8102351968503938
11
3.9186125196850394
21
-2.8110467322834647
0
LINE
8
BLACK
6
CONTINUOUS
10
5.6186125196850396
20
-2.8110467322834647
11
5.6195077165354332
21
-2.8128573228346454
0
LINE
8
BLACK
6
CONTINUOUS
10
5.6195077165354332
20
-2.8128573228346454
11
5.6190297244094483
21
-2.8148197637795276
0
LINE
8
BLACK
6
CONTINUOUS
10
5.6190297244094483
20
-2.8148197637795276
11
5.6069983070866138
21
-2.8328668897637796
0
LINE
8
BLACK
6
CONTINUOUS
10
5.6069983070866138
20
-2.8328668897637796
11
5.6190297244094483
21
-2.8509140157480313
0
LINE
8
BLACK
6
CONTINUOUS
10
5.6190297244094483
20
-2.8509140157480313
11
5.619441771653543
21
-2.8518531102362203
0
LINE
8
BLACK
6
CONTINUOUS
10
5.619441771653543
20
-2.8518531102362203
11
5.6192197637795278
21
-2.8538606692913384
0
LINE
8
BLACK
6
CONTINUOUS
10
5.6192197637795278
20
-2.8538606692913384
11
5.6177592519685042
21
-2.8552558661417322
0
LINE
8
BLACK
6
CONTINUOUS
10
5.6177592519685042
20
-2.8552558661417322
11
5.6157436614173228
21
-2.8553858267716534
0
LINE
8
BLACK
6
CONTINUOUS
10
5.6157436614173228
20
-2.8553858267716534
11
5.6141160236220475
21
-2.8541898031496062
0
LINE
8
BLACK
6
CONTINUOUS
10
5.6141160236220475
20
-2.8541898031496062
11
5.6034495275590546
21
-2.8381900393700787
0
LINE
8
BLACK
6
CONTINUOUS
10
5.6034495275590546
20
-2.8381900393700787
11
5.5927830314960625
21
-2.8541898031496062
0
LINE
8
BLACK
6
CONTINUOUS
10
5.5927830314960625
20
-2.8541898031496062
11
5.5920746456692916
21
-2.8549313385826771
0
LINE
8
BLACK
6
CONTINUOUS
10
5.5920746456692916
20
-2.8549313385826771
11
5.590136141732283
21
-2.8554985826771655
0
LINE
8
BLACK
6
CONTINUOUS
10
5.590136141732283
20
-2.8554985826771655
11
5.5882865354330704
21
-2.8546870472440946
0
LINE
8
BLACK
6
CONTINUOUS
10
5.5882865354330704
20
-2.8546870472440946
11
5.5873913385826768
21
-2.8528764566929135
0
LINE
8
BLACK
6
CONTINUOUS
10
5.5873913385826768
20
-2.8528764566929135
11
5.5878693307086609
21
-2.85091405511811
0
LINE
8
BLACK
6
CONTINUOUS
10
5.5878693307086609
20
-2.85091405511811
11
5.5999007480314962
21
-2.8328668897637796
0
LINE
8
BLACK
6
CONTINUOUS
10
5.5999007480314962
20
-2.8328668897637796
11
5.5878693307086609
21
-2.8148197244094488
0
LINE
8
BLACK
6
CONTINUOUS
10
5.5878693307086609
20
-2.8148197244094488
11
5.587457283464567
21
-2.8138806692913385
0
LINE
8
BLACK
6
CONTINUOUS
10
5.587457283464567
20
-2.8138806692913385
11
5.5876792913385822
21
-2.8118731102362204
0
LINE
8
BLACK
6
CONTINUOUS
10
5.5876792913385822
20
-2.8118731102362204
11
5.5891398031496058
21
-2.8104779133858266
0
LINE
8
BLACK
6
CONTINUOUS
10
5.5891398031496058
20
-2.8104779133858266
11
5.5911553937007872
21
-2.8103479527559054
0
LINE
8
BLACK
6
CONTINUOUS
10
5.5911553937007872
20
-2.8103479527559054
11
5.5927830314960625
21
-2.8115439763779526
0
LINE
8
BLACK
6
CONTINUOUS
10
5.5927830314960625
20
-2.8115439763779526
11
5.6034495275590546
21
-2.8275437007874014
0
LINE
8
BLACK
6
CONTINUOUS
10
5.6034495275590546
20
-2.8275437007874014
11
5.6141160236220475
21
-2.8115439763779526
0
LINE
8
BLACK
6
CONTINUOUS
10
5.6141160236220475
20
-2.8115439763779526
11
5.6148244094488184
21
-2.8108024409448817
0
LINE
8
BLACK
6
CONTINUOUS
10
5.6148244094488184
20
-2.8108024409448817
11
5.616762913385827
21
-2.8102351968503938
0
LINE
8
BLACK
6
CONTINUOUS
10
5.616762913385827
20
-2.8102351968503938
11
5.6186125196850396
21
-2.8110467322834647
  0
ENDSEC
  0
EOF
