  0
SECTION
  2
HEADER
  9
$ANGBASE
  50
0.0
  9
$ANGDIR
  70
1
  9
$MEASUREMENT
  70
0
  0
ENDSEC
  0
SECTION
  2
TABLES
  0
TABLE
  2
LTYPE
  70
4
  0
LTYPE
  5
40F
  2
CONTINUOUS
  70
0
  3
Solid line
  72
65
  73
0
  40
0.0
  0
LTYPE
  5
410
  2
DASHDOT
 70
0
  3
Dash Dot ____ _ ____ _
 72
65
 73
4
 40
2.0
 49
1.25
 49
-0.25
 49
0.25
 49
-0.25
  0
LTYPE
  5
411
  2
DASHED
 70
0
  3
Dashed __ __ __ __ __
 72
65
 73
2
 40
0.75
 49
0.5
 49
-0.25
  0
LTYPE
  5
43B
  2
DOTTED
 70
0
  3
Dotted .  .  .  .
 72
65
 73
2
 40
0.2
 49
0.0
 49
-0.2
  0
ENDTAB
  0
TABLE
  2
STYLE
  70
4
  0
STYLE
  2
KICAD
  70
0
  40
0
  41
1
  42
1
  50
0
  71
0
  3
isocp.shx
  0
STYLE
  2
KICADB
  70
0
  40
0
  41
1
  42
1
  50
0
  71
0
  3
isocp.shx
  0
STYLE
  2
KICADI
  70
0
  40
0
  41
1
  42
1
  50
15
  71
0
  3
isocp.shx
  0
STYLE
  2
KICADBI
  70
0
  40
0
  41
1
  42
1
  50
15
  71
0
  3
isocp.shx
  0
ENDTAB
  0
TABLE
  2
LAYER
  70
1
  0
LAYER
  2
BLACK
  70
0
  62
7
  6
CONTINUOUS
  0
ENDTAB
  0
ENDSEC
  0
SECTION
  2
ENTITIES
0
LINE
8
BLACK
6
CONTINUOUS
10
4.0141057480314961
20
-4.5548079133858268
11
4.0280341338582675
21
-4.5571744488188974
0
LINE
8
BLACK
6
CONTINUOUS
10
4.0280341338582675
20
-4.5571744488188974
11
4.0416099606299207
21
-4.5610855511811019
0
LINE
8
BLACK
6
CONTINUOUS
10
4.0416099606299207
20
-4.5610855511811019
11
4.0546625196850394
21
-4.5664921259842517
0
LINE
8
BLACK
6
CONTINUOUS
10
4.0546625196850394
20
-4.5664921259842517
11
4.0670276771653544
21
-4.5733261023622047
0
LINE
8
BLACK
6
CONTINUOUS
10
4.0670276771653544
20
-4.5733261023622047
11
4.0785498818897636
21
-4.5815015354330706
0
LINE
8
BLACK
6
CONTINUOUS
10
4.0785498818897636
20
-4.5815015354330706
11
4.0890843307086611
21
-4.5909156692913387
0
LINE
8
BLACK
6
CONTINUOUS
10
4.0890843307086611
20
-4.5909156692913387
11
4.0984984645669291
21
-4.6014501181102361
0
LINE
8
BLACK
6
CONTINUOUS
10
4.0984984645669291
20
-4.6014501181102361
11
4.106673897637795
21
-4.6129723228346453
0
LINE
8
BLACK
6
CONTINUOUS
10
4.106673897637795
20
-4.6129723228346453
11
4.113507874015748
21
-4.6253374803149603
0
LINE
8
BLACK
6
CONTINUOUS
10
4.113507874015748
20
-4.6253374803149603
11
4.1189144488188978
21
-4.638390039370079
0
LINE
8
BLACK
6
CONTINUOUS
10
4.1189144488188978
20
-4.638390039370079
11
4.1228255511811023
21
-4.6519658661417322
0
LINE
8
BLACK
6
CONTINUOUS
10
4.1228255511811023
20
-4.6519658661417322
11
4.1251920866141729
21
-4.6658942519685036
0
LINE
8
BLACK
6
CONTINUOUS
10
4.1251920866141729
20
-4.6658942519685036
11
4.1259842519685037
21
-4.6799999999999997
0
LINE
8
BLACK
6
CONTINUOUS
10
4.1259842519685037
20
-4.6799999999999997
11
4.1251920866141729
21
-4.6941057480314958
0
LINE
8
BLACK
6
CONTINUOUS
10
4.1251920866141729
20
-4.6941057480314958
11
4.1228255511811023
21
-4.7080341338582672
0
LINE
8
BLACK
6
CONTINUOUS
10
4.1228255511811023
20
-4.7080341338582672
11
4.1189144488188978
21
-4.7216099606299213
0
LINE
8
BLACK
6
CONTINUOUS
10
4.1189144488188978
20
-4.7216099606299213
11
4.113507874015748
21
-4.7346625196850392
0
LINE
8
BLACK
6
CONTINUOUS
10
4.113507874015748
20
-4.7346625196850392
11
4.106673897637795
21
-4.7470276771653541
0
LINE
8
BLACK
6
CONTINUOUS
10
4.106673897637795
20
-4.7470276771653541
11
4.0984984645669291
21
-4.7585498818897634
0
LINE
8
BLACK
6
CONTINUOUS
10
4.0984984645669291
20
-4.7585498818897634
11
4.0890843307086611
21
-4.7690843307086617
0
LINE
8
BLACK
6
CONTINUOUS
10
4.0890843307086611
20
-4.7690843307086617
11
4.0785498818897636
21
-4.7784984645669288
0
LINE
8
BLACK
6
CONTINUOUS
10
4.0785498818897636
20
-4.7784984645669288
11
4.0670276771653544
21
-4.7866738976377956
0
LINE
8
BLACK
6
CONTINUOUS
10
4.0670276771653544
20
-4.7866738976377956
11
4.0546625196850394
21
-4.7935078740157477
0
LINE
8
BLACK
6
CONTINUOUS
10
4.0546625196850394
20
-4.7935078740157477
11
4.0416099606299207
21
-4.7989144488188975
0
LINE
8
BLACK
6
CONTINUOUS
10
4.0416099606299207
20
-4.7989144488188975
11
4.0280341338582675
21
-4.802825551181102
0
LINE
8
BLACK
6
CONTINUOUS
10
4.0280341338582675
20
-4.802825551181102
11
4.0141057480314961
21
-4.8051920866141735
0
LINE
8
BLACK
6
CONTINUOUS
10
4.0141057480314961
20
-4.8051920866141735
11
4.
21
-4.8059842519685034
0
LINE
8
BLACK
6
CONTINUOUS
10
4.
20
-4.8059842519685034
11
3.9858942519685039
21
-4.8051920866141735
0
LINE
8
BLACK
6
CONTINUOUS
10
3.9858942519685039
20
-4.8051920866141735
11
3.9719658661417321
21
-4.802825551181102
0
LINE
8
BLACK
6
CONTINUOUS
10
3.9719658661417321
20
-4.802825551181102
11
3.9583900393700788
21
-4.7989144488188975
0
LINE
8
BLACK
6
CONTINUOUS
10
3.9583900393700788
20
-4.7989144488188975
11
3.9453374803149606
21
-4.7935078740157477
0
LINE
8
BLACK
6
CONTINUOUS
10
3.9453374803149606
20
-4.7935078740157477
11
3.9329723228346456
21
-4.7866738976377956
0
LINE
8
BLACK
6
CONTINUOUS
10
3.9329723228346456
20
-4.7866738976377956
11
3.9214501181102359
21
-4.7784984645669288
0
LINE
8
BLACK
6
CONTINUOUS
10
3.9214501181102359
20
-4.7784984645669288
11
3.9109156692913385
21
-4.7690843307086617
0
LINE
8
BLACK
6
CONTINUOUS
10
3.9109156692913385
20
-4.7690843307086617
11
3.9015015354330709
21
-4.7585498818897634
0
LINE
8
BLACK
6
CONTINUOUS
10
3.9015015354330709
20
-4.7585498818897634
11
3.8933261023622046
21
-4.7470276771653541
0
LINE
8
BLACK
6
CONTINUOUS
10
3.8933261023622046
20
-4.7470276771653541
11
3.886492125984252
21
-4.7346625196850392
0
LINE
8
BLACK
6
CONTINUOUS
10
3.886492125984252
20
-4.7346625196850392
11
3.8810855511811022
21
-4.7216099606299213
0
LINE
8
BLACK
6
CONTINUOUS
10
3.8810855511811022
20
-4.7216099606299213
11
3.8771744488188977
21
-4.7080341338582672
0
LINE
8
BLACK
6
CONTINUOUS
10
3.8771744488188977
20
-4.7080341338582672
11
3.8748079133858266
21
-4.6941057480314958
0
LINE
8
BLACK
6
CONTINUOUS
10
3.8748079133858266
20
-4.6941057480314958
11
3.8740157480314958
21
-4.6799999999999997
0
LINE
8
BLACK
6
CONTINUOUS
10
3.8740157480314958
20
-4.6799999999999997
11
3.8748079133858266
21
-4.6658942519685036
0
LINE
8
BLACK
6
CONTINUOUS
10
3.8748079133858266
20
-4.6658942519685036
11
3.8771744488188977
21
-4.6519658661417322
0
LINE
8
BLACK
6
CONTINUOUS
10
3.8771744488188977
20
-4.6519658661417322
11
3.8810855511811022
21
-4.638390039370079
0
LINE
8
BLACK
6
CONTINUOUS
10
3.8810855511811022
20
-4.638390039370079
11
3.886492125984252
21
-4.6253374803149603
0
LINE
8
BLACK
6
CONTINUOUS
10
3.886492125984252
20
-4.6253374803149603
11
3.8933261023622046
21
-4.6129723228346453
0
LINE
8
BLACK
6
CONTINUOUS
10
3.8933261023622046
20
-4.6129723228346453
11
3.9015015354330709
21
-4.6014501181102361
0
LINE
8
BLACK
6
CONTINUOUS
10
3.9015015354330709
20
-4.6014501181102361
11
3.9109156692913385
21
-4.5909156692913387
0
LINE
8
BLACK
6
CONTINUOUS
10
3.9109156692913385
20
-4.5909156692913387
11
3.9214501181102359
21
-4.5815015354330706
0
LINE
8
BLACK
6
CONTINUOUS
10
3.9214501181102359
20
-4.5815015354330706
11
3.9329723228346456
21
-4.5733261023622047
0
LINE
8
BLACK
6
CONTINUOUS
10
3.9329723228346456
20
-4.5733261023622047
11
3.9453374803149606
21
-4.5664921259842517
0
LINE
8
BLACK
6
CONTINUOUS
10
3.9453374803149606
20
-4.5664921259842517
11
3.9583900393700788
21
-4.5610855511811019
0
LINE
8
BLACK
6
CONTINUOUS
10
3.9583900393700788
20
-4.5610855511811019
11
3.9719658661417321
21
-4.5571744488188974
0
LINE
8
BLACK
6
CONTINUOUS
10
3.9719658661417321
20
-4.5571744488188974
11
3.9858942519685039
21
-4.5548079133858268
0
LINE
8
BLACK
6
CONTINUOUS
10
3.9858942519685039
20
-4.5548079133858268
11
4.
21
-4.554015748031496
0
LINE
8
BLACK
6
CONTINUOUS
10
4.
20
-4.554015748031496
11
4.0141057480314961
21
-4.5548079133858268
0
LINE
8
BLACK
6
CONTINUOUS
10
5.7141057480314963
20
-4.5548079133858268
11
5.7280341338582677
21
-4.5571744488188974
0
LINE
8
BLACK
6
CONTINUOUS
10
5.7280341338582677
20
-4.5571744488188974
11
5.7416099606299209
21
-4.5610855511811019
0
LINE
8
BLACK
6
CONTINUOUS
10
5.7416099606299209
20
-4.5610855511811019
11
5.7546625196850396
21
-4.5664921259842517
0
LINE
8
BLACK
6
CONTINUOUS
10
5.7546625196850396
20
-4.5664921259842517
11
5.7670276771653546
21
-4.5733261023622047
0
LINE
8
BLACK
6
CONTINUOUS
10
5.7670276771653546
20
-4.5733261023622047
11
5.7785498818897638
21
-4.5815015354330706
0
LINE
8
BLACK
6
CONTINUOUS
10
5.7785498818897638
20
-4.5815015354330706
11
5.7890843307086612
21
-4.5909156692913387
0
LINE
8
BLACK
6
CONTINUOUS
10
5.7890843307086612
20
-4.5909156692913387
11
5.7984984645669293
21
-4.6014501181102361
0
LINE
8
BLACK
6
CONTINUOUS
10
5.7984984645669293
20
-4.6014501181102361
11
5.8066738976377952
21
-4.6129723228346453
0
LINE
8
BLACK
6
CONTINUOUS
10
5.8066738976377952
20
-4.6129723228346453
11
5.8135078740157482
21
-4.6253374803149603
0
LINE
8
BLACK
6
CONTINUOUS
10
5.8135078740157482
20
-4.6253374803149603
11
5.8189144488188971
21
-4.638390039370079
0
LINE
8
BLACK
6
CONTINUOUS
10
5.8189144488188971
20
-4.638390039370079
11
5.8228255511811025
21
-4.6519658661417322
0
LINE
8
BLACK
6
CONTINUOUS
10
5.8228255511811025
20
-4.6519658661417322
11
5.8251920866141731
21
-4.6658942519685036
0
LINE
8
BLACK
6
CONTINUOUS
10
5.8251920866141731
20
-4.6658942519685036
11
5.8259842519685039
21
-4.6799999999999997
0
LINE
8
BLACK
6
CONTINUOUS
10
5.8259842519685039
20
-4.6799999999999997
11
5.8251920866141731
21
-4.6941057480314958
0
LINE
8
BLACK
6
CONTINUOUS
10
5.8251920866141731
20
-4.6941057480314958
11
5.8228255511811025
21
-4.7080341338582672
0
LINE
8
BLACK
6
CONTINUOUS
10
5.8228255511811025
20
-4.7080341338582672
11
5.8189144488188971
21
-4.7216099606299213
0
LINE
8
BLACK
6
CONTINUOUS
10
5.8189144488188971
20
-4.7216099606299213
11
5.8135078740157482
21
-4.7346625196850392
0
LINE
8
BLACK
6
CONTINUOUS
10
5.8135078740157482
20
-4.7346625196850392
11
5.8066738976377952
21
-4.7470276771653541
0
LINE
8
BLACK
6
CONTINUOUS
10
5.8066738976377952
20
-4.7470276771653541
11
5.7984984645669293
21
-4.7585498818897634
0
LINE
8
BLACK
6
CONTINUOUS
10
5.7984984645669293
20
-4.7585498818897634
11
5.7890843307086612
21
-4.7690843307086617
0
LINE
8
BLACK
6
CONTINUOUS
10
5.7890843307086612
20
-4.7690843307086617
11
5.7785498818897638
21
-4.7784984645669288
0
LINE
8
BLACK
6
CONTINUOUS
10
5.7785498818897638
20
-4.7784984645669288
11
5.7670276771653546
21
-4.7866738976377956
0
LINE
8
BLACK
6
CONTINUOUS
10
5.7670276771653546
20
-4.7866738976377956
11
5.7546625196850396
21
-4.7935078740157477
0
LINE
8
BLACK
6
CONTINUOUS
10
5.7546625196850396
20
-4.7935078740157477
11
5.7416099606299209
21
-4.7989144488188975
0
LINE
8
BLACK
6
CONTINUOUS
10
5.7416099606299209
20
-4.7989144488188975
11
5.7280341338582677
21
-4.802825551181102
0
LINE
8
BLACK
6
CONTINUOUS
10
5.7280341338582677
20
-4.802825551181102
11
5.7141057480314963
21
-4.8051920866141735
0
LINE
8
BLACK
6
CONTINUOUS
10
5.7141057480314963
20
-4.8051920866141735
11
5.7000000000000002
21
-4.8059842519685034
0
LINE
8
BLACK
6
CONTINUOUS
10
5.7000000000000002
20
-4.8059842519685034
11
5.6858942519685041
21
-4.8051920866141735
0
LINE
8
BLACK
6
CONTINUOUS
10
5.6858942519685041
20
-4.8051920866141735
11
5.6719658661417318
21
-4.802825551181102
0
LINE
8
BLACK
6
CONTINUOUS
10
5.6719658661417318
20
-4.802825551181102
11
5.6583900393700786
21
-4.7989144488188975
0
LINE
8
BLACK
6
CONTINUOUS
10
5.6583900393700786
20
-4.7989144488188975
11
5.6453374803149607
21
-4.7935078740157477
0
LINE
8
BLACK
6
CONTINUOUS
10
5.6453374803149607
20
-4.7935078740157477
11
5.6329723228346458
21
-4.7866738976377956
0
LINE
8
BLACK
6
CONTINUOUS
10
5.6329723228346458
20
-4.7866738976377956
11
5.6214501181102356
21
-4.7784984645669288
0
LINE
8
BLACK
6
CONTINUOUS
10
5.6214501181102356
20
-4.7784984645669288
11
5.6109156692913382
21
-4.7690843307086617
0
LINE
8
BLACK
6
CONTINUOUS
10
5.6109156692913382
20
-4.7690843307086617
11
5.6015015354330711
21
-4.7585498818897634
0
LINE
8
BLACK
6
CONTINUOUS
10
5.6015015354330711
20
-4.7585498818897634
11
5.5933261023622043
21
-4.7470276771653541
0
LINE
8
BLACK
6
CONTINUOUS
10
5.5933261023622043
20
-4.7470276771653541
11
5.5864921259842522
21
-4.7346625196850392
0
LINE
8
BLACK
6
CONTINUOUS
10
5.5864921259842522
20
-4.7346625196850392
11
5.5810855511811024
21
-4.7216099606299213
0
LINE
8
BLACK
6
CONTINUOUS
10
5.5810855511811024
20
-4.7216099606299213
11
5.5771744488188979
21
-4.7080341338582672
0
LINE
8
BLACK
6
CONTINUOUS
10
5.5771744488188979
20
-4.7080341338582672
11
5.5748079133858264
21
-4.6941057480314958
0
LINE
8
BLACK
6
CONTINUOUS
10
5.5748079133858264
20
-4.6941057480314958
11
5.5740157480314956
21
-4.6799999999999997
0
LINE
8
BLACK
6
CONTINUOUS
10
5.5740157480314956
20
-4.6799999999999997
11
5.5748079133858264
21
-4.6658942519685036
0
LINE
8
BLACK
6
CONTINUOUS
10
5.5748079133858264
20
-4.6658942519685036
11
5.5771744488188979
21
-4.6519658661417322
0
LINE
8
BLACK
6
CONTINUOUS
10
5.5771744488188979
20
-4.6519658661417322
11
5.5810855511811024
21
-4.638390039370079
0
LINE
8
BLACK
6
CONTINUOUS
10
5.5810855511811024
20
-4.638390039370079
11
5.5864921259842522
21
-4.6253374803149603
0
LINE
8
BLACK
6
CONTINUOUS
10
5.5864921259842522
20
-4.6253374803149603
11
5.5933261023622043
21
-4.6129723228346453
0
LINE
8
BLACK
6
CONTINUOUS
10
5.5933261023622043
20
-4.6129723228346453
11
5.6015015354330711
21
-4.6014501181102361
0
LINE
8
BLACK
6
CONTINUOUS
10
5.6015015354330711
20
-4.6014501181102361
11
5.6109156692913382
21
-4.5909156692913387
0
LINE
8
BLACK
6
CONTINUOUS
10
5.6109156692913382
20
-4.5909156692913387
11
5.6214501181102356
21
-4.5815015354330706
0
LINE
8
BLACK
6
CONTINUOUS
10
5.6214501181102356
20
-4.5815015354330706
11
5.6329723228346458
21
-4.5733261023622047
0
LINE
8
BLACK
6
CONTINUOUS
10
5.6329723228346458
20
-4.5733261023622047
11
5.6453374803149607
21
-4.5664921259842517
0
LINE
8
BLACK
6
CONTINUOUS
10
5.6453374803149607
20
-4.5664921259842517
11
5.6583900393700786
21
-4.5610855511811019
0
LINE
8
BLACK
6
CONTINUOUS
10
5.6583900393700786
20
-4.5610855511811019
11
5.6719658661417318
21
-4.5571744488188974
0
LINE
8
BLACK
6
CONTINUOUS
10
5.6719658661417318
20
-4.5571744488188974
11
5.6858942519685041
21
-4.5548079133858268
0
LINE
8
BLACK
6
CONTINUOUS
10
5.6858942519685041
20
-4.5548079133858268
11
5.7000000000000002
21
-4.554015748031496
0
LINE
8
BLACK
6
CONTINUOUS
10
5.7000000000000002
20
-4.554015748031496
11
5.7141057480314963
21
-4.5548079133858268
0
LINE
8
BLACK
6
CONTINUOUS
10
4.1987012598425197
20
-4.655640157480315
11
4.1997656692913381
21
-4.6560810629921257
0
LINE
8
BLACK
6
CONTINUOUS
10
4.1997656692913381
20
-4.6560810629921257
11
4.2005803149606296
21
-4.6568957086614171
0
LINE
8
BLACK
6
CONTINUOUS
10
4.2005803149606296
20
-4.6568957086614171
11
4.2010212204724411
21
-4.6579601181102364
0
LINE
8
BLACK
6
CONTINUOUS
10
4.2010212204724411
20
-4.6579601181102364
11
4.2010212204724411
21
-4.6591122440944881
0
LINE
8
BLACK
6
CONTINUOUS
10
4.2010212204724411
20
-4.6591122440944881
11
4.2005803149606296
21
-4.6601766535433073
0
LINE
8
BLACK
6
CONTINUOUS
10
4.2005803149606296
20
-4.6601766535433073
11
4.1997656692913381
21
-4.6609912992125979
0
LINE
8
BLACK
6
CONTINUOUS
10
4.1997656692913381
20
-4.6609912992125979
11
4.1987012598425197
21
-4.6614322047244094
0
LINE
8
BLACK
6
CONTINUOUS
10
4.1987012598425197
20
-4.6614322047244094
11
4.18019811023622
21
-4.661474251968504
0
LINE
8
BLACK
6
CONTINUOUS
10
4.18019811023622
20
-4.661474251968504
11
4.1890987795275594
21
-4.6715898818897639
0
LINE
8
BLACK
6
CONTINUOUS
10
4.1890987795275594
20
-4.6715898818897639
11
4.1892767716535433
21
-4.6718388582677166
0
LINE
8
BLACK
6
CONTINUOUS
10
4.1892767716535433
20
-4.6718388582677166
11
4.1893317322834642
21
-4.6718938188976376
0
LINE
8
BLACK
6
CONTINUOUS
10
4.1893317322834642
20
-4.6718938188976376
11
4.1893533070866145
21
-4.6719459055118113
0
LINE
8
BLACK
6
CONTINUOUS
10
4.1893533070866145
20
-4.6719459055118113
11
4.1894354330708659
21
-4.6720607874015743
0
LINE
8
BLACK
6
CONTINUOUS
10
4.1894354330708659
20
-4.6720607874015743
11
4.1895890157480311
21
-4.6725149999999998
0
LINE
8
BLACK
6
CONTINUOUS
10
4.1895890157480311
20
-4.6725149999999998
11
4.1897726377952758
21
-4.6729582283464568
0
LINE
8
BLACK
6
CONTINUOUS
10
4.1897726377952758
20
-4.6729582283464568
11
4.1897726377952758
21
-4.673057834645669
0
LINE
8
BLACK
6
CONTINUOUS
10
4.1897726377952758
20
-4.673057834645669
11
4.1898045275590547
21
-4.6731521653543302
0
LINE
8
BLACK
6
CONTINUOUS
10
4.1898045275590547
20
-4.6731521653543302
11
4.1897726377952758
21
-4.6736306299212593
0
LINE
8
BLACK
6
CONTINUOUS
10
4.1897726377952758
20
-4.6736306299212593
11
4.1897726377952758
21
-4.6741103543307085
0
LINE
8
BLACK
6
CONTINUOUS
10
4.1897726377952758
20
-4.6741103543307085
11
4.1897345275590547
21
-4.6742023228346454
0
LINE
8
BLACK
6
CONTINUOUS
10
4.1897345275590547
20
-4.6742023228346454
11
4.189727913385827
21
-4.674301692913386
0
LINE
8
BLACK
6
CONTINUOUS
10
4.189727913385827
20
-4.674301692913386
11
4.1895151968503939
21
-4.674731811023622
0
LINE
8
BLACK
6
CONTINUOUS
10
4.1895151968503939
20
-4.674731811023622
11
4.1893317322834642
21
-4.6751747637795278
0
LINE
8
BLACK
6
CONTINUOUS
10
4.1893317322834642
20
-4.6751747637795278
11
4.1892613779527554
21
-4.6752450787401569
0
LINE
8
BLACK
6
CONTINUOUS
10
4.1892613779527554
20
-4.6752450787401569
11
4.1892172047244092
21
-4.6753344488188979
0
LINE
8
BLACK
6
CONTINUOUS
10
4.1892172047244092
20
-4.6753344488188979
11
4.1888560629921257
21
-4.6756503937007876
0
LINE
8
BLACK
6
CONTINUOUS
10
4.1888560629921257
20
-4.6756503937007876
11
4.1885170866141728
21
-4.6759894094488184
0
LINE
8
BLACK
6
CONTINUOUS
10
4.1885170866141728
20
-4.6759894094488184
11
4.1884250787401571
21
-4.6760275196850394
0
LINE
8
BLACK
6
CONTINUOUS
10
4.1884250787401571
20
-4.6760275196850394
11
4.1883501181102361
21
-4.67609311023622
0
LINE
8
BLACK
6
CONTINUOUS
10
4.1883501181102361
20
-4.67609311023622
11
4.1878958661417318
21
-4.6762466929133861
0
LINE
8
BLACK
6
CONTINUOUS
10
4.1878958661417318
20
-4.6762466929133861
11
4.1874526771653544
21
-4.6764303149606299
0
LINE
8
BLACK
6
CONTINUOUS
10
4.1874526771653544
20
-4.6764303149606299
11
4.187350236220472
21
-4.6764312204724412
0
LINE
8
BLACK
6
CONTINUOUS
10
4.187350236220472
20
-4.6764312204724412
11
4.1872587401574801
21
-4.6764622047244098
0
LINE
8
BLACK
6
CONTINUOUS
10
4.1872587401574801
20
-4.6764622047244098
11
4.1868614173228345
21
-4.6764357086614172
0
LINE
8
BLACK
6
CONTINUOUS
10
4.1868614173228345
20
-4.6764357086614172
11
4.1818695275590549
21
-4.6764813779527561
0
LINE
8
BLACK
6
CONTINUOUS
10
4.1818695275590549
20
-4.6764813779527561
11
4.1791586220472441
21
-4.6778773622047245
0
LINE
8
BLACK
6
CONTINUOUS
10
4.1791586220472441
20
-4.6778773622047245
11
4.1779679133858263
21
-4.6791107086614172
0
LINE
8
BLACK
6
CONTINUOUS
10
4.1779679133858263
20
-4.6791107086614172
11
4.1766570078740157
21
-4.6818123622047247
0
LINE
8
BLACK
6
CONTINUOUS
10
4.1766570078740157
20
-4.6818123622047247
11
4.1767025196850396
21
-4.6897940944881888
0
LINE
8
BLACK
6
CONTINUOUS
10
4.1767025196850396
20
-4.6897940944881888
11
4.1780963779527562
21
-4.6925008267716537
0
LINE
8
BLACK
6
CONTINUOUS
10
4.1780963779527562
20
-4.6925008267716537
11
4.1793297244094489
21
-4.6936916141732281
0
LINE
8
BLACK
6
CONTINUOUS
10
4.1793297244094489
20
-4.6936916141732281
11
4.1820338582677161
21
-4.6950037007874013
0
LINE
8
BLACK
6
CONTINUOUS
10
4.1820338582677161
20
-4.6950037007874013
11
4.1918889370078736
21
-4.6949564173228344
0
LINE
8
BLACK
6
CONTINUOUS
10
4.1918889370078736
20
-4.6949564173228344
11
4.1945945275590546
21
-4.6935631496062991
0
LINE
8
BLACK
6
CONTINUOUS
10
4.1945945275590546
20
-4.6935631496062991
11
4.1960372440944882
21
-4.6920688188976376
0
LINE
8
BLACK
6
CONTINUOUS
10
4.1960372440944882
20
-4.6920688188976376
11
4.1964847244094488
21
-4.6917015748031492
0
LINE
8
BLACK
6
CONTINUOUS
10
4.1964847244094488
20
-4.6917015748031492
11
4.197549133858268
21
-4.6912606692913386
0
LINE
8
BLACK
6
CONTINUOUS
10
4.197549133858268
20
-4.6912606692913386
11
4.198701220472441
21
-4.6912606692913386
0
LINE
8
BLACK
6
CONTINUOUS
10
4.198701220472441
20
-4.6912606692913386
11
4.1997656299212593
21
-4.6917015354330704
0
LINE
8
BLACK
6
CONTINUOUS
10
4.1997656299212593
20
-4.6917015354330704
11
4.2005803149606296
21
-4.6925162204724407
0
LINE
8
BLACK
6
CONTINUOUS
10
4.2005803149606296
20
-4.6925162204724407
11
4.2010212204724411
21
-4.6935806299212599
0
LINE
8
BLACK
6
CONTINUOUS
10
4.2010212204724411
20
-4.6935806299212599
11
4.2010212204724411
21
-4.6947327165354329
0
LINE
8
BLACK
6
CONTINUOUS
10
4.2010212204724411
20
-4.6947327165354329
11
4.2005803543307083
21
-4.6957971259842521
0
LINE
8
BLACK
6
CONTINUOUS
10
4.2005803543307083
20
-4.6957971259842521
11
4.198338385826772
21
-4.6981193700787403
0
LINE
8
BLACK
6
CONTINUOUS
10
4.198338385826772
20
-4.6981193700787403
11
4.1981120078740153
21
-4.6983051181102358
0
LINE
8
BLACK
6
CONTINUOUS
10
4.1981120078740153
20
-4.6983051181102358
11
4.1980608267716537
21
-4.6983641732283461
0
LINE
8
BLACK
6
CONTINUOUS
10
4.1980608267716537
20
-4.6983641732283461
11
4.1980051574803152
21
-4.6983927952755904
0
LINE
8
BLACK
6
CONTINUOUS
10
4.1980051574803152
20
-4.6983927952755904
11
4.1978909055118105
21
-4.6984866141732287
0
LINE
8
BLACK
6
CONTINUOUS
10
4.1978909055118105
20
-4.6984866141732287
11
4.197544015748031
21
-4.6986302755905509
0
LINE
8
BLACK
6
CONTINUOUS
10
4.197544015748031
20
-4.6986302755905509
11
4.1938214173228348
21
-4.7005472834645667
0
LINE
8
BLACK
6
CONTINUOUS
10
4.1938214173228348
20
-4.7005472834645667
11
4.1932807874015747
21
-4.7007541732283462
0
LINE
8
BLACK
6
CONTINUOUS
10
4.1932807874015747
20
-4.7007541732283462
11
4.1931749606299213
21
-4.7007616535433066
0
LINE
8
BLACK
6
CONTINUOUS
10
4.1931749606299213
20
-4.7007616535433066
11
4.1930769685039371
21
-4.7008022834645669
0
LINE
8
BLACK
6
CONTINUOUS
10
4.1930769685039371
20
-4.7008022834645669
11
4.1925693700787399
21
-4.7008046850393699
0
LINE
8
BLACK
6
CONTINUOUS
10
4.1925693700787399
20
-4.7008046850393699
11
4.1921315748031498
21
-4.7008358267716535
0
LINE
8
BLACK
6
CONTINUOUS
10
4.1921315748031498
20
-4.7008358267716535
11
4.1920457874015744
21
-4.7008072047244092
0
LINE
8
BLACK
6
CONTINUOUS
10
4.1920457874015744
20
-4.7008072047244092
11
4.1812523228346459
21
-4.7008590157480317
0
LINE
8
BLACK
6
CONTINUOUS
10
4.1812523228346459
20
-4.7008590157480317
11
4.18067625984252
21
-4.7008022834645669
0
LINE
8
BLACK
6
CONTINUOUS
10
4.18067625984252
20
-4.7008022834645669
11
4.1805782677165357
21
-4.7007616929133853
0
LINE
8
BLACK
6
CONTINUOUS
10
4.1805782677165357
20
-4.7007616929133853
11
4.1804724015748027
21
-4.7007541732283462
0
LINE
8
BLACK
6
CONTINUOUS
10
4.1804724015748027
20
-4.7007541732283462
11
4.1799606299212595
21
-4.7005058267716535
0
LINE
8
BLACK
6
CONTINUOUS
10
4.1799606299212595
20
-4.7005058267716535
11
4.1796118503937008
21
-4.7003613779527562
0
LINE
8
BLACK
6
CONTINUOUS
10
4.1796118503937008
20
-4.7003613779527562
11
4.1795637401574801
21
-4.7003132677165356
0
LINE
8
BLACK
6
CONTINUOUS
10
4.1795637401574801
20
-4.7003132677165356
11
4.1761822834645672
21
-4.6986725196850392
0
LINE
8
BLACK
6
CONTINUOUS
10
4.1761822834645672
20
-4.6986725196850392
11
4.1759342519685037
21
-4.6985164173228346
0
LINE
8
BLACK
6
CONTINUOUS
10
4.1759342519685037
20
-4.6985164173228346
11
4.1758623228346456
21
-4.6984866141732287
0
LINE
8
BLACK
6
CONTINUOUS
10
4.1758623228346456
20
-4.6984866141732287
11
4.1758162204724405
21
-4.6984420866141727
0
LINE
8
BLACK
6
CONTINUOUS
10
4.1758162204724405
20
-4.6984420866141727
11
4.1756924015748034
21
-4.6983641732283461
0
LINE
8
BLACK
6
CONTINUOUS
10
4.1756924015748034
20
-4.6983641732283461
11
4.1754705905511811
21
-4.6981083858267718
0
LINE
8
BLACK
6
CONTINUOUS
10
4.1754705905511811
20
-4.6981083858267718
11
4.1735400787401575
21
-4.6962445669291339
0
LINE
8
BLACK
6
CONTINUOUS
10
4.1735400787401575
20
-4.6962445669291339
11
4.1733543307086611
21
-4.6960182283464569
0
LINE
8
BLACK
6
CONTINUOUS
10
4.1733543307086611
20
-4.6960182283464569
11
4.1732953543307083
21
-4.6959670866141732
0
LINE
8
BLACK
6
CONTINUOUS
10
4.1732953543307083
20
-4.6959670866141732
11
4.1732666929133861
21
-4.6959114566929134
0
LINE
8
BLACK
6
CONTINUOUS
10
4.1732666929133861
20
-4.6959114566929134
11
4.1731728740157479
21
-4.6957971259842521
0
LINE
8
BLACK
6
CONTINUOUS
10
4.1731728740157479
20
-4.6957971259842521
11
4.173029173228346
21
-4.6954501968503939
0
LINE
8
BLACK
6
CONTINUOUS
10
4.173029173228346
20
-4.6954501968503939
11
4.1711122440944877
21
-4.6917276771653542
0
LINE
8
BLACK
6
CONTINUOUS
10
4.1711122440944877
20
-4.6917276771653542
11
4.1709053543307082
21
-4.6911870472440942
0
LINE
8
BLACK
6
CONTINUOUS
10
4.1709053543307082
20
-4.6911870472440942
11
4.1708978346456691
21
-4.6910812204724408
0
LINE
8
BLACK
6
CONTINUOUS
10
4.1708978346456691
20
-4.6910812204724408
11
4.1708572440944884
21
-4.6909832283464565
0
LINE
8
BLACK
6
CONTINUOUS
10
4.1708572440944884
20
-4.6909832283464565
11
4.1708542913385829
21
-4.690468622047244
0
LINE
8
BLACK
6
CONTINUOUS
10
4.1708542913385829
20
-4.690468622047244
11
4.1708237007874018
21
-4.6900378346456693
0
LINE
8
BLACK
6
CONTINUOUS
10
4.1708237007874018
20
-4.6900378346456693
11
4.1708513779527561
21
-4.6899547637795278
0
LINE
8
BLACK
6
CONTINUOUS
10
4.1708513779527561
20
-4.6899547637795278
11
4.1708005118110236
21
-4.6810333464566929
0
LINE
8
BLACK
6
CONTINUOUS
10
4.1708005118110236
20
-4.6810333464566929
11
4.1708572440944884
21
-4.680457283464567
0
LINE
8
BLACK
6
CONTINUOUS
10
4.1708572440944884
20
-4.680457283464567
11
4.1708978346456691
21
-4.680359251968504
0
LINE
8
BLACK
6
CONTINUOUS
10
4.1708978346456691
20
-4.680359251968504
11
4.1709053543307082
21
-4.6802534645669294
0
LINE
8
BLACK
6
CONTINUOUS
10
4.1709053543307082
20
-4.6802534645669294
11
4.1711535433070868
21
-4.679741889763779
0
LINE
8
BLACK
6
CONTINUOUS
10
4.1711535433070868
20
-4.679741889763779
11
4.1712981496062991
21
-4.6793928740157478
0
LINE
8
BLACK
6
CONTINUOUS
10
4.1712981496062991
20
-4.6793928740157478
11
4.1713462598425197
21
-4.6793447244094484
0
LINE
8
BLACK
6
CONTINUOUS
10
4.1713462598425197
20
-4.6793447244094484
11
4.1729870078740152
21
-4.6759633070866142
0
LINE
8
BLACK
6
CONTINUOUS
10
4.1729870078740152
20
-4.6759633070866142
11
4.1731430708661419
21
-4.6757152755905507
0
LINE
8
BLACK
6
CONTINUOUS
10
4.1731430708661419
20
-4.6757152755905507
11
4.1731729133858266
21
-4.6756433464566927
0
LINE
8
BLACK
6
CONTINUOUS
10
4.1731729133858266
20
-4.6756433464566927
11
4.1732174015748029
21
-4.6755972440944884
0
LINE
8
BLACK
6
CONTINUOUS
10
4.1732174015748029
20
-4.6755972440944884
11
4.1732953543307083
21
-4.6754734251968504
0
LINE
8
BLACK
6
CONTINUOUS
10
4.1732953543307083
20
-4.6754734251968504
11
4.1735510236220472
21
-4.6752516535433069
0
LINE
8
BLACK
6
CONTINUOUS
10
4.1735510236220472
20
-4.6752516535433069
11
4.1754148818897638
21
-4.6733211417322833
0
LINE
8
BLACK
6
CONTINUOUS
10
4.1754148818897638
20
-4.6733211417322833
11
4.1756412204724409
21
-4.6731353543307081
0
LINE
8
BLACK
6
CONTINUOUS
10
4.1756412204724409
20
-4.6731353543307081
11
4.1756924015748034
21
-4.6730763779527562
0
LINE
8
BLACK
6
CONTINUOUS
10
4.1756924015748034
20
-4.6730763779527562
11
4.1757480314960631
21
-4.6730477165354332
0
LINE
8
BLACK
6
CONTINUOUS
10
4.1757480314960631
20
-4.6730477165354332
11
4.1758623228346456
21
-4.6729539370078736
0
LINE
8
BLACK
6
CONTINUOUS
10
4.1758623228346456
20
-4.6729539370078736
11
4.1762091732283464
21
-4.6728102362204726
0
LINE
8
BLACK
6
CONTINUOUS
10
4.1762091732283464
20
-4.6728102362204726
11
4.1799318110236223
21
-4.6708932677165356
0
LINE
8
BLACK
6
CONTINUOUS
10
4.1799318110236223
20
-4.6708932677165356
11
4.1804724015748027
21
-4.6706863779527561
0
LINE
8
BLACK
6
CONTINUOUS
10
4.1804724015748027
20
-4.6706863779527561
11
4.1805088582677161
21
-4.6706837795275593
0
LINE
8
BLACK
6
CONTINUOUS
10
4.1805088582677161
20
-4.6706837795275593
11
4.1715311023622048
21
-4.660480590551181
0
LINE
8
BLACK
6
CONTINUOUS
10
4.1715311023622048
20
-4.660480590551181
11
4.1713530708661413
21
-4.6602315748031495
0
LINE
8
BLACK
6
CONTINUOUS
10
4.1713530708661413
20
-4.6602315748031495
11
4.1712981496062991
21
-4.6601766535433073
0
LINE
8
BLACK
6
CONTINUOUS
10
4.1712981496062991
20
-4.6601766535433073
11
4.171276535433071
21
-4.6601245275590548
0
LINE
8
BLACK
6
CONTINUOUS
10
4.171276535433071
20
-4.6601245275590548
11
4.1711944488188974
21
-4.6600096850393697
0
LINE
8
BLACK
6
CONTINUOUS
10
4.1711944488188974
20
-4.6600096850393697
11
4.1710408267716534
21
-4.6595554330708664
0
LINE
8
BLACK
6
CONTINUOUS
10
4.1710408267716534
20
-4.6595554330708664
11
4.1708572440944884
21
-4.6591122440944881
0
LINE
8
BLACK
6
CONTINUOUS
10
4.1708572440944884
20
-4.6591122440944881
11
4.1708572440944884
21
-4.6590125984251971
0
LINE
8
BLACK
6
CONTINUOUS
10
4.1708572440944884
20
-4.6590125984251971
11
4.1708253543307086
21
-4.6589183070866138
0
LINE
8
BLACK
6
CONTINUOUS
10
4.1708253543307086
20
-4.6589183070866138
11
4.1708572440944884
21
-4.6584398031496059
0
LINE
8
BLACK
6
CONTINUOUS
10
4.1708572440944884
20
-4.6584398031496059
11
4.1708572440944884
21
-4.6579601181102364
0
LINE
8
BLACK
6
CONTINUOUS
10
4.1708572440944884
20
-4.6579601181102364
11
4.1708953149606298
21
-4.6578681102362207
0
LINE
8
BLACK
6
CONTINUOUS
10
4.1708953149606298
20
-4.6578681102362207
11
4.1709019685039372
21
-4.6577687795275589
0
LINE
8
BLACK
6
CONTINUOUS
10
4.1709019685039372
20
-4.6577687795275589
11
4.1711146456692916
21
-4.6573386220472441
0
LINE
8
BLACK
6
CONTINUOUS
10
4.1711146456692916
20
-4.6573386220472441
11
4.1712981496062991
21
-4.6568957086614171
0
LINE
8
BLACK
6
CONTINUOUS
10
4.1712981496062991
20
-4.6568957086614171
11
4.1713684645669291
21
-4.6568253543307083
0
LINE
8
BLACK
6
CONTINUOUS
10
4.1713684645669291
20
-4.6568253543307083
11
4.1714126771653541
21
-4.656736023622047
0
LINE
8
BLACK
6
CONTINUOUS
10
4.1714126771653541
20
-4.656736023622047
11
4.1717737795275589
21
-4.6564200393700785
0
LINE
8
BLACK
6
CONTINUOUS
10
4.1717737795275589
20
-4.6564200393700785
11
4.1721127952755905
21
-4.6560810629921257
0
LINE
8
BLACK
6
CONTINUOUS
10
4.1721127952755905
20
-4.6560810629921257
11
4.1722047637795274
21
-4.6560429133858268
0
LINE
8
BLACK
6
CONTINUOUS
10
4.1722047637795274
20
-4.6560429133858268
11
4.1722797637795273
21
-4.655977362204724
0
LINE
8
BLACK
6
CONTINUOUS
10
4.1722797637795273
20
-4.655977362204724
11
4.1727339763779527
21
-4.65582374015748
0
LINE
8
BLACK
6
CONTINUOUS
10
4.1727339763779527
20
-4.65582374015748
11
4.1731772047244098
21
-4.655640157480315
0
LINE
8
BLACK
6
CONTINUOUS
10
4.1731772047244098
20
-4.655640157480315
11
4.1732775196850396
21
-4.6556399212598425
0
LINE
8
BLACK
6
CONTINUOUS
10
4.1732775196850396
20
-4.6556399212598425
11
4.1733711417322832
21
-4.6556082677165351
0
LINE
8
BLACK
6
CONTINUOUS
10
4.1733711417322832
20
-4.6556082677165351
11
4.1738274015748029
21
-4.6556386614173224
0
LINE
8
BLACK
6
CONTINUOUS
10
4.1738274015748029
20
-4.6556386614173224
11
4.1981251968503939
21
-4.6555834251968502
0
LINE
8
BLACK
6
CONTINUOUS
10
4.1981251968503939
20
-4.6555834251968502
11
4.1987012598425197
21
-4.655640157480315
0
LINE
8
BLACK
6
CONTINUOUS
10
4.2147638188976373
20
-4.6560810629921257
11
4.2155784645669288
21
-4.6568957086614171
0
LINE
8
BLACK
6
CONTINUOUS
10
4.2155784645669288
20
-4.6568957086614171
11
4.2160193700787403
21
-4.6579601181102364
0
LINE
8
BLACK
6
CONTINUOUS
10
4.2160193700787403
20
-4.6579601181102364
11
4.2160754330708663
21
-4.6863229921259846
0
LINE
8
BLACK
6
CONTINUOUS
10
4.2160754330708663
20
-4.6863229921259846
11
4.2176014173228342
21
-4.690771220472441
0
LINE
8
BLACK
6
CONTINUOUS
10
4.2176014173228342
20
-4.690771220472441
11
4.2204012992125985
21
-4.6935176377952752
0
LINE
8
BLACK
6
CONTINUOUS
10
4.2204012992125985
20
-4.6935176377952752
11
4.2249653543307089
21
-4.6949948818897633
0
LINE
8
BLACK
6
CONTINUOUS
10
4.2249653543307089
20
-4.6949948818897633
11
4.2281214566929135
21
-4.6949535039370076
0
LINE
8
BLACK
6
CONTINUOUS
10
4.2281214566929135
20
-4.6949535039370076
11
4.2286975196850394
21
-4.6950102362204724
0
LINE
8
BLACK
6
CONTINUOUS
10
4.2286975196850394
20
-4.6950102362204724
11
4.2297619291338577
21
-4.6954511417322831
0
LINE
8
BLACK
6
CONTINUOUS
10
4.2297619291338577
20
-4.6954511417322831
11
4.2305765748031492
21
-4.6962657874015745
0
LINE
8
BLACK
6
CONTINUOUS
10
4.2305765748031492
20
-4.6962657874015745
11
4.2310174803149607
21
-4.6973301968503938
0
LINE
8
BLACK
6
CONTINUOUS
10
4.2310174803149607
20
-4.6973301968503938
11
4.2310174803149607
21
-4.6984823228346455
0
LINE
8
BLACK
6
CONTINUOUS
10
4.2310174803149607
20
-4.6984823228346455
11
4.2305765748031492
21
-4.6995467322834648
0
LINE
8
BLACK
6
CONTINUOUS
10
4.2305765748031492
20
-4.6995467322834648
11
4.2297619291338577
21
-4.7003613779527562
0
LINE
8
BLACK
6
CONTINUOUS
10
4.2297619291338577
20
-4.7003613779527562
11
4.2286975196850394
21
-4.7008022834645669
0
LINE
8
BLACK
6
CONTINUOUS
10
4.2286975196850394
20
-4.7008022834645669
11
4.2243719291338584
21
-4.7008590157480317
0
LINE
8
BLACK
6
CONTINUOUS
10
4.2243719291338584
20
-4.7008590157480317
11
4.2240803149606299
21
-4.7008302755905511
0
LINE
8
BLACK
6
CONTINUOUS
10
4.2240803149606299
20
-4.7008302755905511
11
4.224002598425197
21
-4.7008358267716535
0
LINE
8
BLACK
6
CONTINUOUS
10
4.224002598425197
20
-4.7008358267716535
11
4.2239440157480317
21
-4.7008168503937009
0
LINE
8
BLACK
6
CONTINUOUS
10
4.2239440157480317
20
-4.7008168503937009
11
4.2237958661417325
21
-4.7008022834645669
0
LINE
8
BLACK
6
CONTINUOUS
10
4.2237958661417325
20
-4.7008022834645669
11
4.2234273228346453
21
-4.7006496062992129
0
LINE
8
BLACK
6
CONTINUOUS
10
4.2234273228346453
20
-4.7006496062992129
11
4.2178138976377948
21
-4.6988327165354331
0
LINE
8
BLACK
6
CONTINUOUS
10
4.2178138976377948
20
-4.6988327165354331
11
4.2172853149606295
21
-4.6985967322834643
0
LINE
8
BLACK
6
CONTINUOUS
10
4.2172853149606295
20
-4.6985967322834643
11
4.2172051968503936
21
-4.6985272440944881
0
LINE
8
BLACK
6
CONTINUOUS
10
4.2172051968503936
20
-4.6985272440944881
11
4.2171071653543306
21
-4.6984866535433074
0
LINE
8
BLACK
6
CONTINUOUS
10
4.2171071653543306
20
-4.6984866535433074
11
4.2167159055118111
21
-4.6981028740157482
0
LINE
8
BLACK
6
CONTINUOUS
10
4.2167159055118111
20
-4.6981028740157482
11
4.2164149606299208
21
-4.6978418503937007
0
LINE
8
BLACK
6
CONTINUOUS
10
4.2164149606299208
20
-4.6978418503937007
11
4.2163814173228342
21
-4.6977747637795275
0
LINE
8
BLACK
6
CONTINUOUS
10
4.2163814173228342
20
-4.6977747637795275
11
4.2129101968503937
21
-4.6943698425196851
0
LINE
8
BLACK
6
CONTINUOUS
10
4.2129101968503937
20
-4.6943698425196851
11
4.2125429527559053
21
-4.6939223622047246
0
LINE
8
BLACK
6
CONTINUOUS
10
4.2125429527559053
20
-4.6939223622047246
11
4.2125023228346459
21
-4.6938242913385828
0
LINE
8
BLACK
6
CONTINUOUS
10
4.2125023228346459
20
-4.6938242913385828
11
4.2124328740157475
21
-4.6937442125984248
0
LINE
8
BLACK
6
CONTINUOUS
10
4.2124328740157475
20
-4.6937442125984248
11
4.2122578346456692
21
-4.6932340157480317
0
LINE
8
BLACK
6
CONTINUOUS
10
4.2122578346456692
20
-4.6932340157480317
11
4.2121020866141734
21
-4.6928579527559053
0
LINE
8
BLACK
6
CONTINUOUS
10
4.2121020866141734
20
-4.6928579527559053
11
4.2121020866141734
21
-4.6927799606299212
0
LINE
8
BLACK
6
CONTINUOUS
10
4.2121020866141734
20
-4.6927799606299212
11
4.210322125984252
21
-4.6875913779527556
0
LINE
8
BLACK
6
CONTINUOUS
10
4.210322125984252
20
-4.6875913779527556
11
4.2102571653543306
21
-4.6873057874015744
0
LINE
8
BLACK
6
CONTINUOUS
10
4.2102571653543306
20
-4.6873057874015744
11
4.2102273228346458
21
-4.6872337007874014
0
LINE
8
BLACK
6
CONTINUOUS
10
4.2102273228346458
20
-4.6872337007874014
11
4.2102271653543308
21
-4.6871738976377948
0
LINE
8
BLACK
6
CONTINUOUS
10
4.2102271653543308
20
-4.6871738976377948
11
4.2101937795275592
21
-4.6870269291338582
0
LINE
8
BLACK
6
CONTINUOUS
10
4.2101937795275592
20
-4.6870269291338582
11
4.2102259842519683
21
-4.6865733858267715
0
LINE
8
BLACK
6
CONTINUOUS
10
4.2102259842519683
20
-4.6865733858267715
11
4.210170590551181
21
-4.6585361811023622
0
LINE
8
BLACK
6
CONTINUOUS
10
4.210170590551181
20
-4.6585361811023622
11
4.2102273228346458
21
-4.6579601181102364
0
LINE
8
BLACK
6
CONTINUOUS
10
4.2102273228346458
20
-4.6579601181102364
11
4.2106682283464565
21
-4.6568957086614171
0
LINE
8
BLACK
6
CONTINUOUS
10
4.2106682283464565
20
-4.6568957086614171
11
4.2114828740157479
21
-4.6560810629921257
0
LINE
8
BLACK
6
CONTINUOUS
10
4.2114828740157479
20
-4.6560810629921257
11
4.2125472834645672
21
-4.655640157480315
0
LINE
8
BLACK
6
CONTINUOUS
10
4.2125472834645672
20
-4.655640157480315
11
4.2136994094488189
21
-4.655640157480315
0
LINE
8
BLACK
6
CONTINUOUS
10
4.2136994094488189
20
-4.655640157480315
11
4.2147638188976373
21
-4.6560810629921257
0
LINE
8
BLACK
6
CONTINUOUS
10
5.4945887007874017
20
-4.6556043700787404
11
5.4946607086614172
21
-4.6555972047244092
0
LINE
8
BLACK
6
CONTINUOUS
10
5.4946607086614172
20
-4.6555972047244092
11
5.4947310236220472
21
-4.6556183858267719
0
LINE
8
BLACK
6
CONTINUOUS
10
5.4947310236220472
20
-4.6556183858267719
11
5.4949517322834645
21
-4.655640157480315
0
LINE
8
BLACK
6
CONTINUOUS
10
5.4949517322834645
20
-4.655640157480315
11
5.4953503937007877
21
-4.6558052755905512
0
LINE
8
BLACK
6
CONTINUOUS
10
5.4953503937007877
20
-4.6558052755905512
11
5.4957637007874016
21
-4.6559299999999997
0
LINE
8
BLACK
6
CONTINUOUS
10
5.4957637007874016
20
-4.6559299999999997
11
5.4958787795275592
21
-4.656024133858268
0
LINE
8
BLACK
6
CONTINUOUS
10
5.4958787795275592
20
-4.656024133858268
11
5.4960161417322837
21
-4.6560810629921257
0
LINE
8
BLACK
6
CONTINUOUS
10
5.4960161417322837
20
-4.6560810629921257
11
5.4963213779527562
21
-4.6563862992125982
0
LINE
8
BLACK
6
CONTINUOUS
10
5.4963213779527562
20
-4.6563862992125982
11
5.4966553543307084
21
-4.6566595669291342
0
LINE
8
BLACK
6
CONTINUOUS
10
5.4966553543307084
20
-4.6566595669291342
11
5.4967255905511809
21
-4.6567905118110238
0
LINE
8
BLACK
6
CONTINUOUS
10
5.4967255905511809
20
-4.6567905118110238
11
5.4968307874015743
21
-4.6568957086614171
0
LINE
8
BLACK
6
CONTINUOUS
10
5.4968307874015743
20
-4.6568957086614171
11
5.4969959448818893
21
-4.6572944881889766
0
LINE
8
BLACK
6
CONTINUOUS
10
5.4969959448818893
20
-4.6572944881889766
11
5.4972000000000003
21
-4.6576748031496065
0
LINE
8
BLACK
6
CONTINUOUS
10
5.4972000000000003
20
-4.6576748031496065
11
5.4972153543307085
21
-4.6578241338582673
0
LINE
8
BLACK
6
CONTINUOUS
10
5.4972153543307085
20
-4.6578241338582673
11
5.4972716929133858
21
-4.6579601181102364
0
LINE
8
BLACK
6
CONTINUOUS
10
5.4972716929133858
20
-4.6579601181102364
11
5.4972716929133858
21
-4.6583711417322835
0
LINE
8
BLACK
6
CONTINUOUS
10
5.4972716929133858
20
-4.6583711417322835
11
5.4991885433070866
21
-4.67699
0
LINE
8
BLACK
6
CONTINUOUS
10
5.4991885433070866
20
-4.67699
11
5.4991894094488192
21
-4.6775688582677164
0
LINE
8
BLACK
6
CONTINUOUS
10
5.4991894094488192
20
-4.6775688582677164
11
5.4991464566929134
21
-4.6777111811023619
0
LINE
8
BLACK
6
CONTINUOUS
10
5.4991464566929134
20
-4.6777111811023619
11
5.4991464566929134
21
-4.6778598425196849
0
LINE
8
BLACK
6
CONTINUOUS
10
5.4991464566929134
20
-4.6778598425196849
11
5.4989813385826771
21
-4.6782584251968506
0
LINE
8
BLACK
6
CONTINUOUS
10
5.4989813385826771
20
-4.6782584251968506
11
5.4988566141732278
21
-4.6786718503937008
0
LINE
8
BLACK
6
CONTINUOUS
10
5.4988566141732278
20
-4.6786718503937008
11
5.4987624015748029
21
-4.6787869685039372
0
LINE
8
BLACK
6
CONTINUOUS
10
5.4987624015748029
20
-4.6787869685039372
11
5.4987055511811018
21
-4.6789242519685041
0
LINE
8
BLACK
6
CONTINUOUS
10
5.4987055511811018
20
-4.6789242519685041
11
5.4984004724409443
21
-4.6792292913385829
0
LINE
8
BLACK
6
CONTINUOUS
10
5.4984004724409443
20
-4.6792292913385829
11
5.4981270472440942
21
-4.6795635039370076
0
LINE
8
BLACK
6
CONTINUOUS
10
5.4981270472440942
20
-4.6795635039370076
11
5.4979959842519683
21
-4.6796337795275589
0
LINE
8
BLACK
6
CONTINUOUS
10
5.4979959842519683
20
-4.6796337795275589
11
5.4978908661417325
21
-4.6797389370078735
0
LINE
8
BLACK
6
CONTINUOUS
10
5.4978908661417325
20
-4.6797389370078735
11
5.497492244094488
21
-4.6799040157480318
0
LINE
8
BLACK
6
CONTINUOUS
10
5.497492244094488
20
-4.6799040157480318
11
5.4971118110236219
21
-4.6801081496062995
0
LINE
8
BLACK
6
CONTINUOUS
10
5.4971118110236219
20
-4.6801081496062995
11
5.496963779527559
21
-4.6801229133858264
0
LINE
8
BLACK
6
CONTINUOUS
10
5.496963779527559
20
-4.6801229133858264
11
5.4968264566929133
21
-4.680179842519685
0
LINE
8
BLACK
6
CONTINUOUS
10
5.4968264566929133
20
-4.680179842519685
11
5.4963949212598422
21
-4.680179842519685
0
LINE
8
BLACK
6
CONTINUOUS
10
5.4963949212598422
20
-4.680179842519685
11
5.4959653937007875
21
-4.6802227952755908
0
LINE
8
BLACK
6
CONTINUOUS
10
5.4959653937007875
20
-4.6802227952755908
11
5.4958230314960632
21
-4.680179842519685
0
LINE
8
BLACK
6
CONTINUOUS
10
5.4958230314960632
20
-4.680179842519685
11
5.4956743700787403
21
-4.680179842519685
0
LINE
8
BLACK
6
CONTINUOUS
10
5.4956743700787403
20
-4.680179842519685
11
5.4952756692913383
21
-4.68001468503937
0
LINE
8
BLACK
6
CONTINUOUS
10
5.4952756692913383
20
-4.68001468503937
11
5.4948624015748031
21
-4.6798900000000003
0
LINE
8
BLACK
6
CONTINUOUS
10
5.4948624015748031
20
-4.6798900000000003
11
5.4947472834645668
21
-4.6797958267716533
0
LINE
8
BLACK
6
CONTINUOUS
10
5.4947472834645668
20
-4.6797958267716533
11
5.494609960629921
21
-4.6797389370078735
0
LINE
8
BLACK
6
CONTINUOUS
10
5.494609960629921
20
-4.6797389370078735
11
5.4942330708661418
21
-4.679375039370079
0
LINE
8
BLACK
6
CONTINUOUS
10
5.4942330708661418
20
-4.679375039370079
11
5.4939707480314963
21
-4.6791604330708658
0
LINE
8
BLACK
6
CONTINUOUS
10
5.4939707480314963
20
-4.6791604330708658
11
5.4939277559055117
21
-4.6790802755905512
0
LINE
8
BLACK
6
CONTINUOUS
10
5.4939277559055117
20
-4.6790802755905512
11
5.4925487401574804
21
-4.6777489370078742
0
LINE
8
BLACK
6
CONTINUOUS
10
5.4925487401574804
20
-4.6777489370078742
11
5.4898470866141729
21
-4.6764380314960627
0
LINE
8
BLACK
6
CONTINUOUS
10
5.4898470866141729
20
-4.6764380314960627
11
5.4818653543307088
21
-4.6764835433070866
0
LINE
8
BLACK
6
CONTINUOUS
10
5.4818653543307088
20
-4.6764835433070866
11
5.4791586220472439
21
-4.6778773622047245
0
LINE
8
BLACK
6
CONTINUOUS
10
5.4791586220472439
20
-4.6778773622047245
11
5.477967913385827
21
-4.6791107086614172
0
LINE
8
BLACK
6
CONTINUOUS
10
5.477967913385827
20
-4.6791107086614172
11
5.4766570078740155
21
-4.6818123622047247
0
LINE
8
BLACK
6
CONTINUOUS
10
5.4766570078740155
20
-4.6818123622047247
11
5.4767025196850394
21
-4.6897940944881888
0
LINE
8
BLACK
6
CONTINUOUS
10
5.4767025196850394
20
-4.6897940944881888
11
5.4780963779527561
21
-4.6925008267716537
0
LINE
8
BLACK
6
CONTINUOUS
10
5.4780963779527561
20
-4.6925008267716537
11
5.4793297244094488
21
-4.6936916141732281
0
LINE
8
BLACK
6
CONTINUOUS
10
5.4793297244094488
20
-4.6936916141732281
11
5.4820313385826767
21
-4.6950024803149608
0
LINE
8
BLACK
6
CONTINUOUS
10
5.4820313385826767
20
-4.6950024803149608
11
5.4900130708661417
21
-4.694956968503937
0
LINE
8
BLACK
6
CONTINUOUS
10
5.4900130708661417
20
-4.694956968503937
11
5.4927197637795278
21
-4.6935631496062991
0
LINE
8
BLACK
6
CONTINUOUS
10
5.4927197637795278
20
-4.6935631496062991
11
5.4941624803149605
21
-4.6920688188976376
0
LINE
8
BLACK
6
CONTINUOUS
10
5.4941624803149605
20
-4.6920688188976376
11
5.494609960629921
21
-4.6917015748031492
0
LINE
8
BLACK
6
CONTINUOUS
10
5.494609960629921
20
-4.6917015748031492
11
5.4956743700787403
21
-4.6912606692913386
0
LINE
8
BLACK
6
CONTINUOUS
10
5.4956743700787403
20
-4.6912606692913386
11
5.4968264566929133
21
-4.6912606692913386
0
LINE
8
BLACK
6
CONTINUOUS
10
5.4968264566929133
20
-4.6912606692913386
11
5.4978908661417325
21
-4.6917015354330704
0
LINE
8
BLACK
6
CONTINUOUS
10
5.4978908661417325
20
-4.6917015354330704
11
5.4987055511811018
21
-4.6925162204724407
0
LINE
8
BLACK
6
CONTINUOUS
10
5.4987055511811018
20
-4.6925162204724407
11
5.4991464566929134
21
-4.6935806299212599
0
LINE
8
BLACK
6
CONTINUOUS
10
5.4991464566929134
20
-4.6935806299212599
11
5.4991464566929134
21
-4.6947327165354329
0
LINE
8
BLACK
6
CONTINUOUS
10
5.4991464566929134
20
-4.6947327165354329
11
5.4987055905511806
21
-4.6957971259842521
0
LINE
8
BLACK
6
CONTINUOUS
10
5.4987055905511806
20
-4.6957971259842521
11
5.4964636220472443
21
-4.6981193700787403
0
LINE
8
BLACK
6
CONTINUOUS
10
5.4964636220472443
20
-4.6981193700787403
11
5.4962372440944884
21
-4.6983051181102358
0
LINE
8
BLACK
6
CONTINUOUS
10
5.4962372440944884
20
-4.6983051181102358
11
5.496186062992126
21
-4.6983641732283461
0
LINE
8
BLACK
6
CONTINUOUS
10
5.496186062992126
20
-4.6983641732283461
11
5.4961303937007875
21
-4.6983927952755904
0
LINE
8
BLACK
6
CONTINUOUS
10
5.4961303937007875
20
-4.6983927952755904
11
5.4960161417322837
21
-4.6984866141732287
0
LINE
8
BLACK
6
CONTINUOUS
10
5.4960161417322837
20
-4.6984866141732287
11
5.4956692519685042
21
-4.6986302755905509
0
LINE
8
BLACK
6
CONTINUOUS
10
5.4956692519685042
20
-4.6986302755905509
11
5.491946653543307
21
-4.7005472834645667
0
LINE
8
BLACK
6
CONTINUOUS
10
5.491946653543307
20
-4.7005472834645667
11
5.491406023622047
21
-4.7007541732283462
0
LINE
8
BLACK
6
CONTINUOUS
10
5.491406023622047
20
-4.7007541732283462
11
5.4913001968503936
21
-4.7007616535433066
0
LINE
8
BLACK
6
CONTINUOUS
10
5.4913001968503936
20
-4.7007616535433066
11
5.4912022047244093
21
-4.7008022834645669
0
LINE
8
BLACK
6
CONTINUOUS
10
5.4912022047244093
20
-4.7008022834645669
11
5.4906875984251968
21
-4.7008051968503937
0
LINE
8
BLACK
6
CONTINUOUS
10
5.4906875984251968
20
-4.7008051968503937
11
5.4902568110236221
21
-4.7008358267716535
0
LINE
8
BLACK
6
CONTINUOUS
10
5.4902568110236221
20
-4.7008358267716535
11
5.4901737401574806
21
-4.7008081102362205
0
LINE
8
BLACK
6
CONTINUOUS
10
5.4901737401574806
20
-4.7008081102362205
11
5.4812523228346457
21
-4.7008590157480317
0
LINE
8
BLACK
6
CONTINUOUS
10
5.4812523228346457
20
-4.7008590157480317
11
5.4806762598425198
21
-4.7008022834645669
0
LINE
8
BLACK
6
CONTINUOUS
10
5.4806762598425198
20
-4.7008022834645669
11
5.4805782677165356
21
-4.7007616929133853
0
LINE
8
BLACK
6
CONTINUOUS
10
5.4805782677165356
20
-4.7007616929133853
11
5.4804724015748034
21
-4.7007541732283462
0
LINE
8
BLACK
6
CONTINUOUS
10
5.4804724015748034
20
-4.7007541732283462
11
5.4799606299212593
21
-4.7005058267716535
0
LINE
8
BLACK
6
CONTINUOUS
10
5.4799606299212593
20
-4.7005058267716535
11
5.4796118503937006
21
-4.7003613779527562
0
LINE
8
BLACK
6
CONTINUOUS
10
5.4796118503937006
20
-4.7003613779527562
11
5.4795637401574799
21
-4.7003132677165356
0
LINE
8
BLACK
6
CONTINUOUS
10
5.4795637401574799
20
-4.7003132677165356
11
5.476182283464567
21
-4.6986725196850392
0
LINE
8
BLACK
6
CONTINUOUS
10
5.476182283464567
20
-4.6986725196850392
11
5.4759342519685035
21
-4.6985164173228346
0
LINE
8
BLACK
6
CONTINUOUS
10
5.4759342519685035
20
-4.6985164173228346
11
5.4758623228346455
21
-4.6984866141732287
0
LINE
8
BLACK
6
CONTINUOUS
10
5.4758623228346455
20
-4.6984866141732287
11
5.4758162204724412
21
-4.6984420866141727
0
LINE
8
BLACK
6
CONTINUOUS
10
5.4758162204724412
20
-4.6984420866141727
11
5.4756924015748032
21
-4.6983641732283461
0
LINE
8
BLACK
6
CONTINUOUS
10
5.4756924015748032
20
-4.6983641732283461
11
5.4754705905511809
21
-4.6981083858267718
0
LINE
8
BLACK
6
CONTINUOUS
10
5.4754705905511809
20
-4.6981083858267718
11
5.4735400787401574
21
-4.6962445669291339
0
LINE
8
BLACK
6
CONTINUOUS
10
5.4735400787401574
20
-4.6962445669291339
11
5.473354330708661
21
-4.6960182283464569
0
LINE
8
BLACK
6
CONTINUOUS
10
5.473354330708661
20
-4.6960182283464569
11
5.4732953543307081
21
-4.6959670866141732
0
LINE
8
BLACK
6
CONTINUOUS
10
5.4732953543307081
20
-4.6959670866141732
11
5.473266692913386
21
-4.6959114566929134
0
LINE
8
BLACK
6
CONTINUOUS
10
5.473266692913386
20
-4.6959114566929134
11
5.4731728740157477
21
-4.6957971259842521
0
LINE
8
BLACK
6
CONTINUOUS
10
5.4731728740157477
20
-4.6957971259842521
11
5.4730291732283467
21
-4.6954501968503939
0
LINE
8
BLACK
6
CONTINUOUS
10
5.4730291732283467
20
-4.6954501968503939
11
5.4711122440944884
21
-4.6917276771653542
0
LINE
8
BLACK
6
CONTINUOUS
10
5.4711122440944884
20
-4.6917276771653542
11
5.4709053543307089
21
-4.6911870472440942
0
LINE
8
BLACK
6
CONTINUOUS
10
5.4709053543307089
20
-4.6911870472440942
11
5.4708978346456689
21
-4.6910812204724408
0
LINE
8
BLACK
6
CONTINUOUS
10
5.4708978346456689
20
-4.6910812204724408
11
5.4708572440944883
21
-4.6909832283464565
0
LINE
8
BLACK
6
CONTINUOUS
10
5.4708572440944883
20
-4.6909832283464565
11
5.4708542913385827
21
-4.690468622047244
0
LINE
8
BLACK
6
CONTINUOUS
10
5.4708542913385827
20
-4.690468622047244
11
5.4708237007874017
21
-4.6900378346456693
0
LINE
8
BLACK
6
CONTINUOUS
10
5.4708237007874017
20
-4.6900378346456693
11
5.4708513779527559
21
-4.6899547637795278
0
LINE
8
BLACK
6
CONTINUOUS
10
5.4708513779527559
20
-4.6899547637795278
11
5.4708005118110234
21
-4.6810333464566929
0
LINE
8
BLACK
6
CONTINUOUS
10
5.4708005118110234
20
-4.6810333464566929
11
5.4708572440944883
21
-4.680457283464567
0
LINE
8
BLACK
6
CONTINUOUS
10
5.4708572440944883
20
-4.680457283464567
11
5.4708978346456689
21
-4.680359251968504
0
LINE
8
BLACK
6
CONTINUOUS
10
5.4708978346456689
20
-4.680359251968504
11
5.4709053543307089
21
-4.6802534645669294
0
LINE
8
BLACK
6
CONTINUOUS
10
5.4709053543307089
20
-4.6802534645669294
11
5.4711535433070866
21
-4.679741889763779
0
LINE
8
BLACK
6
CONTINUOUS
10
5.4711535433070866
20
-4.679741889763779
11
5.4712981496062989
21
-4.6793928740157478
0
LINE
8
BLACK
6
CONTINUOUS
10
5.4712981496062989
20
-4.6793928740157478
11
5.4713462598425195
21
-4.6793447244094484
0
LINE
8
BLACK
6
CONTINUOUS
10
5.4713462598425195
20
-4.6793447244094484
11
5.4729870078740159
21
-4.6759633070866142
0
LINE
8
BLACK
6
CONTINUOUS
10
5.4729870078740159
20
-4.6759633070866142
11
5.4731430708661417
21
-4.6757152755905507
0
LINE
8
BLACK
6
CONTINUOUS
10
5.4731430708661417
20
-4.6757152755905507
11
5.4731729133858265
21
-4.6756433464566927
0
LINE
8
BLACK
6
CONTINUOUS
10
5.4731729133858265
20
-4.6756433464566927
11
5.4732174015748027
21
-4.6755972440944884
0
LINE
8
BLACK
6
CONTINUOUS
10
5.4732174015748027
20
-4.6755972440944884
11
5.4732953543307081
21
-4.6754734251968504
0
LINE
8
BLACK
6
CONTINUOUS
10
5.4732953543307081
20
-4.6754734251968504
11
5.473551023622047
21
-4.6752516535433069
0
LINE
8
BLACK
6
CONTINUOUS
10
5.473551023622047
20
-4.6752516535433069
11
5.4754148818897637
21
-4.6733211417322833
0
LINE
8
BLACK
6
CONTINUOUS
10
5.4754148818897637
20
-4.6733211417322833
11
5.4756412204724407
21
-4.6731353543307081
0
LINE
8
BLACK
6
CONTINUOUS
10
5.4756412204724407
20
-4.6731353543307081
11
5.4756924015748032
21
-4.6730763779527562
0
LINE
8
BLACK
6
CONTINUOUS
10
5.4756924015748032
20
-4.6730763779527562
11
5.4757480314960629
21
-4.6730477165354332
0
LINE
8
BLACK
6
CONTINUOUS
10
5.4757480314960629
20
-4.6730477165354332
11
5.4758623228346455
21
-4.6729539370078736
0
LINE
8
BLACK
6
CONTINUOUS
10
5.4758623228346455
20
-4.6729539370078736
11
5.4762091732283462
21
-4.6728102362204726
0
LINE
8
BLACK
6
CONTINUOUS
10
5.4762091732283462
20
-4.6728102362204726
11
5.4799318110236221
21
-4.6708932677165356
0
LINE
8
BLACK
6
CONTINUOUS
10
5.4799318110236221
20
-4.6708932677165356
11
5.4804724015748034
21
-4.6706863779527561
0
LINE
8
BLACK
6
CONTINUOUS
10
5.4804724015748034
20
-4.6706863779527561
11
5.4805782677165356
21
-4.6706788188976374
0
LINE
8
BLACK
6
CONTINUOUS
10
5.4805782677165356
20
-4.6706788188976374
11
5.4806762598425198
21
-4.6706382677165355
0
LINE
8
BLACK
6
CONTINUOUS
10
5.4806762598425198
20
-4.6706382677165355
11
5.4811907874015748
21
-4.6706353149606299
0
LINE
8
BLACK
6
CONTINUOUS
10
5.4811907874015748
20
-4.6706353149606299
11
5.4816216141732284
21
-4.6706047244094488
0
LINE
8
BLACK
6
CONTINUOUS
10
5.4816216141732284
20
-4.6706047244094488
11
5.4817046456692911
21
-4.6706324015748031
0
LINE
8
BLACK
6
CONTINUOUS
10
5.4817046456692911
20
-4.6706324015748031
11
5.4906261417322835
21
-4.6705815354330706
0
LINE
8
BLACK
6
CONTINUOUS
10
5.4906261417322835
20
-4.6705815354330706
11
5.4912022047244093
21
-4.6706382677165355
0
LINE
8
BLACK
6
CONTINUOUS
10
5.4912022047244093
20
-4.6706382677165355
11
5.4913001968503936
21
-4.6706788582677161
0
LINE
8
BLACK
6
CONTINUOUS
10
5.4913001968503936
20
-4.6706788582677161
11
5.491406023622047
21
-4.6706863779527561
0
LINE
8
BLACK
6
CONTINUOUS
10
5.491406023622047
20
-4.6706863779527561
11
5.4919175590551177
21
-4.6709345669291338
0
LINE
8
BLACK
6
CONTINUOUS
10
5.4919175590551177
20
-4.6709345669291338
11
5.4922666141732286
21
-4.6710791732283461
0
LINE
8
BLACK
6
CONTINUOUS
10
5.4922666141732286
20
-4.6710791732283461
11
5.4923147244094483
21
-4.6711272834645667
0
LINE
8
BLACK
6
CONTINUOUS
10
5.4923147244094483
20
-4.6711272834645667
11
5.4927240157480313
21
-4.6713258661417321
0
LINE
8
BLACK
6
CONTINUOUS
10
5.4927240157480313
20
-4.6713258661417321
11
5.4917064173228347
21
-4.661441732283464
0
LINE
8
BLACK
6
CONTINUOUS
10
5.4917064173228347
20
-4.661441732283464
11
5.475628031496063
21
-4.6614889370078743
0
LINE
8
BLACK
6
CONTINUOUS
10
5.475628031496063
20
-4.6614889370078743
11
5.4750519685039372
21
-4.6614322047244094
0
LINE
8
BLACK
6
CONTINUOUS
10
5.4750519685039372
20
-4.6614322047244094
11
5.4739875590551179
21
-4.6609912992125979
0
LINE
8
BLACK
6
CONTINUOUS
10
5.4739875590551179
20
-4.6609912992125979
11
5.4731729133858265
21
-4.6601766535433073
0
LINE
8
BLACK
6
CONTINUOUS
10
5.4731729133858265
20
-4.6601766535433073
11
5.4727320078740158
21
-4.6591122440944881
0
LINE
8
BLACK
6
CONTINUOUS
10
5.4727320078740158
20
-4.6591122440944881
11
5.4727320078740158
21
-4.6579601181102364
0
LINE
8
BLACK
6
CONTINUOUS
10
5.4727320078740158
20
-4.6579601181102364
11
5.4731729133858265
21
-4.6568957086614171
0
LINE
8
BLACK
6
CONTINUOUS
10
5.4731729133858265
20
-4.6568957086614171
11
5.4739875590551179
21
-4.6560810629921257
0
LINE
8
BLACK
6
CONTINUOUS
10
5.4739875590551179
20
-4.6560810629921257
11
5.4750519685039372
21
-4.655640157480315
0
LINE
8
BLACK
6
CONTINUOUS
10
5.4750519685039372
20
-4.655640157480315
11
5.4943756692913386
21
-4.6555834251968502
0
LINE
8
BLACK
6
CONTINUOUS
10
5.4943756692913386
20
-4.6555834251968502
11
5.4945887007874017
21
-4.6556043700787404
0
LINE
8
BLACK
6
CONTINUOUS
10
5.514763818897638
20
-4.6560810629921257
11
5.5155784645669286
21
-4.6568957086614171
0
LINE
8
BLACK
6
CONTINUOUS
10
5.5155784645669286
20
-4.6568957086614171
11
5.5160193700787401
21
-4.6579601181102364
0
LINE
8
BLACK
6
CONTINUOUS
10
5.5160193700787401
20
-4.6579601181102364
11
5.5160754330708661
21
-4.6863229921259846
0
LINE
8
BLACK
6
CONTINUOUS
10
5.5160754330708661
20
-4.6863229921259846
11
5.5176014173228349
21
-4.690771220472441
0
LINE
8
BLACK
6
CONTINUOUS
10
5.5176014173228349
20
-4.690771220472441
11
5.5204012992125984
21
-4.6935176377952752
0
LINE
8
BLACK
6
CONTINUOUS
10
5.5204012992125984
20
-4.6935176377952752
11
5.5249653543307087
21
-4.6949948818897633
0
LINE
8
BLACK
6
CONTINUOUS
10
5.5249653543307087
20
-4.6949948818897633
11
5.5281214566929133
21
-4.6949535039370076
0
LINE
8
BLACK
6
CONTINUOUS
10
5.5281214566929133
20
-4.6949535039370076
11
5.5286975196850392
21
-4.6950102362204724
0
LINE
8
BLACK
6
CONTINUOUS
10
5.5286975196850392
20
-4.6950102362204724
11
5.5297619291338584
21
-4.6954511417322831
0
LINE
8
BLACK
6
CONTINUOUS
10
5.5297619291338584
20
-4.6954511417322831
11
5.5305765748031499
21
-4.6962657874015745
0
LINE
8
BLACK
6
CONTINUOUS
10
5.5305765748031499
20
-4.6962657874015745
11
5.5310174803149605
21
-4.6973301968503938
0
LINE
8
BLACK
6
CONTINUOUS
10
5.5310174803149605
20
-4.6973301968503938
11
5.5310174803149605
21
-4.6984823228346455
0
LINE
8
BLACK
6
CONTINUOUS
10
5.5310174803149605
20
-4.6984823228346455
11
5.5305765748031499
21
-4.6995467322834648
0
LINE
8
BLACK
6
CONTINUOUS
10
5.5305765748031499
20
-4.6995467322834648
11
5.5297619291338584
21
-4.7003613779527562
0
LINE
8
BLACK
6
CONTINUOUS
10
5.5297619291338584
20
-4.7003613779527562
11
5.5286975196850392
21
-4.7008022834645669
0
LINE
8
BLACK
6
CONTINUOUS
10
5.5286975196850392
20
-4.7008022834645669
11
5.5243719291338582
21
-4.7008590157480317
0
LINE
8
BLACK
6
CONTINUOUS
10
5.5243719291338582
20
-4.7008590157480317
11
5.5240803149606297
21
-4.7008302755905511
0
LINE
8
BLACK
6
CONTINUOUS
10
5.5240803149606297
20
-4.7008302755905511
11
5.5240025984251968
21
-4.7008358267716535
0
LINE
8
BLACK
6
CONTINUOUS
10
5.5240025984251968
20
-4.7008358267716535
11
5.5239440157480315
21
-4.7008168503937009
0
LINE
8
BLACK
6
CONTINUOUS
10
5.5239440157480315
20
-4.7008168503937009
11
5.5237958661417323
21
-4.7008022834645669
0
LINE
8
BLACK
6
CONTINUOUS
10
5.5237958661417323
20
-4.7008022834645669
11
5.5234273228346451
21
-4.7006496062992129
0
LINE
8
BLACK
6
CONTINUOUS
10
5.5234273228346451
20
-4.7006496062992129
11
5.5178138976377955
21
-4.6988327165354331
0
LINE
8
BLACK
6
CONTINUOUS
10
5.5178138976377955
20
-4.6988327165354331
11
5.5172853149606302
21
-4.6985967322834643
0
LINE
8
BLACK
6
CONTINUOUS
10
5.5172853149606302
20
-4.6985967322834643
11
5.5172051968503935
21
-4.6985272440944881
0
LINE
8
BLACK
6
CONTINUOUS
10
5.5172051968503935
20
-4.6985272440944881
11
5.5171071653543304
21
-4.6984866535433074
0
LINE
8
BLACK
6
CONTINUOUS
10
5.5171071653543304
20
-4.6984866535433074
11
5.5167159055118109
21
-4.6981028740157482
0
LINE
8
BLACK
6
CONTINUOUS
10
5.5167159055118109
20
-4.6981028740157482
11
5.5164149606299215
21
-4.6978418503937007
0
LINE
8
BLACK
6
CONTINUOUS
10
5.5164149606299215
20
-4.6978418503937007
11
5.5163814173228349
21
-4.6977747637795275
0
LINE
8
BLACK
6
CONTINUOUS
10
5.5163814173228349
20
-4.6977747637795275
11
5.5129101968503935
21
-4.6943698425196851
0
LINE
8
BLACK
6
CONTINUOUS
10
5.5129101968503935
20
-4.6943698425196851
11
5.5125429527559051
21
-4.6939223622047246
0
LINE
8
BLACK
6
CONTINUOUS
10
5.5125429527559051
20
-4.6939223622047246
11
5.5125023228346457
21
-4.6938242913385828
0
LINE
8
BLACK
6
CONTINUOUS
10
5.5125023228346457
20
-4.6938242913385828
11
5.5124328740157482
21
-4.6937442125984248
0
LINE
8
BLACK
6
CONTINUOUS
10
5.5124328740157482
20
-4.6937442125984248
11
5.512257834645669
21
-4.6932340157480317
0
LINE
8
BLACK
6
CONTINUOUS
10
5.512257834645669
20
-4.6932340157480317
11
5.5121020866141732
21
-4.6928579527559053
0
LINE
8
BLACK
6
CONTINUOUS
10
5.5121020866141732
20
-4.6928579527559053
11
5.5121020866141732
21
-4.6927799606299212
0
LINE
8
BLACK
6
CONTINUOUS
10
5.5121020866141732
20
-4.6927799606299212
11
5.5103221259842519
21
-4.6875913779527556
0
LINE
8
BLACK
6
CONTINUOUS
10
5.5103221259842519
20
-4.6875913779527556
11
5.5102571653543304
21
-4.6873057874015744
0
LINE
8
BLACK
6
CONTINUOUS
10
5.5102571653543304
20
-4.6873057874015744
11
5.5102273228346457
21
-4.6872337007874014
0
LINE
8
BLACK
6
CONTINUOUS
10
5.5102273228346457
20
-4.6872337007874014
11
5.5102271653543307
21
-4.6871738976377948
0
LINE
8
BLACK
6
CONTINUOUS
10
5.5102271653543307
20
-4.6871738976377948
11
5.5101937795275591
21
-4.6870269291338582
0
LINE
8
BLACK
6
CONTINUOUS
10
5.5101937795275591
20
-4.6870269291338582
11
5.5102259842519681
21
-4.6865733858267715
0
LINE
8
BLACK
6
CONTINUOUS
10
5.5102259842519681
20
-4.6865733858267715
11
5.5101705905511809
21
-4.6585361811023622
0
LINE
8
BLACK
6
CONTINUOUS
10
5.5101705905511809
20
-4.6585361811023622
11
5.5102273228346457
21
-4.6579601181102364
0
LINE
8
BLACK
6
CONTINUOUS
10
5.5102273228346457
20
-4.6579601181102364
11
5.5106682283464563
21
-4.6568957086614171
0
LINE
8
BLACK
6
CONTINUOUS
10
5.5106682283464563
20
-4.6568957086614171
11
5.5114828740157478
21
-4.6560810629921257
0
LINE
8
BLACK
6
CONTINUOUS
10
5.5114828740157478
20
-4.6560810629921257
11
5.512547283464567
21
-4.655640157480315
0
LINE
8
BLACK
6
CONTINUOUS
10
5.512547283464567
20
-4.655640157480315
11
5.5136994094488188
21
-4.655640157480315
0
LINE
8
BLACK
6
CONTINUOUS
10
5.5136994094488188
20
-4.655640157480315
11
5.514763818897638
21
-4.6560810629921257
0
LINE
8
BLACK
6
CONTINUOUS
10
4.933008622047244
20
-4.2742412204724411
11
4.9330516535433073
21
-4.274234842519685
0
LINE
8
BLACK
6
CONTINUOUS
10
4.9330516535433073
20
-4.274234842519685
11
4.9331253149606296
21
-4.2742527165354334
0
LINE
8
BLACK
6
CONTINUOUS
10
4.9331253149606296
20
-4.2742527165354334
11
4.9334841732283463
21
-4.2742880708661417
0
LINE
8
BLACK
6
CONTINUOUS
10
4.9334841732283463
20
-4.2742880708661417
11
4.9337860629921257
21
-4.2744131102362202
0
LINE
8
BLACK
6
CONTINUOUS
10
4.9337860629921257
20
-4.2744131102362202
11
4.9411233070866141
21
-4.2761942519685041
0
LINE
8
BLACK
6
CONTINUOUS
10
4.9411233070866141
20
-4.2761942519685041
11
4.9411657874015749
21
-4.2762094094488186
0
LINE
8
BLACK
6
CONTINUOUS
10
4.9411657874015749
20
-4.2762094094488186
11
4.9411870472440942
21
-4.2762109448818899
0
LINE
8
BLACK
6
CONTINUOUS
10
4.9411870472440942
20
-4.2762109448818899
11
4.9412345669291335
21
-4.2762339763779522
0
LINE
8
BLACK
6
CONTINUOUS
10
4.9412345669291335
20
-4.2762339763779522
11
4.9416684251968501
21
-4.2763890157480313
0
LINE
8
BLACK
6
CONTINUOUS
10
4.9416684251968501
20
-4.2763890157480313
11
4.9418853937007876
21
-4.2765498031496065
0
LINE
8
BLACK
6
CONTINUOUS
10
4.9418853937007876
20
-4.2765498031496065
11
4.9454772047244093
21
-4.2782925984251969
0
LINE
8
BLACK
6
CONTINUOUS
10
4.9454772047244093
20
-4.2782925984251969
11
4.945725078740157
21
-4.278448622047244
0
LINE
8
BLACK
6
CONTINUOUS
10
4.945725078740157
20
-4.278448622047244
11
4.9457971259842521
21
-4.2784784645669287
0
LINE
8
BLACK
6
CONTINUOUS
10
4.9457971259842521
20
-4.2784784645669287
11
4.9458432283464564
21
-4.2785229921259837
0
LINE
8
BLACK
6
CONTINUOUS
10
4.9458432283464564
20
-4.2785229921259837
11
4.9459670866141732
21
-4.27860094488189
0
LINE
8
BLACK
6
CONTINUOUS
10
4.9459670866141732
20
-4.27860094488189
11
4.9461887795275592
21
-4.2788565748031493
0
LINE
8
BLACK
6
CONTINUOUS
10
4.9461887795275592
20
-4.2788565748031493
11
4.9481193700787403
21
-4.2807204330708659
0
LINE
8
BLACK
6
CONTINUOUS
10
4.9481193700787403
20
-4.2807204330708659
11
4.9483051181102358
21
-4.280946771653543
0
LINE
8
BLACK
6
CONTINUOUS
10
4.9483051181102358
20
-4.280946771653543
11
4.9483641732283461
21
-4.2809979921259842
0
LINE
8
BLACK
6
CONTINUOUS
10
4.9483641732283461
20
-4.2809979921259842
11
4.9483927952755904
21
-4.2810536220472439
0
LINE
8
BLACK
6
CONTINUOUS
10
4.9483927952755904
20
-4.2810536220472439
11
4.9484866141732287
21
-4.2811679133858265
0
LINE
8
BLACK
6
CONTINUOUS
10
4.9484866141732287
20
-4.2811679133858265
11
4.9486302755905509
21
-4.2815147637795272
0
LINE
8
BLACK
6
CONTINUOUS
10
4.9486302755905509
20
-4.2815147637795272
11
4.9505472834645667
21
-4.2852374015748032
0
LINE
8
BLACK
6
CONTINUOUS
10
4.9505472834645667
20
-4.2852374015748032
11
4.9507541732283462
21
-4.2857779921259844
0
LINE
8
BLACK
6
CONTINUOUS
10
4.9507541732283462
20
-4.2857779921259844
11
4.9507616929133853
21
-4.2858838582677166
0
LINE
8
BLACK
6
CONTINUOUS
10
4.9507616929133853
20
-4.2858838582677166
11
4.9508022834645669
21
-4.2859818503937008
0
LINE
8
BLACK
6
CONTINUOUS
10
4.9508022834645669
20
-4.2859818503937008
11
4.9508098818897635
21
-4.286562204724409
0
LINE
8
BLACK
6
CONTINUOUS
10
4.9508098818897635
20
-4.286562204724409
11
4.9508358267716535
21
-4.2869272047244094
0
LINE
8
BLACK
6
CONTINUOUS
10
4.9508358267716535
20
-4.2869272047244094
11
4.9508154724409446
21
-4.2869882283464564
0
LINE
8
BLACK
6
CONTINUOUS
10
4.9508154724409446
20
-4.2869882283464564
11
4.9508590157480317
21
-4.2903074409448818
0
LINE
8
BLACK
6
CONTINUOUS
10
4.9508590157480317
20
-4.2903074409448818
11
4.9508022834645669
21
-4.2908835039370077
0
LINE
8
BLACK
6
CONTINUOUS
10
4.9508022834645669
20
-4.2908835039370077
11
4.9507616929133853
21
-4.2909814566929132
0
LINE
8
BLACK
6
CONTINUOUS
10
4.9507616929133853
20
-4.2909814566929132
11
4.9507541732283462
21
-4.2910873622047241
0
LINE
8
BLACK
6
CONTINUOUS
10
4.9507541732283462
20
-4.2910873622047241
11
4.9505058267716535
21
-4.2915990944881885
0
LINE
8
BLACK
6
CONTINUOUS
10
4.9505058267716535
20
-4.2915990944881885
11
4.9503613779527562
21
-4.2919479133858269
0
LINE
8
BLACK
6
CONTINUOUS
10
4.9503613779527562
20
-4.2919479133858269
11
4.9503132677165356
21
-4.2919959842519688
0
LINE
8
BLACK
6
CONTINUOUS
10
4.9503132677165356
20
-4.2919959842519688
11
4.9486725196850392
21
-4.2953774803149605
0
LINE
8
BLACK
6
CONTINUOUS
10
4.9486725196850392
20
-4.2953774803149605
11
4.9485164173228346
21
-4.2956254724409444
0
LINE
8
BLACK
6
CONTINUOUS
10
4.9485164173228346
20
-4.2956254724409444
11
4.9484866141732287
21
-4.295697440944882
0
LINE
8
BLACK
6
CONTINUOUS
10
4.9484866141732287
20
-4.295697440944882
11
4.9484420866141727
21
-4.2957435039370075
0
LINE
8
BLACK
6
CONTINUOUS
10
4.9484420866141727
20
-4.2957435039370075
11
4.9483641732283461
21
-4.2958673622047243
0
LINE
8
BLACK
6
CONTINUOUS
10
4.9483641732283461
20
-4.2958673622047243
11
4.9481083858267718
21
-4.2960891338582679
0
LINE
8
BLACK
6
CONTINUOUS
10
4.9481083858267718
20
-4.2960891338582679
11
4.9462445669291339
21
-4.2980196850393702
0
LINE
8
BLACK
6
CONTINUOUS
10
4.9462445669291339
20
-4.2980196850393702
11
4.9460182283464569
21
-4.2982053937007869
0
LINE
8
BLACK
6
CONTINUOUS
10
4.9460182283464569
20
-4.2982053937007869
11
4.9459670866141732
21
-4.2982644094488185
0
LINE
8
BLACK
6
CONTINUOUS
10
4.9459670866141732
20
-4.2982644094488185
11
4.9459114566929134
21
-4.2982930314960628
0
LINE
8
BLACK
6
CONTINUOUS
10
4.9459114566929134
20
-4.2982930314960628
11
4.9457971259842521
21
-4.2983868897637798
0
LINE
8
BLACK
6
CONTINUOUS
10
4.9457971259842521
20
-4.2983868897637798
11
4.9454501968503939
21
-4.2985305511811021
0
LINE
8
BLACK
6
CONTINUOUS
10
4.9454501968503939
20
-4.2985305511811021
11
4.9417276771653542
21
-4.3004475196850391
0
LINE
8
BLACK
6
CONTINUOUS
10
4.9417276771653542
20
-4.3004475196850391
11
4.9416855511811022
21
-4.3004636220472436
0
LINE
8
BLACK
6
CONTINUOUS
10
4.9416855511811022
20
-4.3004636220472436
11
4.9416684251968501
21
-4.3004763385826772
0
LINE
8
BLACK
6
CONTINUOUS
10
4.9416684251968501
20
-4.3004763385826772
11
4.9416194094488191
21
-4.3004889370078736
0
LINE
8
BLACK
6
CONTINUOUS
10
4.9416194094488191
20
-4.3004889370078736
11
4.9411870472440942
21
-4.3006544094488186
0
LINE
8
BLACK
6
CONTINUOUS
10
4.9411870472440942
20
-4.3006544094488186
11
4.9408958267716532
21
-4.3006750787401575
0
LINE
8
BLACK
6
CONTINUOUS
10
4.9408958267716532
20
-4.3006750787401575
11
4.9336242519685038
21
-4.302545866141732
0
LINE
8
BLACK
6
CONTINUOUS
10
4.9336242519685038
20
-4.302545866141732
11
4.9335243700787403
21
-4.3025606299212598
0
LINE
8
BLACK
6
CONTINUOUS
10
4.9335243700787403
20
-4.3025606299212598
11
4.9334841732283463
21
-4.3025772834645668
0
LINE
8
BLACK
6
CONTINUOUS
10
4.9334841732283463
20
-4.3025772834645668
11
4.933408779527559
21
-4.3025776771653543
0
LINE
8
BLACK
6
CONTINUOUS
10
4.933408779527559
20
-4.3025776771653543
11
4.9330516535433073
21
-4.3026305118110235
0
LINE
8
BLACK
6
CONTINUOUS
10
4.9330516535433073
20
-4.3026305118110235
11
4.9327230708661416
21
-4.3025816141732278
0
LINE
8
BLACK
6
CONTINUOUS
10
4.9327230708661416
20
-4.3025816141732278
11
4.9235342913385827
21
-4.3026340157480316
0
LINE
8
BLACK
6
CONTINUOUS
10
4.9235342913385827
20
-4.3026340157480316
11
4.9234337401574804
21
-4.3026240944881886
0
LINE
8
BLACK
6
CONTINUOUS
10
4.9234337401574804
20
-4.3026240944881886
11
4.9233907480314958
21
-4.3026305118110235
0
LINE
8
BLACK
6
CONTINUOUS
10
4.9233907480314958
20
-4.3026305118110235
11
4.9233170472440948
21
-4.3026125984251964
0
LINE
8
BLACK
6
CONTINUOUS
10
4.9233170472440948
20
-4.3026125984251964
11
4.9229582283464568
21
-4.3025772834645668
0
LINE
8
BLACK
6
CONTINUOUS
10
4.9229582283464568
20
-4.3025772834645668
11
4.9226562992125986
21
-4.3024522047244096
0
LINE
8
BLACK
6
CONTINUOUS
10
4.9226562992125986
20
-4.3024522047244096
11
4.915319094488189
21
-4.3006711023622044
0
LINE
8
BLACK
6
CONTINUOUS
10
4.915319094488189
20
-4.3006711023622044
11
4.9152765748031495
21
-4.3006559055118112
0
LINE
8
BLACK
6
CONTINUOUS
10
4.9152765748031495
20
-4.3006559055118112
11
4.9152553149606302
21
-4.3006544094488186
0
LINE
8
BLACK
6
CONTINUOUS
10
4.9152553149606302
20
-4.3006544094488186
11
4.9152076377952758
21
-4.3006312598425191
0
LINE
8
BLACK
6
CONTINUOUS
10
4.9152076377952758
20
-4.3006312598425191
11
4.914773976377953
21
-4.3004763385826772
0
LINE
8
BLACK
6
CONTINUOUS
10
4.914773976377953
20
-4.3004763385826772
11
4.9145570078740155
21
-4.3003155905511807
0
LINE
8
BLACK
6
CONTINUOUS
10
4.9145570078740155
20
-4.3003155905511807
11
4.9109651968503938
21
-4.2985727559055116
0
LINE
8
BLACK
6
CONTINUOUS
10
4.9109651968503938
20
-4.2985727559055116
11
4.9107171653543302
21
-4.298416653543307
0
LINE
8
BLACK
6
CONTINUOUS
10
4.9107171653543302
20
-4.298416653543307
11
4.9106452362204722
21
-4.2983868503937011
0
LINE
8
BLACK
6
CONTINUOUS
10
4.9106452362204722
20
-4.2983868503937011
11
4.910599133858268
21
-4.298342322834646
0
LINE
8
BLACK
6
CONTINUOUS
10
4.910599133858268
20
-4.298342322834646
11
4.9104753149606299
21
-4.2982644094488185
0
LINE
8
BLACK
6
CONTINUOUS
10
4.9104753149606299
20
-4.2982644094488185
11
4.9102535433070864
21
-4.2980087007874017
0
LINE
8
BLACK
6
CONTINUOUS
10
4.9102535433070864
20
-4.2980087007874017
11
4.9083230314960629
21
-4.2961448818897638
0
LINE
8
BLACK
6
CONTINUOUS
10
4.9083230314960629
20
-4.2961448818897638
11
4.9081372440944877
21
-4.295918503937008
0
LINE
8
BLACK
6
CONTINUOUS
10
4.9081372440944877
20
-4.295918503937008
11
4.9080782677165349
21
-4.2958673622047243
0
LINE
8
BLACK
6
CONTINUOUS
10
4.9080782677165349
20
-4.2958673622047243
11
4.9080496062992127
21
-4.2958116929133858
0
LINE
8
BLACK
6
CONTINUOUS
10
4.9080496062992127
20
-4.2958116929133858
11
4.9079558267716532
21
-4.295697440944882
0
LINE
8
BLACK
6
CONTINUOUS
10
4.9079558267716532
20
-4.295697440944882
11
4.907812165354331
21
-4.29535062992126
0
LINE
8
BLACK
6
CONTINUOUS
10
4.907812165354331
20
-4.29535062992126
11
4.9058951574803151
21
-4.2916279527559054
0
LINE
8
BLACK
6
CONTINUOUS
10
4.9058951574803151
20
-4.2916279527559054
11
4.9056882677165357
21
-4.2910873228346453
0
LINE
8
BLACK
6
CONTINUOUS
10
4.9056882677165357
20
-4.2910873228346453
11
4.9056807480314957
21
-4.290981496062992
0
LINE
8
BLACK
6
CONTINUOUS
10
4.9056807480314957
20
-4.290981496062992
11
4.905640157480315
21
-4.2908835039370077
0
LINE
8
BLACK
6
CONTINUOUS
10
4.905640157480315
20
-4.2908835039370077
11
4.9056325196850397
21
-4.2903030314960633
0
LINE
8
BLACK
6
CONTINUOUS
10
4.9056325196850397
20
-4.2903030314960633
11
4.9056066141732284
21
-4.2899381102362204
0
LINE
8
BLACK
6
CONTINUOUS
10
4.9056066141732284
20
-4.2899381102362204
11
4.9056269291338586
21
-4.2898770472440946
0
LINE
8
BLACK
6
CONTINUOUS
10
4.9056269291338586
20
-4.2898770472440946
11
4.9055834251968502
21
-4.2865579133858267
0
LINE
8
BLACK
6
CONTINUOUS
10
4.9055834251968502
20
-4.2865579133858267
11
4.905640157480315
21
-4.2859818503937008
0
LINE
8
BLACK
6
CONTINUOUS
10
4.905640157480315
20
-4.2859818503937008
11
4.9056807480314957
21
-4.2858838188976378
0
LINE
8
BLACK
6
CONTINUOUS
10
4.9056807480314957
20
-4.2858838188976378
11
4.9056882677165357
21
-4.2857780314960632
0
LINE
8
BLACK
6
CONTINUOUS
10
4.9056882677165357
20
-4.2857780314960632
11
4.9059364566929133
21
-4.2852664566929137
0
LINE
8
BLACK
6
CONTINUOUS
10
4.9059364566929133
20
-4.2852664566929137
11
4.9060810629921257
21
-4.2849174409448816
0
LINE
8
BLACK
6
CONTINUOUS
10
4.9060810629921257
20
-4.2849174409448816
11
4.9061291732283463
21
-4.2848692913385822
0
LINE
8
BLACK
6
CONTINUOUS
10
4.9061291732283463
20
-4.2848692913385822
11
4.9077699212598427
21
-4.281487874015748
0
LINE
8
BLACK
6
CONTINUOUS
10
4.9077699212598427
20
-4.281487874015748
11
4.9079259842519685
21
-4.2812398425196854
0
LINE
8
BLACK
6
CONTINUOUS
10
4.9079259842519685
20
-4.2812398425196854
11
4.9079558267716532
21
-4.2811679133858265
0
LINE
8
BLACK
6
CONTINUOUS
10
4.9079558267716532
20
-4.2811679133858265
11
4.9080003149606295
21
-4.2811218110236222
0
LINE
8
BLACK
6
CONTINUOUS
10
4.9080003149606295
20
-4.2811218110236222
11
4.9080782677165349
21
-4.2809979921259842
0
LINE
8
BLACK
6
CONTINUOUS
10
4.9080782677165349
20
-4.2809979921259842
11
4.9083339370078738
21
-4.2807762204724407
0
LINE
8
BLACK
6
CONTINUOUS
10
4.9083339370078738
20
-4.2807762204724407
11
4.9101977952755904
21
-4.2788457086614171
0
LINE
8
BLACK
6
CONTINUOUS
10
4.9101977952755904
20
-4.2788457086614171
11
4.9104241338582675
21
-4.2786599212598428
0
LINE
8
BLACK
6
CONTINUOUS
10
4.9104241338582675
20
-4.2786599212598428
11
4.9104753149606299
21
-4.27860094488189
0
LINE
8
BLACK
6
CONTINUOUS
10
4.9104753149606299
20
-4.27860094488189
11
4.9105309448818897
21
-4.278572283464567
0
LINE
8
BLACK
6
CONTINUOUS
10
4.9105309448818897
20
-4.278572283464567
11
4.9106452362204722
21
-4.2784785039370075
0
LINE
8
BLACK
6
CONTINUOUS
10
4.9106452362204722
20
-4.2784785039370075
11
4.910992086614173
21
-4.2783348031496065
0
LINE
8
BLACK
6
CONTINUOUS
10
4.910992086614173
20
-4.2783348031496065
11
4.9147147244094489
21
-4.2764178346456694
0
LINE
8
BLACK
6
CONTINUOUS
10
4.9147147244094489
20
-4.2764178346456694
11
4.9147568110236222
21
-4.2764016929133861
0
LINE
8
BLACK
6
CONTINUOUS
10
4.9147568110236222
20
-4.2764016929133861
11
4.914773976377953
21
-4.2763890157480313
0
LINE
8
BLACK
6
CONTINUOUS
10
4.914773976377953
20
-4.2763890157480313
11
4.9148229133858266
21
-4.2763764173228349
0
LINE
8
BLACK
6
CONTINUOUS
10
4.9148229133858266
20
-4.2763764173228349
11
4.9152553149606302
21
-4.2762109448818899
0
LINE
8
BLACK
6
CONTINUOUS
10
4.9152553149606302
20
-4.2762109448818899
11
4.9155465354330712
21
-4.2761902362204722
0
LINE
8
BLACK
6
CONTINUOUS
10
4.9155465354330712
20
-4.2761902362204722
11
4.9228181496062993
21
-4.2743194881889766
0
LINE
8
BLACK
6
CONTINUOUS
10
4.9228181496062993
20
-4.2743194881889766
11
4.922917992125984
21
-4.27430468503937
0
LINE
8
BLACK
6
CONTINUOUS
10
4.922917992125984
20
-4.27430468503937
11
4.9229582283464568
21
-4.2742880708661417
0
LINE
8
BLACK
6
CONTINUOUS
10
4.9229582283464568
20
-4.2742880708661417
11
4.9230335826771654
21
-4.2742876377952754
0
LINE
8
BLACK
6
CONTINUOUS
10
4.9230335826771654
20
-4.2742876377952754
11
4.9233907480314958
21
-4.274234842519685
0
LINE
8
BLACK
6
CONTINUOUS
10
4.9233907480314958
20
-4.274234842519685
11
4.9237192913385828
21
-4.2742837007874011
0
LINE
8
BLACK
6
CONTINUOUS
10
4.9237192913385828
20
-4.2742837007874011
11
4.9329081102362204
21
-4.2742313385826769
0
LINE
8
BLACK
6
CONTINUOUS
10
4.9329081102362204
20
-4.2742313385826769
11
4.933008622047244
21
-4.2742412204724411
0
LINE
8
BLACK
6
CONTINUOUS
10
4.9236995275590552
20
-4.2801359055118109
11
4.9168738582677163
21
-4.2818919291338577
0
LINE
8
BLACK
6
CONTINUOUS
10
4.9168738582677163
20
-4.2818919291338577
11
4.9139415354330707
21
-4.2834019291338583
0
LINE
8
BLACK
6
CONTINUOUS
10
4.9139415354330707
20
-4.2834019291338583
11
4.9127508267716538
21
-4.284635275590551
0
LINE
8
BLACK
6
CONTINUOUS
10
4.9127508267716538
20
-4.284635275590551
11
4.9114496850393703
21
-4.2873167716535434
0
LINE
8
BLACK
6
CONTINUOUS
10
4.9114496850393703
20
-4.2873167716535434
11
4.9114807480314964
21
-4.2896853149606295
0
LINE
8
BLACK
6
CONTINUOUS
10
4.9114807480314964
20
-4.2896853149606295
11
4.9128792519685041
21
-4.2924011023622048
0
LINE
8
BLACK
6
CONTINUOUS
10
4.9128792519685041
20
-4.2924011023622048
11
4.9141126377952755
21
-4.2935918503937005
0
LINE
8
BLACK
6
CONTINUOUS
10
4.9141126377952755
20
-4.2935918503937005
11
4.9172628740157478
21
-4.2951203937007874
0
LINE
8
BLACK
6
CONTINUOUS
10
4.9172628740157478
20
-4.2951203937007874
11
4.9240942913385828
21
-4.29677874015748
0
LINE
8
BLACK
6
CONTINUOUS
10
4.9240942913385828
20
-4.29677874015748
11
4.9327428346456692
21
-4.2967294094488189
0
LINE
8
BLACK
6
CONTINUOUS
10
4.9327428346456692
20
-4.2967294094488189
11
4.9395685039370081
21
-4.2949733858267711
0
LINE
8
BLACK
6
CONTINUOUS
10
4.9395685039370081
20
-4.2949733858267711
11
4.9425008267716537
21
-4.2934633464566927
0
LINE
8
BLACK
6
CONTINUOUS
10
4.9425008267716537
20
-4.2934633464566927
11
4.9436916141732281
21
-4.29223
0
LINE
8
BLACK
6
CONTINUOUS
10
4.9436916141732281
20
-4.29223
11
4.9449927165354328
21
-4.2895485433070863
0
LINE
8
BLACK
6
CONTINUOUS
10
4.9449927165354328
20
-4.2895485433070863
11
4.9449616535433067
21
-4.2871800000000002
0
LINE
8
BLACK
6
CONTINUOUS
10
4.9449616535433067
20
-4.2871800000000002
11
4.9435631496062991
21
-4.2844642519685037
0
LINE
8
BLACK
6
CONTINUOUS
10
4.9435631496062991
20
-4.2844642519685037
11
4.9423297637795276
21
-4.283273503937008
0
LINE
8
BLACK
6
CONTINUOUS
10
4.9423297637795276
20
-4.283273503937008
11
4.9391794881889766
21
-4.2817449212598424
0
LINE
8
BLACK
6
CONTINUOUS
10
4.9391794881889766
20
-4.2817449212598424
11
4.9323480708661416
21
-4.2800865748031498
0
LINE
8
BLACK
6
CONTINUOUS
10
4.9323480708661416
20
-4.2800865748031498
11
4.9236995275590552
21
-4.2801359055118109
0
LINE
8
BLACK
6
CONTINUOUS
10
4.7701766535433068
20
-4.2391065748031496
11
4.7709912992125982
21
-4.239921220472441
0
LINE
8
BLACK
6
CONTINUOUS
10
4.7709912992125982
20
-4.239921220472441
11
4.7714322047244098
21
-4.2409856299212594
0
LINE
8
BLACK
6
CONTINUOUS
10
4.7714322047244098
20
-4.2409856299212594
11
4.7714795669291341
21
-4.2633889763779527
0
LINE
8
BLACK
6
CONTINUOUS
10
4.7714795669291341
20
-4.2633889763779527
11
4.8067431102362201
21
-4.2482214960629916
0
LINE
8
BLACK
6
CONTINUOUS
10
4.8067431102362201
20
-4.2482214960629916
11
4.8072949212598424
21
-4.2480467322834645
0
LINE
8
BLACK
6
CONTINUOUS
10
4.8072949212598424
20
-4.2480467322834645
11
4.8084469685039366
21
-4.2480326771653543
0
LINE
8
BLACK
6
CONTINUOUS
10
4.8084469685039366
20
-4.2480326771653543
11
4.8095166535433069
21
-4.2484605511811022
0
LINE
8
BLACK
6
CONTINUOUS
10
4.8095166535433069
20
-4.2484605511811022
11
4.8103411811023618
21
-4.2492652362204719
0
LINE
8
BLACK
6
CONTINUOUS
10
4.8103411811023618
20
-4.2492652362204719
11
4.8107950393700785
21
-4.2503242125984251
0
LINE
8
BLACK
6
CONTINUOUS
10
4.8107950393700785
20
-4.2503242125984251
11
4.81080905511811
21
-4.2514762204724406
0
LINE
8
BLACK
6
CONTINUOUS
10
4.81080905511811
20
-4.2514762204724406
11
4.810381181102362
21
-4.2525459055118109
0
LINE
8
BLACK
6
CONTINUOUS
10
4.810381181102362
20
-4.2525459055118109
11
4.8095765354330711
21
-4.2533704724409445
0
LINE
8
BLACK
6
CONTINUOUS
10
4.8095765354330711
20
-4.2533704724409445
11
4.7696993307086615
21
-4.2705224015748033
0
LINE
8
BLACK
6
CONTINUOUS
10
4.7696993307086615
20
-4.2705224015748033
11
4.7691474803149605
21
-4.2706971653543304
0
LINE
8
BLACK
6
CONTINUOUS
10
4.7691474803149605
20
-4.2706971653543304
11
4.7691291732283467
21
-4.2706973622047242
0
LINE
8
BLACK
6
CONTINUOUS
10
4.7691291732283467
20
-4.2706973622047242
11
4.7691122440944884
21
-4.2707044094488191
0
LINE
8
BLACK
6
CONTINUOUS
10
4.7691122440944884
20
-4.2707044094488191
11
4.76855374015748
21
-4.2707044094488191
0
LINE
8
BLACK
6
CONTINUOUS
10
4.76855374015748
20
-4.2707044094488191
11
4.767995472440945
21
-4.2707112204724407
0
LINE
8
BLACK
6
CONTINUOUS
10
4.767995472440945
20
-4.2707112204724407
11
4.7679784645669292
21
-4.2707044094488191
0
LINE
8
BLACK
6
CONTINUOUS
10
4.7679784645669292
20
-4.2707044094488191
11
4.7679601181102358
21
-4.2707044094488191
0
LINE
8
BLACK
6
CONTINUOUS
10
4.7679601181102358
20
-4.2707044094488191
11
4.7674447637795279
21
-4.2704909448818897
0
LINE
8
BLACK
6
CONTINUOUS
10
4.7674447637795279
20
-4.2704909448818897
11
4.7669257874015747
21
-4.2702833464566927
0
LINE
8
BLACK
6
CONTINUOUS
10
4.7669257874015747
20
-4.2702833464566927
11
4.7669126377952757
21
-4.2702705118110238
0
LINE
8
BLACK
6
CONTINUOUS
10
4.7669126377952757
20
-4.2702705118110238
11
4.7668957086614174
21
-4.2702635039370076
0
LINE
8
BLACK
6
CONTINUOUS
10
4.7668957086614174
20
-4.2702635039370076
11
4.7665012204724411
21
-4.2698690157480312
0
LINE
8
BLACK
6
CONTINUOUS
10
4.7665012204724411
20
-4.2698690157480312
11
4.7661012204724411
21
-4.269478661417323
0
LINE
8
BLACK
6
CONTINUOUS
10
4.7661012204724411
20
-4.269478661417323
11
4.7660939763779524
21
-4.2694617716535435
0
LINE
8
BLACK
6
CONTINUOUS
10
4.7660939763779524
20
-4.2694617716535435
11
4.766081062992126
21
-4.2694488582677161
0
LINE
8
BLACK
6
CONTINUOUS
10
4.766081062992126
20
-4.2694488582677161
11
4.7658674015748028
21
-4.2689330708661419
0
LINE
8
BLACK
6
CONTINUOUS
10
4.7658674015748028
20
-4.2689330708661419
11
4.7656474015748032
21
-4.2684196850393699
0
LINE
8
BLACK
6
CONTINUOUS
10
4.7656474015748032
20
-4.2684196850393699
11
4.7656471653543306
21
-4.2684013779527561
0
LINE
8
BLACK
6
CONTINUOUS
10
4.7656471653543306
20
-4.2684013779527561
11
4.7656401574803144
21
-4.2683844488188978
0
LINE
8
BLACK
6
CONTINUOUS
10
4.7656401574803144
20
-4.2683844488188978
11
4.7656387007874015
21
-4.2677087795275588
0
LINE
8
BLACK
6
CONTINUOUS
10
4.7656387007874015
20
-4.2677087795275588
11
4.7656333464566929
21
-4.2672676771653544
0
LINE
8
BLACK
6
CONTINUOUS
10
4.7656333464566929
20
-4.2672676771653544
11
4.7656377559055114
21
-4.2672565748031497
0
LINE
8
BLACK
6
CONTINUOUS
10
4.7656377559055114
20
-4.2672565748031497
11
4.7655834251968505
21
-4.2415616929133861
0
LINE
8
BLACK
6
CONTINUOUS
10
4.7655834251968505
20
-4.2415616929133861
11
4.7656401574803144
21
-4.2409856299212594
0
LINE
8
BLACK
6
CONTINUOUS
10
4.7656401574803144
20
-4.2409856299212594
11
4.766081062992126
21
-4.239921220472441
0
LINE
8
BLACK
6
CONTINUOUS
10
4.766081062992126
20
-4.239921220472441
11
4.7668957086614174
21
-4.2391065748031496
0
LINE
8
BLACK
6
CONTINUOUS
10
4.7668957086614174
20
-4.2391065748031496
11
4.7679601181102358
21
-4.2386656692913389
0
LINE
8
BLACK
6
CONTINUOUS
10
4.7679601181102358
20
-4.2386656692913389
11
4.7691122440944884
21
-4.2386656692913389
0
LINE
8
BLACK
6
CONTINUOUS
10
4.7691122440944884
20
-4.2386656692913389
11
4.7701766535433068
21
-4.2391065748031496
0
LINE
8
BLACK
6
CONTINUOUS
10
4.6609832283464563
20
-4.2405404330708665
11
4.6610812204724406
21
-4.2405810236220471
0
LINE
8
BLACK
6
CONTINUOUS
10
4.6610812204724406
20
-4.2405810236220471
11
4.6611870472440939
21
-4.2405885433070862
0
LINE
8
BLACK
6
CONTINUOUS
10
4.6611870472440939
20
-4.2405885433070862
11
4.6616985826771655
21
-4.2408367322834648
0
LINE
8
BLACK
6
CONTINUOUS
10
4.6616985826771655
20
-4.2408367322834648
11
4.6620476377952755
21
-4.2409813385826771
0
LINE
8
BLACK
6
CONTINUOUS
10
4.6620476377952755
20
-4.2409813385826771
11
4.6620957480314962
21
-4.2410294488188978
0
LINE
8
BLACK
6
CONTINUOUS
10
4.6620957480314962
20
-4.2410294488188978
11
4.6654772047244091
21
-4.2426701968503933
0
LINE
8
BLACK
6
CONTINUOUS
10
4.6654772047244091
20
-4.2426701968503933
11
4.6657250787401576
21
-4.2428262204724412
0
LINE
8
BLACK
6
CONTINUOUS
10
4.6657250787401576
20
-4.2428262204724412
11
4.6657971259842519
21
-4.2428560629921259
0
LINE
8
BLACK
6
CONTINUOUS
10
4.6657971259842519
20
-4.2428560629921259
11
4.6658432283464562
21
-4.242900590551181
0
LINE
8
BLACK
6
CONTINUOUS
10
4.6658432283464562
20
-4.242900590551181
11
4.6659670866141729
21
-4.2429785433070863
0
LINE
8
BLACK
6
CONTINUOUS
10
4.6659670866141729
20
-4.2429785433070863
11
4.6661887795275589
21
-4.2432341732283465
0
LINE
8
BLACK
6
CONTINUOUS
10
4.6661887795275589
20
-4.2432341732283465
11
4.66811937007874
21
-4.2450980314960631
0
LINE
8
BLACK
6
CONTINUOUS
10
4.66811937007874
20
-4.2450980314960631
11
4.6683051181102364
21
-4.2453243700787402
0
LINE
8
BLACK
6
CONTINUOUS
10
4.6683051181102364
20
-4.2453243700787402
11
4.6683641732283467
21
-4.2453755905511814
0
LINE
8
BLACK
6
CONTINUOUS
10
4.6683641732283467
20
-4.2453755905511814
11
4.6683927952755901
21
-4.2454312204724411
0
LINE
8
BLACK
6
CONTINUOUS
10
4.6683927952755901
20
-4.2454312204724411
11
4.6684866141732284
21
-4.2455455118110237
0
LINE
8
BLACK
6
CONTINUOUS
10
4.6684866141732284
20
-4.2455455118110237
11
4.6686302755905507
21
-4.2458923622047244
0
LINE
8
BLACK
6
CONTINUOUS
10
4.6686302755905507
20
-4.2458923622047244
11
4.6705472834645665
21
-4.2496149999999995
0
LINE
8
BLACK
6
CONTINUOUS
10
4.6705472834645665
20
-4.2496149999999995
11
4.670754173228346
21
-4.2501555905511808
0
LINE
8
BLACK
6
CONTINUOUS
10
4.670754173228346
20
-4.2501555905511808
11
4.6707616929133859
21
-4.2502614566929129
0
LINE
8
BLACK
6
CONTINUOUS
10
4.6707616929133859
20
-4.2502614566929129
11
4.6708022834645666
21
-4.2503594488188972
0
LINE
8
BLACK
6
CONTINUOUS
10
4.6708022834645666
20
-4.2503594488188972
11
4.6708059448818897
21
-4.2508846062992127
0
LINE
8
BLACK
6
CONTINUOUS
10
4.6708059448818897
20
-4.2508846062992127
11
4.6708358267716532
21
-4.2513048031496066
0
LINE
8
BLACK
6
CONTINUOUS
10
4.6708358267716532
20
-4.2513048031496066
11
4.6708094488188978
21
-4.2513838188976374
0
LINE
8
BLACK
6
CONTINUOUS
10
4.6708094488188978
20
-4.2513838188976374
11
4.6708590157480314
21
-4.2584345669291341
0
LINE
8
BLACK
6
CONTINUOUS
10
4.6708590157480314
20
-4.2584345669291341
11
4.6708022834645666
21
-4.25901062992126
0
LINE
8
BLACK
6
CONTINUOUS
10
4.6708022834645666
20
-4.25901062992126
11
4.6707616929133859
21
-4.2591085826771655
0
LINE
8
BLACK
6
CONTINUOUS
10
4.6707616929133859
20
-4.2591085826771655
11
4.670754173228346
21
-4.2592144881889764
0
LINE
8
BLACK
6
CONTINUOUS
10
4.670754173228346
20
-4.2592144881889764
11
4.6705058267716533
21
-4.2597262204724409
0
LINE
8
BLACK
6
CONTINUOUS
10
4.6705058267716533
20
-4.2597262204724409
11
4.670361377952756
21
-4.2600750393700784
0
LINE
8
BLACK
6
CONTINUOUS
10
4.670361377952756
20
-4.2600750393700784
11
4.6703132677165353
21
-4.2601231102362203
0
LINE
8
BLACK
6
CONTINUOUS
10
4.6703132677165353
20
-4.2601231102362203
11
4.6686725196850389
21
-4.2635046062992128
0
LINE
8
BLACK
6
CONTINUOUS
10
4.6686725196850389
20
-4.2635046062992128
11
4.6685164173228344
21
-4.2637525984251967
0
LINE
8
BLACK
6
CONTINUOUS
10
4.6685164173228344
20
-4.2637525984251967
11
4.6684866141732284
21
-4.2638245669291335
0
LINE
8
BLACK
6
CONTINUOUS
10
4.6684866141732284
20
-4.2638245669291335
11
4.6684420866141734
21
-4.2638706299212599
0
LINE
8
BLACK
6
CONTINUOUS
10
4.6684420866141734
20
-4.2638706299212599
11
4.6683641732283467
21
-4.2639944881889766
0
LINE
8
BLACK
6
CONTINUOUS
10
4.6683641732283467
20
-4.2639944881889766
11
4.6681083858267716
21
-4.2642162598425193
0
LINE
8
BLACK
6
CONTINUOUS
10
4.6681083858267716
20
-4.2642162598425193
11
4.6662445669291337
21
-4.2661468110236216
0
LINE
8
BLACK
6
CONTINUOUS
10
4.6662445669291337
20
-4.2661468110236216
11
4.6660182283464566
21
-4.2663325196850392
0
LINE
8
BLACK
6
CONTINUOUS
10
4.6660182283464566
20
-4.2663325196850392
11
4.6659670866141729
21
-4.2663915354330708
0
LINE
8
BLACK
6
CONTINUOUS
10
4.6659670866141729
20
-4.2663915354330708
11
4.6659114566929132
21
-4.2664201574803151
0
LINE
8
BLACK
6
CONTINUOUS
10
4.6659114566929132
20
-4.2664201574803151
11
4.6657971259842519
21
-4.2665140157480312
0
LINE
8
BLACK
6
CONTINUOUS
10
4.6657971259842519
20
-4.2665140157480312
11
4.6654501968503936
21
-4.2666576771653544
0
LINE
8
BLACK
6
CONTINUOUS
10
4.6654501968503936
20
-4.2666576771653544
11
4.661727677165354
21
-4.2685746456692915
0
LINE
8
BLACK
6
CONTINUOUS
10
4.661727677165354
20
-4.2685746456692915
11
4.6611870472440939
21
-4.2687815354330709
0
LINE
8
BLACK
6
CONTINUOUS
10
4.6611870472440939
20
-4.2687815354330709
11
4.6610812204724406
21
-4.2687890157480313
0
LINE
8
BLACK
6
CONTINUOUS
10
4.6610812204724406
20
-4.2687890157480313
11
4.6609832283464563
21
-4.2688296456692916
0
LINE
8
BLACK
6
CONTINUOUS
10
4.6609832283464563
20
-4.2688296456692916
11
4.6604579921259841
21
-4.2688333070866138
0
LINE
8
BLACK
6
CONTINUOUS
10
4.6604579921259841
20
-4.2688333070866138
11
4.660037834645669
21
-4.2688631889763782
0
LINE
8
BLACK
6
CONTINUOUS
10
4.660037834645669
20
-4.2688631889763782
11
4.6599587795275585
21
-4.2688368110236219
0
LINE
8
BLACK
6
CONTINUOUS
10
4.6599587795275585
20
-4.2688368110236219
11
4.6529081102362202
21
-4.2688863779527555
0
LINE
8
BLACK
6
CONTINUOUS
10
4.6529081102362202
20
-4.2688863779527555
11
4.6523320472440943
21
-4.2688296456692916
0
LINE
8
BLACK
6
CONTINUOUS
10
4.6523320472440943
20
-4.2688296456692916
11
4.6522340551181101
21
-4.26878905511811
0
LINE
8
BLACK
6
CONTINUOUS
10
4.6522340551181101
20
-4.26878905511811
11
4.6521281889763779
21
-4.2687815354330709
0
LINE
8
BLACK
6
CONTINUOUS
10
4.6521281889763779
20
-4.2687815354330709
11
4.6516164173228347
21
-4.2685331889763782
0
LINE
8
BLACK
6
CONTINUOUS
10
4.6516164173228347
20
-4.2685331889763782
11
4.6512676377952751
21
-4.26838874015748
0
LINE
8
BLACK
6
CONTINUOUS
10
4.6512676377952751
20
-4.26838874015748
11
4.6512195275590553
21
-4.2683406299212594
0
LINE
8
BLACK
6
CONTINUOUS
10
4.6512195275590553
20
-4.2683406299212594
11
4.6478380708661415
21
-4.2666998818897639
0
LINE
8
BLACK
6
CONTINUOUS
10
4.6478380708661415
20
-4.2666998818897639
11
4.6475900393700789
21
-4.2665437795275594
0
LINE
8
BLACK
6
CONTINUOUS
10
4.6475900393700789
20
-4.2665437795275594
11
4.64751811023622
21
-4.2665139763779525
0
LINE
8
BLACK
6
CONTINUOUS
10
4.64751811023622
20
-4.2665139763779525
11
4.6474720078740157
21
-4.2664694488188974
0
LINE
8
BLACK
6
CONTINUOUS
10
4.6474720078740157
20
-4.2664694488188974
11
4.6473481889763777
21
-4.2663915354330708
0
LINE
8
BLACK
6
CONTINUOUS
10
4.6473481889763777
20
-4.2663915354330708
11
4.6471264173228342
21
-4.2661358267716532
0
LINE
8
BLACK
6
CONTINUOUS
10
4.6471264173228342
20
-4.2661358267716532
11
4.6453829921259837
21
-4.2644526377952756
0
LINE
8
BLACK
6
CONTINUOUS
10
4.6453829921259837
20
-4.2644526377952756
11
4.6437474409448818
21
-4.2661467716535428
0
LINE
8
BLACK
6
CONTINUOUS
10
4.6437474409448818
20
-4.2661467716535428
11
4.643521062992126
21
-4.2663325196850392
0
LINE
8
BLACK
6
CONTINUOUS
10
4.643521062992126
20
-4.2663325196850392
11
4.6434699212598423
21
-4.2663915354330708
0
LINE
8
BLACK
6
CONTINUOUS
10
4.6434699212598423
20
-4.2663915354330708
11
4.6434142519685038
21
-4.2664201574803151
0
LINE
8
BLACK
6
CONTINUOUS
10
4.6434142519685038
20
-4.2664201574803151
11
4.6433
21
-4.2665139763779525
0
LINE
8
BLACK
6
CONTINUOUS
10
4.6433
20
-4.2665139763779525
11
4.642953188976378
21
-4.2666575984251969
0
LINE
8
BLACK
6
CONTINUOUS
10
4.642953188976378
20
-4.2666575984251969
11
4.6392305118110233
21
-4.2685746456692915
0
LINE
8
BLACK
6
CONTINUOUS
10
4.6392305118110233
20
-4.2685746456692915
11
4.6386898818897633
21
-4.2687815354330709
0
LINE
8
BLACK
6
CONTINUOUS
10
4.6386898818897633
20
-4.2687815354330709
11
4.6385840551181099
21
-4.2687890157480313
0
LINE
8
BLACK
6
CONTINUOUS
10
4.6385840551181099
20
-4.2687890157480313
11
4.6384860629921256
21
-4.2688296456692916
0
LINE
8
BLACK
6
CONTINUOUS
10
4.6384860629921256
20
-4.2688296456692916
11
4.63778405511811
21
-4.2688458661417323
0
LINE
8
BLACK
6
CONTINUOUS
10
4.63778405511811
20
-4.2688458661417323
11
4.6375406692913383
21
-4.2688631889763782
0
LINE
8
BLACK
6
CONTINUOUS
10
4.6375406692913383
20
-4.2688631889763782
11
4.6375079527559055
21
-4.2688522834645672
0
LINE
8
BLACK
6
CONTINUOUS
10
4.6375079527559055
20
-4.2688522834645672
11
4.6360352362204722
21
-4.2688863779527555
0
LINE
8
BLACK
6
CONTINUOUS
10
4.6360352362204722
20
-4.2688863779527555
11
4.6354591732283463
21
-4.2688296456692916
0
LINE
8
BLACK
6
CONTINUOUS
10
4.6354591732283463
20
-4.2688296456692916
11
4.6353611811023621
21
-4.26878905511811
0
LINE
8
BLACK
6
CONTINUOUS
10
4.6353611811023621
20
-4.26878905511811
11
4.6352553149606299
21
-4.2687815354330709
0
LINE
8
BLACK
6
CONTINUOUS
10
4.6352553149606299
20
-4.2687815354330709
11
4.6347435433070867
21
-4.2685331889763782
0
LINE
8
BLACK
6
CONTINUOUS
10
4.6347435433070867
20
-4.2685331889763782
11
4.6343947637795271
21
-4.26838874015748
0
LINE
8
BLACK
6
CONTINUOUS
10
4.6343947637795271
20
-4.26838874015748
11
4.6343466535433073
21
-4.2683406299212594
0
LINE
8
BLACK
6
CONTINUOUS
10
4.6343466535433073
20
-4.2683406299212594
11
4.6309651968503935
21
-4.2666998818897639
0
LINE
8
BLACK
6
CONTINUOUS
10
4.6309651968503935
20
-4.2666998818897639
11
4.6307171653543309
21
-4.2665437795275594
0
LINE
8
BLACK
6
CONTINUOUS
10
4.6307171653543309
20
-4.2665437795275594
11
4.630645236220472
21
-4.2665139763779525
0
LINE
8
BLACK
6
CONTINUOUS
10
4.630645236220472
20
-4.2665139763779525
11
4.6305991338582677
21
-4.2664694488188974
0
LINE
8
BLACK
6
CONTINUOUS
10
4.6305991338582677
20
-4.2664694488188974
11
4.6304753149606297
21
-4.2663915354330708
0
LINE
8
BLACK
6
CONTINUOUS
10
4.6304753149606297
20
-4.2663915354330708
11
4.6302535433070862
21
-4.2661358267716532
0
LINE
8
BLACK
6
CONTINUOUS
10
4.6302535433070862
20
-4.2661358267716532
11
4.6283230314960626
21
-4.2642720078740153
0
LINE
8
BLACK
6
CONTINUOUS
10
4.6283230314960626
20
-4.2642720078740153
11
4.6281372440944883
21
-4.2640456299212595
0
LINE
8
BLACK
6
CONTINUOUS
10
4.6281372440944883
20
-4.2640456299212595
11
4.6280782677165355
21
-4.2639944881889766
0
LINE
8
BLACK
6
CONTINUOUS
10
4.6280782677165355
20
-4.2639944881889766
11
4.6280496062992125
21
-4.2639388188976373
0
LINE
8
BLACK
6
CONTINUOUS
10
4.6280496062992125
20
-4.2639388188976373
11
4.6279558267716538
21
-4.2638245669291335
0
LINE
8
BLACK
6
CONTINUOUS
10
4.6279558267716538
20
-4.2638245669291335
11
4.6278121653543307
21
-4.2634777559055115
0
LINE
8
BLACK
6
CONTINUOUS
10
4.6278121653543307
20
-4.2634777559055115
11
4.6258951574803149
21
-4.2597550787401577
0
LINE
8
BLACK
6
CONTINUOUS
10
4.6258951574803149
20
-4.2597550787401577
11
4.6256882677165354
21
-4.2592144488188977
0
LINE
8
BLACK
6
CONTINUOUS
10
4.6256882677165354
20
-4.2592144488188977
11
4.6256807480314963
21
-4.2591086220472443
0
LINE
8
BLACK
6
CONTINUOUS
10
4.6256807480314963
20
-4.2591086220472443
11
4.6256401574803148
21
-4.25901062992126
0
LINE
8
BLACK
6
CONTINUOUS
10
4.6256401574803148
20
-4.25901062992126
11
4.6256364566929129
21
-4.2584853937007869
0
LINE
8
BLACK
6
CONTINUOUS
10
4.6256364566929129
20
-4.2584853937007869
11
4.6256066141732282
21
-4.2580652362204727
0
LINE
8
BLACK
6
CONTINUOUS
10
4.6256066141732282
20
-4.2580652362204727
11
4.6256329527559057
21
-4.2579861811023623
0
LINE
8
BLACK
6
CONTINUOUS
10
4.6256329527559057
20
-4.2579861811023623
11
4.62558342519685
21
-4.2509355118110239
0
LINE
8
BLACK
6
CONTINUOUS
10
4.62558342519685
20
-4.2509355118110239
11
4.6256401574803148
21
-4.2503594488188972
0
LINE
8
BLACK
6
CONTINUOUS
10
4.6256401574803148
20
-4.2503594488188972
11
4.6256807480314963
21
-4.2502614173228341
0
LINE
8
BLACK
6
CONTINUOUS
10
4.6256807480314963
20
-4.2502614173228341
11
4.6256882677165354
21
-4.2501556299212595
0
LINE
8
BLACK
6
CONTINUOUS
10
4.6256882677165354
20
-4.2501556299212595
11
4.6259364566929131
21
-4.2496440551181101
0
LINE
8
BLACK
6
CONTINUOUS
10
4.6259364566929131
20
-4.2496440551181101
11
4.6260810629921263
21
-4.2492950393700788
0
LINE
8
BLACK
6
CONTINUOUS
10
4.6260810629921263
20
-4.2492950393700788
11
4.626129173228346
21
-4.2492468897637794
0
LINE
8
BLACK
6
CONTINUOUS
10
4.626129173228346
20
-4.2492468897637794
11
4.6277699212598424
21
-4.2458654724409444
0
LINE
8
BLACK
6
CONTINUOUS
10
4.6277699212598424
20
-4.2458654724409444
11
4.6279259842519682
21
-4.2456174409448817
0
LINE
8
BLACK
6
CONTINUOUS
10
4.6279259842519682
20
-4.2456174409448817
11
4.6279558267716538
21
-4.2455455118110237
0
LINE
8
BLACK
6
CONTINUOUS
10
4.6279558267716538
20
-4.2455455118110237
11
4.6280003149606301
21
-4.2454994094488185
0
LINE
8
BLACK
6
CONTINUOUS
10
4.6280003149606301
20
-4.2454994094488185
11
4.6280782677165355
21
-4.2453755905511814
0
LINE
8
BLACK
6
CONTINUOUS
10
4.6280782677165355
20
-4.2453755905511814
11
4.6283339370078735
21
-4.2451538188976379
0
LINE
8
BLACK
6
CONTINUOUS
10
4.6283339370078735
20
-4.2451538188976379
11
4.6301977952755902
21
-4.2432233070866143
0
LINE
8
BLACK
6
CONTINUOUS
10
4.6301977952755902
20
-4.2432233070866143
11
4.6304241338582672
21
-4.2430375196850392
0
LINE
8
BLACK
6
CONTINUOUS
10
4.6304241338582672
20
-4.2430375196850392
11
4.6304753149606297
21
-4.2429785433070863
0
LINE
8
BLACK
6
CONTINUOUS
10
4.6304753149606297
20
-4.2429785433070863
11
4.6305309448818894
21
-4.2429498818897633
0
LINE
8
BLACK
6
CONTINUOUS
10
4.6305309448818894
20
-4.2429498818897633
11
4.630645236220472
21
-4.2428561023622047
0
LINE
8
BLACK
6
CONTINUOUS
10
4.630645236220472
20
-4.2428561023622047
11
4.6309920866141727
21
-4.2427124015748028
0
LINE
8
BLACK
6
CONTINUOUS
10
4.6309920866141727
20
-4.2427124015748028
11
4.6347147244094486
21
-4.2407954330708657
0
LINE
8
BLACK
6
CONTINUOUS
10
4.6347147244094486
20
-4.2407954330708657
11
4.6352553149606299
21
-4.2405885433070862
0
LINE
8
BLACK
6
CONTINUOUS
10
4.6352553149606299
20
-4.2405885433070862
11
4.6353611811023621
21
-4.2405809842519684
0
LINE
8
BLACK
6
CONTINUOUS
10
4.6353611811023621
20
-4.2405809842519684
11
4.6354591732283463
21
-4.2405404330708665
0
LINE
8
BLACK
6
CONTINUOUS
10
4.6354591732283463
20
-4.2405404330708665
11
4.6361611023622045
21
-4.2405241732283461
0
LINE
8
BLACK
6
CONTINUOUS
10
4.6361611023622045
20
-4.2405241732283461
11
4.6364045275590549
21
-4.2405068897637799
0
LINE
8
BLACK
6
CONTINUOUS
10
4.6364045275590549
20
-4.2405068897637799
11
4.6364372047244089
21
-4.2405177559055121
0
LINE
8
BLACK
6
CONTINUOUS
10
4.6364372047244089
20
-4.2405177559055121
11
4.6379099999999998
21
-4.2404837007874017
0
LINE
8
BLACK
6
CONTINUOUS
10
4.6379099999999998
20
-4.2404837007874017
11
4.6384860629921256
21
-4.2405404330708665
0
LINE
8
BLACK
6
CONTINUOUS
10
4.6384860629921256
20
-4.2405404330708665
11
4.6385840551181099
21
-4.2405810236220471
0
LINE
8
BLACK
6
CONTINUOUS
10
4.6385840551181099
20
-4.2405810236220471
11
4.6386898818897633
21
-4.2405885433070862
0
LINE
8
BLACK
6
CONTINUOUS
10
4.6386898818897633
20
-4.2405885433070862
11
4.6392014173228349
21
-4.2408367322834648
0
LINE
8
BLACK
6
CONTINUOUS
10
4.6392014173228349
20
-4.2408367322834648
11
4.6395504724409449
21
-4.2409813385826771
0
LINE
8
BLACK
6
CONTINUOUS
10
4.6395504724409449
20
-4.2409813385826771
11
4.6395985826771655
21
-4.2410294488188978
0
LINE
8
BLACK
6
CONTINUOUS
10
4.6395985826771655
20
-4.2410294488188978
11
4.6429800393700784
21
-4.2426701968503933
0
LINE
8
BLACK
6
CONTINUOUS
10
4.6429800393700784
20
-4.2426701968503933
11
4.6432280314960632
21
-4.2428262598425199
0
LINE
8
BLACK
6
CONTINUOUS
10
4.6432280314960632
20
-4.2428262598425199
11
4.6433
21
-4.2428561023622047
0
LINE
8
BLACK
6
CONTINUOUS
10
4.6433
20
-4.2428561023622047
11
4.6433460629921255
21
-4.242900590551181
0
LINE
8
BLACK
6
CONTINUOUS
10
4.6433460629921255
20
-4.242900590551181
11
4.6434699212598423
21
-4.2429785433070863
0
LINE
8
BLACK
6
CONTINUOUS
10
4.6434699212598423
20
-4.2429785433070863
11
4.643691653543307
21
-4.2432342125984253
0
LINE
8
BLACK
6
CONTINUOUS
10
4.643691653543307
20
-4.2432342125984253
11
4.6454350787401575
21
-4.2449174015748028
0
LINE
8
BLACK
6
CONTINUOUS
10
4.6454350787401575
20
-4.2449174015748028
11
4.6470706692913382
21
-4.2432233070866143
0
LINE
8
BLACK
6
CONTINUOUS
10
4.6470706692913382
20
-4.2432233070866143
11
4.6472970078740152
21
-4.2430375196850392
0
LINE
8
BLACK
6
CONTINUOUS
10
4.6472970078740152
20
-4.2430375196850392
11
4.6473481889763777
21
-4.2429785433070863
0
LINE
8
BLACK
6
CONTINUOUS
10
4.6473481889763777
20
-4.2429785433070863
11
4.6474038188976374
21
-4.2429498818897633
0
LINE
8
BLACK
6
CONTINUOUS
10
4.6474038188976374
20
-4.2429498818897633
11
4.64751811023622
21
-4.2428561023622047
0
LINE
8
BLACK
6
CONTINUOUS
10
4.64751811023622
20
-4.2428561023622047
11
4.6478649606299207
21
-4.2427124015748028
0
LINE
8
BLACK
6
CONTINUOUS
10
4.6478649606299207
20
-4.2427124015748028
11
4.6515875984251966
21
-4.2407954330708657
0
LINE
8
BLACK
6
CONTINUOUS
10
4.6515875984251966
20
-4.2407954330708657
11
4.6521281889763779
21
-4.2405885433070862
0
LINE
8
BLACK
6
CONTINUOUS
10
4.6521281889763779
20
-4.2405885433070862
11
4.6522340551181101
21
-4.2405809842519684
0
LINE
8
BLACK
6
CONTINUOUS
10
4.6522340551181101
20
-4.2405809842519684
11
4.6523320472440943
21
-4.2405404330708665
0
LINE
8
BLACK
6
CONTINUOUS
10
4.6523320472440943
20
-4.2405404330708665
11
4.652857204724409
21
-4.2405367322834646
0
LINE
8
BLACK
6
CONTINUOUS
10
4.652857204724409
20
-4.2405367322834646
11
4.6532774015748029
21
-4.2405068897637799
0
LINE
8
BLACK
6
CONTINUOUS
10
4.6532774015748029
20
-4.2405068897637799
11
4.6533564173228346
21
-4.2405332283464565
0
LINE
8
BLACK
6
CONTINUOUS
10
4.6533564173228346
20
-4.2405332283464565
11
4.6604071653543304
21
-4.2404837007874017
0
LINE
8
BLACK
6
CONTINUOUS
10
4.6604071653543304
20
-4.2404837007874017
11
4.6609832283464563
21
-4.2405404330708665
0
LINE
8
BLACK
6
CONTINUOUS
10
4.6535227165354334
20
-4.2463848818897638
11
4.6508144094488184
21
-4.2477795275590546
0
LINE
8
BLACK
6
CONTINUOUS
10
4.6508144094488184
20
-4.2477795275590546
11
4.6496237007874015
21
-4.2490128740157482
0
LINE
8
BLACK
6
CONTINUOUS
10
4.6496237007874015
20
-4.2490128740157482
11
4.6483145669291339
21
-4.2517109055118105
0
LINE
8
BLACK
6
CONTINUOUS
10
4.6483145669291339
20
-4.2517109055118105
11
4.6483574803149601
21
-4.2578199212598422
0
LINE
8
BLACK
6
CONTINUOUS
10
4.6483574803149601
20
-4.2578199212598422
11
4.6497521259842518
21
-4.2605282283464563
0
LINE
8
BLACK
6
CONTINUOUS
10
4.6497521259842518
20
-4.2605282283464563
11
4.6509855118110233
21
-4.2617189763779528
0
LINE
8
BLACK
6
CONTINUOUS
10
4.6509855118110233
20
-4.2617189763779528
11
4.6536835039370077
21
-4.2630280708661417
0
LINE
8
BLACK
6
CONTINUOUS
10
4.6536835039370077
20
-4.2630280708661417
11
4.6597925196850394
21
-4.2629851574803146
0
LINE
8
BLACK
6
CONTINUOUS
10
4.6597925196850394
20
-4.2629851574803146
11
4.6625008267716535
21
-4.261590472440945
0
LINE
8
BLACK
6
CONTINUOUS
10
4.6625008267716535
20
-4.261590472440945
11
4.6636916141732279
21
-4.2603571259842523
0
LINE
8
BLACK
6
CONTINUOUS
10
4.6636916141732279
20
-4.2603571259842523
11
4.6650007086614176
21
-4.2576591338582679
0
LINE
8
BLACK
6
CONTINUOUS
10
4.6650007086614176
20
-4.2576591338582679
11
4.6649577952755905
21
-4.2515501181102362
0
LINE
8
BLACK
6
CONTINUOUS
10
4.6649577952755905
20
-4.2515501181102362
11
4.6635631496062988
21
-4.2488418503937009
0
LINE
8
BLACK
6
CONTINUOUS
10
4.6635631496062988
20
-4.2488418503937009
11
4.6623297637795273
21
-4.2476511023622043
0
LINE
8
BLACK
6
CONTINUOUS
10
4.6623297637795273
20
-4.2476511023622043
11
4.6596317322834642
21
-4.2463419685039367
0
LINE
8
BLACK
6
CONTINUOUS
10
4.6596317322834642
20
-4.2463419685039367
11
4.6535227165354334
21
-4.2463848818897638
0
LINE
8
BLACK
6
CONTINUOUS
10
4.6366699999999996
20
-4.2463744881889767
11
4.6339415354330704
21
-4.2477795275590546
0
LINE
8
BLACK
6
CONTINUOUS
10
4.6339415354330704
20
-4.2477795275590546
11
4.6327508267716535
21
-4.2490128740157482
0
LINE
8
BLACK
6
CONTINUOUS
10
4.6327508267716535
20
-4.2490128740157482
11
4.6314416929133859
21
-4.2517109055118105
0
LINE
8
BLACK
6
CONTINUOUS
10
4.6314416929133859
20
-4.2517109055118105
11
4.6314846062992121
21
-4.2578199212598422
0
LINE
8
BLACK
6
CONTINUOUS
10
4.6314846062992121
20
-4.2578199212598422
11
4.6328792519685038
21
-4.2605282283464563
0
LINE
8
BLACK
6
CONTINUOUS
10
4.6328792519685038
20
-4.2605282283464563
11
4.6341126377952753
21
-4.2617189763779528
0
LINE
8
BLACK
6
CONTINUOUS
10
4.6341126377952753
20
-4.2617189763779528
11
4.6367677559055114
21
-4.2630072834645665
0
LINE
8
BLACK
6
CONTINUOUS
10
4.6367677559055114
20
-4.2630072834645665
11
4.6372751968503936
21
-4.2629955511811026
0
LINE
8
BLACK
6
CONTINUOUS
10
4.6372751968503936
20
-4.2629955511811026
11
4.6400036614173228
21
-4.2615905118110238
0
LINE
8
BLACK
6
CONTINUOUS
10
4.6400036614173228
20
-4.2615905118110238
11
4.6411944094488184
21
-4.2603571259842523
0
LINE
8
BLACK
6
CONTINUOUS
10
4.6411944094488184
20
-4.2603571259842523
11
4.6425035039370082
21
-4.2576591338582679
0
LINE
8
BLACK
6
CONTINUOUS
10
4.6425035039370082
20
-4.2576591338582679
11
4.6424605905511811
21
-4.2515501181102362
0
LINE
8
BLACK
6
CONTINUOUS
10
4.6424605905511811
20
-4.2515501181102362
11
4.6410659448818894
21
-4.2488418110236221
0
LINE
8
BLACK
6
CONTINUOUS
10
4.6410659448818894
20
-4.2488418110236221
11
4.6398325984251967
21
-4.2476511023622043
0
LINE
8
BLACK
6
CONTINUOUS
10
4.6398325984251967
20
-4.2476511023622043
11
4.6371774409448818
21
-4.2463627559055119
0
LINE
8
BLACK
6
CONTINUOUS
10
4.6371774409448818
20
-4.2463627559055119
11
4.6366699999999996
21
-4.2463744881889767
0
LINE
8
BLACK
6
CONTINUOUS
10
4.9205646456692911
20
-4.2368408661417325
11
4.921595157480315
21
-4.2373561417322838
0
LINE
8
BLACK
6
CONTINUOUS
10
4.921595157480315
20
-4.2373561417322838
11
4.9223499999999998
21
-4.2382264960629916
0
LINE
8
BLACK
6
CONTINUOUS
10
4.9223499999999998
20
-4.2382264960629916
11
4.9227143307086614
21
-4.2393194881889764
0
LINE
8
BLACK
6
CONTINUOUS
10
4.9227143307086614
20
-4.2393194881889764
11
4.9226326771653541
21
-4.2404687007874013
0
LINE
8
BLACK
6
CONTINUOUS
10
4.9226326771653541
20
-4.2404687007874013
11
4.9205510236220471
21
-4.2447588188976377
0
LINE
8
BLACK
6
CONTINUOUS
10
4.9205510236220471
20
-4.2447588188976377
11
4.9203950000000001
21
-4.2450066141732279
0
LINE
8
BLACK
6
CONTINUOUS
10
4.9203950000000001
20
-4.2450066141732279
11
4.9203651574803144
21
-4.2450787795275593
0
LINE
8
BLACK
6
CONTINUOUS
10
4.9203651574803144
20
-4.2450787795275593
11
4.920321811023622
21
-4.2451229527559056
0
LINE
8
BLACK
6
CONTINUOUS
10
4.920321811023622
20
-4.2451229527559056
11
4.920242677165354
21
-4.2452487007874016
0
LINE
8
BLACK
6
CONTINUOUS
10
4.920242677165354
20
-4.2452487007874016
11
4.9199466929133857
21
-4.2455053543307084
0
LINE
8
BLACK
6
CONTINUOUS
10
4.9199466929133857
20
-4.2455053543307084
11
4.9174724409448816
21
-4.2480277952755907
0
LINE
8
BLACK
6
CONTINUOUS
10
4.9174724409448816
20
-4.2480277952755907
11
4.9449738976377953
21
-4.2479887401574805
0
LINE
8
BLACK
6
CONTINUOUS
10
4.9449738976377953
20
-4.2479887401574805
11
4.9449535039370076
21
-4.2396887795275591
0
LINE
8
BLACK
6
CONTINUOUS
10
4.9449535039370076
20
-4.2396887795275591
11
4.9450102362204724
21
-4.2391127165354332
0
LINE
8
BLACK
6
CONTINUOUS
10
4.9450102362204724
20
-4.2391127165354332
11
4.9454511417322831
21
-4.238048307086614
0
LINE
8
BLACK
6
CONTINUOUS
10
4.9454511417322831
20
-4.238048307086614
11
4.9462657874015745
21
-4.2372336614173225
0
LINE
8
BLACK
6
CONTINUOUS
10
4.9462657874015745
20
-4.2372336614173225
11
4.9473301968503938
21
-4.2367927559055119
0
LINE
8
BLACK
6
CONTINUOUS
10
4.9473301968503938
20
-4.2367927559055119
11
4.9484823228346455
21
-4.2367927559055119
0
LINE
8
BLACK
6
CONTINUOUS
10
4.9484823228346455
20
-4.2367927559055119
11
4.9495467322834648
21
-4.2372336614173225
0
LINE
8
BLACK
6
CONTINUOUS
10
4.9495467322834648
20
-4.2372336614173225
11
4.9503613779527562
21
-4.238048307086614
0
LINE
8
BLACK
6
CONTINUOUS
10
4.9503613779527562
20
-4.238048307086614
11
4.9508022834645669
21
-4.2391127165354332
0
LINE
8
BLACK
6
CONTINUOUS
10
4.9508022834645669
20
-4.2391127165354332
11
4.9508590157480317
21
-4.2621859448818897
0
LINE
8
BLACK
6
CONTINUOUS
10
4.9508590157480317
20
-4.2621859448818897
11
4.9508022834645669
21
-4.2627620078740156
0
LINE
8
BLACK
6
CONTINUOUS
10
4.9508022834645669
20
-4.2627620078740156
11
4.9503613779527562
21
-4.2638264173228348
0
LINE
8
BLACK
6
CONTINUOUS
10
4.9503613779527562
20
-4.2638264173228348
11
4.9495467322834648
21
-4.2646410629921263
0
LINE
8
BLACK
6
CONTINUOUS
10
4.9495467322834648
20
-4.2646410629921263
11
4.9484823228346455
21
-4.2650819685039369
0
LINE
8
BLACK
6
CONTINUOUS
10
4.9484823228346455
20
-4.2650819685039369
11
4.9473301968503938
21
-4.2650819685039369
0
LINE
8
BLACK
6
CONTINUOUS
10
4.9473301968503938
20
-4.2650819685039369
11
4.9462657874015745
21
-4.2646410629921263
0
LINE
8
BLACK
6
CONTINUOUS
10
4.9462657874015745
20
-4.2646410629921263
11
4.9454511417322831
21
-4.2638264173228348
0
LINE
8
BLACK
6
CONTINUOUS
10
4.9454511417322831
20
-4.2638264173228348
11
4.9450102362204724
21
-4.2627620078740156
0
LINE
8
BLACK
6
CONTINUOUS
10
4.9450102362204724
20
-4.2627620078740156
11
4.9449882677165355
21
-4.2538383464566927
0
LINE
8
BLACK
6
CONTINUOUS
10
4.9449882677165355
20
-4.2538383464566927
11
4.9085361811023622
21
-4.2538901181102364
0
LINE
8
BLACK
6
CONTINUOUS
10
4.9085361811023622
20
-4.2538901181102364
11
4.9085340944881892
21
-4.2538898818897639
0
LINE
8
BLACK
6
CONTINUOUS
10
4.9085340944881892
20
-4.2538898818897639
11
4.9085330708661417
21
-4.2538901181102364
0
LINE
8
BLACK
6
CONTINUOUS
10
4.9085330708661417
20
-4.2538901181102364
11
4.9085300393700786
21
-4.2538894881889764
0
LINE
8
BLACK
6
CONTINUOUS
10
4.9085300393700786
20
-4.2538894881889764
11
4.9079601181102364
21
-4.2538333858267716
0
LINE
8
BLACK
6
CONTINUOUS
10
4.9079601181102364
20
-4.2538333858267716
11
4.9076899999999997
21
-4.2537214960629921
0
LINE
8
BLACK
6
CONTINUOUS
10
4.9076899999999997
20
-4.2537214960629921
11
4.9074033858267718
21
-4.253664173228346
0
LINE
8
BLACK
6
CONTINUOUS
10
4.9074033858267718
20
-4.253664173228346
11
4.9071629921259845
21
-4.2535031889763779
0
LINE
8
BLACK
6
CONTINUOUS
10
4.9071629921259845
20
-4.2535031889763779
11
4.9068957086614171
21
-4.2533924803149601
0
LINE
8
BLACK
6
CONTINUOUS
10
4.9068957086614171
20
-4.2533924803149601
11
4.9066889763779526
21
-4.2531857480314956
0
LINE
8
BLACK
6
CONTINUOUS
10
4.9066889763779526
20
-4.2531857480314956
11
4.9064461023622048
21
-4.2530231102362208
0
LINE
8
BLACK
6
CONTINUOUS
10
4.9064461023622048
20
-4.2530231102362208
11
4.9062855905511809
21
-4.2527823622047247
0
LINE
8
BLACK
6
CONTINUOUS
10
4.9062855905511809
20
-4.2527823622047247
11
4.9060810629921257
21
-4.2525778346456695
0
LINE
8
BLACK
6
CONTINUOUS
10
4.9060810629921257
20
-4.2525778346456695
11
4.9059691732283461
21
-4.2523077165354328
0
LINE
8
BLACK
6
CONTINUOUS
10
4.9059691732283461
20
-4.2523077165354328
11
4.9058070078740155
21
-4.2520644881889762
0
LINE
8
BLACK
6
CONTINUOUS
10
4.9058070078740155
20
-4.2520644881889762
11
4.9057508661417319
21
-4.2517806692913389
0
LINE
8
BLACK
6
CONTINUOUS
10
4.9057508661417319
20
-4.2517806692913389
11
4.905640157480315
21
-4.2515134251968503
0
LINE
8
BLACK
6
CONTINUOUS
10
4.905640157480315
20
-4.2515134251968503
11
4.905640157480315
21
-4.2512210236220476
0
LINE
8
BLACK
6
CONTINUOUS
10
4.905640157480315
20
-4.2512210236220476
11
4.9055834251968502
21
-4.2509342519685038
0
LINE
8
BLACK
6
CONTINUOUS
10
4.9055834251968502
20
-4.2509342519685038
11
4.905640157480315
21
-4.2506505905511807
0
LINE
8
BLACK
6
CONTINUOUS
10
4.905640157480315
20
-4.2506505905511807
11
4.905640157480315
21
-4.2503612992125985
0
LINE
8
BLACK
6
CONTINUOUS
10
4.905640157480315
20
-4.2503612992125985
11
4.9057520078740158
21
-4.2500911811023618
0
LINE
8
BLACK
6
CONTINUOUS
10
4.9057520078740158
20
-4.2500911811023618
11
4.9058093700787397
21
-4.249804566929134
0
LINE
8
BLACK
6
CONTINUOUS
10
4.9058093700787397
20
-4.249804566929134
11
4.90597031496063
21
-4.2495641732283467
0
LINE
8
BLACK
6
CONTINUOUS
10
4.90597031496063
20
-4.2495641732283467
11
4.9060810629921257
21
-4.2492968897637793
0
LINE
8
BLACK
6
CONTINUOUS
10
4.9060810629921257
20
-4.2492968897637793
11
4.9062877559055114
21
-4.2490901574803148
0
LINE
8
BLACK
6
CONTINUOUS
10
4.9062877559055114
20
-4.2490901574803148
11
4.9064504330708658
21
-4.248847283464567
0
LINE
8
BLACK
6
CONTINUOUS
10
4.9064504330708658
20
-4.248847283464567
11
4.9066995275590548
21
-4.2486783858267714
0
LINE
8
BLACK
6
CONTINUOUS
10
4.9066995275590548
20
-4.2486783858267714
11
4.9068957086614171
21
-4.2484822440944878
0
LINE
8
BLACK
6
CONTINUOUS
10
4.9068957086614171
20
-4.2484822440944878
11
4.9071353543307081
21
-4.2483829527559056
0
LINE
8
BLACK
6
CONTINUOUS
10
4.9071353543307081
20
-4.2483829527559056
11
4.9124734251968505
21
-4.2447642913385826
0
LINE
8
BLACK
6
CONTINUOUS
10
4.9124734251968505
20
-4.2447642913385826
11
4.9155740551181104
21
-4.2416032283464569
0
LINE
8
BLACK
6
CONTINUOUS
10
4.9155740551181104
20
-4.2416032283464569
11
4.9171437401574805
21
-4.2383682677165355
0
LINE
8
BLACK
6
CONTINUOUS
10
4.9171437401574805
20
-4.2383682677165355
11
4.9174520866141735
21
-4.2378783858267717
0
LINE
8
BLACK
6
CONTINUOUS
10
4.9174520866141735
20
-4.2378783858267717
11
4.9183224803149601
21
-4.2371235433070868
0
LINE
8
BLACK
6
CONTINUOUS
10
4.9183224803149601
20
-4.2371235433070868
11
4.9194154330708662
21
-4.2367592125984253
0
LINE
8
BLACK
6
CONTINUOUS
10
4.9194154330708662
20
-4.2367592125984253
11
4.9205646456692911
21
-4.2368408661417325
0
LINE
8
BLACK
6
CONTINUOUS
10
5.0709851181102357
20
-4.2355404330708657
11
5.0710831102362199
21
-4.2355810236220472
0
LINE
8
BLACK
6
CONTINUOUS
10
5.0710831102362199
20
-4.2355810236220472
11
5.0711889370078742
21
-4.2355885433070863
0
LINE
8
BLACK
6
CONTINUOUS
10
5.0711889370078742
20
-4.2355885433070863
11
5.0717004724409449
21
-4.2358367322834649
0
LINE
8
BLACK
6
CONTINUOUS
10
5.0717004724409449
20
-4.2358367322834649
11
5.0720495275590549
21
-4.2359813385826772
0
LINE
8
BLACK
6
CONTINUOUS
10
5.0720495275590549
20
-4.2359813385826772
11
5.0720976377952756
21
-4.2360294488188979
0
LINE
8
BLACK
6
CONTINUOUS
10
5.0720976377952756
20
-4.2360294488188979
11
5.0754790944881885
21
-4.2376701968503934
0
LINE
8
BLACK
6
CONTINUOUS
10
5.0754790944881885
20
-4.2376701968503934
11
5.0757270866141733
21
-4.2378262598425191
0
LINE
8
BLACK
6
CONTINUOUS
10
5.0757270866141733
20
-4.2378262598425191
11
5.07579905511811
21
-4.2378561023622048
0
LINE
8
BLACK
6
CONTINUOUS
10
5.07579905511811
20
-4.2378561023622048
11
5.0758451181102364
21
-4.2379005905511811
0
LINE
8
BLACK
6
CONTINUOUS
10
5.0758451181102364
20
-4.2379005905511811
11
5.0759689763779523
21
-4.2379785433070865
0
LINE
8
BLACK
6
CONTINUOUS
10
5.0759689763779523
20
-4.2379785433070865
11
5.0761907086614171
21
-4.2382342125984254
0
LINE
8
BLACK
6
CONTINUOUS
10
5.0761907086614171
20
-4.2382342125984254
11
5.0781212598425194
21
-4.240098070866142
0
LINE
8
BLACK
6
CONTINUOUS
10
5.0781212598425194
20
-4.240098070866142
11
5.0783070078740158
21
-4.2403244094488191
0
LINE
8
BLACK
6
CONTINUOUS
10
5.0783070078740158
20
-4.2403244094488191
11
5.0783660236220474
21
-4.2403755905511806
0
LINE
8
BLACK
6
CONTINUOUS
10
5.0783660236220474
20
-4.2403755905511806
11
5.0783946456692917
21
-4.2404312204724413
0
LINE
8
BLACK
6
CONTINUOUS
10
5.0783946456692917
20
-4.2404312204724413
11
5.078488464566929
21
-4.2405455118110238
0
LINE
8
BLACK
6
CONTINUOUS
10
5.078488464566929
20
-4.2405455118110238
11
5.0786321259842522
21
-4.2408923622047245
0
LINE
8
BLACK
6
CONTINUOUS
10
5.0786321259842522
20
-4.2408923622047245
11
5.080549133858268
21
-4.2446149999999996
0
LINE
8
BLACK
6
CONTINUOUS
10
5.080549133858268
20
-4.2446149999999996
11
5.0807560236220475
21
-4.2451555905511809
0
LINE
8
BLACK
6
CONTINUOUS
10
5.0807560236220475
20
-4.2451555905511809
11
5.0807635433070866
21
-4.245261456692913
0
LINE
8
BLACK
6
CONTINUOUS
10
5.0807635433070866
20
-4.245261456692913
11
5.0808041338582672
21
-4.2453594488188973
0
LINE
8
BLACK
6
CONTINUOUS
10
5.0808041338582672
20
-4.2453594488188973
11
5.0808077952755903
21
-4.2458846062992128
0
LINE
8
BLACK
6
CONTINUOUS
10
5.0808077952755903
20
-4.2458846062992128
11
5.0808376771653538
21
-4.2463048031496058
0
LINE
8
BLACK
6
CONTINUOUS
10
5.0808376771653538
20
-4.2463048031496058
11
5.0808112992125984
21
-4.2463838188976375
0
LINE
8
BLACK
6
CONTINUOUS
10
5.0808112992125984
20
-4.2463838188976375
11
5.080860866141732
21
-4.2534345669291334
0
LINE
8
BLACK
6
CONTINUOUS
10
5.080860866141732
20
-4.2534345669291334
11
5.0808041338582672
21
-4.2540106299212601
0
LINE
8
BLACK
6
CONTINUOUS
10
5.0808041338582672
20
-4.2540106299212601
11
5.0807635433070866
21
-4.2541085826771656
0
LINE
8
BLACK
6
CONTINUOUS
10
5.0807635433070866
20
-4.2541085826771656
11
5.0807560236220475
21
-4.2542144881889765
0
LINE
8
BLACK
6
CONTINUOUS
10
5.0807560236220475
20
-4.2542144881889765
11
5.0805076771653539
21
-4.254726220472441
0
LINE
8
BLACK
6
CONTINUOUS
10
5.0805076771653539
20
-4.254726220472441
11
5.0803632283464566
21
-4.2550750393700785
0
LINE
8
BLACK
6
CONTINUOUS
10
5.0803632283464566
20
-4.2550750393700785
11
5.080315118110236
21
-4.2551231102362204
0
LINE
8
BLACK
6
CONTINUOUS
10
5.080315118110236
20
-4.2551231102362204
11
5.0793644881889763
21
-4.257082283464567
0
LINE
8
BLACK
6
CONTINUOUS
10
5.0793644881889763
20
-4.257082283464567
11
5.0824503149606297
21
-4.2562883858267719
0
LINE
8
BLACK
6
CONTINUOUS
10
5.0824503149606297
20
-4.2562883858267719
11
5.0874346850393701
21
-4.2529094881889762
0
LINE
8
BLACK
6
CONTINUOUS
10
5.0874346850393701
20
-4.2529094881889762
11
5.0886916141732286
21
-4.2516075984251964
0
LINE
8
BLACK
6
CONTINUOUS
10
5.0886916141732286
20
-4.2516075984251964
11
5.0900007086614174
21
-4.2489096062992129
0
LINE
8
BLACK
6
CONTINUOUS
10
5.0900007086614174
20
-4.2489096062992129
11
5.0899535039370081
21
-4.242185984251968
0
LINE
8
BLACK
6
CONTINUOUS
10
5.0899535039370081
20
-4.242185984251968
11
5.090010236220472
21
-4.2416099212598422
0
LINE
8
BLACK
6
CONTINUOUS
10
5.090010236220472
20
-4.2416099212598422
11
5.0904511417322835
21
-4.2405455118110238
0
LINE
8
BLACK
6
CONTINUOUS
10
5.0904511417322835
20
-4.2405455118110238
11
5.091265787401575
21
-4.2397308661417323
0
LINE
8
BLACK
6
CONTINUOUS
10
5.091265787401575
20
-4.2397308661417323
11
5.0923301968503933
21
-4.2392899606299208
0
LINE
8
BLACK
6
CONTINUOUS
10
5.0923301968503933
20
-4.2392899606299208
11
5.093482322834646
21
-4.2392899606299208
0
LINE
8
BLACK
6
CONTINUOUS
10
5.093482322834646
20
-4.2392899606299208
11
5.0945467322834643
21
-4.2397308661417323
0
LINE
8
BLACK
6
CONTINUOUS
10
5.0945467322834643
20
-4.2397308661417323
11
5.0953613779527558
21
-4.2405455118110238
0
LINE
8
BLACK
6
CONTINUOUS
10
5.0953613779527558
20
-4.2405455118110238
11
5.0958022834645664
21
-4.2416099212598422
0
LINE
8
BLACK
6
CONTINUOUS
10
5.0958022834645664
20
-4.2416099212598422
11
5.0958590157480312
21
-4.2496850393700782
0
LINE
8
BLACK
6
CONTINUOUS
10
5.0958590157480312
20
-4.2496850393700782
11
5.0958022834645664
21
-4.250261102362205
0
LINE
8
BLACK
6
CONTINUOUS
10
5.0958022834645664
20
-4.250261102362205
11
5.0957616929133858
21
-4.2503590551181105
0
LINE
8
BLACK
6
CONTINUOUS
10
5.0957616929133858
20
-4.2503590551181105
11
5.0957541732283467
21
-4.2504649606299214
0
LINE
8
BLACK
6
CONTINUOUS
10
5.0957541732283467
20
-4.2504649606299214
11
5.0955058267716531
21
-4.2509766929133859
0
LINE
8
BLACK
6
CONTINUOUS
10
5.0955058267716531
20
-4.2509766929133859
11
5.0953613779527558
21
-4.2513255118110234
0
LINE
8
BLACK
6
CONTINUOUS
10
5.0953613779527558
20
-4.2513255118110234
11
5.0953132677165351
21
-4.2513735826771653
0
LINE
8
BLACK
6
CONTINUOUS
10
5.0953132677165351
20
-4.2513735826771653
11
5.0936725196850396
21
-4.2547550787401578
0
LINE
8
BLACK
6
CONTINUOUS
10
5.0936725196850396
20
-4.2547550787401578
11
5.0935164173228342
21
-4.2550030708661417
0
LINE
8
BLACK
6
CONTINUOUS
10
5.0935164173228342
20
-4.2550030708661417
11
5.0934866141732282
21
-4.2550750393700785
0
LINE
8
BLACK
6
CONTINUOUS
10
5.0934866141732282
20
-4.2550750393700785
11
5.0934420866141732
21
-4.2551211023622049
0
LINE
8
BLACK
6
CONTINUOUS
10
5.0934420866141732
20
-4.2551211023622049
11
5.0933641732283466
21
-4.2552449606299207
0
LINE
8
BLACK
6
CONTINUOUS
10
5.0933641732283466
20
-4.2552449606299207
11
5.0931083858267714
21
-4.2554667322834643
0
LINE
8
BLACK
6
CONTINUOUS
10
5.0931083858267714
20
-4.2554667322834643
11
5.0912445669291335
21
-4.2573972834645666
0
LINE
8
BLACK
6
CONTINUOUS
10
5.0912445669291335
20
-4.2573972834645666
11
5.0912429921259843
21
-4.2573985433070867
0
LINE
8
BLACK
6
CONTINUOUS
10
5.0912429921259843
20
-4.2573985433070867
11
5.0912424409448818
21
-4.2573994094488192
0
LINE
8
BLACK
6
CONTINUOUS
10
5.0912424409448818
20
-4.2573994094488192
11
5.0912397637795275
21
-4.2574011811023622
0
LINE
8
BLACK
6
CONTINUOUS
10
5.0912397637795275
20
-4.2574011811023622
11
5.0907971259842517
21
-4.2577644881889762
0
LINE
8
BLACK
6
CONTINUOUS
10
5.0907971259842517
20
-4.2577644881889762
11
5.0905574409448819
21
-4.2578637401574806
0
LINE
8
BLACK
6
CONTINUOUS
10
5.0905574409448819
20
-4.2578637401574806
11
5.0851703149606298
21
-4.2615157086614168
0
LINE
8
BLACK
6
CONTINUOUS
10
5.0851703149606298
20
-4.2615157086614168
11
5.0848522440944883
21
-4.2616852362204725
0
LINE
8
BLACK
6
CONTINUOUS
10
5.0848522440944883
20
-4.2616852362204725
11
5.084793661417323
21
-4.2617287007874012
0
LINE
8
BLACK
6
CONTINUOUS
10
5.084793661417323
20
-4.2617287007874012
11
5.0847494881889759
21
-4.2617400393700784
0
LINE
8
BLACK
6
CONTINUOUS
10
5.0847494881889759
20
-4.2617400393700784
11
5.0846595275590554
21
-4.2617880314960628
0
LINE
8
BLACK
6
CONTINUOUS
10
5.0846595275590554
20
-4.2617880314960628
11
5.0842419685039371
21
-4.2618705905511813
0
LINE
8
BLACK
6
CONTINUOUS
10
5.0842419685039371
20
-4.2618705905511813
11
5.0767494881889759
21
-4.2637982283464568
0
LINE
8
BLACK
6
CONTINUOUS
10
5.0767494881889759
20
-4.2637982283464568
11
5.0766496062992124
21
-4.2638129921259837
0
LINE
8
BLACK
6
CONTINUOUS
10
5.0766496062992124
20
-4.2638129921259837
11
5.0766094094488192
21
-4.2638296456692917
0
LINE
8
BLACK
6
CONTINUOUS
10
5.0766094094488192
20
-4.2638296456692917
11
5.0765351181102361
21
-4.2638298818897633
0
LINE
8
BLACK
6
CONTINUOUS
10
5.0765351181102361
20
-4.2638298818897633
11
5.0761768897637793
21
-4.2638828740157475
0
LINE
8
BLACK
6
CONTINUOUS
10
5.0761768897637793
20
-4.2638828740157475
11
5.0758380314960627
21
-4.2638324409448822
0
LINE
8
BLACK
6
CONTINUOUS
10
5.0758380314960627
20
-4.2638324409448822
11
5.0701822834645665
21
-4.2638530314960628
0
LINE
8
BLACK
6
CONTINUOUS
10
5.0701822834645665
20
-4.2638530314960628
11
5.0700397244094484
21
-4.2638631889763783
0
LINE
8
BLACK
6
CONTINUOUS
10
5.0700397244094484
20
-4.2638631889763783
11
5.0700111811023625
21
-4.2638536614173228
0
LINE
8
BLACK
6
CONTINUOUS
10
5.0700111811023625
20
-4.2638536614173228
11
5.061035236220472
21
-4.2638863779527556
0
LINE
8
BLACK
6
CONTINUOUS
10
5.061035236220472
20
-4.2638863779527556
11
5.0604591732283462
21
-4.2638296456692917
0
LINE
8
BLACK
6
CONTINUOUS
10
5.0604591732283462
20
-4.2638296456692917
11
5.0603611811023619
21
-4.2637890551181101
0
LINE
8
BLACK
6
CONTINUOUS
10
5.0603611811023619
20
-4.2637890551181101
11
5.0602553149606297
21
-4.263781535433071
0
LINE
8
BLACK
6
CONTINUOUS
10
5.0602553149606297
20
-4.263781535433071
11
5.0597435433070865
21
-4.2635331889763775
0
LINE
8
BLACK
6
CONTINUOUS
10
5.0597435433070865
20
-4.2635331889763775
11
5.0593947637795278
21
-4.2633887401574802
0
LINE
8
BLACK
6
CONTINUOUS
10
5.0593947637795278
20
-4.2633887401574802
11
5.0593466535433071
21
-4.2633406299212595
0
LINE
8
BLACK
6
CONTINUOUS
10
5.0593466535433071
20
-4.2633406299212595
11
5.0559651968503934
21
-4.261699881889764
0
LINE
8
BLACK
6
CONTINUOUS
10
5.0559651968503934
20
-4.261699881889764
11
5.0557171653543307
21
-4.2615437795275586
0
LINE
8
BLACK
6
CONTINUOUS
10
5.0557171653543307
20
-4.2615437795275586
11
5.0556452362204727
21
-4.2615139763779526
0
LINE
8
BLACK
6
CONTINUOUS
10
5.0556452362204727
20
-4.2615139763779526
11
5.0555991338582675
21
-4.2614694488188976
0
LINE
8
BLACK
6
CONTINUOUS
10
5.0555991338582675
20
-4.2614694488188976
11
5.0554753149606295
21
-4.2613915354330709
0
LINE
8
BLACK
6
CONTINUOUS
10
5.0554753149606295
20
-4.2613915354330709
11
5.0552535433070869
21
-4.2611358267716533
0
LINE
8
BLACK
6
CONTINUOUS
10
5.0552535433070869
20
-4.2611358267716533
11
5.0533230314960624
21
-4.2592720078740154
0
LINE
8
BLACK
6
CONTINUOUS
10
5.0533230314960624
20
-4.2592720078740154
11
5.0531372440944882
21
-4.2590456299212596
0
LINE
8
BLACK
6
CONTINUOUS
10
5.0531372440944882
20
-4.2590456299212596
11
5.0530782677165353
21
-4.2589944881889759
0
LINE
8
BLACK
6
CONTINUOUS
10
5.0530782677165353
20
-4.2589944881889759
11
5.0530496062992123
21
-4.2589388188976374
0
LINE
8
BLACK
6
CONTINUOUS
10
5.0530496062992123
20
-4.2589388188976374
11
5.0529558267716537
21
-4.2588245669291336
0
LINE
8
BLACK
6
CONTINUOUS
10
5.0529558267716537
20
-4.2588245669291336
11
5.0528121653543305
21
-4.2584777559055116
0
LINE
8
BLACK
6
CONTINUOUS
10
5.0528121653543305
20
-4.2584777559055116
11
5.0508951574803147
21
-4.2547550787401578
0
LINE
8
BLACK
6
CONTINUOUS
10
5.0508951574803147
20
-4.2547550787401578
11
5.0506882677165352
21
-4.2542144488188978
0
LINE
8
BLACK
6
CONTINUOUS
10
5.0506882677165352
20
-4.2542144488188978
11
5.0506807480314961
21
-4.2541086220472444
0
LINE
8
BLACK
6
CONTINUOUS
10
5.0506807480314961
20
-4.2541086220472444
11
5.0506401574803146
21
-4.2540106299212601
0
LINE
8
BLACK
6
CONTINUOUS
10
5.0506401574803146
20
-4.2540106299212601
11
5.0506364566929136
21
-4.253485393700787
0
LINE
8
BLACK
6
CONTINUOUS
10
5.0506364566929136
20
-4.253485393700787
11
5.050606614173228
21
-4.2530652362204719
0
LINE
8
BLACK
6
CONTINUOUS
10
5.050606614173228
20
-4.2530652362204719
11
5.0506329527559055
21
-4.2529861811023624
0
LINE
8
BLACK
6
CONTINUOUS
10
5.0506329527559055
20
-4.2529861811023624
11
5.0505834251968507
21
-4.2459355118110231
0
LINE
8
BLACK
6
CONTINUOUS
10
5.0505834251968507
20
-4.2459355118110231
11
5.0506401574803146
21
-4.2453594488188973
0
LINE
8
BLACK
6
CONTINUOUS
10
5.0506401574803146
20
-4.2453594488188973
11
5.0506807480314961
21
-4.2452614173228342
0
LINE
8
BLACK
6
CONTINUOUS
10
5.0506807480314961
20
-4.2452614173228342
11
5.0506882677165352
21
-4.2451556299212596
0
LINE
8
BLACK
6
CONTINUOUS
10
5.0506882677165352
20
-4.2451556299212596
11
5.0509364566929129
21
-4.2446440551181102
0
LINE
8
BLACK
6
CONTINUOUS
10
5.0509364566929129
20
-4.2446440551181102
11
5.0510810629921261
21
-4.2442950393700789
0
LINE
8
BLACK
6
CONTINUOUS
10
5.0510810629921261
20
-4.2442950393700789
11
5.0511291732283468
21
-4.2442468897637795
0
LINE
8
BLACK
6
CONTINUOUS
10
5.0511291732283468
20
-4.2442468897637795
11
5.0527699212598423
21
-4.2408654724409445
0
LINE
8
BLACK
6
CONTINUOUS
10
5.0527699212598423
20
-4.2408654724409445
11
5.052925984251968
21
-4.2406174409448818
0
LINE
8
BLACK
6
CONTINUOUS
10
5.052925984251968
20
-4.2406174409448818
11
5.0529558267716537
21
-4.2405455118110238
0
LINE
8
BLACK
6
CONTINUOUS
10
5.0529558267716537
20
-4.2405455118110238
11
5.05300031496063
21
-4.2404994094488186
0
LINE
8
BLACK
6
CONTINUOUS
10
5.05300031496063
20
-4.2404994094488186
11
5.0530782677165353
21
-4.2403755905511806
0
LINE
8
BLACK
6
CONTINUOUS
10
5.0530782677165353
20
-4.2403755905511806
11
5.0533339370078743
21
-4.240153818897638
0
LINE
8
BLACK
6
CONTINUOUS
10
5.0533339370078743
20
-4.240153818897638
11
5.0551977952755909
21
-4.2382233070866144
0
LINE
8
BLACK
6
CONTINUOUS
10
5.0551977952755909
20
-4.2382233070866144
11
5.0554241338582679
21
-4.2380375196850393
0
LINE
8
BLACK
6
CONTINUOUS
10
5.0554241338582679
20
-4.2380375196850393
11
5.0554753149606295
21
-4.2379785433070865
0
LINE
8
BLACK
6
CONTINUOUS
10
5.0554753149606295
20
-4.2379785433070865
11
5.0555309448818893
21
-4.2379498818897634
0
LINE
8
BLACK
6
CONTINUOUS
10
5.0555309448818893
20
-4.2379498818897634
11
5.0556452362204727
21
-4.2378561023622048
0
LINE
8
BLACK
6
CONTINUOUS
10
5.0556452362204727
20
-4.2378561023622048
11
5.0559920866141734
21
-4.2377124015748029
0
LINE
8
BLACK
6
CONTINUOUS
10
5.0559920866141734
20
-4.2377124015748029
11
5.0597147244094485
21
-4.2357954330708658
0
LINE
8
BLACK
6
CONTINUOUS
10
5.0597147244094485
20
-4.2357954330708658
11
5.0602553149606297
21
-4.2355885433070863
0
LINE
8
BLACK
6
CONTINUOUS
10
5.0602553149606297
20
-4.2355885433070863
11
5.0603611811023619
21
-4.2355809842519685
0
LINE
8
BLACK
6
CONTINUOUS
10
5.0603611811023619
20
-4.2355809842519685
11
5.0604591732283462
21
-4.2355404330708657
0
LINE
8
BLACK
6
CONTINUOUS
10
5.0604591732283462
20
-4.2355404330708657
11
5.0609737007874012
21
-4.2355374803149601
0
LINE
8
BLACK
6
CONTINUOUS
10
5.0609737007874012
20
-4.2355374803149601
11
5.0614045275590547
21
-4.2355068897637791
0
LINE
8
BLACK
6
CONTINUOUS
10
5.0614045275590547
20
-4.2355068897637791
11
5.0614875590551183
21
-4.2355345669291333
0
LINE
8
BLACK
6
CONTINUOUS
10
5.0614875590551183
20
-4.2355345669291333
11
5.0704090551181098
21
-4.2354837007874018
0
LINE
8
BLACK
6
CONTINUOUS
10
5.0704090551181098
20
-4.2354837007874018
11
5.0709851181102357
21
-4.2355404330708657
0
LINE
8
BLACK
6
CONTINUOUS
10
5.0616482677165351
20
-4.2413857086614168
11
5.0589415354330711
21
-4.2427795275590547
0
LINE
8
BLACK
6
CONTINUOUS
10
5.0589415354330711
20
-4.2427795275590547
11
5.0577508267716533
21
-4.2440128740157483
0
LINE
8
BLACK
6
CONTINUOUS
10
5.0577508267716533
20
-4.2440128740157483
11
5.0564416929133857
21
-4.2467109055118106
0
LINE
8
BLACK
6
CONTINUOUS
10
5.0564416929133857
20
-4.2467109055118106
11
5.0564846062992128
21
-4.2528199212598423
0
LINE
8
BLACK
6
CONTINUOUS
10
5.0564846062992128
20
-4.2528199212598423
11
5.0578792519685036
21
-4.2555282283464564
0
LINE
8
BLACK
6
CONTINUOUS
10
5.0578792519685036
20
-4.2555282283464564
11
5.0591126377952751
21
-4.2567189763779529
0
LINE
8
BLACK
6
CONTINUOUS
10
5.0591126377952751
20
-4.2567189763779529
11
5.0618199606299212
21
-4.2580326377952753
0
LINE
8
BLACK
6
CONTINUOUS
10
5.0618199606299212
20
-4.2580326377952753
11
5.0697583858267716
21
-4.2580037007874019
0
LINE
8
BLACK
6
CONTINUOUS
10
5.0697583858267716
20
-4.2580037007874019
11
5.0725027165354328
21
-4.2565905118110239
0
LINE
8
BLACK
6
CONTINUOUS
10
5.0725027165354328
20
-4.2565905118110239
11
5.0736934645669294
21
-4.2553571259842515
0
LINE
8
BLACK
6
CONTINUOUS
10
5.0736934645669294
20
-4.2553571259842515
11
5.0750025590551182
21
-4.252659133858268
0
LINE
8
BLACK
6
CONTINUOUS
10
5.0750025590551182
20
-4.252659133858268
11
5.0749596456692911
21
-4.2465501181102363
0
LINE
8
BLACK
6
CONTINUOUS
10
5.0749596456692911
20
-4.2465501181102363
11
5.0735650000000003
21
-4.2438418110236222
0
LINE
8
BLACK
6
CONTINUOUS
10
5.0735650000000003
20
-4.2438418110236222
11
5.0723316535433067
21
-4.2426511023622044
0
LINE
8
BLACK
6
CONTINUOUS
10
5.0723316535433067
20
-4.2426511023622044
11
5.0696300000000001
21
-4.2413401968503939
0
LINE
8
BLACK
6
CONTINUOUS
10
5.0696300000000001
20
-4.2413401968503939
11
5.0616482677165351
21
-4.2413857086614168
0
LINE
8
BLACK
6
CONTINUOUS
10
5.6443512204724406
20
-4.2156401574803146
11
5.6446405118110237
21
-4.2156401574803146
0
LINE
8
BLACK
6
CONTINUOUS
10
5.6446405118110237
20
-4.2156401574803146
11
5.6449105905511807
21
-4.2157520078740154
0
LINE
8
BLACK
6
CONTINUOUS
10
5.6449105905511807
20
-4.2157520078740154
11
5.6451972440944882
21
-4.2158093700787402
0
LINE
8
BLACK
6
CONTINUOUS
10
5.6451972440944882
20
-4.2158093700787402
11
5.6454375984251968
21
-4.2159703149606296
0
LINE
8
BLACK
6
CONTINUOUS
10
5.6454375984251968
20
-4.2159703149606296
11
5.645704921259842
21
-4.2160810629921261
0
LINE
8
BLACK
6
CONTINUOUS
10
5.645704921259842
20
-4.2160810629921261
11
5.6459116141732286
21
-4.2162877559055119
0
LINE
8
BLACK
6
CONTINUOUS
10
5.6459116141732286
20
-4.2162877559055119
11
5.6461545275590552
21
-4.2164504330708663
0
LINE
8
BLACK
6
CONTINUOUS
10
5.6461545275590552
20
-4.2164504330708663
11
5.6463233858267712
21
-4.2166995275590553
0
LINE
8
BLACK
6
CONTINUOUS
10
5.6463233858267712
20
-4.2166995275590553
11
5.6465195669291335
21
-4.2168957086614176
0
LINE
8
BLACK
6
CONTINUOUS
10
5.6465195669291335
20
-4.2168957086614176
11
5.6466188188976378
21
-4.2171353543307086
0
LINE
8
BLACK
6
CONTINUOUS
10
5.6466188188976378
20
-4.2171353543307086
11
5.6502374803149609
21
-4.2224734251968501
0
LINE
8
BLACK
6
CONTINUOUS
10
5.6502374803149609
20
-4.2224734251968501
11
5.6533985433070866
21
-4.22557405511811
0
LINE
8
BLACK
6
CONTINUOUS
10
5.6533985433070866
20
-4.22557405511811
11
5.6566335433070867
21
-4.2271437401574801
0
LINE
8
BLACK
6
CONTINUOUS
10
5.6566335433070867
20
-4.2271437401574801
11
5.6571234251968505
21
-4.2274520866141732
0
LINE
8
BLACK
6
CONTINUOUS
10
5.6571234251968505
20
-4.2274520866141732
11
5.6578782677165353
21
-4.2283224803149606
0
LINE
8
BLACK
6
CONTINUOUS
10
5.6578782677165353
20
-4.2283224803149606
11
5.6582425984251969
21
-4.2294154330708658
0
LINE
8
BLACK
6
CONTINUOUS
10
5.6582425984251969
20
-4.2294154330708658
11
5.6581609448818897
21
-4.2305646456692916
0
LINE
8
BLACK
6
CONTINUOUS
10
5.6581609448818897
20
-4.2305646456692916
11
5.6576456692913384
21
-4.2315951574803146
0
LINE
8
BLACK
6
CONTINUOUS
10
5.6576456692913384
20
-4.2315951574803146
11
5.6567753149606297
21
-4.2323500000000003
0
LINE
8
BLACK
6
CONTINUOUS
10
5.6567753149606297
20
-4.2323500000000003
11
5.6556823228346458
21
-4.232714330708661
0
LINE
8
BLACK
6
CONTINUOUS
10
5.6556823228346458
20
-4.232714330708661
11
5.65453311023622
21
-4.2326326771653546
0
LINE
8
BLACK
6
CONTINUOUS
10
5.65453311023622
20
-4.2326326771653546
11
5.6502429921259845
21
-4.2305510236220467
0
LINE
8
BLACK
6
CONTINUOUS
10
5.6502429921259845
20
-4.2305510236220467
11
5.6499951574803147
21
-4.2303949999999997
0
LINE
8
BLACK
6
CONTINUOUS
10
5.6499951574803147
20
-4.2303949999999997
11
5.6499230314960629
21
-4.2303651574803149
0
LINE
8
BLACK
6
CONTINUOUS
10
5.6499230314960629
20
-4.2303651574803149
11
5.6498788188976379
21
-4.2303218110236216
0
LINE
8
BLACK
6
CONTINUOUS
10
5.6498788188976379
20
-4.2303218110236216
11
5.6497531102362206
21
-4.2302426771653545
0
LINE
8
BLACK
6
CONTINUOUS
10
5.6497531102362206
20
-4.2302426771653545
11
5.6494964173228341
21
-4.2299466929133853
0
LINE
8
BLACK
6
CONTINUOUS
10
5.6494964173228341
20
-4.2299466929133853
11
5.6469739763779527
21
-4.2274724409448821
0
LINE
8
BLACK
6
CONTINUOUS
10
5.6469739763779527
20
-4.2274724409448821
11
5.6470130314960629
21
-4.2549738976377949
0
LINE
8
BLACK
6
CONTINUOUS
10
5.6470130314960629
20
-4.2549738976377949
11
5.6553130314960631
21
-4.2549535039370081
0
LINE
8
BLACK
6
CONTINUOUS
10
5.6553130314960631
20
-4.2549535039370081
11
5.655889094488189
21
-4.255010236220472
0
LINE
8
BLACK
6
CONTINUOUS
10
5.655889094488189
20
-4.255010236220472
11
5.6569535039370074
21
-4.2554511417322836
0
LINE
8
BLACK
6
CONTINUOUS
10
5.6569535039370074
20
-4.2554511417322836
11
5.6577681496062988
21
-4.256265787401575
0
LINE
8
BLACK
6
CONTINUOUS
10
5.6577681496062988
20
-4.256265787401575
11
5.6582090551181103
21
-4.2573301968503934
0
LINE
8
BLACK
6
CONTINUOUS
10
5.6582090551181103
20
-4.2573301968503934
11
5.6582090551181103
21
-4.258482322834646
0
LINE
8
BLACK
6
CONTINUOUS
10
5.6582090551181103
20
-4.258482322834646
11
5.6577681496062988
21
-4.2595467322834644
0
LINE
8
BLACK
6
CONTINUOUS
10
5.6577681496062988
20
-4.2595467322834644
11
5.6569535039370074
21
-4.2603613779527558
0
LINE
8
BLACK
6
CONTINUOUS
10
5.6569535039370074
20
-4.2603613779527558
11
5.655889094488189
21
-4.2608022834645665
0
LINE
8
BLACK
6
CONTINUOUS
10
5.655889094488189
20
-4.2608022834645665
11
5.6328158661417325
21
-4.2608590157480313
0
LINE
8
BLACK
6
CONTINUOUS
10
5.6328158661417325
20
-4.2608590157480313
11
5.6322398031496066
21
-4.2608022834645665
0
LINE
8
BLACK
6
CONTINUOUS
10
5.6322398031496066
20
-4.2608022834645665
11
5.6311753937007873
21
-4.2603613779527558
0
LINE
8
BLACK
6
CONTINUOUS
10
5.6311753937007873
20
-4.2603613779527558
11
5.6303607480314959
21
-4.2595467322834644
0
LINE
8
BLACK
6
CONTINUOUS
10
5.6303607480314959
20
-4.2595467322834644
11
5.6299198425196852
21
-4.258482322834646
0
LINE
8
BLACK
6
CONTINUOUS
10
5.6299198425196852
20
-4.258482322834646
11
5.6299198425196852
21
-4.2573301968503934
0
LINE
8
BLACK
6
CONTINUOUS
10
5.6299198425196852
20
-4.2573301968503934
11
5.6303607480314959
21
-4.256265787401575
0
LINE
8
BLACK
6
CONTINUOUS
10
5.6303607480314959
20
-4.256265787401575
11
5.6311753937007873
21
-4.2554511417322836
0
LINE
8
BLACK
6
CONTINUOUS
10
5.6311753937007873
20
-4.2554511417322836
11
5.6322398031496066
21
-4.255010236220472
0
LINE
8
BLACK
6
CONTINUOUS
10
5.6322398031496066
20
-4.255010236220472
11
5.6411634251968499
21
-4.2549882677165352
0
LINE
8
BLACK
6
CONTINUOUS
10
5.6411634251968499
20
-4.2549882677165352
11
5.6411116929133858
21
-4.2185361811023618
0
LINE
8
BLACK
6
CONTINUOUS
10
5.6411116929133858
20
-4.2185361811023618
11
5.6411118897637795
21
-4.2185340944881888
0
LINE
8
BLACK
6
CONTINUOUS
10
5.6411118897637795
20
-4.2185340944881888
11
5.6411116929133858
21
-4.2185330708661413
0
LINE
8
BLACK
6
CONTINUOUS
10
5.6411116929133858
20
-4.2185330708661413
11
5.6411122834645671
21
-4.2185300393700791
0
LINE
8
BLACK
6
CONTINUOUS
10
5.6411122834645671
20
-4.2185300393700791
11
5.6411684251968506
21
-4.217960118110236
0
LINE
8
BLACK
6
CONTINUOUS
10
5.6411684251968506
20
-4.217960118110236
11
5.6412802755905513
21
-4.2176900000000002
0
LINE
8
BLACK
6
CONTINUOUS
10
5.6412802755905513
20
-4.2176900000000002
11
5.6413376377952753
21
-4.2174033858267714
0
LINE
8
BLACK
6
CONTINUOUS
10
5.6413376377952753
20
-4.2174033858267714
11
5.6414985826771655
21
-4.2171629921259841
0
LINE
8
BLACK
6
CONTINUOUS
10
5.6414985826771655
20
-4.2171629921259841
11
5.6416093307086612
21
-4.2168957086614176
0
LINE
8
BLACK
6
CONTINUOUS
10
5.6416093307086612
20
-4.2168957086614176
11
5.6418160236220469
21
-4.2166889763779523
0
LINE
8
BLACK
6
CONTINUOUS
10
5.6418160236220469
20
-4.2166889763779523
11
5.6419787007874014
21
-4.2164461023622044
0
LINE
8
BLACK
6
CONTINUOUS
10
5.6419787007874014
20
-4.2164461023622044
11
5.6422194094488187
21
-4.2162855905511814
0
LINE
8
BLACK
6
CONTINUOUS
10
5.6422194094488187
20
-4.2162855905511814
11
5.6424239763779527
21
-4.2160810629921261
0
LINE
8
BLACK
6
CONTINUOUS
10
5.6424239763779527
20
-4.2160810629921261
11
5.6426940551181097
21
-4.2159691732283466
0
LINE
8
BLACK
6
CONTINUOUS
10
5.6426940551181097
20
-4.2159691732283466
11
5.6429373228346451
21
-4.215807007874016
0
LINE
8
BLACK
6
CONTINUOUS
10
5.6429373228346451
20
-4.215807007874016
11
5.6432211023622045
21
-4.2157508661417324
0
LINE
8
BLACK
6
CONTINUOUS
10
5.6432211023622045
20
-4.2157508661417324
11
5.6434883858267719
21
-4.2156401574803146
0
LINE
8
BLACK
6
CONTINUOUS
10
5.6434883858267719
20
-4.2156401574803146
11
5.6437807874015746
21
-4.2156401574803146
0
LINE
8
BLACK
6
CONTINUOUS
10
5.6437807874015746
20
-4.2156401574803146
11
5.6440675590551184
21
-4.2155834251968507
0
LINE
8
BLACK
6
CONTINUOUS
10
5.6440675590551184
20
-4.2155834251968507
11
5.6443512204724406
21
-4.2156401574803146
0
LINE
8
BLACK
6
CONTINUOUS
10
5.686949763779527
20
-4.2160810629921261
11
5.6877644094488184
21
-4.2168957086614176
0
LINE
8
BLACK
6
CONTINUOUS
10
5.6877644094488184
20
-4.2168957086614176
11
5.68820531496063
21
-4.217960118110236
0
LINE
8
BLACK
6
CONTINUOUS
10
5.68820531496063
20
-4.217960118110236
11
5.6882620472440948
21
-4.2579062598425192
0
LINE
8
BLACK
6
CONTINUOUS
10
5.6882620472440948
20
-4.2579062598425192
11
5.68820531496063
21
-4.258482322834646
0
LINE
8
BLACK
6
CONTINUOUS
10
5.68820531496063
20
-4.258482322834646
11
5.6877644094488184
21
-4.2595467322834644
0
LINE
8
BLACK
6
CONTINUOUS
10
5.6877644094488184
20
-4.2595467322834644
11
5.686949763779527
21
-4.2603613779527558
0
LINE
8
BLACK
6
CONTINUOUS
10
5.686949763779527
20
-4.2603613779527558
11
5.6858853543307086
21
-4.2608022834645665
0
LINE
8
BLACK
6
CONTINUOUS
10
5.6858853543307086
20
-4.2608022834645665
11
5.6665616535433072
21
-4.2608590157480313
0
LINE
8
BLACK
6
CONTINUOUS
10
5.6665616535433072
20
-4.2608590157480313
11
5.6659855905511813
21
-4.2608022834645665
0
LINE
8
BLACK
6
CONTINUOUS
10
5.6659855905511813
20
-4.2608022834645665
11
5.6649211811023621
21
-4.2603613779527558
0
LINE
8
BLACK
6
CONTINUOUS
10
5.6649211811023621
20
-4.2603613779527558
11
5.6641065354330706
21
-4.2595467322834644
0
LINE
8
BLACK
6
CONTINUOUS
10
5.6641065354330706
20
-4.2595467322834644
11
5.66366562992126
21
-4.258482322834646
0
LINE
8
BLACK
6
CONTINUOUS
10
5.66366562992126
20
-4.258482322834646
11
5.66366562992126
21
-4.2573301968503934
0
LINE
8
BLACK
6
CONTINUOUS
10
5.66366562992126
20
-4.2573301968503934
11
5.6641065354330706
21
-4.256265787401575
0
LINE
8
BLACK
6
CONTINUOUS
10
5.6641065354330706
20
-4.256265787401575
11
5.6649211811023621
21
-4.2554511417322836
0
LINE
8
BLACK
6
CONTINUOUS
10
5.6649211811023621
20
-4.2554511417322836
11
5.6659855905511813
21
-4.255010236220472
0
LINE
8
BLACK
6
CONTINUOUS
10
5.6659855905511813
20
-4.255010236220472
11
5.6824082677165357
21
-4.254962007874016
0
LINE
8
BLACK
6
CONTINUOUS
10
5.6824082677165357
20
-4.254962007874016
11
5.6823565354330707
21
-4.2185361811023618
0
LINE
8
BLACK
6
CONTINUOUS
10
5.6823565354330707
20
-4.2185361811023618
11
5.6824132677165355
21
-4.217960118110236
0
LINE
8
BLACK
6
CONTINUOUS
10
5.6824132677165355
20
-4.217960118110236
11
5.6828541732283462
21
-4.2168957086614176
0
LINE
8
BLACK
6
CONTINUOUS
10
5.6828541732283462
20
-4.2168957086614176
11
5.6836688188976376
21
-4.2160810629921261
0
LINE
8
BLACK
6
CONTINUOUS
10
5.6836688188976376
20
-4.2160810629921261
11
5.6847332283464569
21
-4.2156401574803146
0
LINE
8
BLACK
6
CONTINUOUS
10
5.6847332283464569
20
-4.2156401574803146
11
5.6858853543307086
21
-4.2156401574803146
0
LINE
8
BLACK
6
CONTINUOUS
10
5.6858853543307086
20
-4.2156401574803146
11
5.686949763779527
21
-4.2160810629921261
0
LINE
8
BLACK
6
CONTINUOUS
10
4.6511338582677162
20
-4.2011235039370076
11
4.6511768897637795
21
-4.2011171259842515
0
LINE
8
BLACK
6
CONTINUOUS
10
4.6511768897637795
20
-4.2011171259842515
11
4.6512505511811026
21
-4.2011349999999998
0
LINE
8
BLACK
6
CONTINUOUS
10
4.6512505511811026
20
-4.2011349999999998
11
4.6516094094488185
21
-4.2011703543307082
0
LINE
8
BLACK
6
CONTINUOUS
10
4.6516094094488185
20
-4.2011703543307082
11
4.6519112992125979
21
-4.2012953937007875
0
LINE
8
BLACK
6
CONTINUOUS
10
4.6519112992125979
20
-4.2012953937007875
11
4.6592485433070863
21
-4.2030765354330706
0
LINE
8
BLACK
6
CONTINUOUS
10
4.6592485433070863
20
-4.2030765354330706
11
4.6592910236220471
21
-4.2030916929133859
0
LINE
8
BLACK
6
CONTINUOUS
10
4.6592910236220471
20
-4.2030916929133859
11
4.6593122834645664
21
-4.2030932283464564
0
LINE
8
BLACK
6
CONTINUOUS
10
4.6593122834645664
20
-4.2030932283464564
11
4.6593598031496066
21
-4.2031162598425196
0
LINE
8
BLACK
6
CONTINUOUS
10
4.6593598031496066
20
-4.2031162598425196
11
4.6597936614173223
21
-4.2032712992125987
0
LINE
8
BLACK
6
CONTINUOUS
10
4.6597936614173223
20
-4.2032712992125987
11
4.6600106299212598
21
-4.203432086614173
0
LINE
8
BLACK
6
CONTINUOUS
10
4.6600106299212598
20
-4.203432086614173
11
4.6636024409448815
21
-4.2051748818897634
0
LINE
8
BLACK
6
CONTINUOUS
10
4.6636024409448815
20
-4.2051748818897634
11
4.6638503149606301
21
-4.2053309055118113
0
LINE
8
BLACK
6
CONTINUOUS
10
4.6638503149606301
20
-4.2053309055118113
11
4.6639223622047243
21
-4.2053607480314961
0
LINE
8
BLACK
6
CONTINUOUS
10
4.6639223622047243
20
-4.2053607480314961
11
4.6639664566929131
21
-4.2054039763779523
0
LINE
8
BLACK
6
CONTINUOUS
10
4.6639664566929131
20
-4.2054039763779523
11
4.6640923228346454
21
-4.2054832283464565
0
LINE
8
BLACK
6
CONTINUOUS
10
4.6640923228346454
20
-4.2054832283464565
11
4.6643491338582672
21
-4.2057793700787398
0
LINE
8
BLACK
6
CONTINUOUS
10
4.6643491338582672
20
-4.2057793700787398
11
4.6681194094488188
21
-4.2094775196850396
0
LINE
8
BLACK
6
CONTINUOUS
10
4.6681194094488188
20
-4.2094775196850396
11
4.6684866535433072
21
-4.2099249606299214
0
LINE
8
BLACK
6
CONTINUOUS
10
4.6684866535433072
20
-4.2099249606299214
11
4.6685272440944878
21
-4.2100229921259844
0
LINE
8
BLACK
6
CONTINUOUS
10
4.6685272440944878
20
-4.2100229921259844
11
4.6685967322834641
21
-4.2101031102362203
0
LINE
8
BLACK
6
CONTINUOUS
10
4.6685967322834641
20
-4.2101031102362203
11
4.6687717322834645
21
-4.2106132677165355
0
LINE
8
BLACK
6
CONTINUOUS
10
4.6687717322834645
20
-4.2106132677165355
11
4.6689275196850391
21
-4.2109893700787397
0
LINE
8
BLACK
6
CONTINUOUS
10
4.6689275196850391
20
-4.2109893700787397
11
4.6689275196850391
21
-4.2110673228346451
0
LINE
8
BLACK
6
CONTINUOUS
10
4.6689275196850391
20
-4.2110673228346451
11
4.6707074803149604
21
-4.2162559448818895
0
LINE
8
BLACK
6
CONTINUOUS
10
4.6707074803149604
20
-4.2162559448818895
11
4.6707724015748031
21
-4.2165415748031494
0
LINE
8
BLACK
6
CONTINUOUS
10
4.6707724015748031
20
-4.2165415748031494
11
4.6708022834645666
21
-4.2166136614173224
0
LINE
8
BLACK
6
CONTINUOUS
10
4.6708022834645666
20
-4.2166136614173224
11
4.6708030708661417
21
-4.2166764960629921
0
LINE
8
BLACK
6
CONTINUOUS
10
4.6708030708661417
20
-4.2166764960629921
11
4.6708358267716532
21
-4.2168203937007869
0
LINE
8
BLACK
6
CONTINUOUS
10
4.6708358267716532
20
-4.2168203937007869
11
4.6708097637795278
21
-4.2171865354330711
0
LINE
8
BLACK
6
CONTINUOUS
10
4.6708097637795278
20
-4.2171865354330711
11
4.6708590157480314
21
-4.2209392519685043
0
LINE
8
BLACK
6
CONTINUOUS
10
4.6708590157480314
20
-4.2209392519685043
11
4.6708302755905509
21
-4.2212308267716532
0
LINE
8
BLACK
6
CONTINUOUS
10
4.6708302755905509
20
-4.2212308267716532
11
4.6708358267716532
21
-4.2213085826771657
0
LINE
8
BLACK
6
CONTINUOUS
10
4.6708358267716532
20
-4.2213085826771657
11
4.6708168503937006
21
-4.2213671259842522
0
LINE
8
BLACK
6
CONTINUOUS
10
4.6708168503937006
20
-4.2213671259842522
11
4.6708022834645666
21
-4.2215153149606301
0
LINE
8
BLACK
6
CONTINUOUS
10
4.6708022834645666
20
-4.2215153149606301
11
4.6706496062992127
21
-4.2218838188976378
0
LINE
8
BLACK
6
CONTINUOUS
10
4.6706496062992127
20
-4.2218838188976378
11
4.6688327165354329
21
-4.227497283464567
0
LINE
8
BLACK
6
CONTINUOUS
10
4.6688327165354329
20
-4.227497283464567
11
4.6685967322834641
21
-4.2280258661417323
0
LINE
8
BLACK
6
CONTINUOUS
10
4.6685967322834641
20
-4.2280258661417323
11
4.6685271653543303
21
-4.2281060236220469
0
LINE
8
BLACK
6
CONTINUOUS
10
4.6685271653543303
20
-4.2281060236220469
11
4.6684866141732284
21
-4.2282040157480312
0
LINE
8
BLACK
6
CONTINUOUS
10
4.6684866141732284
20
-4.2282040157480312
11
4.668049842519685
21
-4.2286563779527562
0
LINE
8
BLACK
6
CONTINUOUS
10
4.668049842519685
20
-4.2286563779527562
11
4.6678418503937005
21
-4.228896220472441
0
LINE
8
BLACK
6
CONTINUOUS
10
4.6678418503937005
20
-4.228896220472441
11
4.6677963385826766
21
-4.2289189370078741
0
LINE
8
BLACK
6
CONTINUOUS
10
4.6677963385826766
20
-4.2289189370078741
11
4.6662445669291337
21
-4.2305262598425193
0
LINE
8
BLACK
6
CONTINUOUS
10
4.6662445669291337
20
-4.2305262598425193
11
4.6657971259842519
21
-4.2308934645669289
0
LINE
8
BLACK
6
CONTINUOUS
10
4.6657971259842519
20
-4.2308934645669289
11
4.6647327165354326
21
-4.2313343307086617
0
LINE
8
BLACK
6
CONTINUOUS
10
4.6647327165354326
20
-4.2313343307086617
11
4.6635806299212597
21
-4.2313343307086617
0
LINE
8
BLACK
6
CONTINUOUS
10
4.6635806299212597
20
-4.2313343307086617
11
4.6625162204724404
21
-4.2308934251968502
0
LINE
8
BLACK
6
CONTINUOUS
10
4.6625162204724404
20
-4.2308934251968502
11
4.6617015354330711
21
-4.23007874015748
0
LINE
8
BLACK
6
CONTINUOUS
10
4.6617015354330711
20
-4.23007874015748
11
4.6612606692913383
21
-4.2290143307086616
0
LINE
8
BLACK
6
CONTINUOUS
10
4.6612606692913383
20
-4.2290143307086616
11
4.6612606692913383
21
-4.2278622440944877
0
LINE
8
BLACK
6
CONTINUOUS
10
4.6612606692913383
20
-4.2278622440944877
11
4.6617015748031498
21
-4.2267978346456694
0
LINE
8
BLACK
6
CONTINUOUS
10
4.6617015748031498
20
-4.2267978346456694
11
4.663514251968504
21
-4.2249202755905513
0
LINE
8
BLACK
6
CONTINUOUS
10
4.663514251968504
20
-4.2249202755905513
11
4.664994881889764
21
-4.2203457874015751
0
LINE
8
BLACK
6
CONTINUOUS
10
4.664994881889764
20
-4.2203457874015751
11
4.664958031496063
21
-4.2175355905511811
0
LINE
8
BLACK
6
CONTINUOUS
10
4.664958031496063
20
-4.2175355905511811
11
4.6634281889763782
21
-4.2130761417322837
0
LINE
8
BLACK
6
CONTINUOUS
10
4.6634281889763782
20
-4.2130761417322837
11
4.6604468503937007
21
-4.210151850393701
0
LINE
8
BLACK
6
CONTINUOUS
10
4.6604468503937007
20
-4.210151850393701
11
4.6573047244094488
21
-4.2086272047244098
0
LINE
8
BLACK
6
CONTINUOUS
10
4.6573047244094488
20
-4.2086272047244098
11
4.6504888582677166
21
-4.2069726377952756
0
LINE
8
BLACK
6
CONTINUOUS
10
4.6504888582677166
20
-4.2069726377952756
11
4.6455765748031492
21
-4.207017598425197
0
LINE
8
BLACK
6
CONTINUOUS
10
4.6455765748031492
20
-4.207017598425197
11
4.6387486220472436
21
-4.2087742125984251
0
LINE
8
BLACK
6
CONTINUOUS
10
4.6387486220472436
20
-4.2087742125984251
11
4.6357905511811026
21
-4.2102974803149609
0
LINE
8
BLACK
6
CONTINUOUS
10
4.6357905511811026
20
-4.2102974803149609
11
4.6329248031496064
21
-4.2132190944881893
0
LINE
8
BLACK
6
CONTINUOUS
10
4.6329248031496064
20
-4.2132190944881893
11
4.6314475196850395
21
-4.2177831496062987
0
LINE
8
BLACK
6
CONTINUOUS
10
4.6314475196850395
20
-4.2177831496062987
11
4.6314843700787405
21
-4.220593307086614
0
LINE
8
BLACK
6
CONTINUOUS
10
4.6314843700787405
20
-4.220593307086614
11
4.6330066141732287
21
-4.2250306299212594
0
LINE
8
BLACK
6
CONTINUOUS
10
4.6330066141732287
20
-4.2250306299212594
11
4.634373622047244
21
-4.2263503937007876
0
LINE
8
BLACK
6
CONTINUOUS
10
4.634373622047244
20
-4.2263503937007876
11
4.6347408267716537
21
-4.2267978346456694
0
LINE
8
BLACK
6
CONTINUOUS
10
4.6347408267716537
20
-4.2267978346456694
11
4.6351817322834643
21
-4.2278622440944877
0
LINE
8
BLACK
6
CONTINUOUS
10
4.6351817322834643
20
-4.2278622440944877
11
4.6351817322834643
21
-4.2290143307086616
0
LINE
8
BLACK
6
CONTINUOUS
10
4.6351817322834643
20
-4.2290143307086616
11
4.6347408267716537
21
-4.23007874015748
0
LINE
8
BLACK
6
CONTINUOUS
10
4.6347408267716537
20
-4.23007874015748
11
4.6339261417322835
21
-4.2308934251968502
0
LINE
8
BLACK
6
CONTINUOUS
10
4.6339261417322835
20
-4.2308934251968502
11
4.6328617322834642
21
-4.2313343307086617
0
LINE
8
BLACK
6
CONTINUOUS
10
4.6328617322834642
20
-4.2313343307086617
11
4.6317096456692912
21
-4.2313343307086617
0
LINE
8
BLACK
6
CONTINUOUS
10
4.6317096456692912
20
-4.2313343307086617
11
4.630645236220472
21
-4.2308934251968502
0
LINE
8
BLACK
6
CONTINUOUS
10
4.630645236220472
20
-4.2308934251968502
11
4.6283230314960626
21
-4.228651456692913
0
LINE
8
BLACK
6
CONTINUOUS
10
4.6283230314960626
20
-4.228651456692913
11
4.6279558267716538
21
-4.2282040157480312
0
LINE
8
BLACK
6
CONTINUOUS
10
4.6279558267716538
20
-4.2282040157480312
11
4.6279151968503935
21
-4.2281059448818894
0
LINE
8
BLACK
6
CONTINUOUS
10
4.6279151968503935
20
-4.2281059448818894
11
4.6278457086614173
21
-4.2280258267716535
0
LINE
8
BLACK
6
CONTINUOUS
10
4.6278457086614173
20
-4.2280258267716535
11
4.6276706299212593
21
-4.2275155118110233
0
LINE
8
BLACK
6
CONTINUOUS
10
4.6276706299212593
20
-4.2275155118110233
11
4.6275149212598423
21
-4.2271395669291341
0
LINE
8
BLACK
6
CONTINUOUS
10
4.6275149212598423
20
-4.2271395669291341
11
4.6275149212598423
21
-4.2270615748031499
0
LINE
8
BLACK
6
CONTINUOUS
10
4.6275149212598423
20
-4.2270615748031499
11
4.625734960629921
21
-4.2218729921259843
0
LINE
8
BLACK
6
CONTINUOUS
10
4.625734960629921
20
-4.2218729921259843
11
4.6256699999999995
21
-4.2215874015748032
0
LINE
8
BLACK
6
CONTINUOUS
10
4.6256699999999995
20
-4.2215874015748032
11
4.6256401574803148
21
-4.2215153149606301
0
LINE
8
BLACK
6
CONTINUOUS
10
4.6256401574803148
20
-4.2215153149606301
11
4.625639330708661
21
-4.2214524015748029
0
LINE
8
BLACK
6
CONTINUOUS
10
4.625639330708661
20
-4.2214524015748029
11
4.6256066141732282
21
-4.2213085433070869
0
LINE
8
BLACK
6
CONTINUOUS
10
4.6256066141732282
20
-4.2213085433070869
11
4.6256326377952757
21
-4.220942362204724
0
LINE
8
BLACK
6
CONTINUOUS
10
4.6256326377952757
20
-4.220942362204724
11
4.62558342519685
21
-4.2171897244094483
0
LINE
8
BLACK
6
CONTINUOUS
10
4.62558342519685
20
-4.2171897244094483
11
4.6256121259842518
21
-4.2168981496062994
0
LINE
8
BLACK
6
CONTINUOUS
10
4.6256121259842518
20
-4.2168981496062994
11
4.6256066141732282
21
-4.2168204330708656
0
LINE
8
BLACK
6
CONTINUOUS
10
4.6256066141732282
20
-4.2168204330708656
11
4.625625551181102
21
-4.2167618897637791
0
LINE
8
BLACK
6
CONTINUOUS
10
4.625625551181102
20
-4.2167618897637791
11
4.6256401574803148
21
-4.2166136614173224
0
LINE
8
BLACK
6
CONTINUOUS
10
4.6256401574803148
20
-4.2166136614173224
11
4.6257928346456696
21
-4.2162449999999998
0
LINE
8
BLACK
6
CONTINUOUS
10
4.6257928346456696
20
-4.2162449999999998
11
4.6276097244094485
21
-4.2106316929133856
0
LINE
8
BLACK
6
CONTINUOUS
10
4.6276097244094485
20
-4.2106316929133856
11
4.6278457086614173
21
-4.2101031496062991
0
LINE
8
BLACK
6
CONTINUOUS
10
4.6278457086614173
20
-4.2101031496062991
11
4.6279151968503935
21
-4.2100229921259844
0
LINE
8
BLACK
6
CONTINUOUS
10
4.6279151968503935
20
-4.2100229921259844
11
4.6279558267716538
21
-4.2099249606299214
0
LINE
8
BLACK
6
CONTINUOUS
10
4.6279558267716538
20
-4.2099249606299214
11
4.6283396062992122
21
-4.2095336614173231
0
LINE
8
BLACK
6
CONTINUOUS
10
4.6283396062992122
20
-4.2095336614173231
11
4.6286005905511809
21
-4.2092327952755904
0
LINE
8
BLACK
6
CONTINUOUS
10
4.6286005905511809
20
-4.2092327952755904
11
4.6286676377952753
21
-4.2091992519685038
0
LINE
8
BLACK
6
CONTINUOUS
10
4.6286676377952753
20
-4.2091992519685038
11
4.6320725590551177
21
-4.2057279921259845
0
LINE
8
BLACK
6
CONTINUOUS
10
4.6320725590551177
20
-4.2057279921259845
11
4.6322989370078735
21
-4.2055421259842518
0
LINE
8
BLACK
6
CONTINUOUS
10
4.6322989370078735
20
-4.2055421259842518
11
4.6323500787401573
21
-4.2054832283464565
0
LINE
8
BLACK
6
CONTINUOUS
10
4.6323500787401573
20
-4.2054832283464565
11
4.6324055905511807
21
-4.2054546062992122
0
LINE
8
BLACK
6
CONTINUOUS
10
4.6324055905511807
20
-4.2054546062992122
11
4.6325199999999995
21
-4.2053607480314961
0
LINE
8
BLACK
6
CONTINUOUS
10
4.6325199999999995
20
-4.2053607480314961
11
4.632867047244094
21
-4.2052169685039367
0
LINE
8
BLACK
6
CONTINUOUS
10
4.632867047244094
20
-4.2052169685039367
11
4.6365894881889762
21
-4.2033001181102359
0
LINE
8
BLACK
6
CONTINUOUS
10
4.6365894881889762
20
-4.2033001181102359
11
4.6366315748031495
21
-4.2032839763779526
0
LINE
8
BLACK
6
CONTINUOUS
10
4.6366315748031495
20
-4.2032839763779526
11
4.6366487401574803
21
-4.2032712992125987
0
LINE
8
BLACK
6
CONTINUOUS
10
4.6366487401574803
20
-4.2032712992125987
11
4.6366976771653539
21
-4.2032587007874014
0
LINE
8
BLACK
6
CONTINUOUS
10
4.6366976771653539
20
-4.2032587007874014
11
4.6371300787401575
21
-4.2030932283464564
0
LINE
8
BLACK
6
CONTINUOUS
10
4.6371300787401575
20
-4.2030932283464564
11
4.6374212992125985
21
-4.2030725196850396
0
LINE
8
BLACK
6
CONTINUOUS
10
4.6374212992125985
20
-4.2030725196850396
11
4.6446929133858266
21
-4.201201771653543
0
LINE
8
BLACK
6
CONTINUOUS
10
4.6446929133858266
20
-4.201201771653543
11
4.6447927559055113
21
-4.2011869685039365
0
LINE
8
BLACK
6
CONTINUOUS
10
4.6447927559055113
20
-4.2011869685039365
11
4.6448329921259841
21
-4.2011703543307082
0
LINE
8
BLACK
6
CONTINUOUS
10
4.6448329921259841
20
-4.2011703543307082
11
4.6449101968503932
21
-4.2011696456692915
0
LINE
8
BLACK
6
CONTINUOUS
10
4.6449101968503932
20
-4.2011696456692915
11
4.6452655118110231
21
-4.2011171259842515
0
LINE
8
BLACK
6
CONTINUOUS
10
4.6452655118110231
20
-4.2011171259842515
11
4.6455774409448818
21
-4.2011635039370079
0
LINE
8
BLACK
6
CONTINUOUS
10
4.6455774409448818
20
-4.2011635039370079
11
4.6510333464566926
21
-4.2011136220472443
0
LINE
8
BLACK
6
CONTINUOUS
10
4.6510333464566926
20
-4.2011136220472443
11
4.6511338582677162
21
-4.2011235039370076
0
LINE
8
BLACK
6
CONTINUOUS
10
4.7911338582677168
20
-4.2011235039370076
11
4.7911768897637792
21
-4.2011171259842515
0
LINE
8
BLACK
6
CONTINUOUS
10
4.7911768897637792
20
-4.2011171259842515
11
4.7912505511811023
21
-4.2011349999999998
0
LINE
8
BLACK
6
CONTINUOUS
10
4.7912505511811023
20
-4.2011349999999998
11
4.7916094094488191
21
-4.2011703543307082
0
LINE
8
BLACK
6
CONTINUOUS
10
4.7916094094488191
20
-4.2011703543307082
11
4.7919112992125985
21
-4.2012953937007875
0
LINE
8
BLACK
6
CONTINUOUS
10
4.7919112992125985
20
-4.2012953937007875
11
4.7992485433070868
21
-4.2030765354330706
0
LINE
8
BLACK
6
CONTINUOUS
10
4.7992485433070868
20
-4.2030765354330706
11
4.7992910236220467
21
-4.2030916929133859
0
LINE
8
BLACK
6
CONTINUOUS
10
4.7992910236220467
20
-4.2030916929133859
11
4.799312283464567
21
-4.2030932283464564
0
LINE
8
BLACK
6
CONTINUOUS
10
4.799312283464567
20
-4.2030932283464564
11
4.7993598031496063
21
-4.2031162598425196
0
LINE
8
BLACK
6
CONTINUOUS
10
4.7993598031496063
20
-4.2031162598425196
11
4.7997936614173229
21
-4.2032712992125987
0
LINE
8
BLACK
6
CONTINUOUS
10
4.7997936614173229
20
-4.2032712992125987
11
4.8000106299212595
21
-4.203432086614173
0
LINE
8
BLACK
6
CONTINUOUS
10
4.8000106299212595
20
-4.203432086614173
11
4.8036024409448821
21
-4.2051748818897634
0
LINE
8
BLACK
6
CONTINUOUS
10
4.8036024409448821
20
-4.2051748818897634
11
4.8038503149606298
21
-4.2053309055118113
0
LINE
8
BLACK
6
CONTINUOUS
10
4.8038503149606298
20
-4.2053309055118113
11
4.803922362204724
21
-4.2053607480314961
0
LINE
8
BLACK
6
CONTINUOUS
10
4.803922362204724
20
-4.2053607480314961
11
4.8039664566929137
21
-4.2054039763779523
0
LINE
8
BLACK
6
CONTINUOUS
10
4.8039664566929137
20
-4.2054039763779523
11
4.8040923228346459
21
-4.2054832283464565
0
LINE
8
BLACK
6
CONTINUOUS
10
4.8040923228346459
20
-4.2054832283464565
11
4.8043491338582678
21
-4.2057793700787398
0
LINE
8
BLACK
6
CONTINUOUS
10
4.8043491338582678
20
-4.2057793700787398
11
4.8081194094488184
21
-4.2094775196850396
0
LINE
8
BLACK
6
CONTINUOUS
10
4.8081194094488184
20
-4.2094775196850396
11
4.8084866535433068
21
-4.2099249606299214
0
LINE
8
BLACK
6
CONTINUOUS
10
4.8084866535433068
20
-4.2099249606299214
11
4.8085272440944884
21
-4.2100229921259844
0
LINE
8
BLACK
6
CONTINUOUS
10
4.8085272440944884
20
-4.2100229921259844
11
4.8085967322834646
21
-4.2101031102362203
0
LINE
8
BLACK
6
CONTINUOUS
10
4.8085967322834646
20
-4.2101031102362203
11
4.8087717322834642
21
-4.2106132677165355
0
LINE
8
BLACK
6
CONTINUOUS
10
4.8087717322834642
20
-4.2106132677165355
11
4.8089275196850396
21
-4.2109893700787397
0
LINE
8
BLACK
6
CONTINUOUS
10
4.8089275196850396
20
-4.2109893700787397
11
4.8089275196850396
21
-4.2110673228346451
0
LINE
8
BLACK
6
CONTINUOUS
10
4.8089275196850396
20
-4.2110673228346451
11
4.8107074803149601
21
-4.2162559448818895
0
LINE
8
BLACK
6
CONTINUOUS
10
4.8107074803149601
20
-4.2162559448818895
11
4.8107724015748028
21
-4.2165415748031494
0
LINE
8
BLACK
6
CONTINUOUS
10
4.8107724015748028
20
-4.2165415748031494
11
4.8108022834645672
21
-4.2166136614173224
0
LINE
8
BLACK
6
CONTINUOUS
10
4.8108022834645672
20
-4.2166136614173224
11
4.8108030708661413
21
-4.2166764960629921
0
LINE
8
BLACK
6
CONTINUOUS
10
4.8108030708661413
20
-4.2166764960629921
11
4.8108358267716538
21
-4.2168203937007869
0
LINE
8
BLACK
6
CONTINUOUS
10
4.8108358267716538
20
-4.2168203937007869
11
4.8108097637795275
21
-4.2171865354330711
0
LINE
8
BLACK
6
CONTINUOUS
10
4.8108097637795275
20
-4.2171865354330711
11
4.8108590157480311
21
-4.2209392519685043
0
LINE
8
BLACK
6
CONTINUOUS
10
4.8108590157480311
20
-4.2209392519685043
11
4.8108302755905514
21
-4.2212308267716532
0
LINE
8
BLACK
6
CONTINUOUS
10
4.8108302755905514
20
-4.2212308267716532
11
4.8108358267716538
21
-4.2213085826771657
0
LINE
8
BLACK
6
CONTINUOUS
10
4.8108358267716538
20
-4.2213085826771657
11
4.8108168503937003
21
-4.2213671259842522
0
LINE
8
BLACK
6
CONTINUOUS
10
4.8108168503937003
20
-4.2213671259842522
11
4.8108022834645672
21
-4.2215153149606301
0
LINE
8
BLACK
6
CONTINUOUS
10
4.8108022834645672
20
-4.2215153149606301
11
4.8106496062992123
21
-4.2218838188976378
0
LINE
8
BLACK
6
CONTINUOUS
10
4.8106496062992123
20
-4.2218838188976378
11
4.8088327165354325
21
-4.227497283464567
0
LINE
8
BLACK
6
CONTINUOUS
10
4.8088327165354325
20
-4.227497283464567
11
4.8085967322834646
21
-4.2280258661417323
0
LINE
8
BLACK
6
CONTINUOUS
10
4.8085967322834646
20
-4.2280258661417323
11
4.8085271653543309
21
-4.2281060236220469
0
LINE
8
BLACK
6
CONTINUOUS
10
4.8085271653543309
20
-4.2281060236220469
11
4.8084866141732281
21
-4.2282040157480312
0
LINE
8
BLACK
6
CONTINUOUS
10
4.8084866141732281
20
-4.2282040157480312
11
4.8080498425196847
21
-4.2286563779527562
0
LINE
8
BLACK
6
CONTINUOUS
10
4.8080498425196847
20
-4.2286563779527562
11
4.807841850393701
21
-4.228896220472441
0
LINE
8
BLACK
6
CONTINUOUS
10
4.807841850393701
20
-4.228896220472441
11
4.8077963385826772
21
-4.2289189370078741
0
LINE
8
BLACK
6
CONTINUOUS
10
4.8077963385826772
20
-4.2289189370078741
11
4.8062445669291334
21
-4.2305262598425193
0
LINE
8
BLACK
6
CONTINUOUS
10
4.8062445669291334
20
-4.2305262598425193
11
4.8057971259842516
21
-4.2308934645669289
0
LINE
8
BLACK
6
CONTINUOUS
10
4.8057971259842516
20
-4.2308934645669289
11
4.8047327165354332
21
-4.2313343307086617
0
LINE
8
BLACK
6
CONTINUOUS
10
4.8047327165354332
20
-4.2313343307086617
11
4.8035806299212593
21
-4.2313343307086617
0
LINE
8
BLACK
6
CONTINUOUS
10
4.8035806299212593
20
-4.2313343307086617
11
4.802516220472441
21
-4.2308934251968502
0
LINE
8
BLACK
6
CONTINUOUS
10
4.802516220472441
20
-4.2308934251968502
11
4.8017015354330708
21
-4.23007874015748
0
LINE
8
BLACK
6
CONTINUOUS
10
4.8017015354330708
20
-4.23007874015748
11
4.8012606692913389
21
-4.2290143307086616
0
LINE
8
BLACK
6
CONTINUOUS
10
4.8012606692913389
20
-4.2290143307086616
11
4.8012606692913389
21
-4.2278622440944877
0
LINE
8
BLACK
6
CONTINUOUS
10
4.8012606692913389
20
-4.2278622440944877
11
4.8017015748031495
21
-4.2267978346456694
0
LINE
8
BLACK
6
CONTINUOUS
10
4.8017015748031495
20
-4.2267978346456694
11
4.8035142519685037
21
-4.2249202755905513
0
LINE
8
BLACK
6
CONTINUOUS
10
4.8035142519685037
20
-4.2249202755905513
11
4.8049948818897636
21
-4.2203457874015751
0
LINE
8
BLACK
6
CONTINUOUS
10
4.8049948818897636
20
-4.2203457874015751
11
4.8049580314960627
21
-4.2175355905511811
0
LINE
8
BLACK
6
CONTINUOUS
10
4.8049580314960627
20
-4.2175355905511811
11
4.8034281889763779
21
-4.2130761417322837
0
LINE
8
BLACK
6
CONTINUOUS
10
4.8034281889763779
20
-4.2130761417322837
11
4.8004468503937003
21
-4.210151850393701
0
LINE
8
BLACK
6
CONTINUOUS
10
4.8004468503937003
20
-4.210151850393701
11
4.7973047244094484
21
-4.2086272047244098
0
LINE
8
BLACK
6
CONTINUOUS
10
4.7973047244094484
20
-4.2086272047244098
11
4.7904888582677163
21
-4.2069726377952756
0
LINE
8
BLACK
6
CONTINUOUS
10
4.7904888582677163
20
-4.2069726377952756
11
4.7855765748031498
21
-4.207017598425197
0
LINE
8
BLACK
6
CONTINUOUS
10
4.7855765748031498
20
-4.207017598425197
11
4.7787486220472442
21
-4.2087742125984251
0
LINE
8
BLACK
6
CONTINUOUS
10
4.7787486220472442
20
-4.2087742125984251
11
4.7757905511811023
21
-4.2102974803149609
0
LINE
8
BLACK
6
CONTINUOUS
10
4.7757905511811023
20
-4.2102974803149609
11
4.7729248031496061
21
-4.2132190944881893
0
LINE
8
BLACK
6
CONTINUOUS
10
4.7729248031496061
20
-4.2132190944881893
11
4.7714475196850392
21
-4.2177831496062987
0
LINE
8
BLACK
6
CONTINUOUS
10
4.7714475196850392
20
-4.2177831496062987
11
4.7714843700787402
21
-4.220593307086614
0
LINE
8
BLACK
6
CONTINUOUS
10
4.7714843700787402
20
-4.220593307086614
11
4.7730066141732284
21
-4.2250306299212594
0
LINE
8
BLACK
6
CONTINUOUS
10
4.7730066141732284
20
-4.2250306299212594
11
4.7743736220472437
21
-4.2263503937007876
0
LINE
8
BLACK
6
CONTINUOUS
10
4.7743736220472437
20
-4.2263503937007876
11
4.7747408267716533
21
-4.2267978346456694
0
LINE
8
BLACK
6
CONTINUOUS
10
4.7747408267716533
20
-4.2267978346456694
11
4.7751817322834649
21
-4.2278622440944877
0
LINE
8
BLACK
6
CONTINUOUS
10
4.7751817322834649
20
-4.2278622440944877
11
4.7751817322834649
21
-4.2290143307086616
0
LINE
8
BLACK
6
CONTINUOUS
10
4.7751817322834649
20
-4.2290143307086616
11
4.7747408267716533
21
-4.23007874015748
0
LINE
8
BLACK
6
CONTINUOUS
10
4.7747408267716533
20
-4.23007874015748
11
4.7739261417322831
21
-4.2308934251968502
0
LINE
8
BLACK
6
CONTINUOUS
10
4.7739261417322831
20
-4.2308934251968502
11
4.7728617322834648
21
-4.2313343307086617
0
LINE
8
BLACK
6
CONTINUOUS
10
4.7728617322834648
20
-4.2313343307086617
11
4.7717096456692909
21
-4.2313343307086617
0
LINE
8
BLACK
6
CONTINUOUS
10
4.7717096456692909
20
-4.2313343307086617
11
4.7706452362204725
21
-4.2308934251968502
0
LINE
8
BLACK
6
CONTINUOUS
10
4.7706452362204725
20
-4.2308934251968502
11
4.7683230314960632
21
-4.228651456692913
0
LINE
8
BLACK
6
CONTINUOUS
10
4.7683230314960632
20
-4.228651456692913
11
4.7679558267716535
21
-4.2282040157480312
0
LINE
8
BLACK
6
CONTINUOUS
10
4.7679558267716535
20
-4.2282040157480312
11
4.7679151968503932
21
-4.2281059448818894
0
LINE
8
BLACK
6
CONTINUOUS
10
4.7679151968503932
20
-4.2281059448818894
11
4.767845708661417
21
-4.2280258267716535
0
LINE
8
BLACK
6
CONTINUOUS
10
4.767845708661417
20
-4.2280258267716535
11
4.7676706299212599
21
-4.2275155118110233
0
LINE
8
BLACK
6
CONTINUOUS
10
4.7676706299212599
20
-4.2275155118110233
11
4.767514921259842
21
-4.2271395669291341
0
LINE
8
BLACK
6
CONTINUOUS
10
4.767514921259842
20
-4.2271395669291341
11
4.767514921259842
21
-4.2270615748031499
0
LINE
8
BLACK
6
CONTINUOUS
10
4.767514921259842
20
-4.2270615748031499
11
4.7657349606299215
21
-4.2218729921259843
0
LINE
8
BLACK
6
CONTINUOUS
10
4.7657349606299215
20
-4.2218729921259843
11
4.7656700000000001
21
-4.2215874015748032
0
LINE
8
BLACK
6
CONTINUOUS
10
4.7656700000000001
20
-4.2215874015748032
11
4.7656401574803144
21
-4.2215153149606301
0
LINE
8
BLACK
6
CONTINUOUS
10
4.7656401574803144
20
-4.2215153149606301
11
4.7656393307086615
21
-4.2214524015748029
0
LINE
8
BLACK
6
CONTINUOUS
10
4.7656393307086615
20
-4.2214524015748029
11
4.7656066141732278
21
-4.2213085433070869
0
LINE
8
BLACK
6
CONTINUOUS
10
4.7656066141732278
20
-4.2213085433070869
11
4.7656326377952754
21
-4.220942362204724
0
LINE
8
BLACK
6
CONTINUOUS
10
4.7656326377952754
20
-4.220942362204724
11
4.7655834251968505
21
-4.2171897244094483
0
LINE
8
BLACK
6
CONTINUOUS
10
4.7655834251968505
20
-4.2171897244094483
11
4.7656121259842514
21
-4.2168981496062994
0
LINE
8
BLACK
6
CONTINUOUS
10
4.7656121259842514
20
-4.2168981496062994
11
4.7656066141732278
21
-4.2168204330708656
0
LINE
8
BLACK
6
CONTINUOUS
10
4.7656066141732278
20
-4.2168204330708656
11
4.7656255511811025
21
-4.2167618897637791
0
LINE
8
BLACK
6
CONTINUOUS
10
4.7656255511811025
20
-4.2167618897637791
11
4.7656401574803144
21
-4.2166136614173224
0
LINE
8
BLACK
6
CONTINUOUS
10
4.7656401574803144
20
-4.2166136614173224
11
4.7657928346456693
21
-4.2162449999999998
0
LINE
8
BLACK
6
CONTINUOUS
10
4.7657928346456693
20
-4.2162449999999998
11
4.7676097244094491
21
-4.2106316929133856
0
LINE
8
BLACK
6
CONTINUOUS
10
4.7676097244094491
20
-4.2106316929133856
11
4.767845708661417
21
-4.2101031496062991
0
LINE
8
BLACK
6
CONTINUOUS
10
4.767845708661417
20
-4.2101031496062991
11
4.7679151968503932
21
-4.2100229921259844
0
LINE
8
BLACK
6
CONTINUOUS
10
4.7679151968503932
20
-4.2100229921259844
11
4.7679558267716535
21
-4.2099249606299214
0
LINE
8
BLACK
6
CONTINUOUS
10
4.7679558267716535
20
-4.2099249606299214
11
4.7683396062992127
21
-4.2095336614173231
0
LINE
8
BLACK
6
CONTINUOUS
10
4.7683396062992127
20
-4.2095336614173231
11
4.7686005905511806
21
-4.2092327952755904
0
LINE
8
BLACK
6
CONTINUOUS
10
4.7686005905511806
20
-4.2092327952755904
11
4.7686676377952759
21
-4.2091992519685038
0
LINE
8
BLACK
6
CONTINUOUS
10
4.7686676377952759
20
-4.2091992519685038
11
4.7720725590551183
21
-4.2057279921259845
0
LINE
8
BLACK
6
CONTINUOUS
10
4.7720725590551183
20
-4.2057279921259845
11
4.7722989370078741
21
-4.2055421259842518
0
LINE
8
BLACK
6
CONTINUOUS
10
4.7722989370078741
20
-4.2055421259842518
11
4.7723500787401569
21
-4.2054832283464565
0
LINE
8
BLACK
6
CONTINUOUS
10
4.7723500787401569
20
-4.2054832283464565
11
4.7724055905511813
21
-4.2054546062992122
0
LINE
8
BLACK
6
CONTINUOUS
10
4.7724055905511813
20
-4.2054546062992122
11
4.7725200000000001
21
-4.2053607480314961
0
LINE
8
BLACK
6
CONTINUOUS
10
4.7725200000000001
20
-4.2053607480314961
11
4.7728670472440946
21
-4.2052169685039367
0
LINE
8
BLACK
6
CONTINUOUS
10
4.7728670472440946
20
-4.2052169685039367
11
4.7765894881889759
21
-4.2033001181102359
0
LINE
8
BLACK
6
CONTINUOUS
10
4.7765894881889759
20
-4.2033001181102359
11
4.7766315748031491
21
-4.2032839763779526
0
LINE
8
BLACK
6
CONTINUOUS
10
4.7766315748031491
20
-4.2032839763779526
11
4.77664874015748
21
-4.2032712992125987
0
LINE
8
BLACK
6
CONTINUOUS
10
4.77664874015748
20
-4.2032712992125987
11
4.7766976771653544
21
-4.2032587007874014
0
LINE
8
BLACK
6
CONTINUOUS
10
4.7766976771653544
20
-4.2032587007874014
11
4.7771300787401572
21
-4.2030932283464564
0
LINE
8
BLACK
6
CONTINUOUS
10
4.7771300787401572
20
-4.2030932283464564
11
4.7774212992125982
21
-4.2030725196850396
0
LINE
8
BLACK
6
CONTINUOUS
10
4.7774212992125982
20
-4.2030725196850396
11
4.7846929133858263
21
-4.201201771653543
0
LINE
8
BLACK
6
CONTINUOUS
10
4.7846929133858263
20
-4.201201771653543
11
4.7847927559055119
21
-4.2011869685039365
0
LINE
8
BLACK
6
CONTINUOUS
10
4.7847927559055119
20
-4.2011869685039365
11
4.7848329921259838
21
-4.2011703543307082
0
LINE
8
BLACK
6
CONTINUOUS
10
4.7848329921259838
20
-4.2011703543307082
11
4.7849101968503938
21
-4.2011696456692915
0
LINE
8
BLACK
6
CONTINUOUS
10
4.7849101968503938
20
-4.2011696456692915
11
4.7852655118110237
21
-4.2011171259842515
0
LINE
8
BLACK
6
CONTINUOUS
10
4.7852655118110237
20
-4.2011171259842515
11
4.7855774409448815
21
-4.2011635039370079
0
LINE
8
BLACK
6
CONTINUOUS
10
4.7855774409448815
20
-4.2011635039370079
11
4.7910333464566932
21
-4.2011136220472443
0
LINE
8
BLACK
6
CONTINUOUS
10
4.7910333464566932
20
-4.2011136220472443
11
4.7911338582677168
21
-4.2011235039370076
0
LINE
8
BLACK
6
CONTINUOUS
10
4.9311338582677164
20
-4.1973758267716539
11
4.9311768897637798
21
-4.1973694488188977
0
LINE
8
BLACK
6
CONTINUOUS
10
4.9311768897637798
20
-4.1973694488188977
11
4.931250551181102
21
-4.1973873228346452
0
LINE
8
BLACK
6
CONTINUOUS
10
4.931250551181102
20
-4.1973873228346452
11
4.9316094094488188
21
-4.1974226771653544
0
LINE
8
BLACK
6
CONTINUOUS
10
4.9316094094488188
20
-4.1974226771653544
11
4.9319112992125982
21
-4.1975477165354329
0
LINE
8
BLACK
6
CONTINUOUS
10
4.9319112992125982
20
-4.1975477165354329
11
4.9392485433070865
21
-4.1993288582677168
0
LINE
8
BLACK
6
CONTINUOUS
10
4.9392485433070865
20
-4.1993288582677168
11
4.9392910236220473
21
-4.1993440157480313
0
LINE
8
BLACK
6
CONTINUOUS
10
4.9392910236220473
20
-4.1993440157480313
11
4.9393122834645666
21
-4.1993455511811026
0
LINE
8
BLACK
6
CONTINUOUS
10
4.9393122834645666
20
-4.1993455511811026
11
4.939359803149606
21
-4.199368582677165
0
LINE
8
BLACK
6
CONTINUOUS
10
4.939359803149606
20
-4.199368582677165
11
4.9397936614173226
21
-4.1995236220472441
0
LINE
8
BLACK
6
CONTINUOUS
10
4.9397936614173226
20
-4.1995236220472441
11
4.9400106299212601
21
-4.1996844094488184
0
LINE
8
BLACK
6
CONTINUOUS
10
4.9400106299212601
20
-4.1996844094488184
11
4.9436024409448818
21
-4.2014272047244097
0
LINE
8
BLACK
6
CONTINUOUS
10
4.9436024409448818
20
-4.2014272047244097
11
4.9438503149606294
21
-4.2015832283464567
0
LINE
8
BLACK
6
CONTINUOUS
10
4.9438503149606294
20
-4.2015832283464567
11
4.9439223622047246
21
-4.2016130708661414
0
LINE
8
BLACK
6
CONTINUOUS
10
4.9439223622047246
20
-4.2016130708661414
11
4.9439664566929133
21
-4.2016562992125985
0
LINE
8
BLACK
6
CONTINUOUS
10
4.9439664566929133
20
-4.2016562992125985
11
4.9440923228346456
21
-4.2017355511811019
0
LINE
8
BLACK
6
CONTINUOUS
10
4.9440923228346456
20
-4.2017355511811019
11
4.9443491338582675
21
-4.2020316929133861
0
LINE
8
BLACK
6
CONTINUOUS
10
4.9443491338582675
20
-4.2020316929133861
11
4.948119409448819
21
-4.205729842519685
0
LINE
8
BLACK
6
CONTINUOUS
10
4.948119409448819
20
-4.205729842519685
11
4.9484866535433074
21
-4.2061772834645668
0
LINE
8
BLACK
6
CONTINUOUS
10
4.9484866535433074
20
-4.2061772834645668
11
4.9485272440944881
21
-4.2062753149606298
0
LINE
8
BLACK
6
CONTINUOUS
10
4.9485272440944881
20
-4.2062753149606298
11
4.9485967322834643
21
-4.2063554330708657
0
LINE
8
BLACK
6
CONTINUOUS
10
4.9485967322834643
20
-4.2063554330708657
11
4.9487717322834648
21
-4.2068655905511809
0
LINE
8
BLACK
6
CONTINUOUS
10
4.9487717322834648
20
-4.2068655905511809
11
4.9489275196850393
21
-4.207241692913386
0
LINE
8
BLACK
6
CONTINUOUS
10
4.9489275196850393
20
-4.207241692913386
11
4.9489275196850393
21
-4.2073196456692914
0
LINE
8
BLACK
6
CONTINUOUS
10
4.9489275196850393
20
-4.2073196456692914
11
4.9507074803149607
21
-4.2125082677165357
0
LINE
8
BLACK
6
CONTINUOUS
10
4.9507074803149607
20
-4.2125082677165357
11
4.9507724015748034
21
-4.2127938976377948
0
LINE
8
BLACK
6
CONTINUOUS
10
4.9507724015748034
20
-4.2127938976377948
11
4.9508022834645669
21
-4.2128659842519687
0
LINE
8
BLACK
6
CONTINUOUS
10
4.9508022834645669
20
-4.2128659842519687
11
4.9508030708661419
21
-4.2129288188976375
0
LINE
8
BLACK
6
CONTINUOUS
10
4.9508030708661419
20
-4.2129288188976375
11
4.9508358267716535
21
-4.2130727165354331
0
LINE
8
BLACK
6
CONTINUOUS
10
4.9508358267716535
20
-4.2130727165354331
11
4.9508097637795272
21
-4.2134388582677165
0
LINE
8
BLACK
6
CONTINUOUS
10
4.9508097637795272
20
-4.2134388582677165
11
4.9508590157480317
21
-4.2171915748031497
0
LINE
8
BLACK
6
CONTINUOUS
10
4.9508590157480317
20
-4.2171915748031497
11
4.9508302755905511
21
-4.2174831496062994
0
LINE
8
BLACK
6
CONTINUOUS
10
4.9508302755905511
20
-4.2174831496062994
11
4.9508358267716535
21
-4.2175609055118111
0
LINE
8
BLACK
6
CONTINUOUS
10
4.9508358267716535
20
-4.2175609055118111
11
4.9508168503937009
21
-4.2176194488188976
0
LINE
8
BLACK
6
CONTINUOUS
10
4.9508168503937009
20
-4.2176194488188976
11
4.9508022834645669
21
-4.2177676377952755
0
LINE
8
BLACK
6
CONTINUOUS
10
4.9508022834645669
20
-4.2177676377952755
11
4.9506496062992129
21
-4.2181361417322831
0
LINE
8
BLACK
6
CONTINUOUS
10
4.9506496062992129
20
-4.2181361417322831
11
4.9488327165354331
21
-4.2237496062992124
0
LINE
8
BLACK
6
CONTINUOUS
10
4.9488327165354331
20
-4.2237496062992124
11
4.9485967322834643
21
-4.2242781889763776
0
LINE
8
BLACK
6
CONTINUOUS
10
4.9485967322834643
20
-4.2242781889763776
11
4.9485271653543306
21
-4.2243583464566932
0
LINE
8
BLACK
6
CONTINUOUS
10
4.9485271653543306
20
-4.2243583464566932
11
4.9484866141732287
21
-4.2244563385826774
0
LINE
8
BLACK
6
CONTINUOUS
10
4.9484866141732287
20
-4.2244563385826774
11
4.9480498425196853
21
-4.2249087007874015
0
LINE
8
BLACK
6
CONTINUOUS
10
4.9480498425196853
20
-4.2249087007874015
11
4.9478418503937007
21
-4.2251485433070863
0
LINE
8
BLACK
6
CONTINUOUS
10
4.9478418503937007
20
-4.2251485433070863
11
4.9477963385826769
21
-4.2251712598425195
0
LINE
8
BLACK
6
CONTINUOUS
10
4.9477963385826769
20
-4.2251712598425195
11
4.9462445669291339
21
-4.2267785826771656
0
LINE
8
BLACK
6
CONTINUOUS
10
4.9462445669291339
20
-4.2267785826771656
11
4.9457971259842521
21
-4.2271457874015743
0
LINE
8
BLACK
6
CONTINUOUS
10
4.9457971259842521
20
-4.2271457874015743
11
4.9447327165354329
21
-4.2275866535433071
0
LINE
8
BLACK
6
CONTINUOUS
10
4.9447327165354329
20
-4.2275866535433071
11
4.9435806299212599
21
-4.2275866535433071
0
LINE
8
BLACK
6
CONTINUOUS
10
4.9435806299212599
20
-4.2275866535433071
11
4.9425162204724407
21
-4.2271457480314956
0
LINE
8
BLACK
6
CONTINUOUS
10
4.9425162204724407
20
-4.2271457480314956
11
4.9417015354330704
21
-4.2263310629921262
0
LINE
8
BLACK
6
CONTINUOUS
10
4.9417015354330704
20
-4.2263310629921262
11
4.9412606692913386
21
-4.225266653543307
0
LINE
8
BLACK
6
CONTINUOUS
10
4.9412606692913386
20
-4.225266653543307
11
4.9412606692913386
21
-4.224114566929134
0
LINE
8
BLACK
6
CONTINUOUS
10
4.9412606692913386
20
-4.224114566929134
11
4.9417015748031492
21
-4.2230501574803148
0
LINE
8
BLACK
6
CONTINUOUS
10
4.9417015748031492
20
-4.2230501574803148
11
4.9435142519685042
21
-4.2211725984251967
0
LINE
8
BLACK
6
CONTINUOUS
10
4.9435142519685042
20
-4.2211725984251967
11
4.9449948818897633
21
-4.2165981102362204
0
LINE
8
BLACK
6
CONTINUOUS
10
4.9449948818897633
20
-4.2165981102362204
11
4.9449580314960633
21
-4.2137879133858265
0
LINE
8
BLACK
6
CONTINUOUS
10
4.9449580314960633
20
-4.2137879133858265
11
4.9434281889763776
21
-4.2093284645669291
0
LINE
8
BLACK
6
CONTINUOUS
10
4.9434281889763776
20
-4.2093284645669291
11
4.9404468503937009
21
-4.2064041732283464
0
LINE
8
BLACK
6
CONTINUOUS
10
4.9404468503937009
20
-4.2064041732283464
11
4.937304724409449
21
-4.2048795275590551
0
LINE
8
BLACK
6
CONTINUOUS
10
4.937304724409449
20
-4.2048795275590551
11
4.930488858267716
21
-4.203224960629921
0
LINE
8
BLACK
6
CONTINUOUS
10
4.930488858267716
20
-4.203224960629921
11
4.9255765748031495
21
-4.2032699212598423
0
LINE
8
BLACK
6
CONTINUOUS
10
4.9255765748031495
20
-4.2032699212598423
11
4.9187486220472438
21
-4.2050265354330705
0
LINE
8
BLACK
6
CONTINUOUS
10
4.9187486220472438
20
-4.2050265354330705
11
4.915790551181102
21
-4.2065498031496062
0
LINE
8
BLACK
6
CONTINUOUS
10
4.915790551181102
20
-4.2065498031496062
11
4.9129248031496058
21
-4.2094714173228347
0
LINE
8
BLACK
6
CONTINUOUS
10
4.9129248031496058
20
-4.2094714173228347
11
4.9114475196850389
21
-4.214035472440945
0
LINE
8
BLACK
6
CONTINUOUS
10
4.9114475196850389
20
-4.214035472440945
11
4.9114843700787398
21
-4.2168456299212593
0
LINE
8
BLACK
6
CONTINUOUS
10
4.9114843700787398
20
-4.2168456299212593
11
4.913006614173228
21
-4.2212829527559057
0
LINE
8
BLACK
6
CONTINUOUS
10
4.913006614173228
20
-4.2212829527559057
11
4.9143736220472443
21
-4.222602716535433
0
LINE
8
BLACK
6
CONTINUOUS
10
4.9143736220472443
20
-4.222602716535433
11
4.914740826771653
21
-4.2230501574803148
0
LINE
8
BLACK
6
CONTINUOUS
10
4.914740826771653
20
-4.2230501574803148
11
4.9151817322834646
21
-4.224114566929134
0
LINE
8
BLACK
6
CONTINUOUS
10
4.9151817322834646
20
-4.224114566929134
11
4.9151817322834646
21
-4.225266653543307
0
LINE
8
BLACK
6
CONTINUOUS
10
4.9151817322834646
20
-4.225266653543307
11
4.914740826771653
21
-4.2263310629921262
0
LINE
8
BLACK
6
CONTINUOUS
10
4.914740826771653
20
-4.2263310629921262
11
4.9139261417322837
21
-4.2271457480314956
0
LINE
8
BLACK
6
CONTINUOUS
10
4.9139261417322837
20
-4.2271457480314956
11
4.9128617322834645
21
-4.2275866535433071
0
LINE
8
BLACK
6
CONTINUOUS
10
4.9128617322834645
20
-4.2275866535433071
11
4.9117096456692915
21
-4.2275866535433071
0
LINE
8
BLACK
6
CONTINUOUS
10
4.9117096456692915
20
-4.2275866535433071
11
4.9106452362204722
21
-4.2271457480314956
0
LINE
8
BLACK
6
CONTINUOUS
10
4.9106452362204722
20
-4.2271457480314956
11
4.9083230314960629
21
-4.2249037795275592
0
LINE
8
BLACK
6
CONTINUOUS
10
4.9083230314960629
20
-4.2249037795275592
11
4.9079558267716532
21
-4.2244563385826774
0
LINE
8
BLACK
6
CONTINUOUS
10
4.9079558267716532
20
-4.2244563385826774
11
4.9079151968503938
21
-4.2243582677165357
0
LINE
8
BLACK
6
CONTINUOUS
10
4.9079151968503938
20
-4.2243582677165357
11
4.9078457086614176
21
-4.2242781496062989
0
LINE
8
BLACK
6
CONTINUOUS
10
4.9078457086614176
20
-4.2242781496062989
11
4.9076706299212596
21
-4.2237678346456695
0
LINE
8
BLACK
6
CONTINUOUS
10
4.9076706299212596
20
-4.2237678346456695
11
4.9075149212598426
21
-4.2233918897637794
0
LINE
8
BLACK
6
CONTINUOUS
10
4.9075149212598426
20
-4.2233918897637794
11
4.9075149212598426
21
-4.2233138976377953
0
LINE
8
BLACK
6
CONTINUOUS
10
4.9075149212598426
20
-4.2233138976377953
11
4.9057349606299212
21
-4.2181253149606297
0
LINE
8
BLACK
6
CONTINUOUS
10
4.9057349606299212
20
-4.2181253149606297
11
4.9056699999999998
21
-4.2178397244094485
0
LINE
8
BLACK
6
CONTINUOUS
10
4.9056699999999998
20
-4.2178397244094485
11
4.905640157480315
21
-4.2177676377952755
0
LINE
8
BLACK
6
CONTINUOUS
10
4.905640157480315
20
-4.2177676377952755
11
4.9056393307086612
21
-4.2177047244094483
0
LINE
8
BLACK
6
CONTINUOUS
10
4.9056393307086612
20
-4.2177047244094483
11
4.9056066141732284
21
-4.2175608661417323
0
LINE
8
BLACK
6
CONTINUOUS
10
4.9056066141732284
20
-4.2175608661417323
11
4.9056326377952759
21
-4.2171946850393702
0
LINE
8
BLACK
6
CONTINUOUS
10
4.9056326377952759
20
-4.2171946850393702
11
4.9055834251968502
21
-4.2134420472440945
0
LINE
8
BLACK
6
CONTINUOUS
10
4.9055834251968502
20
-4.2134420472440945
11
4.905612125984252
21
-4.2131504724409448
0
LINE
8
BLACK
6
CONTINUOUS
10
4.905612125984252
20
-4.2131504724409448
11
4.9056066141732284
21
-4.2130727559055119
0
LINE
8
BLACK
6
CONTINUOUS
10
4.9056066141732284
20
-4.2130727559055119
11
4.9056255511811022
21
-4.2130142125984253
0
LINE
8
BLACK
6
CONTINUOUS
10
4.9056255511811022
20
-4.2130142125984253
11
4.905640157480315
21
-4.2128659842519687
0
LINE
8
BLACK
6
CONTINUOUS
10
4.905640157480315
20
-4.2128659842519687
11
4.905792834645669
21
-4.2124973228346452
0
LINE
8
BLACK
6
CONTINUOUS
10
4.905792834645669
20
-4.2124973228346452
11
4.9076097244094488
21
-4.2068840157480318
0
LINE
8
BLACK
6
CONTINUOUS
10
4.9076097244094488
20
-4.2068840157480318
11
4.9078457086614176
21
-4.2063554724409444
0
LINE
8
BLACK
6
CONTINUOUS
10
4.9078457086614176
20
-4.2063554724409444
11
4.9079151968503938
21
-4.2062753149606298
0
LINE
8
BLACK
6
CONTINUOUS
10
4.9079151968503938
20
-4.2062753149606298
11
4.9079558267716532
21
-4.2061772834645668
0
LINE
8
BLACK
6
CONTINUOUS
10
4.9079558267716532
20
-4.2061772834645668
11
4.9083396062992124
21
-4.2057859842519685
0
LINE
8
BLACK
6
CONTINUOUS
10
4.9083396062992124
20
-4.2057859842519685
11
4.9086005905511811
21
-4.2054851181102357
0
LINE
8
BLACK
6
CONTINUOUS
10
4.9086005905511811
20
-4.2054851181102357
11
4.9086676377952756
21
-4.2054515748031491
0
LINE
8
BLACK
6
CONTINUOUS
10
4.9086676377952756
20
-4.2054515748031491
11
4.912072559055118
21
-4.2019803149606298
0
LINE
8
BLACK
6
CONTINUOUS
10
4.912072559055118
20
-4.2019803149606298
11
4.9122989370078738
21
-4.2017944488188972
0
LINE
8
BLACK
6
CONTINUOUS
10
4.9122989370078738
20
-4.2017944488188972
11
4.9123500787401575
21
-4.2017355511811019
0
LINE
8
BLACK
6
CONTINUOUS
10
4.9123500787401575
20
-4.2017355511811019
11
4.912405590551181
21
-4.2017069291338585
0
LINE
8
BLACK
6
CONTINUOUS
10
4.912405590551181
20
-4.2017069291338585
11
4.9125199999999998
21
-4.2016130708661414
0
LINE
8
BLACK
6
CONTINUOUS
10
4.9125199999999998
20
-4.2016130708661414
11
4.9128670472440943
21
-4.2014692913385829
0
LINE
8
BLACK
6
CONTINUOUS
10
4.9128670472440943
20
-4.2014692913385829
11
4.9165894881889765
21
-4.1995524409448821
0
LINE
8
BLACK
6
CONTINUOUS
10
4.9165894881889765
20
-4.1995524409448821
11
4.9166315748031497
21
-4.199536299212598
0
LINE
8
BLACK
6
CONTINUOUS
10
4.9166315748031497
20
-4.199536299212598
11
4.9166487401574805
21
-4.1995236220472441
0
LINE
8
BLACK
6
CONTINUOUS
10
4.9166487401574805
20
-4.1995236220472441
11
4.9166976771653541
21
-4.1995110236220468
0
LINE
8
BLACK
6
CONTINUOUS
10
4.9166976771653541
20
-4.1995110236220468
11
4.9171300787401577
21
-4.1993455511811026
0
LINE
8
BLACK
6
CONTINUOUS
10
4.9171300787401577
20
-4.1993455511811026
11
4.9174212992125987
21
-4.199324842519685
0
LINE
8
BLACK
6
CONTINUOUS
10
4.9174212992125987
20
-4.199324842519685
11
4.9246929133858268
21
-4.1974540944881893
0
LINE
8
BLACK
6
CONTINUOUS
10
4.9246929133858268
20
-4.1974540944881893
11
4.9247927559055116
21
-4.1974392913385827
0
LINE
8
BLACK
6
CONTINUOUS
10
4.9247927559055116
20
-4.1974392913385827
11
4.9248329921259844
21
-4.1974226771653544
0
LINE
8
BLACK
6
CONTINUOUS
10
4.9248329921259844
20
-4.1974226771653544
11
4.9249101968503934
21
-4.1974219685039369
0
LINE
8
BLACK
6
CONTINUOUS
10
4.9249101968503934
20
-4.1974219685039369
11
4.9252655118110233
21
-4.1973694488188977
0
LINE
8
BLACK
6
CONTINUOUS
10
4.9252655118110233
20
-4.1973694488188977
11
4.925577440944882
21
-4.1974158267716533
0
LINE
8
BLACK
6
CONTINUOUS
10
4.925577440944882
20
-4.1974158267716533
11
4.9310333464566929
21
-4.1973659448818896
0
LINE
8
BLACK
6
CONTINUOUS
10
4.9310333464566929
20
-4.1973659448818896
11
4.9311338582677164
21
-4.1973758267716539
0
LINE
8
BLACK
6
CONTINUOUS
10
5.076133858267716
20
-4.1961235039370077
11
5.0761768897637793
21
-4.1961171259842516
0
LINE
8
BLACK
6
CONTINUOUS
10
5.0761768897637793
20
-4.1961171259842516
11
5.0762505511811025
21
-4.1961349999999999
0
LINE
8
BLACK
6
CONTINUOUS
10
5.0762505511811025
20
-4.1961349999999999
11
5.0766094094488192
21
-4.1961703543307083
0
LINE
8
BLACK
6
CONTINUOUS
10
5.0766094094488192
20
-4.1961703543307083
11
5.0769112992125986
21
-4.1962953937007876
0
LINE
8
BLACK
6
CONTINUOUS
10
5.0769112992125986
20
-4.1962953937007876
11
5.0842485433070861
21
-4.1980765354330707
0
LINE
8
BLACK
6
CONTINUOUS
10
5.0842485433070861
20
-4.1980765354330707
11
5.0842910236220469
21
-4.198091692913386
0
LINE
8
BLACK
6
CONTINUOUS
10
5.0842910236220469
20
-4.198091692913386
11
5.0843122834645671
21
-4.1980932283464565
0
LINE
8
BLACK
6
CONTINUOUS
10
5.0843122834645671
20
-4.1980932283464565
11
5.0843598031496064
21
-4.1981162598425197
0
LINE
8
BLACK
6
CONTINUOUS
10
5.0843598031496064
20
-4.1981162598425197
11
5.084793661417323
21
-4.1982712992125979
0
LINE
8
BLACK
6
CONTINUOUS
10
5.084793661417323
20
-4.1982712992125979
11
5.0850106299212596
21
-4.1984320866141731
0
LINE
8
BLACK
6
CONTINUOUS
10
5.0850106299212596
20
-4.1984320866141731
11
5.0886024409448813
21
-4.2001748818897635
0
LINE
8
BLACK
6
CONTINUOUS
10
5.0886024409448813
20
-4.2001748818897635
11
5.0888503149606299
21
-4.2003309055118105
0
LINE
8
BLACK
6
CONTINUOUS
10
5.0888503149606299
20
-4.2003309055118105
11
5.0889223622047242
21
-4.2003607480314962
0
LINE
8
BLACK
6
CONTINUOUS
10
5.0889223622047242
20
-4.2003607480314962
11
5.0889664566929129
21
-4.2004039763779524
0
LINE
8
BLACK
6
CONTINUOUS
10
5.0889664566929129
20
-4.2004039763779524
11
5.0890923228346452
21
-4.2004832283464566
0
LINE
8
BLACK
6
CONTINUOUS
10
5.0890923228346452
20
-4.2004832283464566
11
5.0893491338582679
21
-4.2007793700787399
0
LINE
8
BLACK
6
CONTINUOUS
10
5.0893491338582679
20
-4.2007793700787399
11
5.0931194094488186
21
-4.2044775196850397
0
LINE
8
BLACK
6
CONTINUOUS
10
5.0931194094488186
20
-4.2044775196850397
11
5.093486653543307
21
-4.2049249606299215
0
LINE
8
BLACK
6
CONTINUOUS
10
5.093486653543307
20
-4.2049249606299215
11
5.0935272440944876
21
-4.2050229921259845
0
LINE
8
BLACK
6
CONTINUOUS
10
5.0935272440944876
20
-4.2050229921259845
11
5.0935967322834648
21
-4.2051031102362204
0
LINE
8
BLACK
6
CONTINUOUS
10
5.0935967322834648
20
-4.2051031102362204
11
5.0937717322834644
21
-4.2056132677165357
0
LINE
8
BLACK
6
CONTINUOUS
10
5.0937717322834644
20
-4.2056132677165357
11
5.0939275196850389
21
-4.2059893700787399
0
LINE
8
BLACK
6
CONTINUOUS
10
5.0939275196850389
20
-4.2059893700787399
11
5.0939275196850389
21
-4.2060673228346452
0
LINE
8
BLACK
6
CONTINUOUS
10
5.0939275196850389
20
-4.2060673228346452
11
5.0957074803149602
21
-4.2112559448818896
0
LINE
8
BLACK
6
CONTINUOUS
10
5.0957074803149602
20
-4.2112559448818896
11
5.0957724015748029
21
-4.2115415748031495
0
LINE
8
BLACK
6
CONTINUOUS
10
5.0957724015748029
20
-4.2115415748031495
11
5.0958022834645664
21
-4.2116136614173225
0
LINE
8
BLACK
6
CONTINUOUS
10
5.0958022834645664
20
-4.2116136614173225
11
5.0958030708661415
21
-4.2116764960629922
0
LINE
8
BLACK
6
CONTINUOUS
10
5.0958030708661415
20
-4.2116764960629922
11
5.095835826771653
21
-4.211820393700787
0
LINE
8
BLACK
6
CONTINUOUS
10
5.095835826771653
20
-4.211820393700787
11
5.0958097637795277
21
-4.2121865354330712
0
LINE
8
BLACK
6
CONTINUOUS
10
5.0958097637795277
20
-4.2121865354330712
11
5.0958590157480312
21
-4.2159392519685035
0
LINE
8
BLACK
6
CONTINUOUS
10
5.0958590157480312
20
-4.2159392519685035
11
5.0958302755905507
21
-4.2162308267716533
0
LINE
8
BLACK
6
CONTINUOUS
10
5.0958302755905507
20
-4.2162308267716533
11
5.095835826771653
21
-4.2163085826771649
0
LINE
8
BLACK
6
CONTINUOUS
10
5.095835826771653
20
-4.2163085826771649
11
5.0958168503937005
21
-4.2163671259842515
0
LINE
8
BLACK
6
CONTINUOUS
10
5.0958168503937005
20
-4.2163671259842515
11
5.0958022834645664
21
-4.2165153149606303
0
LINE
8
BLACK
6
CONTINUOUS
10
5.0958022834645664
20
-4.2165153149606303
11
5.0956496062992125
21
-4.2168838188976379
0
LINE
8
BLACK
6
CONTINUOUS
10
5.0956496062992125
20
-4.2168838188976379
11
5.0938327165354327
21
-4.2224972834645671
0
LINE
8
BLACK
6
CONTINUOUS
10
5.0938327165354327
20
-4.2224972834645671
11
5.0935967322834648
21
-4.2230258661417324
0
LINE
8
BLACK
6
CONTINUOUS
10
5.0935967322834648
20
-4.2230258661417324
11
5.093527165354331
21
-4.223106023622047
0
LINE
8
BLACK
6
CONTINUOUS
10
5.093527165354331
20
-4.223106023622047
11
5.0934866141732282
21
-4.2232040157480313
0
LINE
8
BLACK
6
CONTINUOUS
10
5.0934866141732282
20
-4.2232040157480313
11
5.0930498425196848
21
-4.2236563779527554
0
LINE
8
BLACK
6
CONTINUOUS
10
5.0930498425196848
20
-4.2236563779527554
11
5.0928418503937003
21
-4.2238962204724411
0
LINE
8
BLACK
6
CONTINUOUS
10
5.0928418503937003
20
-4.2238962204724411
11
5.0927963385826773
21
-4.2239189370078742
0
LINE
8
BLACK
6
CONTINUOUS
10
5.0927963385826773
20
-4.2239189370078742
11
5.0912445669291335
21
-4.2255262598425194
0
LINE
8
BLACK
6
CONTINUOUS
10
5.0912445669291335
20
-4.2255262598425194
11
5.0907971259842517
21
-4.225893464566929
0
LINE
8
BLACK
6
CONTINUOUS
10
5.0907971259842517
20
-4.225893464566929
11
5.0897327165354334
21
-4.2263343307086609
0
LINE
8
BLACK
6
CONTINUOUS
10
5.0897327165354334
20
-4.2263343307086609
11
5.0885806299212595
21
-4.2263343307086609
0
LINE
8
BLACK
6
CONTINUOUS
10
5.0885806299212595
20
-4.2263343307086609
11
5.0875162204724411
21
-4.2258934251968503
0
LINE
8
BLACK
6
CONTINUOUS
10
5.0875162204724411
20
-4.2258934251968503
11
5.0867015354330709
21
-4.2250787401574801
0
LINE
8
BLACK
6
CONTINUOUS
10
5.0867015354330709
20
-4.2250787401574801
11
5.0862606692913381
21
-4.2240143307086617
0
LINE
8
BLACK
6
CONTINUOUS
10
5.0862606692913381
20
-4.2240143307086617
11
5.0862606692913381
21
-4.2228622440944878
0
LINE
8
BLACK
6
CONTINUOUS
10
5.0862606692913381
20
-4.2228622440944878
11
5.0867015748031497
21
-4.2217978346456695
0
LINE
8
BLACK
6
CONTINUOUS
10
5.0867015748031497
20
-4.2217978346456695
11
5.0885142519685038
21
-4.2199202755905514
0
LINE
8
BLACK
6
CONTINUOUS
10
5.0885142519685038
20
-4.2199202755905514
11
5.0899948818897638
21
-4.2153457874015743
0
LINE
8
BLACK
6
CONTINUOUS
10
5.0899948818897638
20
-4.2153457874015743
11
5.0899580314960629
21
-4.2125355905511812
0
LINE
8
BLACK
6
CONTINUOUS
10
5.0899580314960629
20
-4.2125355905511812
11
5.0884281889763781
21
-4.2080761417322829
0
LINE
8
BLACK
6
CONTINUOUS
10
5.0884281889763781
20
-4.2080761417322829
11
5.0854468503937005
21
-4.2051518503937011
0
LINE
8
BLACK
6
CONTINUOUS
10
5.0854468503937005
20
-4.2051518503937011
11
5.0823047244094486
21
-4.203627204724409
0
LINE
8
BLACK
6
CONTINUOUS
10
5.0823047244094486
20
-4.203627204724409
11
5.0754888582677165
21
-4.2019726377952757
0
LINE
8
BLACK
6
CONTINUOUS
10
5.0754888582677165
20
-4.2019726377952757
11
5.0705765748031491
21
-4.2020175984251971
0
LINE
8
BLACK
6
CONTINUOUS
10
5.0705765748031491
20
-4.2020175984251971
11
5.0637486220472443
21
-4.2037742125984252
0
LINE
8
BLACK
6
CONTINUOUS
10
5.0637486220472443
20
-4.2037742125984252
11
5.0607905511811024
21
-4.2052974803149601
0
LINE
8
BLACK
6
CONTINUOUS
10
5.0607905511811024
20
-4.2052974803149601
11
5.0579248031496062
21
-4.2082190944881885
0
LINE
8
BLACK
6
CONTINUOUS
10
5.0579248031496062
20
-4.2082190944881885
11
5.0564475196850394
21
-4.2127831496062988
0
LINE
8
BLACK
6
CONTINUOUS
10
5.0564475196850394
20
-4.2127831496062988
11
5.0564843700787403
21
-4.2155933070866141
0
LINE
8
BLACK
6
CONTINUOUS
10
5.0564843700787403
20
-4.2155933070866141
11
5.0580066141732285
21
-4.2200306299212595
0
LINE
8
BLACK
6
CONTINUOUS
10
5.0580066141732285
20
-4.2200306299212595
11
5.0593736220472438
21
-4.2213503937007877
0
LINE
8
BLACK
6
CONTINUOUS
10
5.0593736220472438
20
-4.2213503937007877
11
5.0597408267716535
21
-4.2217978346456695
0
LINE
8
BLACK
6
CONTINUOUS
10
5.0597408267716535
20
-4.2217978346456695
11
5.0601817322834641
21
-4.2228622440944878
0
LINE
8
BLACK
6
CONTINUOUS
10
5.0601817322834641
20
-4.2228622440944878
11
5.0601817322834641
21
-4.2240143307086617
0
LINE
8
BLACK
6
CONTINUOUS
10
5.0601817322834641
20
-4.2240143307086617
11
5.0597408267716535
21
-4.2250787401574801
0
LINE
8
BLACK
6
CONTINUOUS
10
5.0597408267716535
20
-4.2250787401574801
11
5.0589261417322833
21
-4.2258934251968503
0
LINE
8
BLACK
6
CONTINUOUS
10
5.0589261417322833
20
-4.2258934251968503
11
5.057861732283464
21
-4.2263343307086609
0
LINE
8
BLACK
6
CONTINUOUS
10
5.057861732283464
20
-4.2263343307086609
11
5.056709645669291
21
-4.2263343307086609
0
LINE
8
BLACK
6
CONTINUOUS
10
5.056709645669291
20
-4.2263343307086609
11
5.0556452362204727
21
-4.2258934251968503
0
LINE
8
BLACK
6
CONTINUOUS
10
5.0556452362204727
20
-4.2258934251968503
11
5.0533230314960624
21
-4.2236514566929131
0
LINE
8
BLACK
6
CONTINUOUS
10
5.0533230314960624
20
-4.2236514566929131
11
5.0529558267716537
21
-4.2232040157480313
0
LINE
8
BLACK
6
CONTINUOUS
10
5.0529558267716537
20
-4.2232040157480313
11
5.0529151968503934
21
-4.2231059448818895
0
LINE
8
BLACK
6
CONTINUOUS
10
5.0529151968503934
20
-4.2231059448818895
11
5.0528457086614171
21
-4.2230258267716536
0
LINE
8
BLACK
6
CONTINUOUS
10
5.0528457086614171
20
-4.2230258267716536
11
5.05267062992126
21
-4.2225155118110234
0
LINE
8
BLACK
6
CONTINUOUS
10
5.05267062992126
20
-4.2225155118110234
11
5.0525149212598421
21
-4.2221395669291342
0
LINE
8
BLACK
6
CONTINUOUS
10
5.0525149212598421
20
-4.2221395669291342
11
5.0525149212598421
21
-4.2220615748031491
0
LINE
8
BLACK
6
CONTINUOUS
10
5.0525149212598421
20
-4.2220615748031491
11
5.0507349606299208
21
-4.2168729921259844
0
LINE
8
BLACK
6
CONTINUOUS
10
5.0507349606299208
20
-4.2168729921259844
11
5.0506700000000002
21
-4.2165874015748033
0
LINE
8
BLACK
6
CONTINUOUS
10
5.0506700000000002
20
-4.2165874015748033
11
5.0506401574803146
21
-4.2165153149606303
0
LINE
8
BLACK
6
CONTINUOUS
10
5.0506401574803146
20
-4.2165153149606303
11
5.0506393307086617
21
-4.2164524015748031
0
LINE
8
BLACK
6
CONTINUOUS
10
5.0506393307086617
20
-4.2164524015748031
11
5.050606614173228
21
-4.2163085433070862
0
LINE
8
BLACK
6
CONTINUOUS
10
5.050606614173228
20
-4.2163085433070862
11
5.0506326377952755
21
-4.2159423622047241
0
LINE
8
BLACK
6
CONTINUOUS
10
5.0506326377952755
20
-4.2159423622047241
11
5.0505834251968507
21
-4.2121897244094484
0
LINE
8
BLACK
6
CONTINUOUS
10
5.0505834251968507
20
-4.2121897244094484
11
5.0506121259842516
21
-4.2118981496062995
0
LINE
8
BLACK
6
CONTINUOUS
10
5.0506121259842516
20
-4.2118981496062995
11
5.050606614173228
21
-4.2118204330708657
0
LINE
8
BLACK
6
CONTINUOUS
10
5.050606614173228
20
-4.2118204330708657
11
5.0506255511811027
21
-4.2117618897637792
0
LINE
8
BLACK
6
CONTINUOUS
10
5.0506255511811027
20
-4.2117618897637792
11
5.0506401574803146
21
-4.2116136614173225
0
LINE
8
BLACK
6
CONTINUOUS
10
5.0506401574803146
20
-4.2116136614173225
11
5.0507928346456694
21
-4.2112449999999999
0
LINE
8
BLACK
6
CONTINUOUS
10
5.0507928346456694
20
-4.2112449999999999
11
5.0526097244094483
21
-4.2056316929133857
0
LINE
8
BLACK
6
CONTINUOUS
10
5.0526097244094483
20
-4.2056316929133857
11
5.0528457086614171
21
-4.2051031496062992
0
LINE
8
BLACK
6
CONTINUOUS
10
5.0528457086614171
20
-4.2051031496062992
11
5.0529151968503934
21
-4.2050229921259845
0
LINE
8
BLACK
6
CONTINUOUS
10
5.0529151968503934
20
-4.2050229921259845
11
5.0529558267716537
21
-4.2049249606299215
0
LINE
8
BLACK
6
CONTINUOUS
10
5.0529558267716537
20
-4.2049249606299215
11
5.0533396062992129
21
-4.2045336614173223
0
LINE
8
BLACK
6
CONTINUOUS
10
5.0533396062992129
20
-4.2045336614173223
11
5.0536005905511807
21
-4.2042327952755905
0
LINE
8
BLACK
6
CONTINUOUS
10
5.0536005905511807
20
-4.2042327952755905
11
5.0536676377952752
21
-4.2041992519685039
0
LINE
8
BLACK
6
CONTINUOUS
10
5.0536676377952752
20
-4.2041992519685039
11
5.0570725590551184
21
-4.2007279921259846
0
LINE
8
BLACK
6
CONTINUOUS
10
5.0570725590551184
20
-4.2007279921259846
11
5.0572989370078743
21
-4.2005421259842519
0
LINE
8
BLACK
6
CONTINUOUS
10
5.0572989370078743
20
-4.2005421259842519
11
5.0573500787401571
21
-4.2004832283464566
0
LINE
8
BLACK
6
CONTINUOUS
10
5.0573500787401571
20
-4.2004832283464566
11
5.0574055905511806
21
-4.2004546062992123
0
LINE
8
BLACK
6
CONTINUOUS
10
5.0574055905511806
20
-4.2004546062992123
11
5.0575200000000002
21
-4.2003607480314962
0
LINE
8
BLACK
6
CONTINUOUS
10
5.0575200000000002
20
-4.2003607480314962
11
5.0578670472440947
21
-4.2002169685039368
0
LINE
8
BLACK
6
CONTINUOUS
10
5.0578670472440947
20
-4.2002169685039368
11
5.061589488188976
21
-4.198300118110236
0
LINE
8
BLACK
6
CONTINUOUS
10
5.061589488188976
20
-4.198300118110236
11
5.0616315748031493
21
-4.1982839763779527
0
LINE
8
BLACK
6
CONTINUOUS
10
5.0616315748031493
20
-4.1982839763779527
11
5.0616487401574801
21
-4.1982712992125979
0
LINE
8
BLACK
6
CONTINUOUS
10
5.0616487401574801
20
-4.1982712992125979
11
5.0616976771653546
21
-4.1982587007874015
0
LINE
8
BLACK
6
CONTINUOUS
10
5.0616976771653546
20
-4.1982587007874015
11
5.0621300787401573
21
-4.1980932283464565
0
LINE
8
BLACK
6
CONTINUOUS
10
5.0621300787401573
20
-4.1980932283464565
11
5.0624212992125983
21
-4.1980725196850397
0
LINE
8
BLACK
6
CONTINUOUS
10
5.0624212992125983
20
-4.1980725196850397
11
5.0696929133858264
21
-4.1962017716535431
0
LINE
8
BLACK
6
CONTINUOUS
10
5.0696929133858264
20
-4.1962017716535431
11
5.069792755905512
21
-4.1961869685039366
0
LINE
8
BLACK
6
CONTINUOUS
10
5.069792755905512
20
-4.1961869685039366
11
5.0698329921259839
21
-4.1961703543307083
0
LINE
8
BLACK
6
CONTINUOUS
10
5.0698329921259839
20
-4.1961703543307083
11
5.0699101968503939
21
-4.1961696456692916
0
LINE
8
BLACK
6
CONTINUOUS
10
5.0699101968503939
20
-4.1961696456692916
11
5.0702655118110238
21
-4.1961171259842516
0
LINE
8
BLACK
6
CONTINUOUS
10
5.0702655118110238
20
-4.1961171259842516
11
5.0705774409448816
21
-4.196163503937008
0
LINE
8
BLACK
6
CONTINUOUS
10
5.0705774409448816
20
-4.196163503937008
11
5.0760333464566925
21
-4.1961136220472444
0
LINE
8
BLACK
6
CONTINUOUS
10
5.0760333464566925
20
-4.1961136220472444
11
5.076133858267716
21
-4.1961235039370077
0
LINE
8
BLACK
6
CONTINUOUS
10
5.4174183070866144
20
-3.7709077559055117
11
5.4347040551181101
21
-3.7731834645669289
0
LINE
8
BLACK
6
CONTINUOUS
10
5.4347040551181101
20
-3.7731834645669289
11
5.4517257086614173
21
-3.7769570472440943
0
LINE
8
BLACK
6
CONTINUOUS
10
5.4517257086614173
20
-3.7769570472440943
11
5.4683536614173232
21
-3.782199842519685
0
LINE
8
BLACK
6
CONTINUOUS
10
5.4683536614173232
20
-3.782199842519685
11
5.4844614173228345
21
-3.7888718897637794
0
LINE
8
BLACK
6
CONTINUOUS
10
5.4844614173228345
20
-3.7888718897637794
11
5.4999263779527556
21
-3.7969224409448818
0
LINE
8
BLACK
6
CONTINUOUS
10
5.4999263779527556
20
-3.7969224409448818
11
5.5146308267716533
21
-3.8062901968503935
0
LINE
8
BLACK
6
CONTINUOUS
10
5.5146308267716533
20
-3.8062901968503935
11
5.528462874015748
21
-3.8169038976377951
0
LINE
8
BLACK
6
CONTINUOUS
10
5.528462874015748
20
-3.8169038976377951
11
5.541317244094488
21
-3.8286827559055117
0
LINE
8
BLACK
6
CONTINUOUS
10
5.541317244094488
20
-3.8286827559055117
11
5.553096102362205
21
-3.8415371259842517
0
LINE
8
BLACK
6
CONTINUOUS
10
5.553096102362205
20
-3.8415371259842517
11
5.5637098031496066
21
-3.8553691732283464
0
LINE
8
BLACK
6
CONTINUOUS
10
5.5637098031496066
20
-3.8553691732283464
11
5.5730775590551183
21
-3.870073622047244
0
LINE
8
BLACK
6
CONTINUOUS
10
5.5730775590551183
20
-3.870073622047244
11
5.5811281102362207
21
-3.8855385826771651
0
LINE
8
BLACK
6
CONTINUOUS
10
5.5811281102362207
20
-3.8855385826771651
11
5.5878001574803147
21
-3.901646338582677
0
LINE
8
BLACK
6
CONTINUOUS
10
5.5878001574803147
20
-3.901646338582677
11
5.5930429527559058
21
-3.9182742913385824
0
LINE
8
BLACK
6
CONTINUOUS
10
5.5930429527559058
20
-3.9182742913385824
11
5.5968165354330708
21
-3.9352959448818896
0
LINE
8
BLACK
6
CONTINUOUS
10
5.5968165354330708
20
-3.9352959448818896
11
5.5990922440944884
21
-3.9525816929133857
0
LINE
8
BLACK
6
CONTINUOUS
10
5.5990922440944884
20
-3.9525816929133857
11
5.5998527559055118
21
-3.9699999999999998
0
LINE
8
BLACK
6
CONTINUOUS
10
5.5998527559055118
20
-3.9699999999999998
11
5.5990922440944884
21
-3.9874183070866143
0
LINE
8
BLACK
6
CONTINUOUS
10
5.5990922440944884
20
-3.9874183070866143
11
5.5968165354330708
21
-4.0047040551181103
0
LINE
8
BLACK
6
CONTINUOUS
10
5.5968165354330708
20
-4.0047040551181103
11
5.5930429527559058
21
-4.0217257086614175
0
LINE
8
BLACK
6
CONTINUOUS
10
5.5930429527559058
20
-4.0217257086614175
11
5.5878001574803147
21
-4.0383536614173225
0
LINE
8
BLACK
6
CONTINUOUS
10
5.5878001574803147
20
-4.0383536614173225
11
5.5811281102362207
21
-4.0544614173228348
0
LINE
8
BLACK
6
CONTINUOUS
10
5.5811281102362207
20
-4.0544614173228348
11
5.5730775590551183
21
-4.0699263779527559
0
LINE
8
BLACK
6
CONTINUOUS
10
5.5730775590551183
20
-4.0699263779527559
11
5.5637098031496066
21
-4.0846308267716536
0
LINE
8
BLACK
6
CONTINUOUS
10
5.5637098031496066
20
-4.0846308267716536
11
5.553096102362205
21
-4.0984628740157483
0
LINE
8
BLACK
6
CONTINUOUS
10
5.553096102362205
20
-4.0984628740157483
11
5.541317244094488
21
-4.1113172440944883
0
LINE
8
BLACK
6
CONTINUOUS
10
5.541317244094488
20
-4.1113172440944883
11
5.528462874015748
21
-4.1230961023622044
0
LINE
8
BLACK
6
CONTINUOUS
10
5.528462874015748
20
-4.1230961023622044
11
5.5146308267716533
21
-4.133709803149606
0
LINE
8
BLACK
6
CONTINUOUS
10
5.5146308267716533
20
-4.133709803149606
11
5.4999263779527556
21
-4.1430775590551177
0
LINE
8
BLACK
6
CONTINUOUS
10
5.4999263779527556
20
-4.1430775590551177
11
5.4844614173228345
21
-4.1511281102362201
0
LINE
8
BLACK
6
CONTINUOUS
10
5.4844614173228345
20
-4.1511281102362201
11
5.4683536614173232
21
-4.157800157480315
0
LINE
8
BLACK
6
CONTINUOUS
10
5.4683536614173232
20
-4.157800157480315
11
5.4517257086614173
21
-4.1630429527559052
0
LINE
8
BLACK
6
CONTINUOUS
10
5.4517257086614173
20
-4.1630429527559052
11
5.4347040551181101
21
-4.1668165354330711
0
LINE
8
BLACK
6
CONTINUOUS
10
5.4347040551181101
20
-4.1668165354330711
11
5.4174183070866144
21
-4.1690922440944878
0
LINE
8
BLACK
6
CONTINUOUS
10
5.4174183070866144
20
-4.1690922440944878
11
5.3999999999999995
21
-4.1698527559055121
0
LINE
8
BLACK
6
CONTINUOUS
10
5.3999999999999995
20
-4.1698527559055121
11
5.3825816929133854
21
-4.1690922440944878
0
LINE
8
BLACK
6
CONTINUOUS
10
5.3825816929133854
20
-4.1690922440944878
11
5.3652959448818898
21
-4.1668165354330711
0
LINE
8
BLACK
6
CONTINUOUS
10
5.3652959448818898
20
-4.1668165354330711
11
5.3482742913385826
21
-4.1630429527559052
0
LINE
8
BLACK
6
CONTINUOUS
10
5.3482742913385826
20
-4.1630429527559052
11
5.3316463385826767
21
-4.157800157480315
0
LINE
8
BLACK
6
CONTINUOUS
10
5.3316463385826767
20
-4.157800157480315
11
5.3155385826771653
21
-4.1511281102362201
0
LINE
8
BLACK
6
CONTINUOUS
10
5.3155385826771653
20
-4.1511281102362201
11
5.3000736220472442
21
-4.1430775590551177
0
LINE
8
BLACK
6
CONTINUOUS
10
5.3000736220472442
20
-4.1430775590551177
11
5.2853691732283465
21
-4.133709803149606
0
LINE
8
BLACK
6
CONTINUOUS
10
5.2853691732283465
20
-4.133709803149606
11
5.2715371259842518
21
-4.1230961023622044
0
LINE
8
BLACK
6
CONTINUOUS
10
5.2715371259842518
20
-4.1230961023622044
11
5.2586827559055118
21
-4.1113172440944883
0
LINE
8
BLACK
6
CONTINUOUS
10
5.2586827559055118
20
-4.1113172440944883
11
5.2469038976377949
21
-4.0984628740157483
0
LINE
8
BLACK
6
CONTINUOUS
10
5.2469038976377949
20
-4.0984628740157483
11
5.2362901968503932
21
-4.0846308267716536
0
LINE
8
BLACK
6
CONTINUOUS
10
5.2362901968503932
20
-4.0846308267716536
11
5.2269224409448816
21
-4.0699263779527559
0
LINE
8
BLACK
6
CONTINUOUS
10
5.2269224409448816
20
-4.0699263779527559
11
5.2188718897637791
21
-4.0544614173228348
0
LINE
8
BLACK
6
CONTINUOUS
10
5.2188718897637791
20
-4.0544614173228348
11
5.2121998425196852
21
-4.0383536614173225
0
LINE
8
BLACK
6
CONTINUOUS
10
5.2121998425196852
20
-4.0383536614173225
11
5.206957047244094
21
-4.0217257086614175
0
LINE
8
BLACK
6
CONTINUOUS
10
5.206957047244094
20
-4.0217257086614175
11
5.203183464566929
21
-4.0047040551181103
0
LINE
8
BLACK
6
CONTINUOUS
10
5.203183464566929
20
-4.0047040551181103
11
5.2009077559055115
21
-3.9874183070866143
0
LINE
8
BLACK
6
CONTINUOUS
10
5.2009077559055115
20
-3.9874183070866143
11
5.200147244094488
21
-3.9699999999999998
0
LINE
8
BLACK
6
CONTINUOUS
10
5.200147244094488
20
-3.9699999999999998
11
5.2009077559055115
21
-3.9525816929133857
0
LINE
8
BLACK
6
CONTINUOUS
10
5.2009077559055115
20
-3.9525816929133857
11
5.203183464566929
21
-3.9352959448818896
0
LINE
8
BLACK
6
CONTINUOUS
10
5.203183464566929
20
-3.9352959448818896
11
5.206957047244094
21
-3.9182742913385824
0
LINE
8
BLACK
6
CONTINUOUS
10
5.206957047244094
20
-3.9182742913385824
11
5.2121998425196852
21
-3.901646338582677
0
LINE
8
BLACK
6
CONTINUOUS
10
5.2121998425196852
20
-3.901646338582677
11
5.2188718897637791
21
-3.8855385826771651
0
LINE
8
BLACK
6
CONTINUOUS
10
5.2188718897637791
20
-3.8855385826771651
11
5.2269224409448816
21
-3.870073622047244
0
LINE
8
BLACK
6
CONTINUOUS
10
5.2269224409448816
20
-3.870073622047244
11
5.2362901968503932
21
-3.8553691732283464
0
LINE
8
BLACK
6
CONTINUOUS
10
5.2362901968503932
20
-3.8553691732283464
11
5.2469038976377949
21
-3.8415371259842517
0
LINE
8
BLACK
6
CONTINUOUS
10
5.2469038976377949
20
-3.8415371259842517
11
5.2586827559055118
21
-3.8286827559055117
0
LINE
8
BLACK
6
CONTINUOUS
10
5.2586827559055118
20
-3.8286827559055117
11
5.2715371259842518
21
-3.8169038976377951
0
LINE
8
BLACK
6
CONTINUOUS
10
5.2715371259842518
20
-3.8169038976377951
11
5.2853691732283465
21
-3.8062901968503935
0
LINE
8
BLACK
6
CONTINUOUS
10
5.2853691732283465
20
-3.8062901968503935
11
5.3000736220472442
21
-3.7969224409448818
0
LINE
8
BLACK
6
CONTINUOUS
10
5.3000736220472442
20
-3.7969224409448818
11
5.3155385826771653
21
-3.7888718897637794
0
LINE
8
BLACK
6
CONTINUOUS
10
5.3155385826771653
20
-3.7888718897637794
11
5.3316463385826767
21
-3.782199842519685
0
LINE
8
BLACK
6
CONTINUOUS
10
5.3316463385826767
20
-3.782199842519685
11
5.3482742913385826
21
-3.7769570472440943
0
LINE
8
BLACK
6
CONTINUOUS
10
5.3482742913385826
20
-3.7769570472440943
11
5.3652959448818898
21
-3.7731834645669289
0
LINE
8
BLACK
6
CONTINUOUS
10
5.3652959448818898
20
-3.7731834645669289
11
5.3825816929133854
21
-3.7709077559055117
0
LINE
8
BLACK
6
CONTINUOUS
10
5.3825816929133854
20
-3.7709077559055117
11
5.3999999999999995
21
-3.7701472440944883
0
LINE
8
BLACK
6
CONTINUOUS
10
5.3999999999999995
20
-3.7701472440944883
11
5.4174183070866144
21
-3.7709077559055117
0
LINE
8
BLACK
6
CONTINUOUS
10
5.2066388582677163
20
-3.9874028346456694
11
5.2089772440944877
21
-4.0046655118110239
0
LINE
8
BLACK
6
CONTINUOUS
10
5.2089772440944877
20
-4.0046655118110239
11
5.2128536220472439
21
-4.0216491338582676
0
LINE
8
BLACK
6
CONTINUOUS
10
5.2128536220472439
20
-4.0216491338582676
11
5.2182368110236217
21
-4.0382168503937006
0
LINE
8
BLACK
6
CONTINUOUS
10
5.2182368110236217
20
-4.0382168503937006
11
5.2250834645669286
21
-4.0542353543307081
0
LINE
8
BLACK
6
CONTINUOUS
10
5.2250834645669286
20
-4.0542353543307081
11
5.23333842519685
21
-4.0695756692913383
0
LINE
8
BLACK
6
CONTINUOUS
10
5.23333842519685
20
-4.0695756692913383
11
5.2429352362204726
21
-4.0841142125984247
0
LINE
8
BLACK
6
CONTINUOUS
10
5.2429352362204726
20
-4.0841142125984247
11
5.2537966535433069
21
-4.0977340157480313
0
LINE
8
BLACK
6
CONTINUOUS
10
5.2537966535433069
20
-4.0977340157480313
11
5.2658352362204726
21
-4.1103253543307083
0
LINE
8
BLACK
6
CONTINUOUS
10
5.2658352362204726
20
-4.1103253543307083
11
5.278954015748031
21
-4.1217868897637793
0
LINE
8
BLACK
6
CONTINUOUS
10
5.278954015748031
20
-4.1217868897637793
11
5.2930473622047245
21
-4.1320262992125985
0
LINE
8
BLACK
6
CONTINUOUS
10
5.2930473622047245
20
-4.1320262992125985
11
5.3080018503937003
21
-4.1409612204724411
0
LINE
8
BLACK
6
CONTINUOUS
10
5.3080018503937003
20
-4.1409612204724411
11
5.3236970472440941
21
-4.1485196062992129
0
LINE
8
BLACK
6
CONTINUOUS
10
5.3236970472440941
20
-4.1485196062992129
11
5.3400066141732285
21
-4.1546407086614172
0
LINE
8
BLACK
6
CONTINUOUS
10
5.3400066141732285
20
-4.1546407086614172
11
5.356799173228346
21
-4.1592751574803151
0
LINE
8
BLACK
6
CONTINUOUS
10
5.356799173228346
20
-4.1592751574803151
11
5.3739396062992126
21
-4.1623856692913384
0
LINE
8
BLACK
6
CONTINUOUS
10
5.3739396062992126
20
-4.1623856692913384
11
5.3912898031496059
21
-4.163947244094488
0
LINE
8
BLACK
6
CONTINUOUS
10
5.3912898031496059
20
-4.163947244094488
11
5.4087101968503939
21
-4.163947244094488
0
LINE
8
BLACK
6
CONTINUOUS
10
5.4087101968503939
20
-4.163947244094488
11
5.4260603937007872
21
-4.1623856692913384
0
LINE
8
BLACK
6
CONTINUOUS
10
5.4260603937007872
20
-4.1623856692913384
11
5.4432008267716538
21
-4.1592751574803151
0
LINE
8
BLACK
6
CONTINUOUS
10
5.4432008267716538
20
-4.1592751574803151
11
5.4599933858267713
21
-4.1546407086614172
0
LINE
8
BLACK
6
CONTINUOUS
10
5.4599933858267713
20
-4.1546407086614172
11
5.4763029527559057
21
-4.1485196062992129
0
LINE
8
BLACK
6
CONTINUOUS
10
5.4763029527559057
20
-4.1485196062992129
11
5.4919981496062995
21
-4.1409612204724411
0
LINE
8
BLACK
6
CONTINUOUS
10
5.4919981496062995
20
-4.1409612204724411
11
5.5069526377952753
21
-4.1320262992125985
0
LINE
8
BLACK
6
CONTINUOUS
10
5.5069526377952753
20
-4.1320262992125985
11
5.5210459842519688
21
-4.1217868897637793
0
LINE
8
BLACK
6
CONTINUOUS
10
5.5210459842519688
20
-4.1217868897637793
11
5.5341647637795273
21
-4.1103253543307083
0
LINE
8
BLACK
6
CONTINUOUS
10
5.5341647637795273
20
-4.1103253543307083
11
5.5462033464566929
21
-4.0977340157480313
0
LINE
8
BLACK
6
CONTINUOUS
10
5.5462033464566929
20
-4.0977340157480313
11
5.5570647637795272
21
-4.0841142125984247
0
LINE
8
BLACK
6
CONTINUOUS
10
5.5570647637795272
20
-4.0841142125984247
11
5.5666615748031498
21
-4.0695756692913383
0
LINE
8
BLACK
6
CONTINUOUS
10
5.5666615748031498
20
-4.0695756692913383
11
5.5749165354330703
21
-4.0542353543307081
0
LINE
8
BLACK
6
CONTINUOUS
10
5.5749165354330703
20
-4.0542353543307081
11
5.5817631889763781
21
-4.0382168503937006
0
LINE
8
BLACK
6
CONTINUOUS
10
5.5817631889763781
20
-4.0382168503937006
11
5.5871463779527559
21
-4.0216491338582676
0
LINE
8
BLACK
6
CONTINUOUS
10
5.5871463779527559
20
-4.0216491338582676
11
5.5910227559055121
21
-4.0046655118110239
0
LINE
8
BLACK
6
CONTINUOUS
10
5.5910227559055121
20
-4.0046655118110239
11
5.5933611417322835
21
-3.9874028346456694
0
LINE
8
BLACK
6
CONTINUOUS
10
5.5933611417322835
20
-3.9874028346456694
11
5.5941427165354334
21
-3.9699999999999998
0
LINE
8
BLACK
6
CONTINUOUS
10
5.5941427165354334
20
-3.9699999999999998
11
5.5933611417322835
21
-3.9525971653543306
0
LINE
8
BLACK
6
CONTINUOUS
10
5.5933611417322835
20
-3.9525971653543306
11
5.5910227559055121
21
-3.9353344881889765
0
LINE
8
BLACK
6
CONTINUOUS
10
5.5910227559055121
20
-3.9353344881889765
11
5.5871463779527559
21
-3.9183508661417323
0
LINE
8
BLACK
6
CONTINUOUS
10
5.5871463779527559
20
-3.9183508661417323
11
5.5817631889763781
21
-3.9017831496062989
0
LINE
8
BLACK
6
CONTINUOUS
10
5.5817631889763781
20
-3.9017831496062989
11
5.5749165354330703
21
-3.8857646456692914
0
LINE
8
BLACK
6
CONTINUOUS
10
5.5749165354330703
20
-3.8857646456692914
11
5.5666615748031498
21
-3.8704243307086612
0
LINE
8
BLACK
6
CONTINUOUS
10
5.5666615748031498
20
-3.8704243307086612
11
5.5570647637795272
21
-3.8558857874015748
0
LINE
8
BLACK
6
CONTINUOUS
10
5.5570647637795272
20
-3.8558857874015748
11
5.5462033464566929
21
-3.8422659842519686
0
LINE
8
BLACK
6
CONTINUOUS
10
5.5462033464566929
20
-3.8422659842519686
11
5.5341647637795273
21
-3.8296746456692912
0
LINE
8
BLACK
6
CONTINUOUS
10
5.5341647637795273
20
-3.8296746456692912
11
5.5210459842519688
21
-3.8182131102362202
0
LINE
8
BLACK
6
CONTINUOUS
10
5.5210459842519688
20
-3.8182131102362202
11
5.5069526377952753
21
-3.8079737007874015
0
LINE
8
BLACK
6
CONTINUOUS
10
5.5069526377952753
20
-3.8079737007874015
11
5.4919981496062995
21
-3.7990387795275589
0
LINE
8
BLACK
6
CONTINUOUS
10
5.4919981496062995
20
-3.7990387795275589
11
5.4763029527559057
21
-3.7914803937007875
0
LINE
8
BLACK
6
CONTINUOUS
10
5.4763029527559057
20
-3.7914803937007875
11
5.4599933858267713
21
-3.7853592913385827
0
LINE
8
BLACK
6
CONTINUOUS
10
5.4599933858267713
20
-3.7853592913385827
11
5.4432008267716538
21
-3.7807248425196849
0
LINE
8
BLACK
6
CONTINUOUS
10
5.4432008267716538
20
-3.7807248425196849
11
5.4260603937007872
21
-3.7776143307086612
0
LINE
8
BLACK
6
CONTINUOUS
10
5.4260603937007872
20
-3.7776143307086612
11
5.4087101968503939
21
-3.7760527559055119
0
LINE
8
BLACK
6
CONTINUOUS
10
5.4087101968503939
20
-3.7760527559055119
11
5.3912898031496059
21
-3.7760527559055119
0
LINE
8
BLACK
6
CONTINUOUS
10
5.3912898031496059
20
-3.7760527559055119
11
5.3739396062992126
21
-3.7776143307086612
0
LINE
8
BLACK
6
CONTINUOUS
10
5.3739396062992126
20
-3.7776143307086612
11
5.356799173228346
21
-3.7807248425196849
0
LINE
8
BLACK
6
CONTINUOUS
10
5.356799173228346
20
-3.7807248425196849
11
5.3400066141732285
21
-3.7853592913385827
0
LINE
8
BLACK
6
CONTINUOUS
10
5.3400066141732285
20
-3.7853592913385827
11
5.3236970472440941
21
-3.7914803937007875
0
LINE
8
BLACK
6
CONTINUOUS
10
5.3236970472440941
20
-3.7914803937007875
11
5.3080018503937003
21
-3.7990387795275589
0
LINE
8
BLACK
6
CONTINUOUS
10
5.3080018503937003
20
-3.7990387795275589
11
5.2930473622047245
21
-3.8079737007874015
0
LINE
8
BLACK
6
CONTINUOUS
10
5.2930473622047245
20
-3.8079737007874015
11
5.278954015748031
21
-3.8182131102362202
0
LINE
8
BLACK
6
CONTINUOUS
10
5.278954015748031
20
-3.8182131102362202
11
5.2658352362204726
21
-3.8296746456692912
0
LINE
8
BLACK
6
CONTINUOUS
10
5.2658352362204726
20
-3.8296746456692912
11
5.2537966535433069
21
-3.8422659842519686
0
LINE
8
BLACK
6
CONTINUOUS
10
5.2537966535433069
20
-3.8422659842519686
11
5.2429352362204726
21
-3.8558857874015748
0
LINE
8
BLACK
6
CONTINUOUS
10
5.2429352362204726
20
-3.8558857874015748
11
5.23333842519685
21
-3.8704243307086612
0
LINE
8
BLACK
6
CONTINUOUS
10
5.23333842519685
20
-3.8704243307086612
11
5.2250834645669286
21
-3.8857646456692914
0
LINE
8
BLACK
6
CONTINUOUS
10
5.2250834645669286
20
-3.8857646456692914
11
5.2182368110236217
21
-3.9017831496062989
0
LINE
8
BLACK
6
CONTINUOUS
10
5.2182368110236217
20
-3.9017831496062989
11
5.2128536220472439
21
-3.9183508661417323
0
LINE
8
BLACK
6
CONTINUOUS
10
5.2128536220472439
20
-3.9183508661417323
11
5.2089772440944877
21
-3.9353344881889765
0
LINE
8
BLACK
6
CONTINUOUS
10
5.2089772440944877
20
-3.9353344881889765
11
5.2066388582677163
21
-3.9525971653543306
0
LINE
8
BLACK
6
CONTINUOUS
10
5.2066388582677163
20
-3.9525971653543306
11
5.2058572834645664
21
-3.9699999999999998
0
LINE
8
BLACK
6
CONTINUOUS
10
5.2058572834645664
20
-3.9699999999999998
11
5.2066388582677163
21
-3.9874028346456694
0
LINE
8
BLACK
6
CONTINUOUS
10
5.5974760629921256
20
-3.7309039763779528
11
5.5985404724409449
21
-3.7313448818897639
0
LINE
8
BLACK
6
CONTINUOUS
10
5.5985404724409449
20
-3.7313448818897639
11
5.6382879133858266
21
-3.771012086614173
0
LINE
8
BLACK
6
CONTINUOUS
10
5.6382879133858266
20
-3.771012086614173
11
5.6386551181102362
21
-3.7714595275590552
0
LINE
8
BLACK
6
CONTINUOUS
10
5.6386551181102362
20
-3.7714595275590552
11
5.6390960236220469
21
-3.772523937007874
0
LINE
8
BLACK
6
CONTINUOUS
10
5.6390960236220469
20
-3.772523937007874
11
5.6391527559055117
21
-4.1669
0
LINE
8
BLACK
6
CONTINUOUS
10
5.6391527559055117
20
-4.1669
11
5.6390960236220469
21
-4.1674760236220472
0
LINE
8
BLACK
6
CONTINUOUS
10
5.6390960236220469
20
-4.1674760236220472
11
5.6390960236220469
21
-4.1674760629921259
0
LINE
8
BLACK
6
CONTINUOUS
10
5.6390960236220469
20
-4.1674760629921259
11
5.6386551181102362
21
-4.1685404724409452
0
LINE
8
BLACK
6
CONTINUOUS
10
5.6386551181102362
20
-4.1685404724409452
11
5.5989879133858267
21
-4.2082879133858269
0
LINE
8
BLACK
6
CONTINUOUS
10
5.5989879133858267
20
-4.2082879133858269
11
5.5985404724409449
21
-4.2086551181102365
0
LINE
8
BLACK
6
CONTINUOUS
10
5.5985404724409449
20
-4.2086551181102365
11
5.5974760629921256
21
-4.2090960236220472
0
LINE
8
BLACK
6
CONTINUOUS
10
5.5974760629921256
20
-4.2090960236220472
11
5.2031000000000001
21
-4.209152755905512
0
LINE
8
BLACK
6
CONTINUOUS
10
5.2031000000000001
20
-4.209152755905512
11
5.2025239370078742
21
-4.2090960236220472
0
LINE
8
BLACK
6
CONTINUOUS
10
5.2025239370078742
20
-4.2090960236220472
11
5.2014595275590549
21
-4.2086551181102365
0
LINE
8
BLACK
6
CONTINUOUS
10
5.2014595275590549
20
-4.2086551181102365
11
5.1617120866141732
21
-4.168987913385827
0
LINE
8
BLACK
6
CONTINUOUS
10
5.1617120866141732
20
-4.168987913385827
11
5.1613448818897636
21
-4.1685404724409452
0
LINE
8
BLACK
6
CONTINUOUS
10
5.1613448818897636
20
-4.1685404724409452
11
5.160903976377953
21
-4.1674760236220472
0
LINE
8
BLACK
6
CONTINUOUS
10
5.160903976377953
20
-4.1674760236220472
11
5.1608472440944881
21
-3.7730999999999999
0
LINE
8
BLACK
6
CONTINUOUS
10
5.1608472440944881
20
-3.7730999999999999
11
5.160903976377953
21
-3.772523937007874
0
LINE
8
BLACK
6
CONTINUOUS
10
5.160903976377953
20
-3.772523937007874
11
5.1613448818897636
21
-3.7714595275590552
0
LINE
8
BLACK
6
CONTINUOUS
10
5.1613448818897636
20
-3.7714595275590552
11
5.2010120866141731
21
-3.7317120866141731
0
LINE
8
BLACK
6
CONTINUOUS
10
5.2010120866141731
20
-3.7317120866141731
11
5.2014595275590549
21
-3.7313448818897639
0
LINE
8
BLACK
6
CONTINUOUS
10
5.2014595275590549
20
-3.7313448818897639
11
5.2025239370078742
21
-3.7309039763779528
0
LINE
8
BLACK
6
CONTINUOUS
10
5.2025239370078742
20
-3.7309039763779528
11
5.3999999999999995
21
-3.730847244094488
0
LINE
8
BLACK
6
CONTINUOUS
10
5.3999999999999995
20
-3.730847244094488
11
5.4005726771653544
21
-3.730903622047244
0
LINE
8
BLACK
6
CONTINUOUS
10
5.4005726771653544
20
-3.730903622047244
11
5.5968999999999998
21
-3.730847244094488
0
LINE
8
BLACK
6
CONTINUOUS
10
5.5968999999999998
20
-3.730847244094488
11
5.5974760629921256
21
-3.7309039763779528
0
LINE
8
BLACK
6
CONTINUOUS
10
5.2042457874015744
20
-3.7367524015748033
11
5.1666962598425199
21
-3.7743778740157481
0
LINE
8
BLACK
6
CONTINUOUS
10
5.1666962598425199
20
-3.7743778740157481
11
5.1667525590551184
21
-4.1657543307086611
0
LINE
8
BLACK
6
CONTINUOUS
10
5.1667525590551184
20
-4.1657543307086611
11
5.2043778740157478
21
-4.2033037007874015
0
LINE
8
BLACK
6
CONTINUOUS
10
5.2043778740157478
20
-4.2033037007874015
11
5.5957543307086617
21
-4.2032474015748029
0
LINE
8
BLACK
6
CONTINUOUS
10
5.5957543307086617
20
-4.2032474015748029
11
5.6333037007874012
21
-4.1656220866141735
0
LINE
8
BLACK
6
CONTINUOUS
10
5.6333037007874012
20
-4.1656220866141735
11
5.6332474015748026
21
-3.7742456299212597
0
LINE
8
BLACK
6
CONTINUOUS
10
5.6332474015748026
20
-3.7742456299212597
11
5.5956223622047245
21
-3.7366965354330706
0
LINE
8
BLACK
6
CONTINUOUS
10
5.5956223622047245
20
-3.7366965354330706
11
5.3999999999999995
21
-3.7367527559055116
0
LINE
8
BLACK
6
CONTINUOUS
10
5.3999999999999995
20
-3.7367527559055116
11
5.3994272834645667
21
-3.7366963385826772
0
LINE
8
BLACK
6
CONTINUOUS
10
5.3994272834645667
20
-3.7366963385826772
11
5.2042457874015744
21
-3.7367524015748033
0
LINE
8
BLACK
6
CONTINUOUS
10
4.5935696062992122
20
-4.0506748031496063
11
4.5943842519685036
21
-4.0514894488188977
0
LINE
8
BLACK
6
CONTINUOUS
10
4.5943842519685036
20
-4.0514894488188977
11
4.5948251574803152
21
-4.0525538582677161
0
LINE
8
BLACK
6
CONTINUOUS
10
4.5948251574803152
20
-4.0525538582677161
11
4.5948818897637791
21
-4.1318700787401577
0
LINE
8
BLACK
6
CONTINUOUS
10
4.5948818897637791
20
-4.1318700787401577
11
4.5948251574803152
21
-4.1324461417322835
0
LINE
8
BLACK
6
CONTINUOUS
10
4.5948251574803152
20
-4.1324461417322835
11
4.5943842519685036
21
-4.1335105511811019
0
LINE
8
BLACK
6
CONTINUOUS
10
4.5943842519685036
20
-4.1335105511811019
11
4.5935696062992122
21
-4.1343251968503933
0
LINE
8
BLACK
6
CONTINUOUS
10
4.5935696062992122
20
-4.1343251968503933
11
4.5925051968503938
21
-4.1347661023622049
0
LINE
8
BLACK
6
CONTINUOUS
10
4.5925051968503938
20
-4.1347661023622049
11
4.5913530708661412
21
-4.1347661023622049
0
LINE
8
BLACK
6
CONTINUOUS
10
4.5913530708661412
20
-4.1347661023622049
11
4.5902886614173228
21
-4.1343251968503933
0
LINE
8
BLACK
6
CONTINUOUS
10
4.5902886614173228
20
-4.1343251968503933
11
4.5894740157480314
21
-4.1335105511811019
0
LINE
8
BLACK
6
CONTINUOUS
10
4.5894740157480314
20
-4.1335105511811019
11
4.5890331102362207
21
-4.1324461417322835
0
LINE
8
BLACK
6
CONTINUOUS
10
4.5890331102362207
20
-4.1324461417322835
11
4.5889763779527559
21
-4.0531299212598428
0
LINE
8
BLACK
6
CONTINUOUS
10
4.5889763779527559
20
-4.0531299212598428
11
4.5890331102362207
21
-4.0525538582677161
0
LINE
8
BLACK
6
CONTINUOUS
10
4.5890331102362207
20
-4.0525538582677161
11
4.5894740157480314
21
-4.0514894488188977
0
LINE
8
BLACK
6
CONTINUOUS
10
4.5894740157480314
20
-4.0514894488188977
11
4.5902886614173228
21
-4.0506748031496063
0
LINE
8
BLACK
6
CONTINUOUS
10
4.5902886614173228
20
-4.0506748031496063
11
4.5913530708661412
21
-4.0502338976377956
0
LINE
8
BLACK
6
CONTINUOUS
10
4.5913530708661412
20
-4.0502338976377956
11
4.5925051968503938
21
-4.0502338976377956
0
LINE
8
BLACK
6
CONTINUOUS
10
4.5925051968503938
20
-4.0502338976377956
11
4.5935696062992122
21
-4.0506748031496063
0
LINE
8
BLACK
6
CONTINUOUS
10
4.709711338582677
20
-4.0506748031496063
11
4.7105259842519684
21
-4.0514894488188977
0
LINE
8
BLACK
6
CONTINUOUS
10
4.7105259842519684
20
-4.0514894488188977
11
4.7109668897637791
21
-4.0525538582677161
0
LINE
8
BLACK
6
CONTINUOUS
10
4.7109668897637791
20
-4.0525538582677161
11
4.7110236220472439
21
-4.1318700787401577
0
LINE
8
BLACK
6
CONTINUOUS
10
4.7110236220472439
20
-4.1318700787401577
11
4.7109668897637791
21
-4.1324461417322835
0
LINE
8
BLACK
6
CONTINUOUS
10
4.7109668897637791
20
-4.1324461417322835
11
4.7105259842519684
21
-4.1335105511811019
0
LINE
8
BLACK
6
CONTINUOUS
10
4.7105259842519684
20
-4.1335105511811019
11
4.709711338582677
21
-4.1343251968503933
0
LINE
8
BLACK
6
CONTINUOUS
10
4.709711338582677
20
-4.1343251968503933
11
4.7086469291338577
21
-4.1347661023622049
0
LINE
8
BLACK
6
CONTINUOUS
10
4.7086469291338577
20
-4.1347661023622049
11
4.707494803149606
21
-4.1347661023622049
0
LINE
8
BLACK
6
CONTINUOUS
10
4.707494803149606
20
-4.1347661023622049
11
4.7064303937007876
21
-4.1343251968503933
0
LINE
8
BLACK
6
CONTINUOUS
10
4.7064303937007876
20
-4.1343251968503933
11
4.7056157480314962
21
-4.1335105511811019
0
LINE
8
BLACK
6
CONTINUOUS
10
4.7056157480314962
20
-4.1335105511811019
11
4.7051748425196847
21
-4.1324461417322835
0
LINE
8
BLACK
6
CONTINUOUS
10
4.7051748425196847
20
-4.1324461417322835
11
4.7051181102362207
21
-4.0531299212598428
0
LINE
8
BLACK
6
CONTINUOUS
10
4.7051181102362207
20
-4.0531299212598428
11
4.7051748425196847
21
-4.0525538582677161
0
LINE
8
BLACK
6
CONTINUOUS
10
4.7051748425196847
20
-4.0525538582677161
11
4.7056157480314962
21
-4.0514894488188977
0
LINE
8
BLACK
6
CONTINUOUS
10
4.7056157480314962
20
-4.0514894488188977
11
4.7064303937007876
21
-4.0506748031496063
0
LINE
8
BLACK
6
CONTINUOUS
10
4.7064303937007876
20
-4.0506748031496063
11
4.707494803149606
21
-4.0502338976377956
0
LINE
8
BLACK
6
CONTINUOUS
10
4.707494803149606
20
-4.0502338976377956
11
4.7086469291338577
21
-4.0502338976377956
0
LINE
8
BLACK
6
CONTINUOUS
10
4.7086469291338577
20
-4.0502338976377956
11
4.709711338582677
21
-4.0506748031496063
0
LINE
8
BLACK
6
CONTINUOUS
10
4.7335696062992128
20
-4.0506748031496063
11
4.7343842519685042
21
-4.0514894488188977
0
LINE
8
BLACK
6
CONTINUOUS
10
4.7343842519685042
20
-4.0514894488188977
11
4.7348251574803149
21
-4.0525538582677161
0
LINE
8
BLACK
6
CONTINUOUS
10
4.7348251574803149
20
-4.0525538582677161
11
4.7348818897637797
21
-4.1318700787401577
0
LINE
8
BLACK
6
CONTINUOUS
10
4.7348818897637797
20
-4.1318700787401577
11
4.7348251574803149
21
-4.1324461417322835
0
LINE
8
BLACK
6
CONTINUOUS
10
4.7348251574803149
20
-4.1324461417322835
11
4.7343842519685042
21
-4.1335105511811019
0
LINE
8
BLACK
6
CONTINUOUS
10
4.7343842519685042
20
-4.1335105511811019
11
4.7335696062992128
21
-4.1343251968503933
0
LINE
8
BLACK
6
CONTINUOUS
10
4.7335696062992128
20
-4.1343251968503933
11
4.7325051968503935
21
-4.1347661023622049
0
LINE
8
BLACK
6
CONTINUOUS
10
4.7325051968503935
20
-4.1347661023622049
11
4.7313530708661418
21
-4.1347661023622049
0
LINE
8
BLACK
6
CONTINUOUS
10
4.7313530708661418
20
-4.1347661023622049
11
4.7302886614173225
21
-4.1343251968503933
0
LINE
8
BLACK
6
CONTINUOUS
10
4.7302886614173225
20
-4.1343251968503933
11
4.7294740157480311
21
-4.1335105511811019
0
LINE
8
BLACK
6
CONTINUOUS
10
4.7294740157480311
20
-4.1335105511811019
11
4.7290331102362204
21
-4.1324461417322835
0
LINE
8
BLACK
6
CONTINUOUS
10
4.7290331102362204
20
-4.1324461417322835
11
4.7289763779527556
21
-4.0531299212598428
0
LINE
8
BLACK
6
CONTINUOUS
10
4.7289763779527556
20
-4.0531299212598428
11
4.7290331102362204
21
-4.0525538582677161
0
LINE
8
BLACK
6
CONTINUOUS
10
4.7290331102362204
20
-4.0525538582677161
11
4.7294740157480311
21
-4.0514894488188977
0
LINE
8
BLACK
6
CONTINUOUS
10
4.7294740157480311
20
-4.0514894488188977
11
4.7302886614173225
21
-4.0506748031496063
0
LINE
8
BLACK
6
CONTINUOUS
10
4.7302886614173225
20
-4.0506748031496063
11
4.7313530708661418
21
-4.0502338976377956
0
LINE
8
BLACK
6
CONTINUOUS
10
4.7313530708661418
20
-4.0502338976377956
11
4.7325051968503935
21
-4.0502338976377956
0
LINE
8
BLACK
6
CONTINUOUS
10
4.7325051968503935
20
-4.0502338976377956
11
4.7335696062992128
21
-4.0506748031496063
0
LINE
8
BLACK
6
CONTINUOUS
10
4.8497113385826767
20
-4.0506748031496063
11
4.8505259842519681
21
-4.0514894488188977
0
LINE
8
BLACK
6
CONTINUOUS
10
4.8505259842519681
20
-4.0514894488188977
11
4.8509668897637797
21
-4.0525538582677161
0
LINE
8
BLACK
6
CONTINUOUS
10
4.8509668897637797
20
-4.0525538582677161
11
4.8510236220472436
21
-4.1318700787401577
0
LINE
8
BLACK
6
CONTINUOUS
10
4.8510236220472436
20
-4.1318700787401577
11
4.8509668897637797
21
-4.1324461417322835
0
LINE
8
BLACK
6
CONTINUOUS
10
4.8509668897637797
20
-4.1324461417322835
11
4.8505259842519681
21
-4.1335105511811019
0
LINE
8
BLACK
6
CONTINUOUS
10
4.8505259842519681
20
-4.1335105511811019
11
4.8497113385826767
21
-4.1343251968503933
0
LINE
8
BLACK
6
CONTINUOUS
10
4.8497113385826767
20
-4.1343251968503933
11
4.8486469291338583
21
-4.1347661023622049
0
LINE
8
BLACK
6
CONTINUOUS
10
4.8486469291338583
20
-4.1347661023622049
11
4.8474948031496066
21
-4.1347661023622049
0
LINE
8
BLACK
6
CONTINUOUS
10
4.8474948031496066
20
-4.1347661023622049
11
4.8464303937007873
21
-4.1343251968503933
0
LINE
8
BLACK
6
CONTINUOUS
10
4.8464303937007873
20
-4.1343251968503933
11
4.8456157480314959
21
-4.1335105511811019
0
LINE
8
BLACK
6
CONTINUOUS
10
4.8456157480314959
20
-4.1335105511811019
11
4.8451748425196852
21
-4.1324461417322835
0
LINE
8
BLACK
6
CONTINUOUS
10
4.8451748425196852
20
-4.1324461417322835
11
4.8451181102362204
21
-4.0531299212598428
0
LINE
8
BLACK
6
CONTINUOUS
10
4.8451181102362204
20
-4.0531299212598428
11
4.8451748425196852
21
-4.0525538582677161
0
LINE
8
BLACK
6
CONTINUOUS
10
4.8451748425196852
20
-4.0525538582677161
11
4.8456157480314959
21
-4.0514894488188977
0
LINE
8
BLACK
6
CONTINUOUS
10
4.8456157480314959
20
-4.0514894488188977
11
4.8464303937007873
21
-4.0506748031496063
0
LINE
8
BLACK
6
CONTINUOUS
10
4.8464303937007873
20
-4.0506748031496063
11
4.8474948031496066
21
-4.0502338976377956
0
LINE
8
BLACK
6
CONTINUOUS
10
4.8474948031496066
20
-4.0502338976377956
11
4.8486469291338583
21
-4.0502338976377956
0
LINE
8
BLACK
6
CONTINUOUS
10
4.8486469291338583
20
-4.0502338976377956
11
4.8497113385826767
21
-4.0506748031496063
0
LINE
8
BLACK
6
CONTINUOUS
10
4.8735696062992124
20
-4.0506748031496063
11
4.8743842519685039
21
-4.0514894488188977
0
LINE
8
BLACK
6
CONTINUOUS
10
4.8743842519685039
20
-4.0514894488188977
11
4.8748251574803145
21
-4.0525538582677161
0
LINE
8
BLACK
6
CONTINUOUS
10
4.8748251574803145
20
-4.0525538582677161
11
4.8748818897637793
21
-4.1318700787401577
0
LINE
8
BLACK
6
CONTINUOUS
10
4.8748818897637793
20
-4.1318700787401577
11
4.8748251574803145
21
-4.1324461417322835
0
LINE
8
BLACK
6
CONTINUOUS
10
4.8748251574803145
20
-4.1324461417322835
11
4.8743842519685039
21
-4.1335105511811019
0
LINE
8
BLACK
6
CONTINUOUS
10
4.8743842519685039
20
-4.1335105511811019
11
4.8735696062992124
21
-4.1343251968503933
0
LINE
8
BLACK
6
CONTINUOUS
10
4.8735696062992124
20
-4.1343251968503933
11
4.8725051968503932
21
-4.1347661023622049
0
LINE
8
BLACK
6
CONTINUOUS
10
4.8725051968503932
20
-4.1347661023622049
11
4.8713530708661414
21
-4.1347661023622049
0
LINE
8
BLACK
6
CONTINUOUS
10
4.8713530708661414
20
-4.1347661023622049
11
4.8702886614173231
21
-4.1343251968503933
0
LINE
8
BLACK
6
CONTINUOUS
10
4.8702886614173231
20
-4.1343251968503933
11
4.8694740157480316
21
-4.1335105511811019
0
LINE
8
BLACK
6
CONTINUOUS
10
4.8694740157480316
20
-4.1335105511811019
11
4.8690331102362201
21
-4.1324461417322835
0
LINE
8
BLACK
6
CONTINUOUS
10
4.8690331102362201
20
-4.1324461417322835
11
4.8689763779527562
21
-4.0531299212598428
0
LINE
8
BLACK
6
CONTINUOUS
10
4.8689763779527562
20
-4.0531299212598428
11
4.8690331102362201
21
-4.0525538582677161
0
LINE
8
BLACK
6
CONTINUOUS
10
4.8690331102362201
20
-4.0525538582677161
11
4.8694740157480316
21
-4.0514894488188977
0
LINE
8
BLACK
6
CONTINUOUS
10
4.8694740157480316
20
-4.0514894488188977
11
4.8702886614173231
21
-4.0506748031496063
0
LINE
8
BLACK
6
CONTINUOUS
10
4.8702886614173231
20
-4.0506748031496063
11
4.8713530708661414
21
-4.0502338976377956
0
LINE
8
BLACK
6
CONTINUOUS
10
4.8713530708661414
20
-4.0502338976377956
11
4.8725051968503932
21
-4.0502338976377956
0
LINE
8
BLACK
6
CONTINUOUS
10
4.8725051968503932
20
-4.0502338976377956
11
4.8735696062992124
21
-4.0506748031496063
0
LINE
8
BLACK
6
CONTINUOUS
10
4.9897113385826772
20
-4.0506748031496063
11
4.9905259842519687
21
-4.0514894488188977
0
LINE
8
BLACK
6
CONTINUOUS
10
4.9905259842519687
20
-4.0514894488188977
11
4.9909668897637793
21
-4.0525538582677161
0
LINE
8
BLACK
6
CONTINUOUS
10
4.9909668897637793
20
-4.0525538582677161
11
4.9910236220472441
21
-4.1318700787401577
0
LINE
8
BLACK
6
CONTINUOUS
10
4.9910236220472441
20
-4.1318700787401577
11
4.9909668897637793
21
-4.1324461417322835
0
LINE
8
BLACK
6
CONTINUOUS
10
4.9909668897637793
20
-4.1324461417322835
11
4.9905259842519687
21
-4.1335105511811019
0
LINE
8
BLACK
6
CONTINUOUS
10
4.9905259842519687
20
-4.1335105511811019
11
4.9897113385826772
21
-4.1343251968503933
0
LINE
8
BLACK
6
CONTINUOUS
10
4.9897113385826772
20
-4.1343251968503933
11
4.988646929133858
21
-4.1347661023622049
0
LINE
8
BLACK
6
CONTINUOUS
10
4.988646929133858
20
-4.1347661023622049
11
4.9874948031496062
21
-4.1347661023622049
0
LINE
8
BLACK
6
CONTINUOUS
10
4.9874948031496062
20
-4.1347661023622049
11
4.986430393700787
21
-4.1343251968503933
0
LINE
8
BLACK
6
CONTINUOUS
10
4.986430393700787
20
-4.1343251968503933
11
4.9856157480314955
21
-4.1335105511811019
0
LINE
8
BLACK
6
CONTINUOUS
10
4.9856157480314955
20
-4.1335105511811019
11
4.9851748425196849
21
-4.1324461417322835
0
LINE
8
BLACK
6
CONTINUOUS
10
4.9851748425196849
20
-4.1324461417322835
11
4.9851181102362201
21
-4.0531299212598428
0
LINE
8
BLACK
6
CONTINUOUS
10
4.9851181102362201
20
-4.0531299212598428
11
4.9851748425196849
21
-4.0525538582677161
0
LINE
8
BLACK
6
CONTINUOUS
10
4.9851748425196849
20
-4.0525538582677161
11
4.9856157480314955
21
-4.0514894488188977
0
LINE
8
BLACK
6
CONTINUOUS
10
4.9856157480314955
20
-4.0514894488188977
11
4.986430393700787
21
-4.0506748031496063
0
LINE
8
BLACK
6
CONTINUOUS
10
4.986430393700787
20
-4.0506748031496063
11
4.9874948031496062
21
-4.0502338976377956
0
LINE
8
BLACK
6
CONTINUOUS
10
4.9874948031496062
20
-4.0502338976377956
11
4.988646929133858
21
-4.0502338976377956
0
LINE
8
BLACK
6
CONTINUOUS
10
4.988646929133858
20
-4.0502338976377956
11
4.9897113385826772
21
-4.0506748031496063
0
LINE
8
BLACK
6
CONTINUOUS
10
5.0135696062992121
20
-4.0506748031496063
11
5.0143842519685036
21
-4.0514894488188977
0
LINE
8
BLACK
6
CONTINUOUS
10
5.0143842519685036
20
-4.0514894488188977
11
5.0148251574803151
21
-4.0525538582677161
0
LINE
8
BLACK
6
CONTINUOUS
10
5.0148251574803151
20
-4.0525538582677161
11
5.014881889763779
21
-4.1318700787401577
0
LINE
8
BLACK
6
CONTINUOUS
10
5.014881889763779
20
-4.1318700787401577
11
5.0148251574803151
21
-4.1324461417322835
0
LINE
8
BLACK
6
CONTINUOUS
10
5.0148251574803151
20
-4.1324461417322835
11
5.0143842519685036
21
-4.1335105511811019
0
LINE
8
BLACK
6
CONTINUOUS
10
5.0143842519685036
20
-4.1335105511811019
11
5.0135696062992121
21
-4.1343251968503933
0
LINE
8
BLACK
6
CONTINUOUS
10
5.0135696062992121
20
-4.1343251968503933
11
5.0125051968503938
21
-4.1347661023622049
0
LINE
8
BLACK
6
CONTINUOUS
10
5.0125051968503938
20
-4.1347661023622049
11
5.011353070866142
21
-4.1347661023622049
0
LINE
8
BLACK
6
CONTINUOUS
10
5.011353070866142
20
-4.1347661023622049
11
5.0102886614173228
21
-4.1343251968503933
0
LINE
8
BLACK
6
CONTINUOUS
10
5.0102886614173228
20
-4.1343251968503933
11
5.0094740157480313
21
-4.1335105511811019
0
LINE
8
BLACK
6
CONTINUOUS
10
5.0094740157480313
20
-4.1335105511811019
11
5.0090331102362207
21
-4.1324461417322835
0
LINE
8
BLACK
6
CONTINUOUS
10
5.0090331102362207
20
-4.1324461417322835
11
5.0089763779527559
21
-4.0531299212598428
0
LINE
8
BLACK
6
CONTINUOUS
10
5.0089763779527559
20
-4.0531299212598428
11
5.0090331102362207
21
-4.0525538582677161
0
LINE
8
BLACK
6
CONTINUOUS
10
5.0090331102362207
20
-4.0525538582677161
11
5.0094740157480313
21
-4.0514894488188977
0
LINE
8
BLACK
6
CONTINUOUS
10
5.0094740157480313
20
-4.0514894488188977
11
5.0102886614173228
21
-4.0506748031496063
0
LINE
8
BLACK
6
CONTINUOUS
10
5.0102886614173228
20
-4.0506748031496063
11
5.011353070866142
21
-4.0502338976377956
0
LINE
8
BLACK
6
CONTINUOUS
10
5.011353070866142
20
-4.0502338976377956
11
5.0125051968503938
21
-4.0502338976377956
0
LINE
8
BLACK
6
CONTINUOUS
10
5.0125051968503938
20
-4.0502338976377956
11
5.0135696062992121
21
-4.0506748031496063
0
LINE
8
BLACK
6
CONTINUOUS
10
5.1297113385826769
20
-4.0506748031496063
11
5.1305259842519684
21
-4.0514894488188977
0
LINE
8
BLACK
6
CONTINUOUS
10
5.1305259842519684
20
-4.0514894488188977
11
5.130966889763779
21
-4.0525538582677161
0
LINE
8
BLACK
6
CONTINUOUS
10
5.130966889763779
20
-4.0525538582677161
11
5.1310236220472438
21
-4.1318700787401577
0
LINE
8
BLACK
6
CONTINUOUS
10
5.1310236220472438
20
-4.1318700787401577
11
5.130966889763779
21
-4.1324461417322835
0
LINE
8
BLACK
6
CONTINUOUS
10
5.130966889763779
20
-4.1324461417322835
11
5.1305259842519684
21
-4.1335105511811019
0
LINE
8
BLACK
6
CONTINUOUS
10
5.1305259842519684
20
-4.1335105511811019
11
5.1297113385826769
21
-4.1343251968503933
0
LINE
8
BLACK
6
CONTINUOUS
10
5.1297113385826769
20
-4.1343251968503933
11
5.1286469291338586
21
-4.1347661023622049
0
LINE
8
BLACK
6
CONTINUOUS
10
5.1286469291338586
20
-4.1347661023622049
11
5.1274948031496059
21
-4.1347661023622049
0
LINE
8
BLACK
6
CONTINUOUS
10
5.1274948031496059
20
-4.1347661023622049
11
5.1264303937007876
21
-4.1343251968503933
0
LINE
8
BLACK
6
CONTINUOUS
10
5.1264303937007876
20
-4.1343251968503933
11
5.1256157480314961
21
-4.1335105511811019
0
LINE
8
BLACK
6
CONTINUOUS
10
5.1256157480314961
20
-4.1335105511811019
11
5.1251748425196846
21
-4.1324461417322835
0
LINE
8
BLACK
6
CONTINUOUS
10
5.1251748425196846
20
-4.1324461417322835
11
5.1251181102362207
21
-4.0531299212598428
0
LINE
8
BLACK
6
CONTINUOUS
10
5.1251181102362207
20
-4.0531299212598428
11
5.1251748425196846
21
-4.0525538582677161
0
LINE
8
BLACK
6
CONTINUOUS
10
5.1251748425196846
20
-4.0525538582677161
11
5.1256157480314961
21
-4.0514894488188977
0
LINE
8
BLACK
6
CONTINUOUS
10
5.1256157480314961
20
-4.0514894488188977
11
5.1264303937007876
21
-4.0506748031496063
0
LINE
8
BLACK
6
CONTINUOUS
10
5.1264303937007876
20
-4.0506748031496063
11
5.1274948031496059
21
-4.0502338976377956
0
LINE
8
BLACK
6
CONTINUOUS
10
5.1274948031496059
20
-4.0502338976377956
11
5.1286469291338586
21
-4.0502338976377956
0
LINE
8
BLACK
6
CONTINUOUS
10
5.1286469291338586
20
-4.0502338976377956
11
5.1297113385826769
21
-4.0506748031496063
0
LINE
8
BLACK
6
CONTINUOUS
10
4.6706016929133858
20
-3.925640157480315
11
4.6708909842519688
21
-3.925640157480315
0
LINE
8
BLACK
6
CONTINUOUS
10
4.6708909842519688
20
-3.925640157480315
11
4.6711610629921259
21
-3.9257520078740158
0
LINE
8
BLACK
6
CONTINUOUS
10
4.6711610629921259
20
-3.9257520078740158
11
4.6714477165354333
21
-3.9258093700787402
0
LINE
8
BLACK
6
CONTINUOUS
10
4.6714477165354333
20
-3.9258093700787402
11
4.6716880708661419
21
-3.92597031496063
0
LINE
8
BLACK
6
CONTINUOUS
10
4.6716880708661419
20
-3.92597031496063
11
4.6719553937007872
21
-3.9260810629921261
0
LINE
8
BLACK
6
CONTINUOUS
10
4.6719553937007872
20
-3.9260810629921261
11
4.6721620866141729
21
-3.9262877559055118
0
LINE
8
BLACK
6
CONTINUOUS
10
4.6721620866141729
20
-3.9262877559055118
11
4.6724049999999995
21
-3.9264504330708658
0
LINE
8
BLACK
6
CONTINUOUS
10
4.6724049999999995
20
-3.9264504330708658
11
4.6725738582677163
21
-3.9266995275590548
0
LINE
8
BLACK
6
CONTINUOUS
10
4.6725738582677163
20
-3.9266995275590548
11
4.6727700393700786
21
-3.9268957086614171
0
LINE
8
BLACK
6
CONTINUOUS
10
4.6727700393700786
20
-3.9268957086614171
11
4.672869291338583
21
-3.9271353543307086
0
LINE
8
BLACK
6
CONTINUOUS
10
4.672869291338583
20
-3.9271353543307086
11
4.6764879527559051
21
-3.9324734251968505
0
LINE
8
BLACK
6
CONTINUOUS
10
4.6764879527559051
20
-3.9324734251968505
11
4.6796490157480317
21
-3.93557405511811
0
LINE
8
BLACK
6
CONTINUOUS
10
4.6796490157480317
20
-3.93557405511811
11
4.6828840157480318
21
-3.93714374015748
0
LINE
8
BLACK
6
CONTINUOUS
10
4.6828840157480318
20
-3.93714374015748
11
4.6833738976377948
21
-3.9374520866141731
0
LINE
8
BLACK
6
CONTINUOUS
10
4.6833738976377948
20
-3.9374520866141731
11
4.6841287401574805
21
-3.9383224803149606
0
LINE
8
BLACK
6
CONTINUOUS
10
4.6841287401574805
20
-3.9383224803149606
11
4.6844930708661412
21
-3.9394154330708662
0
LINE
8
BLACK
6
CONTINUOUS
10
4.6844930708661412
20
-3.9394154330708662
11
4.6844114173228348
21
-3.9405646456692911
0
LINE
8
BLACK
6
CONTINUOUS
10
4.6844114173228348
20
-3.9405646456692911
11
4.6838961417322835
21
-3.941595157480315
0
LINE
8
BLACK
6
CONTINUOUS
10
4.6838961417322835
20
-3.941595157480315
11
4.6830257874015748
21
-3.9423499999999998
0
LINE
8
BLACK
6
CONTINUOUS
10
4.6830257874015748
20
-3.9423499999999998
11
4.68193279527559
21
-3.9427143307086614
0
LINE
8
BLACK
6
CONTINUOUS
10
4.68193279527559
20
-3.9427143307086614
11
4.6807835826771651
21
-3.9426326771653541
0
LINE
8
BLACK
6
CONTINUOUS
10
4.6807835826771651
20
-3.9426326771653541
11
4.6764934645669287
21
-3.9405510236220471
0
LINE
8
BLACK
6
CONTINUOUS
10
4.6764934645669287
20
-3.9405510236220471
11
4.6762456299212598
21
-3.9403950000000001
0
LINE
8
BLACK
6
CONTINUOUS
10
4.6762456299212598
20
-3.9403950000000001
11
4.676173503937008
21
-3.9403651574803149
0
LINE
8
BLACK
6
CONTINUOUS
10
4.676173503937008
20
-3.9403651574803149
11
4.6761292913385821
21
-3.940321811023622
0
LINE
8
BLACK
6
CONTINUOUS
10
4.6761292913385821
20
-3.940321811023622
11
4.6760035826771649
21
-3.940242677165354
0
LINE
8
BLACK
6
CONTINUOUS
10
4.6760035826771649
20
-3.940242677165354
11
4.6757468897637793
21
-3.9399466929133857
0
LINE
8
BLACK
6
CONTINUOUS
10
4.6757468897637793
20
-3.9399466929133857
11
4.6732244488188979
21
-3.9374724409448816
0
LINE
8
BLACK
6
CONTINUOUS
10
4.6732244488188979
20
-3.9374724409448816
11
4.6732635039370081
21
-3.9649738976377953
0
LINE
8
BLACK
6
CONTINUOUS
10
4.6732635039370081
20
-3.9649738976377953
11
4.6815635039370074
21
-3.9649535039370076
0
LINE
8
BLACK
6
CONTINUOUS
10
4.6815635039370074
20
-3.9649535039370076
11
4.6821395669291341
21
-3.9650102362204724
0
LINE
8
BLACK
6
CONTINUOUS
10
4.6821395669291341
20
-3.9650102362204724
11
4.6832039763779525
21
-3.9654511417322835
0
LINE
8
BLACK
6
CONTINUOUS
10
4.6832039763779525
20
-3.9654511417322835
11
4.684018622047244
21
-3.9662657874015745
0
LINE
8
BLACK
6
CONTINUOUS
10
4.684018622047244
20
-3.9662657874015745
11
4.6844595275590546
21
-3.9673301968503938
0
LINE
8
BLACK
6
CONTINUOUS
10
4.6844595275590546
20
-3.9673301968503938
11
4.6844595275590546
21
-3.9684823228346455
0
LINE
8
BLACK
6
CONTINUOUS
10
4.6844595275590546
20
-3.9684823228346455
11
4.684018622047244
21
-3.9695467322834643
0
LINE
8
BLACK
6
CONTINUOUS
10
4.684018622047244
20
-3.9695467322834643
11
4.6832039763779525
21
-3.9703613779527558
0
LINE
8
BLACK
6
CONTINUOUS
10
4.6832039763779525
20
-3.9703613779527558
11
4.6821395669291341
21
-3.9708022834645669
0
LINE
8
BLACK
6
CONTINUOUS
10
4.6821395669291341
20
-3.9708022834645669
11
4.6590663385826767
21
-3.9708590157480312
0
LINE
8
BLACK
6
CONTINUOUS
10
4.6590663385826767
20
-3.9708590157480312
11
4.6584902755905508
21
-3.9708022834645669
0
LINE
8
BLACK
6
CONTINUOUS
10
4.6584902755905508
20
-3.9708022834645669
11
4.6574258661417325
21
-3.9703613779527558
0
LINE
8
BLACK
6
CONTINUOUS
10
4.6574258661417325
20
-3.9703613779527558
11
4.656611220472441
21
-3.9695467322834643
0
LINE
8
BLACK
6
CONTINUOUS
10
4.656611220472441
20
-3.9695467322834643
11
4.6561703149606295
21
-3.9684823228346455
0
LINE
8
BLACK
6
CONTINUOUS
10
4.6561703149606295
20
-3.9684823228346455
11
4.6561703149606295
21
-3.9673301968503938
0
LINE
8
BLACK
6
CONTINUOUS
10
4.6561703149606295
20
-3.9673301968503938
11
4.656611220472441
21
-3.9662657874015745
0
LINE
8
BLACK
6
CONTINUOUS
10
4.656611220472441
20
-3.9662657874015745
11
4.6574258661417325
21
-3.9654511417322835
0
LINE
8
BLACK
6
CONTINUOUS
10
4.6574258661417325
20
-3.9654511417322835
11
4.6584902755905508
21
-3.9650102362204724
0
LINE
8
BLACK
6
CONTINUOUS
10
4.6584902755905508
20
-3.9650102362204724
11
4.667413897637795
21
-3.9649882677165356
0
LINE
8
BLACK
6
CONTINUOUS
10
4.667413897637795
20
-3.9649882677165356
11
4.6673621653543309
21
-3.9285361811023622
0
LINE
8
BLACK
6
CONTINUOUS
10
4.6673621653543309
20
-3.9285361811023622
11
4.6673623622047247
21
-3.9285340944881888
0
LINE
8
BLACK
6
CONTINUOUS
10
4.6673623622047247
20
-3.9285340944881888
11
4.6673621653543309
21
-3.9285330708661417
0
LINE
8
BLACK
6
CONTINUOUS
10
4.6673621653543309
20
-3.9285330708661417
11
4.6673627559055113
21
-3.9285300393700786
0
LINE
8
BLACK
6
CONTINUOUS
10
4.6673627559055113
20
-3.9285300393700786
11
4.6674188976377948
21
-3.9279601181102359
0
LINE
8
BLACK
6
CONTINUOUS
10
4.6674188976377948
20
-3.9279601181102359
11
4.6675307480314956
21
-3.9276900000000001
0
LINE
8
BLACK
6
CONTINUOUS
10
4.6675307480314956
20
-3.9276900000000001
11
4.6675881102362204
21
-3.9274033858267714
0
LINE
8
BLACK
6
CONTINUOUS
10
4.6675881102362204
20
-3.9274033858267714
11
4.6677490551181098
21
-3.9271629921259841
0
LINE
8
BLACK
6
CONTINUOUS
10
4.6677490551181098
20
-3.9271629921259841
11
4.6678598031496064
21
-3.9268957086614171
0
LINE
8
BLACK
6
CONTINUOUS
10
4.6678598031496064
20
-3.9268957086614171
11
4.6680664960629921
21
-3.9266889763779527
0
LINE
8
BLACK
6
CONTINUOUS
10
4.6680664960629921
20
-3.9266889763779527
11
4.6682291732283465
21
-3.9264461023622048
0
LINE
8
BLACK
6
CONTINUOUS
10
4.6682291732283465
20
-3.9264461023622048
11
4.6684698818897639
21
-3.9262855905511809
0
LINE
8
BLACK
6
CONTINUOUS
10
4.6684698818897639
20
-3.9262855905511809
11
4.6686744488188978
21
-3.9260810629921261
0
LINE
8
BLACK
6
CONTINUOUS
10
4.6686744488188978
20
-3.9260810629921261
11
4.6689445275590549
21
-3.9259691732283462
0
LINE
8
BLACK
6
CONTINUOUS
10
4.6689445275590549
20
-3.9259691732283462
11
4.6691877952755902
21
-3.9258070078740155
0
LINE
8
BLACK
6
CONTINUOUS
10
4.6691877952755902
20
-3.9258070078740155
11
4.6694715748031497
21
-3.9257508661417324
0
LINE
8
BLACK
6
CONTINUOUS
10
4.6694715748031497
20
-3.9257508661417324
11
4.6697388582677162
21
-3.925640157480315
0
LINE
8
BLACK
6
CONTINUOUS
10
4.6697388582677162
20
-3.925640157480315
11
4.6700312598425198
21
-3.925640157480315
0
LINE
8
BLACK
6
CONTINUOUS
10
4.6700312598425198
20
-3.925640157480315
11
4.6703180314960626
21
-3.9255834251968502
0
LINE
8
BLACK
6
CONTINUOUS
10
4.6703180314960626
20
-3.9255834251968502
11
4.6706016929133858
21
-3.925640157480315
0
LINE
8
BLACK
6
CONTINUOUS
10
4.719634881889764
20
-3.925640157480315
11
4.7206992913385823
21
-3.9260810629921261
0
LINE
8
BLACK
6
CONTINUOUS
10
4.7206992913385823
20
-3.9260810629921261
11
4.7215139370078738
21
-3.9268957086614171
0
LINE
8
BLACK
6
CONTINUOUS
10
4.7215139370078738
20
-3.9268957086614171
11
4.7219548425196853
21
-3.9279601181102359
0
LINE
8
BLACK
6
CONTINUOUS
10
4.7219548425196853
20
-3.9279601181102359
11
4.7220115748031493
21
-3.9679062598425197
0
LINE
8
BLACK
6
CONTINUOUS
10
4.7220115748031493
20
-3.9679062598425197
11
4.7219548425196853
21
-3.9684823228346455
0
LINE
8
BLACK
6
CONTINUOUS
10
4.7219548425196853
20
-3.9684823228346455
11
4.7215139370078738
21
-3.9695467322834643
0
LINE
8
BLACK
6
CONTINUOUS
10
4.7215139370078738
20
-3.9695467322834643
11
4.7206992913385823
21
-3.9703613779527558
0
LINE
8
BLACK
6
CONTINUOUS
10
4.7206992913385823
20
-3.9703613779527558
11
4.719634881889764
21
-3.9708022834645669
0
LINE
8
BLACK
6
CONTINUOUS
10
4.719634881889764
20
-3.9708022834645669
11
4.7096849999999995
21
-3.9708590157480312
0
LINE
8
BLACK
6
CONTINUOUS
10
4.7096849999999995
20
-3.9708590157480312
11
4.7093933858267718
21
-3.9708302755905511
0
LINE
8
BLACK
6
CONTINUOUS
10
4.7093933858267718
20
-3.9708302755905511
11
4.709315669291338
21
-3.9708358267716535
0
LINE
8
BLACK
6
CONTINUOUS
10
4.709315669291338
20
-3.9708358267716535
11
4.7092570866141727
21
-3.9708168503937009
0
LINE
8
BLACK
6
CONTINUOUS
10
4.7092570866141727
20
-3.9708168503937009
11
4.7091089370078736
21
-3.9708022834645669
0
LINE
8
BLACK
6
CONTINUOUS
10
4.7091089370078736
20
-3.9708022834645669
11
4.7087403937007872
21
-3.9706496062992125
0
LINE
8
BLACK
6
CONTINUOUS
10
4.7087403937007872
20
-3.9706496062992125
11
4.7031269685039367
21
-3.9688327165354331
0
LINE
8
BLACK
6
CONTINUOUS
10
4.7031269685039367
20
-3.9688327165354331
11
4.7025983858267715
21
-3.9685967322834643
0
LINE
8
BLACK
6
CONTINUOUS
10
4.7025983858267715
20
-3.9685967322834643
11
4.7025182677165356
21
-3.9685272440944881
0
LINE
8
BLACK
6
CONTINUOUS
10
4.7025182677165356
20
-3.9685272440944881
11
4.7024202362204726
21
-3.968486653543307
0
LINE
8
BLACK
6
CONTINUOUS
10
4.7024202362204726
20
-3.968486653543307
11
4.702028976377953
21
-3.9681028740157478
0
LINE
8
BLACK
6
CONTINUOUS
10
4.702028976377953
20
-3.9681028740157478
11
4.7017280314960628
21
-3.9678418503937007
0
LINE
8
BLACK
6
CONTINUOUS
10
4.7017280314960628
20
-3.9678418503937007
11
4.7016944881889762
21
-3.9677747637795275
0
LINE
8
BLACK
6
CONTINUOUS
10
4.7016944881889762
20
-3.9677747637795275
11
4.6982232677165356
21
-3.9643698425196852
0
LINE
8
BLACK
6
CONTINUOUS
10
4.6982232677165356
20
-3.9643698425196852
11
4.6980374803149605
21
-3.9641434645669289
0
LINE
8
BLACK
6
CONTINUOUS
10
4.6980374803149605
20
-3.9641434645669289
11
4.6979785039370077
21
-3.9640923228346456
0
LINE
8
BLACK
6
CONTINUOUS
10
4.6979785039370077
20
-3.9640923228346456
11
4.6979498425196846
21
-3.9640366929133859
0
LINE
8
BLACK
6
CONTINUOUS
10
4.6979498425196846
20
-3.9640366929133859
11
4.6978560236220472
21
-3.9639223622047242
0
LINE
8
BLACK
6
CONTINUOUS
10
4.6978560236220472
20
-3.9639223622047242
11
4.6977123228346453
21
-3.9635754330708659
0
LINE
8
BLACK
6
CONTINUOUS
10
4.6977123228346453
20
-3.9635754330708659
11
4.695795393700787
21
-3.9598529133858267
0
LINE
8
BLACK
6
CONTINUOUS
10
4.695795393700787
20
-3.9598529133858267
11
4.6957792519685038
21
-3.9598107874015747
0
LINE
8
BLACK
6
CONTINUOUS
10
4.6957792519685038
20
-3.9598107874015747
11
4.6957665748031499
21
-3.9597936614173226
0
LINE
8
BLACK
6
CONTINUOUS
10
4.6957665748031499
20
-3.9597936614173226
11
4.6957539370078738
21
-3.9597446456692911
0
LINE
8
BLACK
6
CONTINUOUS
10
4.6957539370078738
20
-3.9597446456692911
11
4.6955885039370076
21
-3.9593122834645667
0
LINE
8
BLACK
6
CONTINUOUS
10
4.6955885039370076
20
-3.9593122834645667
11
4.6955677952755908
21
-3.9590210629921261
0
LINE
8
BLACK
6
CONTINUOUS
10
4.6955677952755908
20
-3.9590210629921261
11
4.6936970472440942
21
-3.9517494881889763
0
LINE
8
BLACK
6
CONTINUOUS
10
4.6936970472440942
20
-3.9517494881889763
11
4.6936822440944876
21
-3.9516496062992124
0
LINE
8
BLACK
6
CONTINUOUS
10
4.6936822440944876
20
-3.9516496062992124
11
4.6936656299212594
21
-3.9516094094488188
0
LINE
8
BLACK
6
CONTINUOUS
10
4.6936656299212594
20
-3.9516094094488188
11
4.6936649212598427
21
-3.9515321653543305
0
LINE
8
BLACK
6
CONTINUOUS
10
4.6936649212598427
20
-3.9515321653543305
11
4.6936124015748026
21
-3.9511768897637793
0
LINE
8
BLACK
6
CONTINUOUS
10
4.6936124015748026
20
-3.9511768897637793
11
4.6936587795275591
21
-3.9508649212598423
0
LINE
8
BLACK
6
CONTINUOUS
10
4.6936587795275591
20
-3.9508649212598423
11
4.6936088976377954
21
-3.9454090551181102
0
LINE
8
BLACK
6
CONTINUOUS
10
4.6936088976377954
20
-3.9454090551181102
11
4.6936187795275588
21
-3.9453085039370079
0
LINE
8
BLACK
6
CONTINUOUS
10
4.6936187795275588
20
-3.9453085039370079
11
4.6936124015748026
21
-3.9452655118110234
0
LINE
8
BLACK
6
CONTINUOUS
10
4.6936124015748026
20
-3.9452655118110234
11
4.693630275590551
21
-3.9451918110236219
0
LINE
8
BLACK
6
CONTINUOUS
10
4.693630275590551
20
-3.9451918110236219
11
4.6936656299212594
21
-3.9448329921259844
0
LINE
8
BLACK
6
CONTINUOUS
10
4.6936656299212594
20
-3.9448329921259844
11
4.6937906692913387
21
-3.9445310629921257
0
LINE
8
BLACK
6
CONTINUOUS
10
4.6937906692913387
20
-3.9445310629921257
11
4.6955718110236218
21
-3.9371938582677166
0
LINE
8
BLACK
6
CONTINUOUS
10
4.6955718110236218
20
-3.9371938582677166
11
4.6955869685039371
21
-3.9371513385826771
0
LINE
8
BLACK
6
CONTINUOUS
10
4.6955869685039371
20
-3.9371513385826771
11
4.6955885039370076
21
-3.9371301181102361
0
LINE
8
BLACK
6
CONTINUOUS
10
4.6955885039370076
20
-3.9371301181102361
11
4.6956115354330707
21
-3.9370825590551179
0
LINE
8
BLACK
6
CONTINUOUS
10
4.6956115354330707
20
-3.9370825590551179
11
4.6957665748031499
21
-3.9366487401574801
0
LINE
8
BLACK
6
CONTINUOUS
10
4.6957665748031499
20
-3.9366487401574801
11
4.6959273622047242
21
-3.9364317322834643
0
LINE
8
BLACK
6
CONTINUOUS
10
4.6959273622047242
20
-3.9364317322834643
11
4.6976701574803146
21
-3.9328399606299214
0
LINE
8
BLACK
6
CONTINUOUS
10
4.6976701574803146
20
-3.9328399606299214
11
4.6978262204724412
21
-3.9325919291338582
0
LINE
8
BLACK
6
CONTINUOUS
10
4.6978262204724412
20
-3.9325919291338582
11
4.697856062992126
21
-3.9325199999999998
0
LINE
8
BLACK
6
CONTINUOUS
10
4.697856062992126
20
-3.9325199999999998
11
4.6978992519685034
21
-3.932475905511811
0
LINE
8
BLACK
6
CONTINUOUS
10
4.6978992519685034
20
-3.932475905511811
11
4.6979785039370077
21
-3.9323500787401575
0
LINE
8
BLACK
6
CONTINUOUS
10
4.6979785039370077
20
-3.9323500787401575
11
4.6982746850393697
21
-3.9320931889763777
0
LINE
8
BLACK
6
CONTINUOUS
10
4.6982746850393697
20
-3.9320931889763777
11
4.7019727952755908
21
-3.9283230314960629
0
LINE
8
BLACK
6
CONTINUOUS
10
4.7019727952755908
20
-3.9283230314960629
11
4.7024202362204726
21
-3.9279557874015749
0
LINE
8
BLACK
6
CONTINUOUS
10
4.7024202362204726
20
-3.9279557874015749
11
4.7025182677165356
21
-3.9279151574803151
0
LINE
8
BLACK
6
CONTINUOUS
10
4.7025182677165356
20
-3.9279151574803151
11
4.7025983858267715
21
-3.9278457086614171
0
LINE
8
BLACK
6
CONTINUOUS
10
4.7025983858267715
20
-3.9278457086614171
11
4.7031087007874017
21
-3.9276706299212596
0
LINE
8
BLACK
6
CONTINUOUS
10
4.7031087007874017
20
-3.9276706299212596
11
4.7034846850393697
21
-3.9275149212598426
0
LINE
8
BLACK
6
CONTINUOUS
10
4.7034846850393697
20
-3.9275149212598426
11
4.7035626377952751
21
-3.9275149212598426
0
LINE
8
BLACK
6
CONTINUOUS
10
4.7035626377952751
20
-3.9275149212598426
11
4.7087512204724407
21
-3.9257349606299212
0
LINE
8
BLACK
6
CONTINUOUS
10
4.7087512204724407
20
-3.9257349606299212
11
4.7090368503937006
21
-3.9256699999999998
0
LINE
8
BLACK
6
CONTINUOUS
10
4.7090368503937006
20
-3.9256699999999998
11
4.7091089370078736
21
-3.925640157480315
0
LINE
8
BLACK
6
CONTINUOUS
10
4.7091089370078736
20
-3.925640157480315
11
4.7091696456692915
21
-3.9256398031496063
0
LINE
8
BLACK
6
CONTINUOUS
10
4.7091696456692915
20
-3.9256398031496063
11
4.709315669291338
21
-3.9256066141732284
0
LINE
8
BLACK
6
CONTINUOUS
10
4.709315669291338
20
-3.9256066141732284
11
4.709737125984252
21
-3.9256365748031494
0
LINE
8
BLACK
6
CONTINUOUS
10
4.709737125984252
20
-3.9256365748031494
11
4.7190588188976381
21
-3.9255834251968502
0
LINE
8
BLACK
6
CONTINUOUS
10
4.7190588188976381
20
-3.9255834251968502
11
4.719634881889764
21
-3.925640157480315
0
LINE
8
BLACK
6
CONTINUOUS
10
4.7100232677165357
20
-3.9314870078740158
11
4.7055714566929137
21
-3.9330142125984251
0
LINE
8
BLACK
6
CONTINUOUS
10
4.7055714566929137
20
-3.9330142125984251
11
4.7026470866141734
21
-3.9359955118110235
0
LINE
8
BLACK
6
CONTINUOUS
10
4.7026470866141734
20
-3.9359955118110235
11
4.7011224803149609
21
-3.9391376377952754
0
LINE
8
BLACK
6
CONTINUOUS
10
4.7011224803149609
20
-3.9391376377952754
11
4.6994679133858268
21
-3.9459535039370079
0
LINE
8
BLACK
6
CONTINUOUS
10
4.6994679133858268
20
-3.9459535039370079
11
4.6995128740157481
21
-3.9508657874015749
0
LINE
8
BLACK
6
CONTINUOUS
10
4.6995128740157481
20
-3.9508657874015749
11
4.7012694881889763
21
-3.9576937401574801
0
LINE
8
BLACK
6
CONTINUOUS
10
4.7012694881889763
20
-3.9576937401574801
11
4.7027927952755908
21
-3.9606518897637795
0
LINE
8
BLACK
6
CONTINUOUS
10
4.7027927952755908
20
-3.9606518897637795
11
4.7057143700787405
21
-3.9635176377952757
0
LINE
8
BLACK
6
CONTINUOUS
10
4.7057143700787405
20
-3.9635176377952757
11
4.7103047637795274
21
-3.9650033858267717
0
LINE
8
BLACK
6
CONTINUOUS
10
4.7103047637795274
20
-3.9650033858267717
11
4.7161577952755902
21
-3.9649700393700789
0
LINE
8
BLACK
6
CONTINUOUS
10
4.7161577952755902
20
-3.9649700393700789
11
4.7161101968503933
21
-3.9314522834645667
0
LINE
8
BLACK
6
CONTINUOUS
10
4.7161101968503933
20
-3.9314522834645667
11
4.7100232677165357
21
-3.9314870078740158
0
LINE
8
BLACK
6
CONTINUOUS
10
5.119552440944882
20
-3.6811197244094487
11
5.1206168503937004
21
-3.6815606299212598
0
LINE
8
BLACK
6
CONTINUOUS
10
5.1206168503937004
20
-3.6815606299212598
11
5.1214314960629919
21
-3.6823752755905512
0
LINE
8
BLACK
6
CONTINUOUS
10
5.1214314960629919
20
-3.6823752755905512
11
5.1218724015748034
21
-3.68343968503937
0
LINE
8
BLACK
6
CONTINUOUS
10
5.1218724015748034
20
-3.68343968503937
11
5.1218724015748034
21
-3.6845918110236218
0
LINE
8
BLACK
6
CONTINUOUS
10
5.1218724015748034
20
-3.6845918110236218
11
5.1214314960629919
21
-3.685656220472441
0
LINE
8
BLACK
6
CONTINUOUS
10
5.1214314960629919
20
-3.685656220472441
11
5.1206168503937004
21
-3.686470866141732
0
LINE
8
BLACK
6
CONTINUOUS
10
5.1206168503937004
20
-3.686470866141732
11
5.119552440944882
21
-3.6869117716535431
0
LINE
8
BLACK
6
CONTINUOUS
10
5.119552440944882
20
-3.6869117716535431
11
5.0785660629921257
21
-3.6869188582677164
0
LINE
8
BLACK
6
CONTINUOUS
10
5.0785660629921257
20
-3.6869188582677164
11
5.0786213779527554
21
-3.9330384645669292
0
LINE
8
BLACK
6
CONTINUOUS
10
5.0786213779527554
20
-3.9330384645669292
11
5.1189763779527562
21
-3.9330314960629922
0
LINE
8
BLACK
6
CONTINUOUS
10
5.1189763779527562
20
-3.9330314960629922
11
5.119552440944882
21
-3.9330882283464565
0
LINE
8
BLACK
6
CONTINUOUS
10
5.119552440944882
20
-3.9330882283464565
11
5.1206168503937004
21
-3.9335291338582676
0
LINE
8
BLACK
6
CONTINUOUS
10
5.1206168503937004
20
-3.9335291338582676
11
5.1214314960629919
21
-3.9343437795275591
0
LINE
8
BLACK
6
CONTINUOUS
10
5.1214314960629919
20
-3.9343437795275591
11
5.1218724015748034
21
-3.9354081889763779
0
LINE
8
BLACK
6
CONTINUOUS
10
5.1218724015748034
20
-3.9354081889763779
11
5.1218724015748034
21
-3.9365603149606296
0
LINE
8
BLACK
6
CONTINUOUS
10
5.1218724015748034
20
-3.9365603149606296
11
5.1214314960629919
21
-3.9376247244094489
0
LINE
8
BLACK
6
CONTINUOUS
10
5.1214314960629919
20
-3.9376247244094489
11
5.1206168503937004
21
-3.9384393700787399
0
LINE
8
BLACK
6
CONTINUOUS
10
5.1206168503937004
20
-3.9384393700787399
11
5.119552440944882
21
-3.938880275590551
0
LINE
8
BLACK
6
CONTINUOUS
10
5.119552440944882
20
-3.938880275590551
11
5.0716478740157482
21
-3.9388885433070864
0
LINE
8
BLACK
6
CONTINUOUS
10
5.0716478740157482
20
-3.9388885433070864
11
5.0677952755905507
21
-3.9389370078740158
0
LINE
8
BLACK
6
CONTINUOUS
10
5.0677952755905507
20
-3.9389370078740158
11
5.0673111417322829
21
-3.9388892913385827
0
LINE
8
BLACK
6
CONTINUOUS
10
5.0673111417322829
20
-3.9388892913385827
11
4.7922047244094488
21
-3.9389370078740158
0
LINE
8
BLACK
6
CONTINUOUS
10
4.7922047244094488
20
-3.9389370078740158
11
4.7916286614173229
21
-3.938880275590551
0
LINE
8
BLACK
6
CONTINUOUS
10
4.7916286614173229
20
-3.938880275590551
11
4.7905642519685037
21
-3.9384393700787399
0
LINE
8
BLACK
6
CONTINUOUS
10
4.7905642519685037
20
-3.9384393700787399
11
4.7897496062992122
21
-3.9376247244094489
0
LINE
8
BLACK
6
CONTINUOUS
10
4.7897496062992122
20
-3.9376247244094489
11
4.7893087007874016
21
-3.9365603149606296
0
LINE
8
BLACK
6
CONTINUOUS
10
4.7893087007874016
20
-3.9365603149606296
11
4.7893087007874016
21
-3.9354081889763779
0
LINE
8
BLACK
6
CONTINUOUS
10
4.7893087007874016
20
-3.9354081889763779
11
4.7897496062992122
21
-3.9343437795275591
0
LINE
8
BLACK
6
CONTINUOUS
10
4.7897496062992122
20
-3.9343437795275591
11
4.7905642519685037
21
-3.9335291338582676
0
LINE
8
BLACK
6
CONTINUOUS
10
4.7905642519685037
20
-3.9335291338582676
11
4.7916286614173229
21
-3.9330882283464565
0
LINE
8
BLACK
6
CONTINUOUS
10
4.7916286614173229
20
-3.9330882283464565
11
5.0648984251968505
21
-3.9330408661417322
0
LINE
8
BLACK
6
CONTINUOUS
10
5.0648984251968505
20
-3.9330408661417322
11
5.0648431496062987
21
-3.6869212204724406
0
LINE
8
BLACK
6
CONTINUOUS
10
5.0648431496062987
20
-3.6869212204724406
11
4.7922047244094488
21
-3.6869685039370079
0
LINE
8
BLACK
6
CONTINUOUS
10
4.7922047244094488
20
-3.6869685039370079
11
4.7916286614173229
21
-3.6869117716535431
0
LINE
8
BLACK
6
CONTINUOUS
10
4.7916286614173229
20
-3.6869117716535431
11
4.7905642519685037
21
-3.686470866141732
0
LINE
8
BLACK
6
CONTINUOUS
10
4.7905642519685037
20
-3.686470866141732
11
4.7897496062992122
21
-3.685656220472441
0
LINE
8
BLACK
6
CONTINUOUS
10
4.7897496062992122
20
-3.685656220472441
11
4.7893087007874016
21
-3.6845918110236218
0
LINE
8
BLACK
6
CONTINUOUS
10
4.7893087007874016
20
-3.6845918110236218
11
4.7893087007874016
21
-3.68343968503937
0
LINE
8
BLACK
6
CONTINUOUS
10
4.7893087007874016
20
-3.68343968503937
11
4.7897496062992122
21
-3.6823752755905512
0
LINE
8
BLACK
6
CONTINUOUS
10
4.7897496062992122
20
-3.6823752755905512
11
4.7905642519685037
21
-3.6815606299212598
0
LINE
8
BLACK
6
CONTINUOUS
10
4.7905642519685037
20
-3.6815606299212598
11
4.7916286614173229
21
-3.6811197244094487
0
LINE
8
BLACK
6
CONTINUOUS
10
4.7916286614173229
20
-3.6811197244094487
11
5.1189763779527562
21
-3.6810629921259843
0
LINE
8
BLACK
6
CONTINUOUS
10
5.1189763779527562
20
-3.6810629921259843
11
5.119552440944882
21
-3.6811197244094487
0
LINE
8
BLACK
6
CONTINUOUS
10
5.3133796062992129
20
-3.5298329921259843
11
5.3144101181102359
21
-3.5303482677165352
0
LINE
8
BLACK
6
CONTINUOUS
10
5.3144101181102359
20
-3.5303482677165352
11
5.3151649606299207
21
-3.5312186220472439
0
LINE
8
BLACK
6
CONTINUOUS
10
5.3151649606299207
20
-3.5312186220472439
11
5.3155292913385823
21
-3.5323116141732283
0
LINE
8
BLACK
6
CONTINUOUS
10
5.3155292913385823
20
-3.5323116141732283
11
5.3154476377952751
21
-3.5334608267716536
0
LINE
8
BLACK
6
CONTINUOUS
10
5.3154476377952751
20
-3.5334608267716536
11
5.313365984251968
21
-3.5377509448818896
0
LINE
8
BLACK
6
CONTINUOUS
10
5.313365984251968
20
-3.5377509448818896
11
5.313209960629921
21
-3.5379987401574802
0
LINE
8
BLACK
6
CONTINUOUS
10
5.313209960629921
20
-3.5379987401574802
11
5.3131801181102363
21
-3.5380709055118111
0
LINE
8
BLACK
6
CONTINUOUS
10
5.3131801181102363
20
-3.5380709055118111
11
5.3131367716535429
21
-3.5381150787401574
0
LINE
8
BLACK
6
CONTINUOUS
10
5.3131367716535429
20
-3.5381150787401574
11
5.3130576377952758
21
-3.5382408267716534
0
LINE
8
BLACK
6
CONTINUOUS
10
5.3130576377952758
20
-3.5382408267716534
11
5.3127616535433067
21
-3.5384974803149607
0
LINE
8
BLACK
6
CONTINUOUS
10
5.3127616535433067
20
-3.5384974803149607
11
5.3102874015748034
21
-3.5410199212598426
0
LINE
8
BLACK
6
CONTINUOUS
10
5.3102874015748034
20
-3.5410199212598426
11
5.3377888582677162
21
-3.5409808661417324
0
LINE
8
BLACK
6
CONTINUOUS
10
5.3377888582677162
20
-3.5409808661417324
11
5.3377684645669294
21
-3.5326809055118109
0
LINE
8
BLACK
6
CONTINUOUS
10
5.3377684645669294
20
-3.5326809055118109
11
5.3378251968503934
21
-3.532104842519685
0
LINE
8
BLACK
6
CONTINUOUS
10
5.3378251968503934
20
-3.532104842519685
11
5.3382661023622049
21
-3.5310404330708662
0
LINE
8
BLACK
6
CONTINUOUS
10
5.3382661023622049
20
-3.5310404330708662
11
5.3390807480314963
21
-3.5302257874015748
0
LINE
8
BLACK
6
CONTINUOUS
10
5.3390807480314963
20
-3.5302257874015748
11
5.3401451574803147
21
-3.5297848818897637
0
LINE
8
BLACK
6
CONTINUOUS
10
5.3401451574803147
20
-3.5297848818897637
11
5.3412972834645664
21
-3.5297848818897637
0
LINE
8
BLACK
6
CONTINUOUS
10
5.3412972834645664
20
-3.5297848818897637
11
5.3423616929133857
21
-3.5302257874015748
0
LINE
8
BLACK
6
CONTINUOUS
10
5.3423616929133857
20
-3.5302257874015748
11
5.3431763385826772
21
-3.5310404330708662
0
LINE
8
BLACK
6
CONTINUOUS
10
5.3431763385826772
20
-3.5310404330708662
11
5.3436172440944878
21
-3.532104842519685
0
LINE
8
BLACK
6
CONTINUOUS
10
5.3436172440944878
20
-3.532104842519685
11
5.3436739763779526
21
-3.5551780708661416
0
LINE
8
BLACK
6
CONTINUOUS
10
5.3436739763779526
20
-3.5551780708661416
11
5.3436172440944878
21
-3.5557541338582674
0
LINE
8
BLACK
6
CONTINUOUS
10
5.3436172440944878
20
-3.5557541338582674
11
5.3431763385826772
21
-3.5568185433070867
0
LINE
8
BLACK
6
CONTINUOUS
10
5.3431763385826772
20
-3.5568185433070867
11
5.3423616929133857
21
-3.5576331889763777
0
LINE
8
BLACK
6
CONTINUOUS
10
5.3423616929133857
20
-3.5576331889763777
11
5.3412972834645664
21
-3.5580740944881888
0
LINE
8
BLACK
6
CONTINUOUS
10
5.3412972834645664
20
-3.5580740944881888
11
5.3401451574803147
21
-3.5580740944881888
0
LINE
8
BLACK
6
CONTINUOUS
10
5.3401451574803147
20
-3.5580740944881888
11
5.3390807480314963
21
-3.5576331889763777
0
LINE
8
BLACK
6
CONTINUOUS
10
5.3390807480314963
20
-3.5576331889763777
11
5.3382661023622049
21
-3.5568185433070867
0
LINE
8
BLACK
6
CONTINUOUS
10
5.3382661023622049
20
-3.5568185433070867
11
5.3378251968503934
21
-3.5557541338582674
0
LINE
8
BLACK
6
CONTINUOUS
10
5.3378251968503934
20
-3.5557541338582674
11
5.3378032283464565
21
-3.546830472440945
0
LINE
8
BLACK
6
CONTINUOUS
10
5.3378032283464565
20
-3.546830472440945
11
5.3013511417322832
21
-3.5468822440944883
0
LINE
8
BLACK
6
CONTINUOUS
10
5.3013511417322832
20
-3.5468822440944883
11
5.3013490551181102
21
-3.5468820078740158
0
LINE
8
BLACK
6
CONTINUOUS
10
5.3013490551181102
20
-3.5468820078740158
11
5.3013480314960626
21
-3.5468822440944883
0
LINE
8
BLACK
6
CONTINUOUS
10
5.3013480314960626
20
-3.5468822440944883
11
5.3013449999999995
21
-3.5468816141732282
0
LINE
8
BLACK
6
CONTINUOUS
10
5.3013449999999995
20
-3.5468816141732282
11
5.3007750787401573
21
-3.5468255118110235
0
LINE
8
BLACK
6
CONTINUOUS
10
5.3007750787401573
20
-3.5468255118110235
11
5.3005049606299215
21
-3.5467136220472439
0
LINE
8
BLACK
6
CONTINUOUS
10
5.3005049606299215
20
-3.5467136220472439
11
5.3002183464566928
21
-3.5466562992125983
0
LINE
8
BLACK
6
CONTINUOUS
10
5.3002183464566928
20
-3.5466562992125983
11
5.2999779527559054
21
-3.5464953149606298
0
LINE
8
BLACK
6
CONTINUOUS
10
5.2999779527559054
20
-3.5464953149606298
11
5.299710669291338
21
-3.5463846062992124
0
LINE
8
BLACK
6
CONTINUOUS
10
5.299710669291338
20
-3.5463846062992124
11
5.2995039370078736
21
-3.5461778740157479
0
LINE
8
BLACK
6
CONTINUOUS
10
5.2995039370078736
20
-3.5461778740157479
11
5.2992610629921257
21
-3.5460152362204722
0
LINE
8
BLACK
6
CONTINUOUS
10
5.2992610629921257
20
-3.5460152362204722
11
5.2991005511811027
21
-3.5457744881889761
0
LINE
8
BLACK
6
CONTINUOUS
10
5.2991005511811027
20
-3.5457744881889761
11
5.2988960236220475
21
-3.5455699606299214
0
LINE
8
BLACK
6
CONTINUOUS
10
5.2988960236220475
20
-3.5455699606299214
11
5.298784133858268
21
-3.5452998425196851
0
LINE
8
BLACK
6
CONTINUOUS
10
5.298784133858268
20
-3.5452998425196851
11
5.2986219685039373
21
-3.5450566141732285
0
LINE
8
BLACK
6
CONTINUOUS
10
5.2986219685039373
20
-3.5450566141732285
11
5.2985658267716538
21
-3.5447727952755903
0
LINE
8
BLACK
6
CONTINUOUS
10
5.2985658267716538
20
-3.5447727952755903
11
5.298455118110236
21
-3.5445055511811021
0
LINE
8
BLACK
6
CONTINUOUS
10
5.298455118110236
20
-3.5445055511811021
11
5.298455118110236
21
-3.544213149606299
0
LINE
8
BLACK
6
CONTINUOUS
10
5.298455118110236
20
-3.544213149606299
11
5.2983983858267711
21
-3.5439263779527557
0
LINE
8
BLACK
6
CONTINUOUS
10
5.2983983858267711
20
-3.5439263779527557
11
5.298455118110236
21
-3.5436427165354329
0
LINE
8
BLACK
6
CONTINUOUS
10
5.298455118110236
20
-3.5436427165354329
11
5.298455118110236
21
-3.5433534251968504
0
LINE
8
BLACK
6
CONTINUOUS
10
5.298455118110236
20
-3.5433534251968504
11
5.2985669685039367
21
-3.5430833070866141
0
LINE
8
BLACK
6
CONTINUOUS
10
5.2985669685039367
20
-3.5430833070866141
11
5.2986243307086616
21
-3.5427966929133858
0
LINE
8
BLACK
6
CONTINUOUS
10
5.2986243307086616
20
-3.5427966929133858
11
5.2987852755905509
21
-3.5425562992125985
0
LINE
8
BLACK
6
CONTINUOUS
10
5.2987852755905509
20
-3.5425562992125985
11
5.2988960236220475
21
-3.5422890157480316
0
LINE
8
BLACK
6
CONTINUOUS
10
5.2988960236220475
20
-3.5422890157480316
11
5.2991027165354332
21
-3.5420822834645667
0
LINE
8
BLACK
6
CONTINUOUS
10
5.2991027165354332
20
-3.5420822834645667
11
5.2992653937007876
21
-3.5418394094488188
0
LINE
8
BLACK
6
CONTINUOUS
10
5.2992653937007876
20
-3.5418394094488188
11
5.2995144881889766
21
-3.5416705118110237
0
LINE
8
BLACK
6
CONTINUOUS
10
5.2995144881889766
20
-3.5416705118110237
11
5.299710669291338
21
-3.5414743700787401
0
LINE
8
BLACK
6
CONTINUOUS
10
5.299710669291338
20
-3.5414743700787401
11
5.29995031496063
21
-3.5413750787401574
0
LINE
8
BLACK
6
CONTINUOUS
10
5.29995031496063
20
-3.5413750787401574
11
5.3052883858267714
21
-3.5377564173228344
0
LINE
8
BLACK
6
CONTINUOUS
10
5.3052883858267714
20
-3.5377564173228344
11
5.3083890157480313
21
-3.5345953543307087
0
LINE
8
BLACK
6
CONTINUOUS
10
5.3083890157480313
20
-3.5345953543307087
11
5.3099587007874014
21
-3.5313603937007874
0
LINE
8
BLACK
6
CONTINUOUS
10
5.3099587007874014
20
-3.5313603937007874
11
5.3102670472440945
21
-3.5308705118110235
0
LINE
8
BLACK
6
CONTINUOUS
10
5.3102670472440945
20
-3.5308705118110235
11
5.3111374409448819
21
-3.5301156692913387
0
LINE
8
BLACK
6
CONTINUOUS
10
5.3111374409448819
20
-3.5301156692913387
11
5.3122303937007871
21
-3.5297513385826771
0
LINE
8
BLACK
6
CONTINUOUS
10
5.3122303937007871
20
-3.5297513385826771
11
5.3133796062992129
21
-3.5298329921259843
0
LINE
8
BLACK
6
CONTINUOUS
10
5.3337981889763775
20
-3.4904148031496063
11
5.3338961811023617
21
-3.4904553937007874
0
LINE
8
BLACK
6
CONTINUOUS
10
5.3338961811023617
20
-3.4904553937007874
11
5.334002007874016
21
-3.4904629133858265
0
LINE
8
BLACK
6
CONTINUOUS
10
5.334002007874016
20
-3.4904629133858265
11
5.3345135433070867
21
-3.4907111023622046
0
LINE
8
BLACK
6
CONTINUOUS
10
5.3345135433070867
20
-3.4907111023622046
11
5.3348625984251967
21
-3.4908557086614174
0
LINE
8
BLACK
6
CONTINUOUS
10
5.3348625984251967
20
-3.4908557086614174
11
5.3349107086614174
21
-3.4909038188976376
0
LINE
8
BLACK
6
CONTINUOUS
10
5.3349107086614174
20
-3.4909038188976376
11
5.3382921653543303
21
-3.492544566929134
0
LINE
8
BLACK
6
CONTINUOUS
10
5.3382921653543303
20
-3.492544566929134
11
5.3385400393700788
21
-3.492700590551181
0
LINE
8
BLACK
6
CONTINUOUS
10
5.3385400393700788
20
-3.492700590551181
11
5.3386120866141731
21
-3.4927304330708662
0
LINE
8
BLACK
6
CONTINUOUS
10
5.3386120866141731
20
-3.4927304330708662
11
5.3386581889763782
21
-3.4927749606299212
0
LINE
8
BLACK
6
CONTINUOUS
10
5.3386581889763782
20
-3.4927749606299212
11
5.3387820472440941
21
-3.4928529133858266
0
LINE
8
BLACK
6
CONTINUOUS
10
5.3387820472440941
20
-3.4928529133858266
11
5.3390037401574801
21
-3.4931085433070868
0
LINE
8
BLACK
6
CONTINUOUS
10
5.3390037401574801
20
-3.4931085433070868
11
5.3409343307086612
21
-3.4949724015748029
0
LINE
8
BLACK
6
CONTINUOUS
10
5.3409343307086612
20
-3.4949724015748029
11
5.3411200787401576
21
-3.4951987401574804
0
LINE
8
BLACK
6
CONTINUOUS
10
5.3411200787401576
20
-3.4951987401574804
11
5.3411791338582679
21
-3.4952499606299212
0
LINE
8
BLACK
6
CONTINUOUS
10
5.3411791338582679
20
-3.4952499606299212
11
5.3412077559055113
21
-3.495305590551181
0
LINE
8
BLACK
6
CONTINUOUS
10
5.3412077559055113
20
-3.495305590551181
11
5.3413015748031496
21
-3.4954198818897635
0
LINE
8
BLACK
6
CONTINUOUS
10
5.3413015748031496
20
-3.4954198818897635
11
5.3414452362204727
21
-3.4957667322834647
0
LINE
8
BLACK
6
CONTINUOUS
10
5.3414452362204727
20
-3.4957667322834647
11
5.3433622440944877
21
-3.4994893700787402
0
LINE
8
BLACK
6
CONTINUOUS
10
5.3433622440944877
20
-3.4994893700787402
11
5.343569133858268
21
-3.500029960629921
0
LINE
8
BLACK
6
CONTINUOUS
10
5.343569133858268
20
-3.500029960629921
11
5.3435766535433071
21
-3.5001358267716536
0
LINE
8
BLACK
6
CONTINUOUS
10
5.3435766535433071
20
-3.5001358267716536
11
5.3436172440944878
21
-3.5002338188976378
0
LINE
8
BLACK
6
CONTINUOUS
10
5.3436172440944878
20
-3.5002338188976378
11
5.3436209055118109
21
-3.5007589763779525
0
LINE
8
BLACK
6
CONTINUOUS
10
5.3436209055118109
20
-3.5007589763779525
11
5.3436507874015744
21
-3.5011791732283464
0
LINE
8
BLACK
6
CONTINUOUS
10
5.3436507874015744
20
-3.5011791732283464
11
5.343624409448819
21
-3.5012581889763781
0
LINE
8
BLACK
6
CONTINUOUS
10
5.343624409448819
20
-3.5012581889763781
11
5.3436739763779526
21
-3.5083089370078739
0
LINE
8
BLACK
6
CONTINUOUS
10
5.3436739763779526
20
-3.5083089370078739
11
5.3436172440944878
21
-3.5088849999999998
0
LINE
8
BLACK
6
CONTINUOUS
10
5.3436172440944878
20
-3.5088849999999998
11
5.3435766535433071
21
-3.5089829527559053
0
LINE
8
BLACK
6
CONTINUOUS
10
5.3435766535433071
20
-3.5089829527559053
11
5.343569133858268
21
-3.5090888582677167
0
LINE
8
BLACK
6
CONTINUOUS
10
5.343569133858268
20
-3.5090888582677167
11
5.3433207874015745
21
-3.5096005905511811
0
LINE
8
BLACK
6
CONTINUOUS
10
5.3433207874015745
20
-3.5096005905511811
11
5.3431763385826772
21
-3.5099494094488186
0
LINE
8
BLACK
6
CONTINUOUS
10
5.3431763385826772
20
-3.5099494094488186
11
5.3431282283464565
21
-3.5099974803149605
0
LINE
8
BLACK
6
CONTINUOUS
10
5.3431282283464565
20
-3.5099974803149605
11
5.3414874803149601
21
-3.5133789763779526
0
LINE
8
BLACK
6
CONTINUOUS
10
5.3414874803149601
20
-3.5133789763779526
11
5.3413313779527556
21
-3.513626968503937
0
LINE
8
BLACK
6
CONTINUOUS
10
5.3413313779527556
20
-3.513626968503937
11
5.3413015748031496
21
-3.5136989370078737
0
LINE
8
BLACK
6
CONTINUOUS
10
5.3413015748031496
20
-3.5136989370078737
11
5.3412570472440946
21
-3.5137450000000001
0
LINE
8
BLACK
6
CONTINUOUS
10
5.3412570472440946
20
-3.5137450000000001
11
5.3411791338582679
21
-3.5138688582677164
0
LINE
8
BLACK
6
CONTINUOUS
10
5.3411791338582679
20
-3.5138688582677164
11
5.3409233464566928
21
-3.51409062992126
0
LINE
8
BLACK
6
CONTINUOUS
10
5.3409233464566928
20
-3.51409062992126
11
5.3390595275590549
21
-3.5160211811023623
0
LINE
8
BLACK
6
CONTINUOUS
10
5.3390595275590549
20
-3.5160211811023623
11
5.3388331889763778
21
-3.5162068897637795
0
LINE
8
BLACK
6
CONTINUOUS
10
5.3388331889763778
20
-3.5162068897637795
11
5.3387820472440941
21
-3.5162659055118111
0
LINE
8
BLACK
6
CONTINUOUS
10
5.3387820472440941
20
-3.5162659055118111
11
5.3387264173228344
21
-3.5162945275590549
0
LINE
8
BLACK
6
CONTINUOUS
10
5.3387264173228344
20
-3.5162945275590549
11
5.3386120866141731
21
-3.5163883858267715
0
LINE
8
BLACK
6
CONTINUOUS
10
5.3386120866141731
20
-3.5163883858267715
11
5.3382651574803148
21
-3.5165320472440946
0
LINE
8
BLACK
6
CONTINUOUS
10
5.3382651574803148
20
-3.5165320472440946
11
5.3345426377952752
21
-3.5184490157480313
0
LINE
8
BLACK
6
CONTINUOUS
10
5.3345426377952752
20
-3.5184490157480313
11
5.334002007874016
21
-3.5186559055118107
0
LINE
8
BLACK
6
CONTINUOUS
10
5.334002007874016
20
-3.5186559055118107
11
5.3338961811023617
21
-3.5186633858267715
0
LINE
8
BLACK
6
CONTINUOUS
10
5.3338961811023617
20
-3.5186633858267715
11
5.3337981889763775
21
-3.5187040157480314
0
LINE
8
BLACK
6
CONTINUOUS
10
5.3337981889763775
20
-3.5187040157480314
11
5.3333129133858268
21
-3.5187048425196847
0
LINE
8
BLACK
6
CONTINUOUS
10
5.3333129133858268
20
-3.5187048425196847
11
5.3328527952755902
21
-3.518737559055118
0
LINE
8
BLACK
6
CONTINUOUS
10
5.3328527952755902
20
-3.518737559055118
11
5.3327575984251965
21
-3.5187058267716536
0
LINE
8
BLACK
6
CONTINUOUS
10
5.3327575984251965
20
-3.5187058267716536
11
5.3013511417322832
21
-3.5187607480314962
0
LINE
8
BLACK
6
CONTINUOUS
10
5.3013511417322832
20
-3.5187607480314962
11
5.3007750787401573
21
-3.5187040157480314
0
LINE
8
BLACK
6
CONTINUOUS
10
5.3007750787401573
20
-3.5187040157480314
11
5.299710669291338
21
-3.5182631102362203
0
LINE
8
BLACK
6
CONTINUOUS
10
5.299710669291338
20
-3.5182631102362203
11
5.2988960236220475
21
-3.5174484645669288
0
LINE
8
BLACK
6
CONTINUOUS
10
5.2988960236220475
20
-3.5174484645669288
11
5.298455118110236
21
-3.51638405511811
0
LINE
8
BLACK
6
CONTINUOUS
10
5.298455118110236
20
-3.51638405511811
11
5.298455118110236
21
-3.5152319291338583
0
LINE
8
BLACK
6
CONTINUOUS
10
5.298455118110236
20
-3.5152319291338583
11
5.2988960236220475
21
-3.5141675196850395
0
LINE
8
BLACK
6
CONTINUOUS
10
5.2988960236220475
20
-3.5141675196850395
11
5.299710669291338
21
-3.513352874015748
0
LINE
8
BLACK
6
CONTINUOUS
10
5.299710669291338
20
-3.513352874015748
11
5.3007750787401573
21
-3.5129119685039369
0
LINE
8
BLACK
6
CONTINUOUS
10
5.3007750787401573
20
-3.5129119685039369
11
5.3326137795275592
21
-3.5128562992125985
0
LINE
8
BLACK
6
CONTINUOUS
10
5.3326137795275592
20
-3.5128562992125985
11
5.3353157874015746
21
-3.5114648425196848
0
LINE
8
BLACK
6
CONTINUOUS
10
5.3353157874015746
20
-3.5114648425196848
11
5.3365065748031491
21
-3.5102314960629921
0
LINE
8
BLACK
6
CONTINUOUS
10
5.3365065748031491
20
-3.5102314960629921
11
5.3378156692913388
21
-3.5075335039370077
0
LINE
8
BLACK
6
CONTINUOUS
10
5.3378156692913388
20
-3.5075335039370077
11
5.3377727559055117
21
-3.5014244881889764
0
LINE
8
BLACK
6
CONTINUOUS
10
5.3377727559055117
20
-3.5014244881889764
11
5.33637811023622
21
-3.4987162204724407
0
LINE
8
BLACK
6
CONTINUOUS
10
5.33637811023622
20
-3.4987162204724407
11
5.3351447244094485
21
-3.4975254724409446
0
LINE
8
BLACK
6
CONTINUOUS
10
5.3351447244094485
20
-3.4975254724409446
11
5.3324320472440947
21
-3.496209212598425
0
LINE
8
BLACK
6
CONTINUOUS
10
5.3324320472440947
20
-3.496209212598425
11
5.3013511417322832
21
-3.4962635826771651
0
LINE
8
BLACK
6
CONTINUOUS
10
5.3013511417322832
20
-3.4962635826771651
11
5.3007750787401573
21
-3.4962068503937007
0
LINE
8
BLACK
6
CONTINUOUS
10
5.3007750787401573
20
-3.4962068503937007
11
5.299710669291338
21
-3.4957659448818896
0
LINE
8
BLACK
6
CONTINUOUS
10
5.299710669291338
20
-3.4957659448818896
11
5.2988960236220475
21
-3.4949512992125982
0
LINE
8
BLACK
6
CONTINUOUS
10
5.2988960236220475
20
-3.4949512992125982
11
5.298455118110236
21
-3.4938868897637794
0
LINE
8
BLACK
6
CONTINUOUS
10
5.298455118110236
20
-3.4938868897637794
11
5.298455118110236
21
-3.4927347637795276
0
LINE
8
BLACK
6
CONTINUOUS
10
5.298455118110236
20
-3.4927347637795276
11
5.2988960236220475
21
-3.4916703543307084
0
LINE
8
BLACK
6
CONTINUOUS
10
5.2988960236220475
20
-3.4916703543307084
11
5.299710669291338
21
-3.4908557086614174
0
LINE
8
BLACK
6
CONTINUOUS
10
5.299710669291338
20
-3.4908557086614174
11
5.3007750787401573
21
-3.4904148031496063
0
LINE
8
BLACK
6
CONTINUOUS
10
5.3007750787401573
20
-3.4904148031496063
11
5.3332221259842516
21
-3.4903580708661415
0
LINE
8
BLACK
6
CONTINUOUS
10
5.3332221259842516
20
-3.4903580708661415
11
5.3337981889763775
21
-3.4904148031496063
0
LINE
8
BLACK
6
CONTINUOUS
10
5.4218162204724409
20
-3.4219858661417324
11
5.4228806299212593
21
-3.422426771653543
0
LINE
8
BLACK
6
CONTINUOUS
10
5.4228806299212593
20
-3.422426771653543
11
5.4236952755905508
21
-3.4232414173228345
0
LINE
8
BLACK
6
CONTINUOUS
10
5.4236952755905508
20
-3.4232414173228345
11
5.4241361811023623
21
-3.4243058267716533
0
LINE
8
BLACK
6
CONTINUOUS
10
5.4241361811023623
20
-3.4243058267716533
11
5.4241929133858262
21
-3.6217322834645667
0
LINE
8
BLACK
6
CONTINUOUS
10
5.4241929133858262
20
-3.6217322834645667
11
5.4241361811023623
21
-3.622308346456693
0
LINE
8
BLACK
6
CONTINUOUS
10
5.4241361811023623
20
-3.622308346456693
11
5.4236952755905508
21
-3.6233727559055118
0
LINE
8
BLACK
6
CONTINUOUS
10
5.4236952755905508
20
-3.6233727559055118
11
5.4228806299212593
21
-3.6241874015748032
0
LINE
8
BLACK
6
CONTINUOUS
10
5.4228806299212593
20
-3.6241874015748032
11
5.4218162204724409
21
-3.6246283070866139
0
LINE
8
BLACK
6
CONTINUOUS
10
5.4218162204724409
20
-3.6246283070866139
11
5.2637598425196845
21
-3.6246850393700787
0
LINE
8
BLACK
6
CONTINUOUS
10
5.2637598425196845
20
-3.6246850393700787
11
5.2631837795275587
21
-3.6246283070866139
0
LINE
8
BLACK
6
CONTINUOUS
10
5.2631837795275587
20
-3.6246283070866139
11
5.2621193700787403
21
-3.6241874015748032
0
LINE
8
BLACK
6
CONTINUOUS
10
5.2621193700787403
20
-3.6241874015748032
11
5.2613047244094489
21
-3.6233727559055118
0
LINE
8
BLACK
6
CONTINUOUS
10
5.2613047244094489
20
-3.6233727559055118
11
5.2608638188976373
21
-3.622308346456693
0
LINE
8
BLACK
6
CONTINUOUS
10
5.2608638188976373
20
-3.622308346456693
11
5.2608594881889763
21
-3.6073463779527559
0
LINE
8
BLACK
6
CONTINUOUS
10
5.2608594881889763
20
-3.6073463779527559
11
5.2599020472440943
21
-3.6097775196850392
0
LINE
8
BLACK
6
CONTINUOUS
10
5.2599020472440943
20
-3.6097775196850392
11
5.2596354330708657
21
-3.6102913385826771
0
LINE
8
BLACK
6
CONTINUOUS
10
5.2596354330708657
20
-3.6102913385826771
11
5.258830748031496
21
-3.6111158661417324
0
LINE
8
BLACK
6
CONTINUOUS
10
5.258830748031496
20
-3.6111158661417324
11
5.2577718110236216
21
-3.6115696850393699
0
LINE
8
BLACK
6
CONTINUOUS
10
5.2577718110236216
20
-3.6115696850393699
11
5.2566197637795273
21
-3.6115837401574802
0
LINE
8
BLACK
6
CONTINUOUS
10
5.2566197637795273
20
-3.6115837401574802
11
5.2555500393700783
21
-3.6111558661417322
0
LINE
8
BLACK
6
CONTINUOUS
10
5.2555500393700783
20
-3.6111558661417322
11
5.2547255118110234
21
-3.6103511811023621
0
LINE
8
BLACK
6
CONTINUOUS
10
5.2547255118110234
20
-3.6103511811023621
11
5.2542716929133855
21
-3.6092922440944881
0
LINE
8
BLACK
6
CONTINUOUS
10
5.2542716929133855
20
-3.6092922440944881
11
5.2542576377952752
21
-3.6081401968503934
0
LINE
8
BLACK
6
CONTINUOUS
10
5.2542576377952752
20
-3.6081401968503934
11
5.2565849212598428
21
-3.6022310236220472
0
LINE
8
BLACK
6
CONTINUOUS
10
5.2565849212598428
20
-3.6022310236220472
11
5.2515361811023622
21
-3.6022598425196848
0
LINE
8
BLACK
6
CONTINUOUS
10
5.2515361811023622
20
-3.6022598425196848
11
5.2509601181102363
21
-3.6022031102362204
0
LINE
8
BLACK
6
CONTINUOUS
10
5.2509601181102363
20
-3.6022031102362204
11
5.2498957086614171
21
-3.6017622047244093
0
LINE
8
BLACK
6
CONTINUOUS
10
5.2498957086614171
20
-3.6017622047244093
11
5.2490810629921256
21
-3.6009475590551179
0
LINE
8
BLACK
6
CONTINUOUS
10
5.2490810629921256
20
-3.6009475590551179
11
5.248640157480315
21
-3.5998831496062991
0
LINE
8
BLACK
6
CONTINUOUS
10
5.248640157480315
20
-3.5998831496062991
11
5.248640157480315
21
-3.5987310236220473
0
LINE
8
BLACK
6
CONTINUOUS
10
5.248640157480315
20
-3.5987310236220473
11
5.2490810629921256
21
-3.5976666141732281
0
LINE
8
BLACK
6
CONTINUOUS
10
5.2490810629921256
20
-3.5976666141732281
11
5.2498957086614171
21
-3.5968519685039371
0
LINE
8
BLACK
6
CONTINUOUS
10
5.2498957086614171
20
-3.5968519685039371
11
5.2509601181102363
21
-3.596411062992126
0
LINE
8
BLACK
6
CONTINUOUS
10
5.2509601181102363
20
-3.596411062992126
11
5.2565915748031493
21
-3.596378937007874
0
LINE
8
BLACK
6
CONTINUOUS
10
5.2565915748031493
20
-3.596378937007874
11
5.2544188976377955
21
-3.5910298818897637
0
LINE
8
BLACK
6
CONTINUOUS
10
5.2544188976377955
20
-3.5910298818897637
11
5.2542576377952752
21
-3.5904739763779525
0
LINE
8
BLACK
6
CONTINUOUS
10
5.2542576377952752
20
-3.5904739763779525
11
5.2542716929133855
21
-3.5893219291338583
0
LINE
8
BLACK
6
CONTINUOUS
10
5.2542716929133855
20
-3.5893219291338583
11
5.2547255118110234
21
-3.5882629921259843
0
LINE
8
BLACK
6
CONTINUOUS
10
5.2547255118110234
20
-3.5882629921259843
11
5.2555500393700783
21
-3.5874583070866142
0
LINE
8
BLACK
6
CONTINUOUS
10
5.2555500393700783
20
-3.5874583070866142
11
5.2566197637795273
21
-3.5870304330708662
0
LINE
8
BLACK
6
CONTINUOUS
10
5.2566197637795273
20
-3.5870304330708662
11
5.2577718110236216
21
-3.5870444881889765
0
LINE
8
BLACK
6
CONTINUOUS
10
5.2577718110236216
20
-3.5870444881889765
11
5.258830748031496
21
-3.587498307086614
0
LINE
8
BLACK
6
CONTINUOUS
10
5.258830748031496
20
-3.587498307086614
11
5.2596354330708657
21
-3.5883228346456693
0
LINE
8
BLACK
6
CONTINUOUS
10
5.2596354330708657
20
-3.5883228346456693
11
5.260854881889764
21
-3.5913251574803149
0
LINE
8
BLACK
6
CONTINUOUS
10
5.260854881889764
20
-3.5913251574803149
11
5.2608070866141734
21
-3.4248818897637796
0
LINE
8
BLACK
6
CONTINUOUS
10
5.2608070866141734
20
-3.4248818897637796
11
5.2608638188976373
21
-3.4243058267716533
0
LINE
8
BLACK
6
CONTINUOUS
10
5.2608638188976373
20
-3.4243058267716533
11
5.2613047244094489
21
-3.4232414173228345
0
LINE
8
BLACK
6
CONTINUOUS
10
5.2613047244094489
20
-3.4232414173228345
11
5.2621193700787403
21
-3.422426771653543
0
LINE
8
BLACK
6
CONTINUOUS
10
5.2621193700787403
20
-3.422426771653543
11
5.2631837795275587
21
-3.4219858661417324
0
LINE
8
BLACK
6
CONTINUOUS
10
5.2631837795275587
20
-3.4219858661417324
11
5.4212401574803151
21
-3.4219291338582676
0
LINE
8
BLACK
6
CONTINUOUS
10
5.4212401574803151
20
-3.4219291338582676
11
5.4218162204724409
21
-3.4219858661417324
0
LINE
8
BLACK
6
CONTINUOUS
10
5.2666568503937006
20
-3.4278335826771653
11
5.2667038188976374
21
-3.5912802755905511
0
LINE
8
BLACK
6
CONTINUOUS
10
5.2667038188976374
20
-3.5912802755905511
11
5.2671322834645666
21
-3.5910203543307087
0
LINE
8
BLACK
6
CONTINUOUS
10
5.2671322834645666
20
-3.5910203543307087
11
5.2682483464566925
21
-3.5907344094488187
0
LINE
8
BLACK
6
CONTINUOUS
10
5.2682483464566925
20
-3.5907344094488187
11
5.2693888582677166
21
-3.5908973622047244
0
LINE
8
BLACK
6
CONTINUOUS
10
5.2693888582677166
20
-3.5908973622047244
11
5.2703802362204719
21
-3.5914843307086612
0
LINE
8
BLACK
6
CONTINUOUS
10
5.2703802362204719
20
-3.5914843307086612
11
5.2710714960629916
21
-3.592406023622047
0
LINE
8
BLACK
6
CONTINUOUS
10
5.2710714960629916
20
-3.592406023622047
11
5.2713574409448816
21
-3.5935220866141733
0
LINE
8
BLACK
6
CONTINUOUS
10
5.2713574409448816
20
-3.5935220866141733
11
5.2711944881889758
21
-3.594662598425197
0
LINE
8
BLACK
6
CONTINUOUS
10
5.2711944881889758
20
-3.594662598425197
11
5.270607519685039
21
-3.5956539763779527
0
LINE
8
BLACK
6
CONTINUOUS
10
5.270607519685039
20
-3.5956539763779527
11
5.26670594488189
21
-3.5986150393700789
0
LINE
8
BLACK
6
CONTINUOUS
10
5.26670594488189
20
-3.5986150393700789
11
5.2667063385826767
21
-3.5999942125984252
0
LINE
8
BLACK
6
CONTINUOUS
10
5.2667063385826767
20
-3.5999942125984252
11
5.2701807086614174
21
-3.6025691732283462
0
LINE
8
BLACK
6
CONTINUOUS
10
5.2701807086614174
20
-3.6025691732283462
11
5.270607519685039
21
-3.6029601968503937
0
LINE
8
BLACK
6
CONTINUOUS
10
5.270607519685039
20
-3.6029601968503937
11
5.2711944881889758
21
-3.6039515748031494
0
LINE
8
BLACK
6
CONTINUOUS
10
5.2711944881889758
20
-3.6039515748031494
11
5.2713574409448816
21
-3.6050920866141731
0
LINE
8
BLACK
6
CONTINUOUS
10
5.2713574409448816
20
-3.6050920866141731
11
5.2710714960629916
21
-3.606208149606299
0
LINE
8
BLACK
6
CONTINUOUS
10
5.2710714960629916
20
-3.606208149606299
11
5.2703802362204719
21
-3.6071298425196852
0
LINE
8
BLACK
6
CONTINUOUS
10
5.2703802362204719
20
-3.6071298425196852
11
5.2693888582677166
21
-3.607716811023622
0
LINE
8
BLACK
6
CONTINUOUS
10
5.2693888582677166
20
-3.607716811023622
11
5.2682483464566925
21
-3.6078797637795277
0
LINE
8
BLACK
6
CONTINUOUS
10
5.2682483464566925
20
-3.6078797637795277
11
5.2671322834645666
21
-3.6075938188976377
0
LINE
8
BLACK
6
CONTINUOUS
10
5.2671322834645666
20
-3.6075938188976377
11
5.2667084251968506
21
-3.6072796850393698
0
LINE
8
BLACK
6
CONTINUOUS
10
5.2667084251968506
20
-3.6072796850393698
11
5.266711732283464
21
-3.618834960629921
0
LINE
8
BLACK
6
CONTINUOUS
10
5.266711732283464
20
-3.618834960629921
11
5.4183431102362203
21
-3.6187805511811022
0
LINE
8
BLACK
6
CONTINUOUS
10
5.4183431102362203
20
-3.6187805511811022
11
5.4182882283464568
21
-3.4277791732283465
0
LINE
8
BLACK
6
CONTINUOUS
10
5.4182882283464568
20
-3.4277791732283465
11
5.2666568503937006
21
-3.4278335826771653
0
LINE
8
BLACK
6
CONTINUOUS
10
5.596855590551181
20
-3.6182260236220474
11
5.5979200000000002
21
-3.618666929133858
0
LINE
8
BLACK
6
CONTINUOUS
10
5.5979200000000002
20
-3.618666929133858
11
5.5987346456692908
21
-3.6194815748031495
0
LINE
8
BLACK
6
CONTINUOUS
10
5.5987346456692908
20
-3.6194815748031495
11
5.5991755511811023
21
-3.6205459842519683
0
LINE
8
BLACK
6
CONTINUOUS
10
5.5991755511811023
20
-3.6205459842519683
11
5.5991755511811023
21
-3.6216981102362205
0
LINE
8
BLACK
6
CONTINUOUS
10
5.5991755511811023
20
-3.6216981102362205
11
5.5987346456692908
21
-3.6227625196850393
0
LINE
8
BLACK
6
CONTINUOUS
10
5.5987346456692908
20
-3.6227625196850393
11
5.5979200000000002
21
-3.6235771653543307
0
LINE
8
BLACK
6
CONTINUOUS
10
5.5979200000000002
20
-3.6235771653543307
11
5.596855590551181
21
-3.6240180708661418
0
LINE
8
BLACK
6
CONTINUOUS
10
5.596855590551181
20
-3.6240180708661418
11
5.5687204724409449
21
-3.6240748031496062
0
LINE
8
BLACK
6
CONTINUOUS
10
5.5687204724409449
20
-3.6240748031496062
11
5.5681444094488191
21
-3.6240180708661418
0
LINE
8
BLACK
6
CONTINUOUS
10
5.5681444094488191
20
-3.6240180708661418
11
5.5670799999999998
21
-3.6235771653543307
0
LINE
8
BLACK
6
CONTINUOUS
10
5.5670799999999998
20
-3.6235771653543307
11
5.5662653543307083
21
-3.6227625196850393
0
LINE
8
BLACK
6
CONTINUOUS
10
5.5662653543307083
20
-3.6227625196850393
11
5.5658244488188977
21
-3.6216981102362205
0
LINE
8
BLACK
6
CONTINUOUS
10
5.5658244488188977
20
-3.6216981102362205
11
5.5658244488188977
21
-3.6205459842519683
0
LINE
8
BLACK
6
CONTINUOUS
10
5.5658244488188977
20
-3.6205459842519683
11
5.5662653543307083
21
-3.6194815748031495
0
LINE
8
BLACK
6
CONTINUOUS
10
5.5662653543307083
20
-3.6194815748031495
11
5.5670799999999998
21
-3.618666929133858
0
LINE
8
BLACK
6
CONTINUOUS
10
5.5670799999999998
20
-3.618666929133858
11
5.5681444094488191
21
-3.6182260236220474
0
LINE
8
BLACK
6
CONTINUOUS
10
5.5681444094488191
20
-3.6182260236220474
11
5.5962795275590551
21
-3.6181692913385826
0
LINE
8
BLACK
6
CONTINUOUS
10
5.5962795275590551
20
-3.6181692913385826
11
5.596855590551181
21
-3.6182260236220474
0
LINE
8
BLACK
6
CONTINUOUS
10
5.6799017716535429
20
-3.5756043700787399
11
5.6799737795275593
21
-3.5755972047244096
0
LINE
8
BLACK
6
CONTINUOUS
10
5.6799737795275593
20
-3.5755972047244096
11
5.6800440944881885
21
-3.5756183858267714
0
LINE
8
BLACK
6
CONTINUOUS
10
5.6800440944881885
20
-3.5756183858267714
11
5.6802648031496066
21
-3.5756401574803149
0
LINE
8
BLACK
6
CONTINUOUS
10
5.6802648031496066
20
-3.5756401574803149
11
5.6806634645669289
21
-3.5758052755905512
0
LINE
8
BLACK
6
CONTINUOUS
10
5.6806634645669289
20
-3.5758052755905512
11
5.6810767716535429
21
-3.5759300000000001
0
LINE
8
BLACK
6
CONTINUOUS
10
5.6810767716535429
20
-3.5759300000000001
11
5.6811918503937004
21
-3.5760241338582675
0
LINE
8
BLACK
6
CONTINUOUS
10
5.6811918503937004
20
-3.5760241338582675
11
5.6813292125984249
21
-3.576081062992126
0
LINE
8
BLACK
6
CONTINUOUS
10
5.6813292125984249
20
-3.576081062992126
11
5.6816344488188975
21
-3.5763862992125985
0
LINE
8
BLACK
6
CONTINUOUS
10
5.6816344488188975
20
-3.5763862992125985
11
5.6819684251968505
21
-3.5766595669291337
0
LINE
8
BLACK
6
CONTINUOUS
10
5.6819684251968505
20
-3.5766595669291337
11
5.6820386614173231
21
-3.5767905118110237
0
LINE
8
BLACK
6
CONTINUOUS
10
5.6820386614173231
20
-3.5767905118110237
11
5.6821438582677164
21
-3.576895708661417
0
LINE
8
BLACK
6
CONTINUOUS
10
5.6821438582677164
20
-3.576895708661417
11
5.6823090157480314
21
-3.5772944881889761
0
LINE
8
BLACK
6
CONTINUOUS
10
5.6823090157480314
20
-3.5772944881889761
11
5.6825130708661415
21
-3.5776748031496064
0
LINE
8
BLACK
6
CONTINUOUS
10
5.6825130708661415
20
-3.5776748031496064
11
5.6825284251968506
21
-3.5778241338582677
0
LINE
8
BLACK
6
CONTINUOUS
10
5.6825284251968506
20
-3.5778241338582677
11
5.682584763779527
21
-3.5779601181102363
0
LINE
8
BLACK
6
CONTINUOUS
10
5.682584763779527
20
-3.5779601181102363
11
5.682584763779527
21
-3.5783711417322834
0
LINE
8
BLACK
6
CONTINUOUS
10
5.682584763779527
20
-3.5783711417322834
11
5.6845016141732279
21
-3.5969899999999999
0
LINE
8
BLACK
6
CONTINUOUS
10
5.6845016141732279
20
-3.5969899999999999
11
5.6845024803149604
21
-3.5975688582677163
0
LINE
8
BLACK
6
CONTINUOUS
10
5.6845024803149604
20
-3.5975688582677163
11
5.6844595275590546
21
-3.5977111811023623
0
LINE
8
BLACK
6
CONTINUOUS
10
5.6844595275590546
20
-3.5977111811023623
11
5.6844595275590546
21
-3.5978598425196848
0
LINE
8
BLACK
6
CONTINUOUS
10
5.6844595275590546
20
-3.5978598425196848
11
5.6842944094488184
21
-3.5982584251968501
0
LINE
8
BLACK
6
CONTINUOUS
10
5.6842944094488184
20
-3.5982584251968501
11
5.6841696850393699
21
-3.5986718503937007
0
LINE
8
BLACK
6
CONTINUOUS
10
5.6841696850393699
20
-3.5986718503937007
11
5.684075472440945
21
-3.5987869685039371
0
LINE
8
BLACK
6
CONTINUOUS
10
5.684075472440945
20
-3.5987869685039371
11
5.684018622047244
21
-3.5989242519685041
0
LINE
8
BLACK
6
CONTINUOUS
10
5.684018622047244
20
-3.5989242519685041
11
5.6837135433070864
21
-3.5992292913385824
0
LINE
8
BLACK
6
CONTINUOUS
10
5.6837135433070864
20
-3.5992292913385824
11
5.6834401181102363
21
-3.599563503937008
0
LINE
8
BLACK
6
CONTINUOUS
10
5.6834401181102363
20
-3.599563503937008
11
5.6833090551181105
21
-3.5996337795275588
0
LINE
8
BLACK
6
CONTINUOUS
10
5.6833090551181105
20
-3.5996337795275588
11
5.6832039370078737
21
-3.5997389370078738
0
LINE
8
BLACK
6
CONTINUOUS
10
5.6832039370078737
20
-3.5997389370078738
11
5.6828053149606301
21
-3.5999040157480313
0
LINE
8
BLACK
6
CONTINUOUS
10
5.6828053149606301
20
-3.5999040157480313
11
5.682424881889764
21
-3.600108149606299
0
LINE
8
BLACK
6
CONTINUOUS
10
5.682424881889764
20
-3.600108149606299
11
5.6822768503937002
21
-3.6001229133858268
0
LINE
8
BLACK
6
CONTINUOUS
10
5.6822768503937002
20
-3.6001229133858268
11
5.6821395275590554
21
-3.6001798425196849
0
LINE
8
BLACK
6
CONTINUOUS
10
5.6821395275590554
20
-3.6001798425196849
11
5.6817079921259843
21
-3.6001798425196849
0
LINE
8
BLACK
6
CONTINUOUS
10
5.6817079921259843
20
-3.6001798425196849
11
5.6812784645669288
21
-3.6002227952755903
0
LINE
8
BLACK
6
CONTINUOUS
10
5.6812784645669288
20
-3.6002227952755903
11
5.6811361023622045
21
-3.6001798425196849
0
LINE
8
BLACK
6
CONTINUOUS
10
5.6811361023622045
20
-3.6001798425196849
11
5.6809874409448815
21
-3.6001798425196849
0
LINE
8
BLACK
6
CONTINUOUS
10
5.6809874409448815
20
-3.6001798425196849
11
5.6805887401574804
21
-3.6000146850393699
0
LINE
8
BLACK
6
CONTINUOUS
10
5.6805887401574804
20
-3.6000146850393699
11
5.6801754724409443
21
-3.5998899999999998
0
LINE
8
BLACK
6
CONTINUOUS
10
5.6801754724409443
20
-3.5998899999999998
11
5.6800603543307089
21
-3.5997958267716537
0
LINE
8
BLACK
6
CONTINUOUS
10
5.6800603543307089
20
-3.5997958267716537
11
5.6799230314960631
21
-3.5997389370078738
0
LINE
8
BLACK
6
CONTINUOUS
10
5.6799230314960631
20
-3.5997389370078738
11
5.679546141732283
21
-3.5993750393700785
0
LINE
8
BLACK
6
CONTINUOUS
10
5.679546141732283
20
-3.5993750393700785
11
5.6792838188976376
21
-3.5991604330708662
0
LINE
8
BLACK
6
CONTINUOUS
10
5.6792838188976376
20
-3.5991604330708662
11
5.679240826771653
21
-3.5990802755905511
0
LINE
8
BLACK
6
CONTINUOUS
10
5.679240826771653
20
-3.5990802755905511
11
5.6778618110236216
21
-3.5977489370078741
0
LINE
8
BLACK
6
CONTINUOUS
10
5.6778618110236216
20
-3.5977489370078741
11
5.675160157480315
21
-3.5964380314960631
0
LINE
8
BLACK
6
CONTINUOUS
10
5.675160157480315
20
-3.5964380314960631
11
5.66717842519685
21
-3.5964835433070865
0
LINE
8
BLACK
6
CONTINUOUS
10
5.66717842519685
20
-3.5964835433070865
11
5.664471692913386
21
-3.5978773622047244
0
LINE
8
BLACK
6
CONTINUOUS
10
5.664471692913386
20
-3.5978773622047244
11
5.6632809842519682
21
-3.5991107086614171
0
LINE
8
BLACK
6
CONTINUOUS
10
5.6632809842519682
20
-3.5991107086614171
11
5.6619700787401577
21
-3.6018123622047242
0
LINE
8
BLACK
6
CONTINUOUS
10
5.6619700787401577
20
-3.6018123622047242
11
5.6620155905511806
21
-3.6097940944881888
0
LINE
8
BLACK
6
CONTINUOUS
10
5.6620155905511806
20
-3.6097940944881888
11
5.6634094488188973
21
-3.6125008267716536
0
LINE
8
BLACK
6
CONTINUOUS
10
5.6634094488188973
20
-3.6125008267716536
11
5.66464279527559
21
-3.6136916141732285
0
LINE
8
BLACK
6
CONTINUOUS
10
5.66464279527559
20
-3.6136916141732285
11
5.6673444094488188
21
-3.6150024803149607
0
LINE
8
BLACK
6
CONTINUOUS
10
5.6673444094488188
20
-3.6150024803149607
11
5.6753261417322829
21
-3.6149569685039369
0
LINE
8
BLACK
6
CONTINUOUS
10
5.6753261417322829
20
-3.6149569685039369
11
5.678032834645669
21
-3.613563149606299
0
LINE
8
BLACK
6
CONTINUOUS
10
5.678032834645669
20
-3.613563149606299
11
5.6794755511811026
21
-3.6120688188976375
0
LINE
8
BLACK
6
CONTINUOUS
10
5.6794755511811026
20
-3.6120688188976375
11
5.6799230314960631
21
-3.6117015748031496
0
LINE
8
BLACK
6
CONTINUOUS
10
5.6799230314960631
20
-3.6117015748031496
11
5.6809874409448815
21
-3.6112606692913385
0
LINE
8
BLACK
6
CONTINUOUS
10
5.6809874409448815
20
-3.6112606692913385
11
5.6821395275590554
21
-3.6112606692913385
0
LINE
8
BLACK
6
CONTINUOUS
10
5.6821395275590554
20
-3.6112606692913385
11
5.6832039370078737
21
-3.6117015354330708
0
LINE
8
BLACK
6
CONTINUOUS
10
5.6832039370078737
20
-3.6117015354330708
11
5.684018622047244
21
-3.612516220472441
0
LINE
8
BLACK
6
CONTINUOUS
10
5.684018622047244
20
-3.612516220472441
11
5.6844595275590546
21
-3.6135806299212598
0
LINE
8
BLACK
6
CONTINUOUS
10
5.6844595275590546
20
-3.6135806299212598
11
5.6844595275590546
21
-3.6147327165354328
0
LINE
8
BLACK
6
CONTINUOUS
10
5.6844595275590546
20
-3.6147327165354328
11
5.6840186614173227
21
-3.6157971259842521
0
LINE
8
BLACK
6
CONTINUOUS
10
5.6840186614173227
20
-3.6157971259842521
11
5.6817766929133855
21
-3.6181193700787402
0
LINE
8
BLACK
6
CONTINUOUS
10
5.6817766929133855
20
-3.6181193700787402
11
5.6815503149606297
21
-3.6183051181102361
0
LINE
8
BLACK
6
CONTINUOUS
10
5.6815503149606297
20
-3.6183051181102361
11
5.6814991338582672
21
-3.6183641732283465
0
LINE
8
BLACK
6
CONTINUOUS
10
5.6814991338582672
20
-3.6183641732283465
11
5.6814434645669287
21
-3.6183927952755903
0
LINE
8
BLACK
6
CONTINUOUS
10
5.6814434645669287
20
-3.6183927952755903
11
5.6813292125984249
21
-3.6184866141732281
0
LINE
8
BLACK
6
CONTINUOUS
10
5.6813292125984249
20
-3.6184866141732281
11
5.6809823228346454
21
-3.6186302755905513
0
LINE
8
BLACK
6
CONTINUOUS
10
5.6809823228346454
20
-3.6186302755905513
11
5.6772597244094483
21
-3.6205472834645667
0
LINE
8
BLACK
6
CONTINUOUS
10
5.6772597244094483
20
-3.6205472834645667
11
5.6767190944881891
21
-3.6207541732283466
0
LINE
8
BLACK
6
CONTINUOUS
10
5.6767190944881891
20
-3.6207541732283466
11
5.6766132677165357
21
-3.6207616535433069
0
LINE
8
BLACK
6
CONTINUOUS
10
5.6766132677165357
20
-3.6207616535433069
11
5.6765152755905515
21
-3.6208022834645668
0
LINE
8
BLACK
6
CONTINUOUS
10
5.6765152755905515
20
-3.6208022834645668
11
5.6760006692913381
21
-3.6208051968503936
0
LINE
8
BLACK
6
CONTINUOUS
10
5.6760006692913381
20
-3.6208051968503936
11
5.6755698818897633
21
-3.6208358267716534
0
LINE
8
BLACK
6
CONTINUOUS
10
5.6755698818897633
20
-3.6208358267716534
11
5.6754868110236218
21
-3.6208081102362204
0
LINE
8
BLACK
6
CONTINUOUS
10
5.6754868110236218
20
-3.6208081102362204
11
5.6665653937007869
21
-3.6208590157480316
0
LINE
8
BLACK
6
CONTINUOUS
10
5.6665653937007869
20
-3.6208590157480316
11
5.6659893307086611
21
-3.6208022834645668
0
LINE
8
BLACK
6
CONTINUOUS
10
5.6659893307086611
20
-3.6208022834645668
11
5.6658913385826768
21
-3.6207616929133857
0
LINE
8
BLACK
6
CONTINUOUS
10
5.6658913385826768
20
-3.6207616929133857
11
5.6657854724409447
21
-3.6207541732283466
0
LINE
8
BLACK
6
CONTINUOUS
10
5.6657854724409447
20
-3.6207541732283466
11
5.6652737007874014
21
-3.6205058267716534
0
LINE
8
BLACK
6
CONTINUOUS
10
5.6652737007874014
20
-3.6205058267716534
11
5.6649249212598427
21
-3.6203613779527557
0
LINE
8
BLACK
6
CONTINUOUS
10
5.6649249212598427
20
-3.6203613779527557
11
5.6648768110236221
21
-3.6203132677165355
0
LINE
8
BLACK
6
CONTINUOUS
10
5.6648768110236221
20
-3.6203132677165355
11
5.6614953543307083
21
-3.6186725196850391
0
LINE
8
BLACK
6
CONTINUOUS
10
5.6614953543307083
20
-3.6186725196850391
11
5.6612473228346456
21
-3.6185164173228346
0
LINE
8
BLACK
6
CONTINUOUS
10
5.6612473228346456
20
-3.6185164173228346
11
5.6611753937007876
21
-3.6184866141732281
0
LINE
8
BLACK
6
CONTINUOUS
10
5.6611753937007876
20
-3.6184866141732281
11
5.6611292913385824
21
-3.6184420866141731
0
LINE
8
BLACK
6
CONTINUOUS
10
5.6611292913385824
20
-3.6184420866141731
11
5.6610054724409444
21
-3.6183641732283465
0
LINE
8
BLACK
6
CONTINUOUS
10
5.6610054724409444
20
-3.6183641732283465
11
5.660783661417323
21
-3.6181083858267717
0
LINE
8
BLACK
6
CONTINUOUS
10
5.660783661417323
20
-3.6181083858267717
11
5.6588531496062995
21
-3.6162445669291339
0
LINE
8
BLACK
6
CONTINUOUS
10
5.6588531496062995
20
-3.6162445669291339
11
5.6586674015748031
21
-3.6160182283464568
0
LINE
8
BLACK
6
CONTINUOUS
10
5.6586674015748031
20
-3.6160182283464568
11
5.6586084251968503
21
-3.6159670866141731
0
LINE
8
BLACK
6
CONTINUOUS
10
5.6586084251968503
20
-3.6159670866141731
11
5.6585797637795272
21
-3.6159114566929134
0
LINE
8
BLACK
6
CONTINUOUS
10
5.6585797637795272
20
-3.6159114566929134
11
5.6584859448818898
21
-3.6157971259842521
0
LINE
8
BLACK
6
CONTINUOUS
10
5.6584859448818898
20
-3.6157971259842521
11
5.6583422440944879
21
-3.6154501968503938
0
LINE
8
BLACK
6
CONTINUOUS
10
5.6583422440944879
20
-3.6154501968503938
11
5.6564253149606296
21
-3.6117276771653541
0
LINE
8
BLACK
6
CONTINUOUS
10
5.6564253149606296
20
-3.6117276771653541
11
5.6562184251968501
21
-3.6111870472440946
0
LINE
8
BLACK
6
CONTINUOUS
10
5.6562184251968501
20
-3.6111870472440946
11
5.656210905511811
21
-3.6110812204724407
0
LINE
8
BLACK
6
CONTINUOUS
10
5.656210905511811
20
-3.6110812204724407
11
5.6561703149606295
21
-3.6109832283464565
0
LINE
8
BLACK
6
CONTINUOUS
10
5.6561703149606295
20
-3.6109832283464565
11
5.6561673622047239
21
-3.6104686220472439
0
LINE
8
BLACK
6
CONTINUOUS
10
5.6561673622047239
20
-3.6104686220472439
11
5.6561367716535429
21
-3.6100378346456692
0
LINE
8
BLACK
6
CONTINUOUS
10
5.6561367716535429
20
-3.6100378346456692
11
5.6561644488188971
21
-3.6099547637795273
0
LINE
8
BLACK
6
CONTINUOUS
10
5.6561644488188971
20
-3.6099547637795273
11
5.6561135826771656
21
-3.6010333464566928
0
LINE
8
BLACK
6
CONTINUOUS
10
5.6561135826771656
20
-3.6010333464566928
11
5.6561703149606295
21
-3.6004572834645669
0
LINE
8
BLACK
6
CONTINUOUS
10
5.6561703149606295
20
-3.6004572834645669
11
5.656210905511811
21
-3.6003592519685039
0
LINE
8
BLACK
6
CONTINUOUS
10
5.656210905511811
20
-3.6003592519685039
11
5.6562184251968501
21
-3.6002534645669289
0
LINE
8
BLACK
6
CONTINUOUS
10
5.6562184251968501
20
-3.6002534645669289
11
5.6564666141732278
21
-3.5997418897637794
0
LINE
8
BLACK
6
CONTINUOUS
10
5.6564666141732278
20
-3.5997418897637794
11
5.656611220472441
21
-3.5993928740157481
0
LINE
8
BLACK
6
CONTINUOUS
10
5.656611220472441
20
-3.5993928740157481
11
5.6566593307086617
21
-3.5993447244094487
0
LINE
8
BLACK
6
CONTINUOUS
10
5.6566593307086617
20
-3.5993447244094487
11
5.6583000787401572
21
-3.5959633070866142
0
LINE
8
BLACK
6
CONTINUOUS
10
5.6583000787401572
20
-3.5959633070866142
11
5.658456141732283
21
-3.595715275590551
0
LINE
8
BLACK
6
CONTINUOUS
10
5.658456141732283
20
-3.595715275590551
11
5.6584859842519686
21
-3.595643346456693
0
LINE
8
BLACK
6
CONTINUOUS
10
5.6584859842519686
20
-3.595643346456693
11
5.6585304724409449
21
-3.5955972440944879
0
LINE
8
BLACK
6
CONTINUOUS
10
5.6585304724409449
20
-3.5955972440944879
11
5.6586084251968503
21
-3.5954734251968503
0
LINE
8
BLACK
6
CONTINUOUS
10
5.6586084251968503
20
-3.5954734251968503
11
5.6588640944881892
21
-3.5952516535433072
0
LINE
8
BLACK
6
CONTINUOUS
10
5.6588640944881892
20
-3.5952516535433072
11
5.6607279527559058
21
-3.5933211417322832
0
LINE
8
BLACK
6
CONTINUOUS
10
5.6607279527559058
20
-3.5933211417322832
11
5.6609542913385829
21
-3.5931353543307085
0
LINE
8
BLACK
6
CONTINUOUS
10
5.6609542913385829
20
-3.5931353543307085
11
5.6610054724409444
21
-3.5930763779527557
0
LINE
8
BLACK
6
CONTINUOUS
10
5.6610054724409444
20
-3.5930763779527557
11
5.6610611023622042
21
-3.5930477165354331
0
LINE
8
BLACK
6
CONTINUOUS
10
5.6610611023622042
20
-3.5930477165354331
11
5.6611753937007876
21
-3.592953937007874
0
LINE
8
BLACK
6
CONTINUOUS
10
5.6611753937007876
20
-3.592953937007874
11
5.6615222440944883
21
-3.5928102362204726
0
LINE
8
BLACK
6
CONTINUOUS
10
5.6615222440944883
20
-3.5928102362204726
11
5.6652448818897634
21
-3.5908932677165355
0
LINE
8
BLACK
6
CONTINUOUS
10
5.6652448818897634
20
-3.5908932677165355
11
5.6657854724409447
21
-3.590686377952756
0
LINE
8
BLACK
6
CONTINUOUS
10
5.6657854724409447
20
-3.590686377952756
11
5.6658913385826768
21
-3.5906788188976377
0
LINE
8
BLACK
6
CONTINUOUS
10
5.6658913385826768
20
-3.5906788188976377
11
5.6659893307086611
21
-3.5906382677165354
0
LINE
8
BLACK
6
CONTINUOUS
10
5.6659893307086611
20
-3.5906382677165354
11
5.6665038582677161
21
-3.5906353149606298
0
LINE
8
BLACK
6
CONTINUOUS
10
5.6665038582677161
20
-3.5906353149606298
11
5.6669346850393696
21
-3.5906047244094488
0
LINE
8
BLACK
6
CONTINUOUS
10
5.6669346850393696
20
-3.5906047244094488
11
5.6670177165354332
21
-3.590632401574803
0
LINE
8
BLACK
6
CONTINUOUS
10
5.6670177165354332
20
-3.590632401574803
11
5.6759392125984247
21
-3.5905815354330706
0
LINE
8
BLACK
6
CONTINUOUS
10
5.6759392125984247
20
-3.5905815354330706
11
5.6765152755905515
21
-3.5906382677165354
0
LINE
8
BLACK
6
CONTINUOUS
10
5.6765152755905515
20
-3.5906382677165354
11
5.6766132677165357
21
-3.5906788582677165
0
LINE
8
BLACK
6
CONTINUOUS
10
5.6766132677165357
20
-3.5906788582677165
11
5.6767190944881891
21
-3.590686377952756
0
LINE
8
BLACK
6
CONTINUOUS
10
5.6767190944881891
20
-3.590686377952756
11
5.6772306299212598
21
-3.5909345669291337
0
LINE
8
BLACK
6
CONTINUOUS
10
5.6772306299212598
20
-3.5909345669291337
11
5.6775796850393698
21
-3.5910791732283465
0
LINE
8
BLACK
6
CONTINUOUS
10
5.6775796850393698
20
-3.5910791732283465
11
5.6776277952755905
21
-3.5911272834645667
0
LINE
8
BLACK
6
CONTINUOUS
10
5.6776277952755905
20
-3.5911272834645667
11
5.6780370866141734
21
-3.591325866141732
0
LINE
8
BLACK
6
CONTINUOUS
10
5.6780370866141734
20
-3.591325866141732
11
5.6770194881889759
21
-3.5814417322834644
0
LINE
8
BLACK
6
CONTINUOUS
10
5.6770194881889759
20
-3.5814417322834644
11
5.6609411023622043
21
-3.5814889370078737
0
LINE
8
BLACK
6
CONTINUOUS
10
5.6609411023622043
20
-3.5814889370078737
11
5.6603650393700784
21
-3.5814322047244094
0
LINE
8
BLACK
6
CONTINUOUS
10
5.6603650393700784
20
-3.5814322047244094
11
5.65930062992126
21
-3.5809912992125983
0
LINE
8
BLACK
6
CONTINUOUS
10
5.65930062992126
20
-3.5809912992125983
11
5.6584859842519686
21
-3.5801766535433068
0
LINE
8
BLACK
6
CONTINUOUS
10
5.6584859842519686
20
-3.5801766535433068
11
5.6580450787401571
21
-3.579112244094488
0
LINE
8
BLACK
6
CONTINUOUS
10
5.6580450787401571
20
-3.579112244094488
11
5.6580450787401571
21
-3.5779601181102363
0
LINE
8
BLACK
6
CONTINUOUS
10
5.6580450787401571
20
-3.5779601181102363
11
5.6584859842519686
21
-3.576895708661417
0
LINE
8
BLACK
6
CONTINUOUS
10
5.6584859842519686
20
-3.576895708661417
11
5.65930062992126
21
-3.576081062992126
0
LINE
8
BLACK
6
CONTINUOUS
10
5.65930062992126
20
-3.576081062992126
11
5.6603650393700784
21
-3.5756401574803149
0
LINE
8
BLACK
6
CONTINUOUS
10
5.6603650393700784
20
-3.5756401574803149
11
5.6796887401574798
21
-3.5755834251968501
0
LINE
8
BLACK
6
CONTINUOUS
10
5.6796887401574798
20
-3.5755834251968501
11
5.6799017716535429
21
-3.5756043700787399
0
LINE
8
BLACK
6
CONTINUOUS
10
5.7081017716535429
20
-3.5756121259842519
11
5.7081795275590546
21
-3.5756066141732283
0
LINE
8
BLACK
6
CONTINUOUS
10
5.7081795275590546
20
-3.5756066141732283
11
5.7082380314960632
21
-3.5756255511811021
0
LINE
8
BLACK
6
CONTINUOUS
10
5.7082380314960632
20
-3.5756255511811021
11
5.7083862992125987
21
-3.5756401574803149
0
LINE
8
BLACK
6
CONTINUOUS
10
5.7083862992125987
20
-3.5756401574803149
11
5.7087549212598425
21
-3.5757928346456693
0
LINE
8
BLACK
6
CONTINUOUS
10
5.7087549212598425
20
-3.5757928346456693
11
5.7143682677165355
21
-3.5776097244094487
0
LINE
8
BLACK
6
CONTINUOUS
10
5.7143682677165355
20
-3.5776097244094487
11
5.714896811023622
21
-3.577845708661417
0
LINE
8
BLACK
6
CONTINUOUS
10
5.714896811023622
20
-3.577845708661417
11
5.7149769291338579
21
-3.5779151968503937
0
LINE
8
BLACK
6
CONTINUOUS
10
5.7149769291338579
20
-3.5779151968503937
11
5.7150749999999997
21
-3.5779558267716536
0
LINE
8
BLACK
6
CONTINUOUS
10
5.7150749999999997
20
-3.5779558267716536
11
5.7154662598425192
21
-3.5783396062992123
0
LINE
8
BLACK
6
CONTINUOUS
10
5.7154662598425192
20
-3.5783396062992123
11
5.7157671653543307
21
-3.5786005905511811
0
LINE
8
BLACK
6
CONTINUOUS
10
5.7157671653543307
20
-3.5786005905511811
11
5.7158006692913386
21
-3.5786676377952755
0
LINE
8
BLACK
6
CONTINUOUS
10
5.7158006692913386
20
-3.5786676377952755
11
5.7192719685039366
21
-3.5820725590551179
0
LINE
8
BLACK
6
CONTINUOUS
10
5.7192719685039366
20
-3.5820725590551179
11
5.7194577952755905
21
-3.5822989370078737
0
LINE
8
BLACK
6
CONTINUOUS
10
5.7194577952755905
20
-3.5822989370078737
11
5.7195167322834646
21
-3.5823500787401574
0
LINE
8
BLACK
6
CONTINUOUS
10
5.7195167322834646
20
-3.5823500787401574
11
5.7195453149606301
21
-3.5824055905511809
0
LINE
8
BLACK
6
CONTINUOUS
10
5.7195453149606301
20
-3.5824055905511809
11
5.719639212598425
21
-3.5825199999999997
0
LINE
8
BLACK
6
CONTINUOUS
10
5.719639212598425
20
-3.5825199999999997
11
5.7197829527559056
21
-3.5828670472440942
0
LINE
8
BLACK
6
CONTINUOUS
10
5.7197829527559056
20
-3.5828670472440942
11
5.7216998425196852
21
-3.5865894881889764
0
LINE
8
BLACK
6
CONTINUOUS
10
5.7216998425196852
20
-3.5865894881889764
11
5.7217159448818897
21
-3.5866315748031496
0
LINE
8
BLACK
6
CONTINUOUS
10
5.7217159448818897
20
-3.5866315748031496
11
5.7217286614173224
21
-3.58664874015748
0
LINE
8
BLACK
6
CONTINUOUS
10
5.7217286614173224
20
-3.58664874015748
11
5.7217412204724409
21
-3.586697677165354
0
LINE
8
BLACK
6
CONTINUOUS
10
5.7217412204724409
20
-3.586697677165354
11
5.7219067322834647
21
-3.5871300787401572
0
LINE
8
BLACK
6
CONTINUOUS
10
5.7219067322834647
20
-3.5871300787401572
11
5.7219274015748027
21
-3.5874212992125982
0
LINE
8
BLACK
6
CONTINUOUS
10
5.7219274015748027
20
-3.5874212992125982
11
5.723798188976378
21
-3.5946929133858267
0
LINE
8
BLACK
6
CONTINUOUS
10
5.723798188976378
20
-3.5946929133858267
11
5.723812952755905
21
-3.5947927559055119
0
LINE
8
BLACK
6
CONTINUOUS
10
5.723812952755905
20
-3.5947927559055119
11
5.7238296062992129
21
-3.5948329921259843
0
LINE
8
BLACK
6
CONTINUOUS
10
5.7238296062992129
20
-3.5948329921259843
11
5.7238302755905508
21
-3.5949101968503938
0
LINE
8
BLACK
6
CONTINUOUS
10
5.7238302755905508
20
-3.5949101968503938
11
5.7238828346456696
21
-3.5952655118110237
0
LINE
8
BLACK
6
CONTINUOUS
10
5.7238828346456696
20
-3.5952655118110237
11
5.7238364173228344
21
-3.595577440944882
0
LINE
8
BLACK
6
CONTINUOUS
10
5.7238364173228344
20
-3.595577440944882
11
5.7238863385826768
21
-3.6010333464566928
0
LINE
8
BLACK
6
CONTINUOUS
10
5.7238863385826768
20
-3.6010333464566928
11
5.7238764173228347
21
-3.6011338582677164
0
LINE
8
BLACK
6
CONTINUOUS
10
5.7238764173228347
20
-3.6011338582677164
11
5.7238828346456696
21
-3.6011768897637793
0
LINE
8
BLACK
6
CONTINUOUS
10
5.7238828346456696
20
-3.6011768897637793
11
5.7238649212598425
21
-3.6012505511811024
0
LINE
8
BLACK
6
CONTINUOUS
10
5.7238649212598425
20
-3.6012505511811024
11
5.7238296062992129
21
-3.6016094094488187
0
LINE
8
BLACK
6
CONTINUOUS
10
5.7238296062992129
20
-3.6016094094488187
11
5.7237045275590548
21
-3.6019112992125986
0
LINE
8
BLACK
6
CONTINUOUS
10
5.7237045275590548
20
-3.6019112992125986
11
5.7219234251968505
21
-3.6092485433070864
0
LINE
8
BLACK
6
CONTINUOUS
10
5.7219234251968505
20
-3.6092485433070864
11
5.7219082283464564
21
-3.6092910236220472
0
LINE
8
BLACK
6
CONTINUOUS
10
5.7219082283464564
20
-3.6092910236220472
11
5.7219067322834647
21
-3.6093123228346458
0
LINE
8
BLACK
6
CONTINUOUS
10
5.7219067322834647
20
-3.6093123228346458
11
5.7218835826771652
21
-3.6093599606299214
0
LINE
8
BLACK
6
CONTINUOUS
10
5.7218835826771652
20
-3.6093599606299214
11
5.7217286614173224
21
-3.6097936614173229
0
LINE
8
BLACK
6
CONTINUOUS
10
5.7217286614173224
20
-3.6097936614173229
11
5.7215679133858268
21
-3.6100105905511812
0
LINE
8
BLACK
6
CONTINUOUS
10
5.7215679133858268
20
-3.6100105905511812
11
5.7198250787401577
21
-3.6136024409448817
0
LINE
8
BLACK
6
CONTINUOUS
10
5.7198250787401577
20
-3.6136024409448817
11
5.719669015748031
21
-3.6138503149606298
0
LINE
8
BLACK
6
CONTINUOUS
10
5.719669015748031
20
-3.6138503149606298
11
5.719639212598425
21
-3.6139223622047245
0
LINE
8
BLACK
6
CONTINUOUS
10
5.719639212598425
20
-3.6139223622047245
11
5.71959594488189
21
-3.6139664566929133
0
LINE
8
BLACK
6
CONTINUOUS
10
5.71959594488189
20
-3.6139664566929133
11
5.7195167322834646
21
-3.6140923228346455
0
LINE
8
BLACK
6
CONTINUOUS
10
5.7195167322834646
20
-3.6140923228346455
11
5.7192205511811025
21
-3.6143491338582678
0
LINE
8
BLACK
6
CONTINUOUS
10
5.7192205511811025
20
-3.6143491338582678
11
5.7155224409448815
21
-3.6181194094488189
0
LINE
8
BLACK
6
CONTINUOUS
10
5.7155224409448815
20
-3.6181194094488189
11
5.7150749999999997
21
-3.6184866141732281
0
LINE
8
BLACK
6
CONTINUOUS
10
5.7150749999999997
20
-3.6184866141732281
11
5.7149769291338579
21
-3.6185272047244093
0
LINE
8
BLACK
6
CONTINUOUS
10
5.7149769291338579
20
-3.6185272047244093
11
5.714896811023622
21
-3.6185967322834647
0
LINE
8
BLACK
6
CONTINUOUS
10
5.714896811023622
20
-3.6185967322834647
11
5.7143866535433068
21
-3.6187717322834643
0
LINE
8
BLACK
6
CONTINUOUS
10
5.7143866535433068
20
-3.6187717322834643
11
5.7140105905511813
21
-3.6189275196850392
0
LINE
8
BLACK
6
CONTINUOUS
10
5.7140105905511813
20
-3.6189275196850392
11
5.7139325590551175
21
-3.6189275196850392
0
LINE
8
BLACK
6
CONTINUOUS
10
5.7139325590551175
20
-3.6189275196850392
11
5.7087439763779528
21
-3.6207074803149606
0
LINE
8
BLACK
6
CONTINUOUS
10
5.7087439763779528
20
-3.6207074803149606
11
5.7084583858267717
21
-3.6207724015748028
0
LINE
8
BLACK
6
CONTINUOUS
10
5.7084583858267717
20
-3.6207724015748028
11
5.7083862992125987
21
-3.6208022834645668
0
LINE
8
BLACK
6
CONTINUOUS
10
5.7083862992125987
20
-3.6208022834645668
11
5.7083233858267715
21
-3.6208030708661418
0
LINE
8
BLACK
6
CONTINUOUS
10
5.7083233858267715
20
-3.6208030708661418
11
5.7081795275590546
21
-3.6208358267716534
0
LINE
8
BLACK
6
CONTINUOUS
10
5.7081795275590546
20
-3.6208358267716534
11
5.7078133464566925
21
-3.6208097637795276
0
LINE
8
BLACK
6
CONTINUOUS
10
5.7078133464566925
20
-3.6208097637795276
11
5.7040607086614168
21
-3.6208590157480316
0
LINE
8
BLACK
6
CONTINUOUS
10
5.7040607086614168
20
-3.6208590157480316
11
5.7037690944881891
21
-3.620830275590551
0
LINE
8
BLACK
6
CONTINUOUS
10
5.7037690944881891
20
-3.620830275590551
11
5.7036913779527554
21
-3.6208358267716534
0
LINE
8
BLACK
6
CONTINUOUS
10
5.7036913779527554
20
-3.6208358267716534
11
5.7036327952755901
21
-3.6208168503937008
0
LINE
8
BLACK
6
CONTINUOUS
10
5.7036327952755901
20
-3.6208168503937008
11
5.7034846456692909
21
-3.6208022834645668
0
LINE
8
BLACK
6
CONTINUOUS
10
5.7034846456692909
20
-3.6208022834645668
11
5.7031161023622046
21
-3.6206496062992124
0
LINE
8
BLACK
6
CONTINUOUS
10
5.7031161023622046
20
-3.6206496062992124
11
5.6975026771653541
21
-3.618832716535433
0
LINE
8
BLACK
6
CONTINUOUS
10
5.6975026771653541
20
-3.618832716535433
11
5.6969740944881888
21
-3.6185967322834647
0
LINE
8
BLACK
6
CONTINUOUS
10
5.6969740944881888
20
-3.6185967322834647
11
5.6968938976377954
21
-3.6185271653543305
0
LINE
8
BLACK
6
CONTINUOUS
10
5.6968938976377954
20
-3.6185271653543305
11
5.6967959448818899
21
-3.6184866141732281
0
LINE
8
BLACK
6
CONTINUOUS
10
5.6967959448818899
20
-3.6184866141732281
11
5.6963435433070861
21
-3.6180498425196848
0
LINE
8
BLACK
6
CONTINUOUS
10
5.6963435433070861
20
-3.6180498425196848
11
5.6961037401574801
21
-3.6178418503937007
0
LINE
8
BLACK
6
CONTINUOUS
10
5.6961037401574801
20
-3.6178418503937007
11
5.6960809842519682
21
-3.6177963385826772
0
LINE
8
BLACK
6
CONTINUOUS
10
5.6960809842519682
20
-3.6177963385826772
11
5.6944737007874018
21
-3.6162445669291339
0
LINE
8
BLACK
6
CONTINUOUS
10
5.6944737007874018
20
-3.6162445669291339
11
5.6941064960629921
21
-3.6157971259842521
0
LINE
8
BLACK
6
CONTINUOUS
10
5.6941064960629921
20
-3.6157971259842521
11
5.6936656299212594
21
-3.6147327165354328
0
LINE
8
BLACK
6
CONTINUOUS
10
5.6936656299212594
20
-3.6147327165354328
11
5.6936656299212594
21
-3.6135806299212598
0
LINE
8
BLACK
6
CONTINUOUS
10
5.6936656299212594
20
-3.6135806299212598
11
5.6941065354330709
21
-3.612516220472441
0
LINE
8
BLACK
6
CONTINUOUS
10
5.6941065354330709
20
-3.612516220472441
11
5.6949212204724411
21
-3.6117015354330708
0
LINE
8
BLACK
6
CONTINUOUS
10
5.6949212204724411
20
-3.6117015354330708
11
5.6959856299212595
21
-3.6112606692913385
0
LINE
8
BLACK
6
CONTINUOUS
10
5.6959856299212595
20
-3.6112606692913385
11
5.6971377165354333
21
-3.6112606692913385
0
LINE
8
BLACK
6
CONTINUOUS
10
5.6971377165354333
20
-3.6112606692913385
11
5.6982021259842517
21
-3.6117015748031496
0
LINE
8
BLACK
6
CONTINUOUS
10
5.6982021259842517
20
-3.6117015748031496
11
5.700079645669291
21
-3.6135142519685037
0
LINE
8
BLACK
6
CONTINUOUS
10
5.700079645669291
20
-3.6135142519685037
11
5.7046541338582673
21
-3.6149948818897637
0
LINE
8
BLACK
6
CONTINUOUS
10
5.7046541338582673
20
-3.6149948818897637
11
5.7074642913385825
21
-3.6149580314960628
0
LINE
8
BLACK
6
CONTINUOUS
10
5.7074642913385825
20
-3.6149580314960628
11
5.7119238188976373
21
-3.613428188976378
0
LINE
8
BLACK
6
CONTINUOUS
10
5.7119238188976373
20
-3.613428188976378
11
5.7148481102362201
21
-3.6104468503937008
0
LINE
8
BLACK
6
CONTINUOUS
10
5.7148481102362201
20
-3.6104468503937008
11
5.7163727165354326
21
-3.6073047244094489
0
LINE
8
BLACK
6
CONTINUOUS
10
5.7163727165354326
20
-3.6073047244094489
11
5.7180272834645667
21
-3.6004888582677164
0
LINE
8
BLACK
6
CONTINUOUS
10
5.7180272834645667
20
-3.6004888582677164
11
5.7179823228346454
21
-3.5955765748031494
0
LINE
8
BLACK
6
CONTINUOUS
10
5.7179823228346454
20
-3.5955765748031494
11
5.7162257086614172
21
-3.5887486220472442
0
LINE
8
BLACK
6
CONTINUOUS
10
5.7162257086614172
20
-3.5887486220472442
11
5.7147024409448814
21
-3.5857905511811023
0
LINE
8
BLACK
6
CONTINUOUS
10
5.7147024409448814
20
-3.5857905511811023
11
5.711780826771653
21
-3.5829248031496062
0
LINE
8
BLACK
6
CONTINUOUS
10
5.711780826771653
20
-3.5829248031496062
11
5.7072167716535436
21
-3.5814475196850393
0
LINE
8
BLACK
6
CONTINUOUS
10
5.7072167716535436
20
-3.5814475196850393
11
5.7044065748031496
21
-3.5814843700787402
0
LINE
8
BLACK
6
CONTINUOUS
10
5.7044065748031496
20
-3.5814843700787402
11
5.6999693307086616
21
-3.5830065748031497
0
LINE
8
BLACK
6
CONTINUOUS
10
5.6999693307086616
20
-3.5830065748031497
11
5.6986495669291335
21
-3.5843736220472442
0
LINE
8
BLACK
6
CONTINUOUS
10
5.6986495669291335
20
-3.5843736220472442
11
5.6982021259842517
21
-3.5847408267716534
0
LINE
8
BLACK
6
CONTINUOUS
10
5.6982021259842517
20
-3.5847408267716534
11
5.6971376771653546
21
-3.5851817322834645
0
LINE
8
BLACK
6
CONTINUOUS
10
5.6971376771653546
20
-3.5851817322834645
11
5.6959856299212595
21
-3.5851817322834645
0
LINE
8
BLACK
6
CONTINUOUS
10
5.6959856299212595
20
-3.5851817322834645
11
5.6949211811023623
21
-3.5847408267716534
0
LINE
8
BLACK
6
CONTINUOUS
10
5.6949211811023623
20
-3.5847408267716534
11
5.6941065354330709
21
-3.5839261811023619
0
LINE
8
BLACK
6
CONTINUOUS
10
5.6941065354330709
20
-3.5839261811023619
11
5.6936656299212594
21
-3.5828617322834644
0
LINE
8
BLACK
6
CONTINUOUS
10
5.6936656299212594
20
-3.5828617322834644
11
5.6936656299212594
21
-3.5817096850393702
0
LINE
8
BLACK
6
CONTINUOUS
10
5.6936656299212594
20
-3.5817096850393702
11
5.6941065354330709
21
-3.5806452362204721
0
LINE
8
BLACK
6
CONTINUOUS
10
5.6941065354330709
20
-3.5806452362204721
11
5.6963485039370081
21
-3.5783230314960628
0
LINE
8
BLACK
6
CONTINUOUS
10
5.6963485039370081
20
-3.5783230314960628
11
5.6967959448818899
21
-3.5779558267716536
0
LINE
8
BLACK
6
CONTINUOUS
10
5.6967959448818899
20
-3.5779558267716536
11
5.6968938976377954
21
-3.5779152362204725
0
LINE
8
BLACK
6
CONTINUOUS
10
5.6968938976377954
20
-3.5779152362204725
11
5.6969740944881888
21
-3.577845708661417
0
LINE
8
BLACK
6
CONTINUOUS
10
5.6969740944881888
20
-3.577845708661417
11
5.6974844488188978
21
-3.5776705905511812
0
LINE
8
BLACK
6
CONTINUOUS
10
5.6974844488188978
20
-3.5776705905511812
11
5.6978603543307083
21
-3.5775149212598425
0
LINE
8
BLACK
6
CONTINUOUS
10
5.6978603543307083
20
-3.5775149212598425
11
5.6979383464566924
21
-3.5775149212598425
0
LINE
8
BLACK
6
CONTINUOUS
10
5.6979383464566924
20
-3.5775149212598425
11
5.703126929133858
21
-3.5757349606299211
0
LINE
8
BLACK
6
CONTINUOUS
10
5.703126929133858
20
-3.5757349606299211
11
5.7034125590551179
21
-3.5756700000000001
0
LINE
8
BLACK
6
CONTINUOUS
10
5.7034125590551179
20
-3.5756700000000001
11
5.7034846456692909
21
-3.5756401574803149
0
LINE
8
BLACK
6
CONTINUOUS
10
5.7034846456692909
20
-3.5756401574803149
11
5.7035474803149606
21
-3.5756393307086611
0
LINE
8
BLACK
6
CONTINUOUS
10
5.7035474803149606
20
-3.5756393307086611
11
5.7036913779527554
21
-3.5756066141732283
0
LINE
8
BLACK
6
CONTINUOUS
10
5.7036913779527554
20
-3.5756066141732283
11
5.7040575196850396
21
-3.5756326377952754
0
LINE
8
BLACK
6
CONTINUOUS
10
5.7040575196850396
20
-3.5756326377952754
11
5.7078102362204719
21
-3.5755834251968501
0
LINE
8
BLACK
6
CONTINUOUS
10
5.7078102362204719
20
-3.5755834251968501
11
5.7081017716535429
21
-3.5756121259842519
0
LINE
8
BLACK
6
CONTINUOUS
10
4.6035696062992129
20
-3.498174803149606
11
4.6043842519685034
21
-3.4989894488188975
0
LINE
8
BLACK
6
CONTINUOUS
10
4.6043842519685034
20
-3.4989894488188975
11
4.604825157480315
21
-3.5000538582677163
0
LINE
8
BLACK
6
CONTINUOUS
10
4.604825157480315
20
-3.5000538582677163
11
4.6048818897637798
21
-3.5793700787401574
0
LINE
8
BLACK
6
CONTINUOUS
10
4.6048818897637798
20
-3.5793700787401574
11
4.604825157480315
21
-3.5799461417322833
0
LINE
8
BLACK
6
CONTINUOUS
10
4.604825157480315
20
-3.5799461417322833
11
4.6043842519685034
21
-3.5810105511811021
0
LINE
8
BLACK
6
CONTINUOUS
10
4.6043842519685034
20
-3.5810105511811021
11
4.6035696062992129
21
-3.5818251968503936
0
LINE
8
BLACK
6
CONTINUOUS
10
4.6035696062992129
20
-3.5818251968503936
11
4.6025051968503936
21
-3.5822661023622047
0
LINE
8
BLACK
6
CONTINUOUS
10
4.6025051968503936
20
-3.5822661023622047
11
4.6013530708661419
21
-3.5822661023622047
0
LINE
8
BLACK
6
CONTINUOUS
10
4.6013530708661419
20
-3.5822661023622047
11
4.6002886614173226
21
-3.5818251968503936
0
LINE
8
BLACK
6
CONTINUOUS
10
4.6002886614173226
20
-3.5818251968503936
11
4.5994740157480312
21
-3.5810105511811021
0
LINE
8
BLACK
6
CONTINUOUS
10
4.5994740157480312
20
-3.5810105511811021
11
4.5990331102362205
21
-3.5799461417322833
0
LINE
8
BLACK
6
CONTINUOUS
10
4.5990331102362205
20
-3.5799461417322833
11
4.5989763779527557
21
-3.5006299212598426
0
LINE
8
BLACK
6
CONTINUOUS
10
4.5989763779527557
20
-3.5006299212598426
11
4.5990331102362205
21
-3.5000538582677163
0
LINE
8
BLACK
6
CONTINUOUS
10
4.5990331102362205
20
-3.5000538582677163
11
4.5994740157480312
21
-3.4989894488188975
0
LINE
8
BLACK
6
CONTINUOUS
10
4.5994740157480312
20
-3.4989894488188975
11
4.6002886614173226
21
-3.498174803149606
0
LINE
8
BLACK
6
CONTINUOUS
10
4.6002886614173226
20
-3.498174803149606
11
4.6013530708661419
21
-3.4977338976377954
0
LINE
8
BLACK
6
CONTINUOUS
10
4.6013530708661419
20
-3.4977338976377954
11
4.6025051968503936
21
-3.4977338976377954
0
LINE
8
BLACK
6
CONTINUOUS
10
4.6025051968503936
20
-3.4977338976377954
11
4.6035696062992129
21
-3.498174803149606
0
LINE
8
BLACK
6
CONTINUOUS
10
4.7197113385826768
20
-3.498174803149606
11
4.7205259842519682
21
-3.4989894488188975
0
LINE
8
BLACK
6
CONTINUOUS
10
4.7205259842519682
20
-3.4989894488188975
11
4.7209668897637798
21
-3.5000538582677163
0
LINE
8
BLACK
6
CONTINUOUS
10
4.7209668897637798
20
-3.5000538582677163
11
4.7210236220472437
21
-3.5793700787401574
0
LINE
8
BLACK
6
CONTINUOUS
10
4.7210236220472437
20
-3.5793700787401574
11
4.7209668897637798
21
-3.5799461417322833
0
LINE
8
BLACK
6
CONTINUOUS
10
4.7209668897637798
20
-3.5799461417322833
11
4.7205259842519682
21
-3.5810105511811021
0
LINE
8
BLACK
6
CONTINUOUS
10
4.7205259842519682
20
-3.5810105511811021
11
4.7197113385826768
21
-3.5818251968503936
0
LINE
8
BLACK
6
CONTINUOUS
10
4.7197113385826768
20
-3.5818251968503936
11
4.7186469291338584
21
-3.5822661023622047
0
LINE
8
BLACK
6
CONTINUOUS
10
4.7186469291338584
20
-3.5822661023622047
11
4.7174948031496058
21
-3.5822661023622047
0
LINE
8
BLACK
6
CONTINUOUS
10
4.7174948031496058
20
-3.5822661023622047
11
4.7164303937007874
21
-3.5818251968503936
0
LINE
8
BLACK
6
CONTINUOUS
10
4.7164303937007874
20
-3.5818251968503936
11
4.715615748031496
21
-3.5810105511811021
0
LINE
8
BLACK
6
CONTINUOUS
10
4.715615748031496
20
-3.5810105511811021
11
4.7151748425196853
21
-3.5799461417322833
0
LINE
8
BLACK
6
CONTINUOUS
10
4.7151748425196853
20
-3.5799461417322833
11
4.7151181102362205
21
-3.5006299212598426
0
LINE
8
BLACK
6
CONTINUOUS
10
4.7151181102362205
20
-3.5006299212598426
11
4.7151748425196853
21
-3.5000538582677163
0
LINE
8
BLACK
6
CONTINUOUS
10
4.7151748425196853
20
-3.5000538582677163
11
4.715615748031496
21
-3.4989894488188975
0
LINE
8
BLACK
6
CONTINUOUS
10
4.715615748031496
20
-3.4989894488188975
11
4.7164303937007874
21
-3.498174803149606
0
LINE
8
BLACK
6
CONTINUOUS
10
4.7164303937007874
20
-3.498174803149606
11
4.7174948031496058
21
-3.4977338976377954
0
LINE
8
BLACK
6
CONTINUOUS
10
4.7174948031496058
20
-3.4977338976377954
11
4.7186469291338584
21
-3.4977338976377954
0
LINE
8
BLACK
6
CONTINUOUS
10
4.7186469291338584
20
-3.4977338976377954
11
4.7197113385826768
21
-3.498174803149606
0
LINE
8
BLACK
6
CONTINUOUS
10
4.7435696062992125
20
-3.498174803149606
11
4.744384251968504
21
-3.4989894488188975
0
LINE
8
BLACK
6
CONTINUOUS
10
4.744384251968504
20
-3.4989894488188975
11
4.7448251574803146
21
-3.5000538582677163
0
LINE
8
BLACK
6
CONTINUOUS
10
4.7448251574803146
20
-3.5000538582677163
11
4.7448818897637794
21
-3.5793700787401574
0
LINE
8
BLACK
6
CONTINUOUS
10
4.7448818897637794
20
-3.5793700787401574
11
4.7448251574803146
21
-3.5799461417322833
0
LINE
8
BLACK
6
CONTINUOUS
10
4.7448251574803146
20
-3.5799461417322833
11
4.744384251968504
21
-3.5810105511811021
0
LINE
8
BLACK
6
CONTINUOUS
10
4.744384251968504
20
-3.5810105511811021
11
4.7435696062992125
21
-3.5818251968503936
0
LINE
8
BLACK
6
CONTINUOUS
10
4.7435696062992125
20
-3.5818251968503936
11
4.7425051968503933
21
-3.5822661023622047
0
LINE
8
BLACK
6
CONTINUOUS
10
4.7425051968503933
20
-3.5822661023622047
11
4.7413530708661416
21
-3.5822661023622047
0
LINE
8
BLACK
6
CONTINUOUS
10
4.7413530708661416
20
-3.5822661023622047
11
4.7402886614173223
21
-3.5818251968503936
0
LINE
8
BLACK
6
CONTINUOUS
10
4.7402886614173223
20
-3.5818251968503936
11
4.7394740157480317
21
-3.5810105511811021
0
LINE
8
BLACK
6
CONTINUOUS
10
4.7394740157480317
20
-3.5810105511811021
11
4.7390331102362202
21
-3.5799461417322833
0
LINE
8
BLACK
6
CONTINUOUS
10
4.7390331102362202
20
-3.5799461417322833
11
4.7389763779527554
21
-3.5006299212598426
0
LINE
8
BLACK
6
CONTINUOUS
10
4.7389763779527554
20
-3.5006299212598426
11
4.7390331102362202
21
-3.5000538582677163
0
LINE
8
BLACK
6
CONTINUOUS
10
4.7390331102362202
20
-3.5000538582677163
11
4.7394740157480317
21
-3.4989894488188975
0
LINE
8
BLACK
6
CONTINUOUS
10
4.7394740157480317
20
-3.4989894488188975
11
4.7402886614173223
21
-3.498174803149606
0
LINE
8
BLACK
6
CONTINUOUS
10
4.7402886614173223
20
-3.498174803149606
11
4.7413530708661416
21
-3.4977338976377954
0
LINE
8
BLACK
6
CONTINUOUS
10
4.7413530708661416
20
-3.4977338976377954
11
4.7425051968503933
21
-3.4977338976377954
0
LINE
8
BLACK
6
CONTINUOUS
10
4.7425051968503933
20
-3.4977338976377954
11
4.7435696062992125
21
-3.498174803149606
0
LINE
8
BLACK
6
CONTINUOUS
10
4.8597113385826773
20
-3.498174803149606
11
4.8605259842519688
21
-3.4989894488188975
0
LINE
8
BLACK
6
CONTINUOUS
10
4.8605259842519688
20
-3.4989894488188975
11
4.8609668897637794
21
-3.5000538582677163
0
LINE
8
BLACK
6
CONTINUOUS
10
4.8609668897637794
20
-3.5000538582677163
11
4.8610236220472443
21
-3.5793700787401574
0
LINE
8
BLACK
6
CONTINUOUS
10
4.8610236220472443
20
-3.5793700787401574
11
4.8609668897637794
21
-3.5799461417322833
0
LINE
8
BLACK
6
CONTINUOUS
10
4.8609668897637794
20
-3.5799461417322833
11
4.8605259842519688
21
-3.5810105511811021
0
LINE
8
BLACK
6
CONTINUOUS
10
4.8605259842519688
20
-3.5810105511811021
11
4.8597113385826773
21
-3.5818251968503936
0
LINE
8
BLACK
6
CONTINUOUS
10
4.8597113385826773
20
-3.5818251968503936
11
4.8586469291338581
21
-3.5822661023622047
0
LINE
8
BLACK
6
CONTINUOUS
10
4.8586469291338581
20
-3.5822661023622047
11
4.8574948031496064
21
-3.5822661023622047
0
LINE
8
BLACK
6
CONTINUOUS
10
4.8574948031496064
20
-3.5822661023622047
11
4.8564303937007871
21
-3.5818251968503936
0
LINE
8
BLACK
6
CONTINUOUS
10
4.8564303937007871
20
-3.5818251968503936
11
4.8556157480314956
21
-3.5810105511811021
0
LINE
8
BLACK
6
CONTINUOUS
10
4.8556157480314956
20
-3.5810105511811021
11
4.855174842519685
21
-3.5799461417322833
0
LINE
8
BLACK
6
CONTINUOUS
10
4.855174842519685
20
-3.5799461417322833
11
4.8551181102362202
21
-3.5006299212598426
0
LINE
8
BLACK
6
CONTINUOUS
10
4.8551181102362202
20
-3.5006299212598426
11
4.855174842519685
21
-3.5000538582677163
0
LINE
8
BLACK
6
CONTINUOUS
10
4.855174842519685
20
-3.5000538582677163
11
4.8556157480314956
21
-3.4989894488188975
0
LINE
8
BLACK
6
CONTINUOUS
10
4.8556157480314956
20
-3.4989894488188975
11
4.8564303937007871
21
-3.498174803149606
0
LINE
8
BLACK
6
CONTINUOUS
10
4.8564303937007871
20
-3.498174803149606
11
4.8574948031496064
21
-3.4977338976377954
0
LINE
8
BLACK
6
CONTINUOUS
10
4.8574948031496064
20
-3.4977338976377954
11
4.8586469291338581
21
-3.4977338976377954
0
LINE
8
BLACK
6
CONTINUOUS
10
4.8586469291338581
20
-3.4977338976377954
11
4.8597113385826773
21
-3.498174803149606
0
LINE
8
BLACK
6
CONTINUOUS
10
4.8835696062992122
20
-3.498174803149606
11
4.8843842519685037
21
-3.4989894488188975
0
LINE
8
BLACK
6
CONTINUOUS
10
4.8843842519685037
20
-3.4989894488188975
11
4.8848251574803152
21
-3.5000538582677163
0
LINE
8
BLACK
6
CONTINUOUS
10
4.8848251574803152
20
-3.5000538582677163
11
4.8848818897637791
21
-3.5793700787401574
0
LINE
8
BLACK
6
CONTINUOUS
10
4.8848818897637791
20
-3.5793700787401574
11
4.8848251574803152
21
-3.5799461417322833
0
LINE
8
BLACK
6
CONTINUOUS
10
4.8848251574803152
20
-3.5799461417322833
11
4.8843842519685037
21
-3.5810105511811021
0
LINE
8
BLACK
6
CONTINUOUS
10
4.8843842519685037
20
-3.5810105511811021
11
4.8835696062992122
21
-3.5818251968503936
0
LINE
8
BLACK
6
CONTINUOUS
10
4.8835696062992122
20
-3.5818251968503936
11
4.8825051968503939
21
-3.5822661023622047
0
LINE
8
BLACK
6
CONTINUOUS
10
4.8825051968503939
20
-3.5822661023622047
11
4.8813530708661412
21
-3.5822661023622047
0
LINE
8
BLACK
6
CONTINUOUS
10
4.8813530708661412
20
-3.5822661023622047
11
4.8802886614173229
21
-3.5818251968503936
0
LINE
8
BLACK
6
CONTINUOUS
10
4.8802886614173229
20
-3.5818251968503936
11
4.8794740157480314
21
-3.5810105511811021
0
LINE
8
BLACK
6
CONTINUOUS
10
4.8794740157480314
20
-3.5810105511811021
11
4.8790331102362208
21
-3.5799461417322833
0
LINE
8
BLACK
6
CONTINUOUS
10
4.8790331102362208
20
-3.5799461417322833
11
4.878976377952756
21
-3.5006299212598426
0
LINE
8
BLACK
6
CONTINUOUS
10
4.878976377952756
20
-3.5006299212598426
11
4.8790331102362208
21
-3.5000538582677163
0
LINE
8
BLACK
6
CONTINUOUS
10
4.8790331102362208
20
-3.5000538582677163
11
4.8794740157480314
21
-3.4989894488188975
0
LINE
8
BLACK
6
CONTINUOUS
10
4.8794740157480314
20
-3.4989894488188975
11
4.8802886614173229
21
-3.498174803149606
0
LINE
8
BLACK
6
CONTINUOUS
10
4.8802886614173229
20
-3.498174803149606
11
4.8813530708661412
21
-3.4977338976377954
0
LINE
8
BLACK
6
CONTINUOUS
10
4.8813530708661412
20
-3.4977338976377954
11
4.8825051968503939
21
-3.4977338976377954
0
LINE
8
BLACK
6
CONTINUOUS
10
4.8825051968503939
20
-3.4977338976377954
11
4.8835696062992122
21
-3.498174803149606
0
LINE
8
BLACK
6
CONTINUOUS
10
4.999711338582677
20
-3.498174803149606
11
5.0005259842519685
21
-3.4989894488188975
0
LINE
8
BLACK
6
CONTINUOUS
10
5.0005259842519685
20
-3.4989894488188975
11
5.0009668897637791
21
-3.5000538582677163
0
LINE
8
BLACK
6
CONTINUOUS
10
5.0009668897637791
20
-3.5000538582677163
11
5.0010236220472439
21
-3.5793700787401574
0
LINE
8
BLACK
6
CONTINUOUS
10
5.0010236220472439
20
-3.5793700787401574
11
5.0009668897637791
21
-3.5799461417322833
0
LINE
8
BLACK
6
CONTINUOUS
10
5.0009668897637791
20
-3.5799461417322833
11
5.0005259842519685
21
-3.5810105511811021
0
LINE
8
BLACK
6
CONTINUOUS
10
5.0005259842519685
20
-3.5810105511811021
11
4.999711338582677
21
-3.5818251968503936
0
LINE
8
BLACK
6
CONTINUOUS
10
4.999711338582677
20
-3.5818251968503936
11
4.9986469291338578
21
-3.5822661023622047
0
LINE
8
BLACK
6
CONTINUOUS
10
4.9986469291338578
20
-3.5822661023622047
11
4.997494803149606
21
-3.5822661023622047
0
LINE
8
BLACK
6
CONTINUOUS
10
4.997494803149606
20
-3.5822661023622047
11
4.9964303937007877
21
-3.5818251968503936
0
LINE
8
BLACK
6
CONTINUOUS
10
4.9964303937007877
20
-3.5818251968503936
11
4.9956157480314962
21
-3.5810105511811021
0
LINE
8
BLACK
6
CONTINUOUS
10
4.9956157480314962
20
-3.5810105511811021
11
4.9951748425196847
21
-3.5799461417322833
0
LINE
8
BLACK
6
CONTINUOUS
10
4.9951748425196847
20
-3.5799461417322833
11
4.9951181102362208
21
-3.5006299212598426
0
LINE
8
BLACK
6
CONTINUOUS
10
4.9951181102362208
20
-3.5006299212598426
11
4.9951748425196847
21
-3.5000538582677163
0
LINE
8
BLACK
6
CONTINUOUS
10
4.9951748425196847
20
-3.5000538582677163
11
4.9956157480314962
21
-3.4989894488188975
0
LINE
8
BLACK
6
CONTINUOUS
10
4.9956157480314962
20
-3.4989894488188975
11
4.9964303937007877
21
-3.498174803149606
0
LINE
8
BLACK
6
CONTINUOUS
10
4.9964303937007877
20
-3.498174803149606
11
4.997494803149606
21
-3.4977338976377954
0
LINE
8
BLACK
6
CONTINUOUS
10
4.997494803149606
20
-3.4977338976377954
11
4.9986469291338578
21
-3.4977338976377954
0
LINE
8
BLACK
6
CONTINUOUS
10
4.9986469291338578
20
-3.4977338976377954
11
4.999711338582677
21
-3.498174803149606
0
LINE
8
BLACK
6
CONTINUOUS
10
5.0235696062992128
20
-3.498174803149606
11
5.0243842519685042
21
-3.4989894488188975
0
LINE
8
BLACK
6
CONTINUOUS
10
5.0243842519685042
20
-3.4989894488188975
11
5.0248251574803149
21
-3.5000538582677163
0
LINE
8
BLACK
6
CONTINUOUS
10
5.0248251574803149
20
-3.5000538582677163
11
5.0248818897637797
21
-3.5793700787401574
0
LINE
8
BLACK
6
CONTINUOUS
10
5.0248818897637797
20
-3.5793700787401574
11
5.0248251574803149
21
-3.5799461417322833
0
LINE
8
BLACK
6
CONTINUOUS
10
5.0248251574803149
20
-3.5799461417322833
11
5.0243842519685042
21
-3.5810105511811021
0
LINE
8
BLACK
6
CONTINUOUS
10
5.0243842519685042
20
-3.5810105511811021
11
5.0235696062992128
21
-3.5818251968503936
0
LINE
8
BLACK
6
CONTINUOUS
10
5.0235696062992128
20
-3.5818251968503936
11
5.0225051968503935
21
-3.5822661023622047
0
LINE
8
BLACK
6
CONTINUOUS
10
5.0225051968503935
20
-3.5822661023622047
11
5.0213530708661418
21
-3.5822661023622047
0
LINE
8
BLACK
6
CONTINUOUS
10
5.0213530708661418
20
-3.5822661023622047
11
5.0202886614173226
21
-3.5818251968503936
0
LINE
8
BLACK
6
CONTINUOUS
10
5.0202886614173226
20
-3.5818251968503936
11
5.0194740157480311
21
-3.5810105511811021
0
LINE
8
BLACK
6
CONTINUOUS
10
5.0194740157480311
20
-3.5810105511811021
11
5.0190331102362205
21
-3.5799461417322833
0
LINE
8
BLACK
6
CONTINUOUS
10
5.0190331102362205
20
-3.5799461417322833
11
5.0189763779527556
21
-3.5006299212598426
0
LINE
8
BLACK
6
CONTINUOUS
10
5.0189763779527556
20
-3.5006299212598426
11
5.0190331102362205
21
-3.5000538582677163
0
LINE
8
BLACK
6
CONTINUOUS
10
5.0190331102362205
20
-3.5000538582677163
11
5.0194740157480311
21
-3.4989894488188975
0
LINE
8
BLACK
6
CONTINUOUS
10
5.0194740157480311
20
-3.4989894488188975
11
5.0202886614173226
21
-3.498174803149606
0
LINE
8
BLACK
6
CONTINUOUS
10
5.0202886614173226
20
-3.498174803149606
11
5.0213530708661418
21
-3.4977338976377954
0
LINE
8
BLACK
6
CONTINUOUS
10
5.0213530708661418
20
-3.4977338976377954
11
5.0225051968503935
21
-3.4977338976377954
0
LINE
8
BLACK
6
CONTINUOUS
10
5.0225051968503935
20
-3.4977338976377954
11
5.0235696062992128
21
-3.498174803149606
0
LINE
8
BLACK
6
CONTINUOUS
10
5.1397113385826767
20
-3.498174803149606
11
5.1405259842519682
21
-3.4989894488188975
0
LINE
8
BLACK
6
CONTINUOUS
10
5.1405259842519682
20
-3.4989894488188975
11
5.1409668897637797
21
-3.5000538582677163
0
LINE
8
BLACK
6
CONTINUOUS
10
5.1409668897637797
20
-3.5000538582677163
11
5.1410236220472436
21
-3.5793700787401574
0
LINE
8
BLACK
6
CONTINUOUS
10
5.1410236220472436
20
-3.5793700787401574
11
5.1409668897637797
21
-3.5799461417322833
0
LINE
8
BLACK
6
CONTINUOUS
10
5.1409668897637797
20
-3.5799461417322833
11
5.1405259842519682
21
-3.5810105511811021
0
LINE
8
BLACK
6
CONTINUOUS
10
5.1405259842519682
20
-3.5810105511811021
11
5.1397113385826767
21
-3.5818251968503936
0
LINE
8
BLACK
6
CONTINUOUS
10
5.1397113385826767
20
-3.5818251968503936
11
5.1386469291338583
21
-3.5822661023622047
0
LINE
8
BLACK
6
CONTINUOUS
10
5.1386469291338583
20
-3.5822661023622047
11
5.1374948031496066
21
-3.5822661023622047
0
LINE
8
BLACK
6
CONTINUOUS
10
5.1374948031496066
20
-3.5822661023622047
11
5.1364303937007874
21
-3.5818251968503936
0
LINE
8
BLACK
6
CONTINUOUS
10
5.1364303937007874
20
-3.5818251968503936
11
5.1356157480314959
21
-3.5810105511811021
0
LINE
8
BLACK
6
CONTINUOUS
10
5.1356157480314959
20
-3.5810105511811021
11
5.1351748425196853
21
-3.5799461417322833
0
LINE
8
BLACK
6
CONTINUOUS
10
5.1351748425196853
20
-3.5799461417322833
11
5.1351181102362204
21
-3.5006299212598426
0
LINE
8
BLACK
6
CONTINUOUS
10
5.1351181102362204
20
-3.5006299212598426
11
5.1351748425196853
21
-3.5000538582677163
0
LINE
8
BLACK
6
CONTINUOUS
10
5.1351748425196853
20
-3.5000538582677163
11
5.1356157480314959
21
-3.4989894488188975
0
LINE
8
BLACK
6
CONTINUOUS
10
5.1356157480314959
20
-3.4989894488188975
11
5.1364303937007874
21
-3.498174803149606
0
LINE
8
BLACK
6
CONTINUOUS
10
5.1364303937007874
20
-3.498174803149606
11
5.1374948031496066
21
-3.4977338976377954
0
LINE
8
BLACK
6
CONTINUOUS
10
5.1374948031496066
20
-3.4977338976377954
11
5.1386469291338583
21
-3.4977338976377954
0
LINE
8
BLACK
6
CONTINUOUS
10
5.1386469291338583
20
-3.4977338976377954
11
5.1397113385826767
21
-3.498174803149606
0
LINE
8
BLACK
6
CONTINUOUS
10
5.596855590551181
20
-3.570981929133858
11
5.5979200000000002
21
-3.5714228346456691
0
LINE
8
BLACK
6
CONTINUOUS
10
5.5979200000000002
20
-3.5714228346456691
11
5.5987346456692908
21
-3.5722374803149606
0
LINE
8
BLACK
6
CONTINUOUS
10
5.5987346456692908
20
-3.5722374803149606
11
5.5991755511811023
21
-3.5733018897637794
0
LINE
8
BLACK
6
CONTINUOUS
10
5.5991755511811023
20
-3.5733018897637794
11
5.5991755511811023
21
-3.5744540157480316
0
LINE
8
BLACK
6
CONTINUOUS
10
5.5991755511811023
20
-3.5744540157480316
11
5.5987346456692908
21
-3.5755184251968504
0
LINE
8
BLACK
6
CONTINUOUS
10
5.5987346456692908
20
-3.5755184251968504
11
5.5979200000000002
21
-3.5763330708661418
0
LINE
8
BLACK
6
CONTINUOUS
10
5.5979200000000002
20
-3.5763330708661418
11
5.596855590551181
21
-3.5767739763779525
0
LINE
8
BLACK
6
CONTINUOUS
10
5.596855590551181
20
-3.5767739763779525
11
5.5687204724409449
21
-3.5768307086614173
0
LINE
8
BLACK
6
CONTINUOUS
10
5.5687204724409449
20
-3.5768307086614173
11
5.5681444094488191
21
-3.5767739763779525
0
LINE
8
BLACK
6
CONTINUOUS
10
5.5681444094488191
20
-3.5767739763779525
11
5.5670799999999998
21
-3.5763330708661418
0
LINE
8
BLACK
6
CONTINUOUS
10
5.5670799999999998
20
-3.5763330708661418
11
5.5662653543307083
21
-3.5755184251968504
0
LINE
8
BLACK
6
CONTINUOUS
10
5.5662653543307083
20
-3.5755184251968504
11
5.5658244488188977
21
-3.5744540157480316
0
LINE
8
BLACK
6
CONTINUOUS
10
5.5658244488188977
20
-3.5744540157480316
11
5.5658244488188977
21
-3.5733018897637794
0
LINE
8
BLACK
6
CONTINUOUS
10
5.5658244488188977
20
-3.5733018897637794
11
5.5662653543307083
21
-3.5722374803149606
0
LINE
8
BLACK
6
CONTINUOUS
10
5.5662653543307083
20
-3.5722374803149606
11
5.5670799999999998
21
-3.5714228346456691
0
LINE
8
BLACK
6
CONTINUOUS
10
5.5670799999999998
20
-3.5714228346456691
11
5.5681444094488191
21
-3.570981929133858
0
LINE
8
BLACK
6
CONTINUOUS
10
5.5681444094488191
20
-3.570981929133858
11
5.5962795275590551
21
-3.5709251968503937
0
LINE
8
BLACK
6
CONTINUOUS
10
5.5962795275590551
20
-3.5709251968503937
11
5.596855590551181
21
-3.570981929133858
0
LINE
8
BLACK
6
CONTINUOUS
10
5.596855590551181
20
-3.533226023622047
11
5.5979200000000002
21
-3.533666929133858
0
LINE
8
BLACK
6
CONTINUOUS
10
5.5979200000000002
20
-3.533666929133858
11
5.5987346456692908
21
-3.5344815748031495
0
LINE
8
BLACK
6
CONTINUOUS
10
5.5987346456692908
20
-3.5344815748031495
11
5.5991755511811023
21
-3.5355459842519683
0
LINE
8
BLACK
6
CONTINUOUS
10
5.5991755511811023
20
-3.5355459842519683
11
5.5991755511811023
21
-3.5366981102362205
0
LINE
8
BLACK
6
CONTINUOUS
10
5.5991755511811023
20
-3.5366981102362205
11
5.5987346456692908
21
-3.5377625196850393
0
LINE
8
BLACK
6
CONTINUOUS
10
5.5987346456692908
20
-3.5377625196850393
11
5.5979200000000002
21
-3.5385771653543308
0
LINE
8
BLACK
6
CONTINUOUS
10
5.5979200000000002
20
-3.5385771653543308
11
5.596855590551181
21
-3.5390180708661418
0
LINE
8
BLACK
6
CONTINUOUS
10
5.596855590551181
20
-3.5390180708661418
11
5.5687204724409449
21
-3.5390748031496062
0
LINE
8
BLACK
6
CONTINUOUS
10
5.5687204724409449
20
-3.5390748031496062
11
5.5681444094488191
21
-3.5390180708661418
0
LINE
8
BLACK
6
CONTINUOUS
10
5.5681444094488191
20
-3.5390180708661418
11
5.5670799999999998
21
-3.5385771653543308
0
LINE
8
BLACK
6
CONTINUOUS
10
5.5670799999999998
20
-3.5385771653543308
11
5.5662653543307083
21
-3.5377625196850393
0
LINE
8
BLACK
6
CONTINUOUS
10
5.5662653543307083
20
-3.5377625196850393
11
5.5658244488188977
21
-3.5366981102362205
0
LINE
8
BLACK
6
CONTINUOUS
10
5.5658244488188977
20
-3.5366981102362205
11
5.5658244488188977
21
-3.5355459842519683
0
LINE
8
BLACK
6
CONTINUOUS
10
5.5658244488188977
20
-3.5355459842519683
11
5.5662653543307083
21
-3.5344815748031495
0
LINE
8
BLACK
6
CONTINUOUS
10
5.5662653543307083
20
-3.5344815748031495
11
5.5670799999999998
21
-3.533666929133858
0
LINE
8
BLACK
6
CONTINUOUS
10
5.5670799999999998
20
-3.533666929133858
11
5.5681444094488191
21
-3.533226023622047
0
LINE
8
BLACK
6
CONTINUOUS
10
5.5681444094488191
20
-3.533226023622047
11
5.5962795275590551
21
-3.5331692913385826
0
LINE
8
BLACK
6
CONTINUOUS
10
5.5962795275590551
20
-3.5331692913385826
11
5.596855590551181
21
-3.533226023622047
0
LINE
8
BLACK
6
CONTINUOUS
10
5.7081017716535429
20
-3.4856121259842521
11
5.7081795275590546
21
-3.4856066141732285
0
LINE
8
BLACK
6
CONTINUOUS
10
5.7081795275590546
20
-3.4856066141732285
11
5.7082380314960632
21
-3.4856255511811023
0
LINE
8
BLACK
6
CONTINUOUS
10
5.7082380314960632
20
-3.4856255511811023
11
5.7083862992125987
21
-3.4856401574803151
0
LINE
8
BLACK
6
CONTINUOUS
10
5.7083862992125987
20
-3.4856401574803151
11
5.7087549212598425
21
-3.485792834645669
0
LINE
8
BLACK
6
CONTINUOUS
10
5.7087549212598425
20
-3.485792834645669
11
5.7143682677165355
21
-3.4876097244094488
0
LINE
8
BLACK
6
CONTINUOUS
10
5.7143682677165355
20
-3.4876097244094488
11
5.714896811023622
21
-3.4878457086614172
0
LINE
8
BLACK
6
CONTINUOUS
10
5.714896811023622
20
-3.4878457086614172
11
5.7149769291338579
21
-3.4879151968503934
0
LINE
8
BLACK
6
CONTINUOUS
10
5.7149769291338579
20
-3.4879151968503934
11
5.7150749999999997
21
-3.4879558267716533
0
LINE
8
BLACK
6
CONTINUOUS
10
5.7150749999999997
20
-3.4879558267716533
11
5.7154662598425192
21
-3.4883396062992125
0
LINE
8
BLACK
6
CONTINUOUS
10
5.7154662598425192
20
-3.4883396062992125
11
5.7157671653543307
21
-3.4886005905511812
0
LINE
8
BLACK
6
CONTINUOUS
10
5.7157671653543307
20
-3.4886005905511812
11
5.7158006692913386
21
-3.4886676377952757
0
LINE
8
BLACK
6
CONTINUOUS
10
5.7158006692913386
20
-3.4886676377952757
11
5.7192719685039366
21
-3.492072559055118
0
LINE
8
BLACK
6
CONTINUOUS
10
5.7192719685039366
20
-3.492072559055118
11
5.7194577952755905
21
-3.4922989370078739
0
LINE
8
BLACK
6
CONTINUOUS
10
5.7194577952755905
20
-3.4922989370078739
11
5.7195167322834646
21
-3.4923500787401576
0
LINE
8
BLACK
6
CONTINUOUS
10
5.7195167322834646
20
-3.4923500787401576
11
5.7195453149606301
21
-3.492405590551181
0
LINE
8
BLACK
6
CONTINUOUS
10
5.7195453149606301
20
-3.492405590551181
11
5.719639212598425
21
-3.4925199999999998
0
LINE
8
BLACK
6
CONTINUOUS
10
5.719639212598425
20
-3.4925199999999998
11
5.7197829527559056
21
-3.4928670472440944
0
LINE
8
BLACK
6
CONTINUOUS
10
5.7197829527559056
20
-3.4928670472440944
11
5.7216998425196852
21
-3.4965894881889761
0
LINE
8
BLACK
6
CONTINUOUS
10
5.7216998425196852
20
-3.4965894881889761
11
5.7217159448818897
21
-3.4966315748031493
0
LINE
8
BLACK
6
CONTINUOUS
10
5.7217159448818897
20
-3.4966315748031493
11
5.7217286614173224
21
-3.4966487401574802
0
LINE
8
BLACK
6
CONTINUOUS
10
5.7217286614173224
20
-3.4966487401574802
11
5.7217412204724409
21
-3.4966976771653542
0
LINE
8
BLACK
6
CONTINUOUS
10
5.7217412204724409
20
-3.4966976771653542
11
5.7219067322834647
21
-3.4971300787401574
0
LINE
8
BLACK
6
CONTINUOUS
10
5.7219067322834647
20
-3.4971300787401574
11
5.7219274015748027
21
-3.4974212992125984
0
LINE
8
BLACK
6
CONTINUOUS
10
5.7219274015748027
20
-3.4974212992125984
11
5.723798188976378
21
-3.5046929133858269
0
LINE
8
BLACK
6
CONTINUOUS
10
5.723798188976378
20
-3.5046929133858269
11
5.723812952755905
21
-3.5047927559055116
0
LINE
8
BLACK
6
CONTINUOUS
10
5.723812952755905
20
-3.5047927559055116
11
5.7238296062992129
21
-3.504832992125984
0
LINE
8
BLACK
6
CONTINUOUS
10
5.7238296062992129
20
-3.504832992125984
11
5.7238302755905508
21
-3.5049101968503935
0
LINE
8
BLACK
6
CONTINUOUS
10
5.7238302755905508
20
-3.5049101968503935
11
5.7238828346456696
21
-3.5052655118110234
0
LINE
8
BLACK
6
CONTINUOUS
10
5.7238828346456696
20
-3.5052655118110234
11
5.7238364173228344
21
-3.5055774409448817
0
LINE
8
BLACK
6
CONTINUOUS
10
5.7238364173228344
20
-3.5055774409448817
11
5.7238863385826768
21
-3.511033346456693
0
LINE
8
BLACK
6
CONTINUOUS
10
5.7238863385826768
20
-3.511033346456693
11
5.7238764173228347
21
-3.5111338582677165
0
LINE
8
BLACK
6
CONTINUOUS
10
5.7238764173228347
20
-3.5111338582677165
11
5.7238828346456696
21
-3.5111768897637794
0
LINE
8
BLACK
6
CONTINUOUS
10
5.7238828346456696
20
-3.5111768897637794
11
5.7238649212598425
21
-3.5112505511811021
0
LINE
8
BLACK
6
CONTINUOUS
10
5.7238649212598425
20
-3.5112505511811021
11
5.7238296062992129
21
-3.5116094094488188
0
LINE
8
BLACK
6
CONTINUOUS
10
5.7238296062992129
20
-3.5116094094488188
11
5.7237045275590548
21
-3.5119112992125983
0
LINE
8
BLACK
6
CONTINUOUS
10
5.7237045275590548
20
-3.5119112992125983
11
5.7219234251968505
21
-3.5192485433070866
0
LINE
8
BLACK
6
CONTINUOUS
10
5.7219234251968505
20
-3.5192485433070866
11
5.7219082283464564
21
-3.5192910236220474
0
LINE
8
BLACK
6
CONTINUOUS
10
5.7219082283464564
20
-3.5192910236220474
11
5.7219067322834647
21
-3.5193123228346455
0
LINE
8
BLACK
6
CONTINUOUS
10
5.7219067322834647
20
-3.5193123228346455
11
5.7218835826771652
21
-3.5193599606299211
0
LINE
8
BLACK
6
CONTINUOUS
10
5.7218835826771652
20
-3.5193599606299211
11
5.7217286614173224
21
-3.5197936614173226
0
LINE
8
BLACK
6
CONTINUOUS
10
5.7217286614173224
20
-3.5197936614173226
11
5.7215679133858268
21
-3.5200105905511809
0
LINE
8
BLACK
6
CONTINUOUS
10
5.7215679133858268
20
-3.5200105905511809
11
5.7198250787401577
21
-3.5236024409448818
0
LINE
8
BLACK
6
CONTINUOUS
10
5.7198250787401577
20
-3.5236024409448818
11
5.719669015748031
21
-3.5238503149606299
0
LINE
8
BLACK
6
CONTINUOUS
10
5.719669015748031
20
-3.5238503149606299
11
5.719639212598425
21
-3.5239223622047242
0
LINE
8
BLACK
6
CONTINUOUS
10
5.719639212598425
20
-3.5239223622047242
11
5.71959594488189
21
-3.5239664566929134
0
LINE
8
BLACK
6
CONTINUOUS
10
5.71959594488189
20
-3.5239664566929134
11
5.7195167322834646
21
-3.5240923228346457
0
LINE
8
BLACK
6
CONTINUOUS
10
5.7195167322834646
20
-3.5240923228346457
11
5.7192205511811025
21
-3.5243491338582675
0
LINE
8
BLACK
6
CONTINUOUS
10
5.7192205511811025
20
-3.5243491338582675
11
5.7155224409448815
21
-3.5281194094488186
0
LINE
8
BLACK
6
CONTINUOUS
10
5.7155224409448815
20
-3.5281194094488186
11
5.7150749999999997
21
-3.5284866141732283
0
LINE
8
BLACK
6
CONTINUOUS
10
5.7150749999999997
20
-3.5284866141732283
11
5.7149769291338579
21
-3.5285272047244094
0
LINE
8
BLACK
6
CONTINUOUS
10
5.7149769291338579
20
-3.5285272047244094
11
5.714896811023622
21
-3.5285967322834644
0
LINE
8
BLACK
6
CONTINUOUS
10
5.714896811023622
20
-3.5285967322834644
11
5.7143866535433068
21
-3.5287717322834644
0
LINE
8
BLACK
6
CONTINUOUS
10
5.7143866535433068
20
-3.5287717322834644
11
5.7140105905511813
21
-3.5289275196850394
0
LINE
8
BLACK
6
CONTINUOUS
10
5.7140105905511813
20
-3.5289275196850394
11
5.7139325590551175
21
-3.5289275196850394
0
LINE
8
BLACK
6
CONTINUOUS
10
5.7139325590551175
20
-3.5289275196850394
11
5.7087439763779528
21
-3.5307074803149607
0
LINE
8
BLACK
6
CONTINUOUS
10
5.7087439763779528
20
-3.5307074803149607
11
5.7084583858267717
21
-3.530772401574803
0
LINE
8
BLACK
6
CONTINUOUS
10
5.7084583858267717
20
-3.530772401574803
11
5.7083862992125987
21
-3.5308022834645669
0
LINE
8
BLACK
6
CONTINUOUS
10
5.7083862992125987
20
-3.5308022834645669
11
5.7083233858267715
21
-3.5308030708661415
0
LINE
8
BLACK
6
CONTINUOUS
10
5.7083233858267715
20
-3.5308030708661415
11
5.7081795275590546
21
-3.5308358267716535
0
LINE
8
BLACK
6
CONTINUOUS
10
5.7081795275590546
20
-3.5308358267716535
11
5.7078133464566925
21
-3.5308097637795273
0
LINE
8
BLACK
6
CONTINUOUS
10
5.7078133464566925
20
-3.5308097637795273
11
5.7040607086614168
21
-3.5308590157480313
0
LINE
8
BLACK
6
CONTINUOUS
10
5.7040607086614168
20
-3.5308590157480313
11
5.7037690944881891
21
-3.5308302755905512
0
LINE
8
BLACK
6
CONTINUOUS
10
5.7037690944881891
20
-3.5308302755905512
11
5.7036913779527554
21
-3.5308358267716535
0
LINE
8
BLACK
6
CONTINUOUS
10
5.7036913779527554
20
-3.5308358267716535
11
5.7036327952755901
21
-3.5308168503937005
0
LINE
8
BLACK
6
CONTINUOUS
10
5.7036327952755901
20
-3.5308168503937005
11
5.7034846456692909
21
-3.5308022834645669
0
LINE
8
BLACK
6
CONTINUOUS
10
5.7034846456692909
20
-3.5308022834645669
11
5.7031161023622046
21
-3.5306496062992125
0
LINE
8
BLACK
6
CONTINUOUS
10
5.7031161023622046
20
-3.5306496062992125
11
5.6975026771653541
21
-3.5288327165354332
0
LINE
8
BLACK
6
CONTINUOUS
10
5.6975026771653541
20
-3.5288327165354332
11
5.6969740944881888
21
-3.5285967322834644
0
LINE
8
BLACK
6
CONTINUOUS
10
5.6969740944881888
20
-3.5285967322834644
11
5.6968938976377954
21
-3.5285271653543306
0
LINE
8
BLACK
6
CONTINUOUS
10
5.6968938976377954
20
-3.5285271653543306
11
5.6967959448818899
21
-3.5284866141732283
0
LINE
8
BLACK
6
CONTINUOUS
10
5.6967959448818899
20
-3.5284866141732283
11
5.6963435433070861
21
-3.5280498425196849
0
LINE
8
BLACK
6
CONTINUOUS
10
5.6963435433070861
20
-3.5280498425196849
11
5.6961037401574801
21
-3.5278418503937008
0
LINE
8
BLACK
6
CONTINUOUS
10
5.6961037401574801
20
-3.5278418503937008
11
5.6960809842519682
21
-3.5277963385826769
0
LINE
8
BLACK
6
CONTINUOUS
10
5.6960809842519682
20
-3.5277963385826769
11
5.6944737007874018
21
-3.5262445669291336
0
LINE
8
BLACK
6
CONTINUOUS
10
5.6944737007874018
20
-3.5262445669291336
11
5.6941064960629921
21
-3.5257971259842518
0
LINE
8
BLACK
6
CONTINUOUS
10
5.6941064960629921
20
-3.5257971259842518
11
5.6936656299212594
21
-3.524732716535433
0
LINE
8
BLACK
6
CONTINUOUS
10
5.6936656299212594
20
-3.524732716535433
11
5.6936656299212594
21
-3.52358062992126
0
LINE
8
BLACK
6
CONTINUOUS
10
5.6936656299212594
20
-3.52358062992126
11
5.6941065354330709
21
-3.5225162204724407
0
LINE
8
BLACK
6
CONTINUOUS
10
5.6941065354330709
20
-3.5225162204724407
11
5.6949212204724411
21
-3.521701535433071
0
LINE
8
BLACK
6
CONTINUOUS
10
5.6949212204724411
20
-3.521701535433071
11
5.6959856299212595
21
-3.5212606692913386
0
LINE
8
BLACK
6
CONTINUOUS
10
5.6959856299212595
20
-3.5212606692913386
11
5.6971377165354333
21
-3.5212606692913386
0
LINE
8
BLACK
6
CONTINUOUS
10
5.6971377165354333
20
-3.5212606692913386
11
5.6982021259842517
21
-3.5217015748031497
0
LINE
8
BLACK
6
CONTINUOUS
10
5.6982021259842517
20
-3.5217015748031497
11
5.700079645669291
21
-3.5235142519685039
0
LINE
8
BLACK
6
CONTINUOUS
10
5.700079645669291
20
-3.5235142519685039
11
5.7046541338582673
21
-3.5249948818897638
0
LINE
8
BLACK
6
CONTINUOUS
10
5.7046541338582673
20
-3.5249948818897638
11
5.7074642913385825
21
-3.5249580314960629
0
LINE
8
BLACK
6
CONTINUOUS
10
5.7074642913385825
20
-3.5249580314960629
11
5.7119238188976373
21
-3.5234281889763777
0
LINE
8
BLACK
6
CONTINUOUS
10
5.7119238188976373
20
-3.5234281889763777
11
5.7148481102362201
21
-3.5204468503937005
0
LINE
8
BLACK
6
CONTINUOUS
10
5.7148481102362201
20
-3.5204468503937005
11
5.7163727165354326
21
-3.5173047244094486
0
LINE
8
BLACK
6
CONTINUOUS
10
5.7163727165354326
20
-3.5173047244094486
11
5.7180272834645667
21
-3.5104888582677165
0
LINE
8
BLACK
6
CONTINUOUS
10
5.7180272834645667
20
-3.5104888582677165
11
5.7179823228346454
21
-3.5055765748031495
0
LINE
8
BLACK
6
CONTINUOUS
10
5.7179823228346454
20
-3.5055765748031495
11
5.7162257086614172
21
-3.4987486220472439
0
LINE
8
BLACK
6
CONTINUOUS
10
5.7162257086614172
20
-3.4987486220472439
11
5.7147024409448814
21
-3.4957905511811025
0
LINE
8
BLACK
6
CONTINUOUS
10
5.7147024409448814
20
-3.4957905511811025
11
5.711780826771653
21
-3.4929248031496063
0
LINE
8
BLACK
6
CONTINUOUS
10
5.711780826771653
20
-3.4929248031496063
11
5.7072167716535436
21
-3.4914475196850394
0
LINE
8
BLACK
6
CONTINUOUS
10
5.7072167716535436
20
-3.4914475196850394
11
5.7044065748031496
21
-3.4914843700787399
0
LINE
8
BLACK
6
CONTINUOUS
10
5.7044065748031496
20
-3.4914843700787399
11
5.6999693307086616
21
-3.4930065748031494
0
LINE
8
BLACK
6
CONTINUOUS
10
5.6999693307086616
20
-3.4930065748031494
11
5.6986495669291335
21
-3.4943736220472439
0
LINE
8
BLACK
6
CONTINUOUS
10
5.6986495669291335
20
-3.4943736220472439
11
5.6982021259842517
21
-3.4947408267716535
0
LINE
8
BLACK
6
CONTINUOUS
10
5.6982021259842517
20
-3.4947408267716535
11
5.6971376771653546
21
-3.4951817322834646
0
LINE
8
BLACK
6
CONTINUOUS
10
5.6971376771653546
20
-3.4951817322834646
11
5.6959856299212595
21
-3.4951817322834646
0
LINE
8
BLACK
6
CONTINUOUS
10
5.6959856299212595
20
-3.4951817322834646
11
5.6949211811023623
21
-3.4947408267716535
0
LINE
8
BLACK
6
CONTINUOUS
10
5.6949211811023623
20
-3.4947408267716535
11
5.6941065354330709
21
-3.4939261811023621
0
LINE
8
BLACK
6
CONTINUOUS
10
5.6941065354330709
20
-3.4939261811023621
11
5.6936656299212594
21
-3.4928617322834645
0
LINE
8
BLACK
6
CONTINUOUS
10
5.6936656299212594
20
-3.4928617322834645
11
5.6936656299212594
21
-3.4917096850393698
0
LINE
8
BLACK
6
CONTINUOUS
10
5.6936656299212594
20
-3.4917096850393698
11
5.6941065354330709
21
-3.4906452362204723
0
LINE
8
BLACK
6
CONTINUOUS
10
5.6941065354330709
20
-3.4906452362204723
11
5.6963485039370081
21
-3.4883230314960629
0
LINE
8
BLACK
6
CONTINUOUS
10
5.6963485039370081
20
-3.4883230314960629
11
5.6967959448818899
21
-3.4879558267716533
0
LINE
8
BLACK
6
CONTINUOUS
10
5.6967959448818899
20
-3.4879558267716533
11
5.6968938976377954
21
-3.4879152362204722
0
LINE
8
BLACK
6
CONTINUOUS
10
5.6968938976377954
20
-3.4879152362204722
11
5.6969740944881888
21
-3.4878457086614172
0
LINE
8
BLACK
6
CONTINUOUS
10
5.6969740944881888
20
-3.4878457086614172
11
5.6974844488188978
21
-3.4876705905511809
0
LINE
8
BLACK
6
CONTINUOUS
10
5.6974844488188978
20
-3.4876705905511809
11
5.6978603543307083
21
-3.4875149212598426
0
LINE
8
BLACK
6
CONTINUOUS
10
5.6978603543307083
20
-3.4875149212598426
11
5.6979383464566924
21
-3.4875149212598426
0
LINE
8
BLACK
6
CONTINUOUS
10
5.6979383464566924
20
-3.4875149212598426
11
5.703126929133858
21
-3.4857349606299213
0
LINE
8
BLACK
6
CONTINUOUS
10
5.703126929133858
20
-3.4857349606299213
11
5.7034125590551179
21
-3.4856699999999998
0
LINE
8
BLACK
6
CONTINUOUS
10
5.7034125590551179
20
-3.4856699999999998
11
5.7034846456692909
21
-3.4856401574803151
0
LINE
8
BLACK
6
CONTINUOUS
10
5.7034846456692909
20
-3.4856401574803151
11
5.7035474803149606
21
-3.4856393307086613
0
LINE
8
BLACK
6
CONTINUOUS
10
5.7035474803149606
20
-3.4856393307086613
11
5.7036913779527554
21
-3.4856066141732285
0
LINE
8
BLACK
6
CONTINUOUS
10
5.7036913779527554
20
-3.4856066141732285
11
5.7040575196850396
21
-3.4856326377952755
0
LINE
8
BLACK
6
CONTINUOUS
10
5.7040575196850396
20
-3.4856326377952755
11
5.7078102362204719
21
-3.4855834251968503
0
LINE
8
BLACK
6
CONTINUOUS
10
5.7078102362204719
20
-3.4855834251968503
11
5.7081017716535429
21
-3.4856121259842521
0
LINE
8
BLACK
6
CONTINUOUS
10
5.6729696062992128
20
-3.4838135433070865
11
5.6740000393700782
21
-3.4843287401574803
0
LINE
8
BLACK
6
CONTINUOUS
10
5.6740000393700782
20
-3.4843287401574803
11
5.6747549212598427
21
-3.485199094488189
0
LINE
8
BLACK
6
CONTINUOUS
10
5.6747549212598427
20
-3.485199094488189
11
5.6843647244094484
21
-3.5138490944881888
0
LINE
8
BLACK
6
CONTINUOUS
10
5.6843647244094484
20
-3.5138490944881888
11
5.6844296456692911
21
-3.5141347244094487
0
LINE
8
BLACK
6
CONTINUOUS
10
5.6844296456692911
20
-3.5141347244094487
11
5.6844595275590546
21
-3.5142068110236218
0
LINE
8
BLACK
6
CONTINUOUS
10
5.6844595275590546
20
-3.5142068110236218
11
5.6844595275590546
21
-3.5142660236220471
0
LINE
8
BLACK
6
CONTINUOUS
10
5.6844595275590546
20
-3.5142660236220471
11
5.6844930708661412
21
-3.5144135433070867
0
LINE
8
BLACK
6
CONTINUOUS
10
5.6844930708661412
20
-3.5144135433070867
11
5.6844595275590546
21
-3.5148853937007871
0
LINE
8
BLACK
6
CONTINUOUS
10
5.6844595275590546
20
-3.5148853937007871
11
5.6844595275590546
21
-3.5153589370078739
0
LINE
8
BLACK
6
CONTINUOUS
10
5.6844595275590546
20
-3.5153589370078739
11
5.6844188582677164
21
-3.5154570078740157
0
LINE
8
BLACK
6
CONTINUOUS
10
5.6844188582677164
20
-3.5154570078740157
11
5.6844113779527561
21
-3.5155627559055116
0
LINE
8
BLACK
6
CONTINUOUS
10
5.6844113779527561
20
-3.5155627559055116
11
5.6841998031496059
21
-3.5159858661417323
0
LINE
8
BLACK
6
CONTINUOUS
10
5.6841998031496059
20
-3.5159858661417323
11
5.684018622047244
21
-3.5164233464566927
0
LINE
8
BLACK
6
CONTINUOUS
10
5.684018622047244
20
-3.5164233464566927
11
5.6839435826771654
21
-3.516498346456693
0
LINE
8
BLACK
6
CONTINUOUS
10
5.6839435826771654
20
-3.516498346456693
11
5.6838961811023623
21
-3.5165932283464567
0
LINE
8
BLACK
6
CONTINUOUS
10
5.6838961811023623
20
-3.5165932283464567
11
5.6835387007874019
21
-3.5169032283464565
0
LINE
8
BLACK
6
CONTINUOUS
10
5.6835387007874019
20
-3.5169032283464565
11
5.6832039763779525
21
-3.5172379921259842
0
LINE
8
BLACK
6
CONTINUOUS
10
5.6832039763779525
20
-3.5172379921259842
11
5.6831059055118107
21
-3.5172785826771653
0
LINE
8
BLACK
6
CONTINUOUS
10
5.6831059055118107
20
-3.5172785826771653
11
5.6830257874015748
21
-3.5173481102362203
0
LINE
8
BLACK
6
CONTINUOUS
10
5.6830257874015748
20
-3.5173481102362203
11
5.6825769291338579
21
-3.5174977165354329
0
LINE
8
BLACK
6
CONTINUOUS
10
5.6825769291338579
20
-3.5174977165354329
11
5.6821395669291341
21
-3.5176788976377953
0
LINE
8
BLACK
6
CONTINUOUS
10
5.6821395669291341
20
-3.5176788976377953
11
5.6820326771653544
21
-3.5176791338582678
0
LINE
8
BLACK
6
CONTINUOUS
10
5.6820326771653544
20
-3.5176791338582678
11
5.68193279527559
21
-3.5177124409448819
0
LINE
8
BLACK
6
CONTINUOUS
10
5.68193279527559
20
-3.5177124409448819
11
5.6814819291338585
21
-3.5176803543307087
0
LINE
8
BLACK
6
CONTINUOUS
10
5.6814819291338585
20
-3.5176803543307087
11
5.6657470472440945
21
-3.5177161417322833
0
LINE
8
BLACK
6
CONTINUOUS
10
5.6657470472440945
20
-3.5177161417322833
11
5.6657686220472439
21
-3.5279062598425197
0
LINE
8
BLACK
6
CONTINUOUS
10
5.6657686220472439
20
-3.5279062598425197
11
5.665711889763779
21
-3.5284823228346456
0
LINE
8
BLACK
6
CONTINUOUS
10
5.665711889763779
20
-3.5284823228346456
11
5.6652709842519684
21
-3.5295467322834644
0
LINE
8
BLACK
6
CONTINUOUS
10
5.6652709842519684
20
-3.5295467322834644
11
5.6644563385826769
21
-3.5303613779527558
0
LINE
8
BLACK
6
CONTINUOUS
10
5.6644563385826769
20
-3.5303613779527558
11
5.6633919291338586
21
-3.5308022834645669
0
LINE
8
BLACK
6
CONTINUOUS
10
5.6633919291338586
20
-3.5308022834645669
11
5.662239803149606
21
-3.5308022834645669
0
LINE
8
BLACK
6
CONTINUOUS
10
5.662239803149606
20
-3.5308022834645669
11
5.6611753937007876
21
-3.5303613779527558
0
LINE
8
BLACK
6
CONTINUOUS
10
5.6611753937007876
20
-3.5303613779527558
11
5.6603607480314961
21
-3.5295467322834644
0
LINE
8
BLACK
6
CONTINUOUS
10
5.6603607480314961
20
-3.5295467322834644
11
5.6599198425196846
21
-3.5284823228346456
0
LINE
8
BLACK
6
CONTINUOUS
10
5.6599198425196846
20
-3.5284823228346456
11
5.6598970866141727
21
-3.5177294488188977
0
LINE
8
BLACK
6
CONTINUOUS
10
5.6598970866141727
20
-3.5177294488188977
11
5.6571915748031492
21
-3.5177356299212597
0
LINE
8
BLACK
6
CONTINUOUS
10
5.6571915748031492
20
-3.5177356299212597
11
5.6566155118110233
21
-3.5176788976377953
0
LINE
8
BLACK
6
CONTINUOUS
10
5.6566155118110233
20
-3.5176788976377953
11
5.6555511023622049
21
-3.5172379921259842
0
LINE
8
BLACK
6
CONTINUOUS
10
5.6555511023622049
20
-3.5172379921259842
11
5.6547364566929135
21
-3.5164233464566927
0
LINE
8
BLACK
6
CONTINUOUS
10
5.6547364566929135
20
-3.5164233464566927
11
5.6542955511811019
21
-3.5153589370078739
0
LINE
8
BLACK
6
CONTINUOUS
10
5.6542955511811019
20
-3.5153589370078739
11
5.6542955511811019
21
-3.5142068110236218
0
LINE
8
BLACK
6
CONTINUOUS
10
5.6542955511811019
20
-3.5142068110236218
11
5.6547364566929135
21
-3.513142401574803
0
LINE
8
BLACK
6
CONTINUOUS
10
5.6547364566929135
20
-3.513142401574803
11
5.6555511023622049
21
-3.5123277559055119
0
LINE
8
BLACK
6
CONTINUOUS
10
5.6555511023622049
20
-3.5123277559055119
11
5.6566155118110233
21
-3.5118868503937009
0
LINE
8
BLACK
6
CONTINUOUS
10
5.6566155118110233
20
-3.5118868503937009
11
5.6598847244094488
21
-3.5118794094488188
0
LINE
8
BLACK
6
CONTINUOUS
10
5.6598847244094488
20
-3.5118794094488188
11
5.6598631102362207
21
-3.5016595275590552
0
LINE
8
BLACK
6
CONTINUOUS
10
5.6598631102362207
20
-3.5016595275590552
11
5.6599198425196846
21
-3.5010834645669289
0
LINE
8
BLACK
6
CONTINUOUS
10
5.6599198425196846
20
-3.5010834645669289
11
5.6603607480314961
21
-3.5000190551181101
0
LINE
8
BLACK
6
CONTINUOUS
10
5.6603607480314961
20
-3.5000190551181101
11
5.6611753937007876
21
-3.4992044094488186
0
LINE
8
BLACK
6
CONTINUOUS
10
5.6611753937007876
20
-3.4992044094488186
11
5.662239803149606
21
-3.498763503937008
0
LINE
8
BLACK
6
CONTINUOUS
10
5.662239803149606
20
-3.498763503937008
11
5.6633919291338586
21
-3.498763503937008
0
LINE
8
BLACK
6
CONTINUOUS
10
5.6633919291338586
20
-3.498763503937008
11
5.6644563385826769
21
-3.4992044094488186
0
LINE
8
BLACK
6
CONTINUOUS
10
5.6644563385826769
20
-3.4992044094488186
11
5.6652709842519684
21
-3.5000190551181101
0
LINE
8
BLACK
6
CONTINUOUS
10
5.6652709842519684
20
-3.5000190551181101
11
5.665711889763779
21
-3.5010834645669289
0
LINE
8
BLACK
6
CONTINUOUS
10
5.665711889763779
20
-3.5010834645669289
11
5.6657346850393697
21
-3.5118661023622044
0
LINE
8
BLACK
6
CONTINUOUS
10
5.6657346850393697
20
-3.5118661023622044
11
5.6775204330708657
21
-3.5118392913385827
0
LINE
8
BLACK
6
CONTINUOUS
10
5.6775204330708657
20
-3.5118392913385827
11
5.6693884645669286
21
-3.4875951574803148
0
LINE
8
BLACK
6
CONTINUOUS
10
5.6693884645669286
20
-3.4875951574803148
11
5.6692601181102358
21
-3.4870307086614174
0
LINE
8
BLACK
6
CONTINUOUS
10
5.6692601181102358
20
-3.4870307086614174
11
5.6693418110236218
21
-3.485881496062992
0
LINE
8
BLACK
6
CONTINUOUS
10
5.6693418110236218
20
-3.485881496062992
11
5.6698570078740156
21
-3.4848510629921261
0
LINE
8
BLACK
6
CONTINUOUS
10
5.6698570078740156
20
-3.4848510629921261
11
5.6707273622047243
21
-3.4840961811023621
0
LINE
8
BLACK
6
CONTINUOUS
10
5.6707273622047243
20
-3.4840961811023621
11
5.6718203937007869
21
-3.4837318503937009
0
LINE
8
BLACK
6
CONTINUOUS
10
5.6718203937007869
20
-3.4837318503937009
11
5.6729696062992128
21
-3.4838135433070865
0
LINE
8
BLACK
6
CONTINUOUS
10
5.596855590551181
20
-3.4859819291338581
11
5.5979200000000002
21
-3.4864228346456692
0
LINE
8
BLACK
6
CONTINUOUS
10
5.5979200000000002
20
-3.4864228346456692
11
5.5987346456692908
21
-3.4872374803149606
0
LINE
8
BLACK
6
CONTINUOUS
10
5.5987346456692908
20
-3.4872374803149606
11
5.5991755511811023
21
-3.4883018897637794
0
LINE
8
BLACK
6
CONTINUOUS
10
5.5991755511811023
20
-3.4883018897637794
11
5.5991755511811023
21
-3.4894540157480316
0
LINE
8
BLACK
6
CONTINUOUS
10
5.5991755511811023
20
-3.4894540157480316
11
5.5987346456692908
21
-3.4905184251968504
0
LINE
8
BLACK
6
CONTINUOUS
10
5.5987346456692908
20
-3.4905184251968504
11
5.5979200000000002
21
-3.4913330708661419
0
LINE
8
BLACK
6
CONTINUOUS
10
5.5979200000000002
20
-3.4913330708661419
11
5.596855590551181
21
-3.4917739763779525
0
LINE
8
BLACK
6
CONTINUOUS
10
5.596855590551181
20
-3.4917739763779525
11
5.5687204724409449
21
-3.4918307086614173
0
LINE
8
BLACK
6
CONTINUOUS
10
5.5687204724409449
20
-3.4918307086614173
11
5.5681444094488191
21
-3.4917739763779525
0
LINE
8
BLACK
6
CONTINUOUS
10
5.5681444094488191
20
-3.4917739763779525
11
5.5670799999999998
21
-3.4913330708661419
0
LINE
8
BLACK
6
CONTINUOUS
10
5.5670799999999998
20
-3.4913330708661419
11
5.5662653543307083
21
-3.4905184251968504
0
LINE
8
BLACK
6
CONTINUOUS
10
5.5662653543307083
20
-3.4905184251968504
11
5.5658244488188977
21
-3.4894540157480316
0
LINE
8
BLACK
6
CONTINUOUS
10
5.5658244488188977
20
-3.4894540157480316
11
5.5658244488188977
21
-3.4883018897637794
0
LINE
8
BLACK
6
CONTINUOUS
10
5.5658244488188977
20
-3.4883018897637794
11
5.5662653543307083
21
-3.4872374803149606
0
LINE
8
BLACK
6
CONTINUOUS
10
5.5662653543307083
20
-3.4872374803149606
11
5.5670799999999998
21
-3.4864228346456692
0
LINE
8
BLACK
6
CONTINUOUS
10
5.5670799999999998
20
-3.4864228346456692
11
5.5681444094488191
21
-3.4859819291338581
0
LINE
8
BLACK
6
CONTINUOUS
10
5.5681444094488191
20
-3.4859819291338581
11
5.5962795275590551
21
-3.4859251968503937
0
LINE
8
BLACK
6
CONTINUOUS
10
5.5962795275590551
20
-3.4859251968503937
11
5.596855590551181
21
-3.4859819291338581
0
LINE
8
BLACK
6
CONTINUOUS
10
5.596855590551181
20
-3.468226023622047
11
5.5979200000000002
21
-3.4686669291338581
0
LINE
8
BLACK
6
CONTINUOUS
10
5.5979200000000002
20
-3.4686669291338581
11
5.5987346456692908
21
-3.4694815748031496
0
LINE
8
BLACK
6
CONTINUOUS
10
5.5987346456692908
20
-3.4694815748031496
11
5.5991755511811023
21
-3.4705459842519684
0
LINE
8
BLACK
6
CONTINUOUS
10
5.5991755511811023
20
-3.4705459842519684
11
5.5991755511811023
21
-3.4716981102362205
0
LINE
8
BLACK
6
CONTINUOUS
10
5.5991755511811023
20
-3.4716981102362205
11
5.5987346456692908
21
-3.4727625196850394
0
LINE
8
BLACK
6
CONTINUOUS
10
5.5987346456692908
20
-3.4727625196850394
11
5.5979200000000002
21
-3.4735771653543308
0
LINE
8
BLACK
6
CONTINUOUS
10
5.5979200000000002
20
-3.4735771653543308
11
5.596855590551181
21
-3.4740180708661414
0
LINE
8
BLACK
6
CONTINUOUS
10
5.596855590551181
20
-3.4740180708661414
11
5.5687204724409449
21
-3.4740748031496063
0
LINE
8
BLACK
6
CONTINUOUS
10
5.5687204724409449
20
-3.4740748031496063
11
5.5681444094488191
21
-3.4740180708661414
0
LINE
8
BLACK
6
CONTINUOUS
10
5.5681444094488191
20
-3.4740180708661414
11
5.5670799999999998
21
-3.4735771653543308
0
LINE
8
BLACK
6
CONTINUOUS
10
5.5670799999999998
20
-3.4735771653543308
11
5.5662653543307083
21
-3.4727625196850394
0
LINE
8
BLACK
6
CONTINUOUS
10
5.5662653543307083
20
-3.4727625196850394
11
5.5658244488188977
21
-3.4716981102362205
0
LINE
8
BLACK
6
CONTINUOUS
10
5.5658244488188977
20
-3.4716981102362205
11
5.5658244488188977
21
-3.4705459842519684
0
LINE
8
BLACK
6
CONTINUOUS
10
5.5658244488188977
20
-3.4705459842519684
11
5.5662653543307083
21
-3.4694815748031496
0
LINE
8
BLACK
6
CONTINUOUS
10
5.5662653543307083
20
-3.4694815748031496
11
5.5670799999999998
21
-3.4686669291338581
0
LINE
8
BLACK
6
CONTINUOUS
10
5.5670799999999998
20
-3.4686669291338581
11
5.5681444094488191
21
-3.468226023622047
0
LINE
8
BLACK
6
CONTINUOUS
10
5.5681444094488191
20
-3.468226023622047
11
5.5962795275590551
21
-3.4681692913385826
0
LINE
8
BLACK
6
CONTINUOUS
10
5.5962795275590551
20
-3.4681692913385826
11
5.596855590551181
21
-3.468226023622047
0
LINE
8
BLACK
6
CONTINUOUS
10
5.6765152755905515
20
-3.425640157480315
11
5.6766132677165357
21
-3.4256807480314961
0
LINE
8
BLACK
6
CONTINUOUS
10
5.6766132677165357
20
-3.4256807480314961
11
5.6767190944881891
21
-3.4256882677165352
0
LINE
8
BLACK
6
CONTINUOUS
10
5.6767190944881891
20
-3.4256882677165352
11
5.6772306299212598
21
-3.4259364566929134
0
LINE
8
BLACK
6
CONTINUOUS
10
5.6772306299212598
20
-3.4259364566929134
11
5.6775796850393698
21
-3.4260810629921261
0
LINE
8
BLACK
6
CONTINUOUS
10
5.6775796850393698
20
-3.4260810629921261
11
5.6776277952755905
21
-3.4261291732283463
0
LINE
8
BLACK
6
CONTINUOUS
10
5.6776277952755905
20
-3.4261291732283463
11
5.6810092519685034
21
-3.4277699212598423
0
LINE
8
BLACK
6
CONTINUOUS
10
5.6810092519685034
20
-3.4277699212598423
11
5.6812572440944882
21
-3.4279259842519685
0
LINE
8
BLACK
6
CONTINUOUS
10
5.6812572440944882
20
-3.4279259842519685
11
5.6813292125984249
21
-3.4279558267716537
0
LINE
8
BLACK
6
CONTINUOUS
10
5.6813292125984249
20
-3.4279558267716537
11
5.6813752755905513
21
-3.42800031496063
0
LINE
8
BLACK
6
CONTINUOUS
10
5.6813752755905513
20
-3.42800031496063
11
5.6814991338582672
21
-3.4280782677165353
0
LINE
8
BLACK
6
CONTINUOUS
10
5.6814991338582672
20
-3.4280782677165353
11
5.681720866141732
21
-3.4283339370078738
0
LINE
8
BLACK
6
CONTINUOUS
10
5.681720866141732
20
-3.4283339370078738
11
5.6836514173228343
21
-3.4301977952755904
0
LINE
8
BLACK
6
CONTINUOUS
10
5.6836514173228343
20
-3.4301977952755904
11
5.684018622047244
21
-3.4306452362204722
0
LINE
8
BLACK
6
CONTINUOUS
10
5.684018622047244
20
-3.4306452362204722
11
5.6844595275590546
21
-3.431709645669291
0
LINE
8
BLACK
6
CONTINUOUS
10
5.6844595275590546
20
-3.431709645669291
11
5.6844595275590546
21
-3.4328617322834645
0
LINE
8
BLACK
6
CONTINUOUS
10
5.6844595275590546
20
-3.4328617322834645
11
5.684018622047244
21
-3.4339261417322833
0
LINE
8
BLACK
6
CONTINUOUS
10
5.684018622047244
20
-3.4339261417322833
11
5.6832039370078737
21
-3.4347408267716535
0
LINE
8
BLACK
6
CONTINUOUS
10
5.6832039370078737
20
-3.4347408267716535
11
5.6821395275590554
21
-3.4351817322834646
0
LINE
8
BLACK
6
CONTINUOUS
10
5.6821395275590554
20
-3.4351817322834646
11
5.6809874409448815
21
-3.4351817322834646
0
LINE
8
BLACK
6
CONTINUOUS
10
5.6809874409448815
20
-3.4351817322834646
11
5.6799230314960631
21
-3.4347408267716535
0
LINE
8
BLACK
6
CONTINUOUS
10
5.6799230314960631
20
-3.4347408267716535
11
5.6778618110236216
21
-3.4327508267716533
0
LINE
8
BLACK
6
CONTINUOUS
10
5.6778618110236216
20
-3.4327508267716533
11
5.675160157480315
21
-3.4314399212598423
0
LINE
8
BLACK
6
CONTINUOUS
10
5.675160157480315
20
-3.4314399212598423
11
5.66717842519685
21
-3.4314854330708662
0
LINE
8
BLACK
6
CONTINUOUS
10
5.66717842519685
20
-3.4314854330708662
11
5.664471692913386
21
-3.4328792519685041
0
LINE
8
BLACK
6
CONTINUOUS
10
5.664471692913386
20
-3.4328792519685041
11
5.6632809842519682
21
-3.4341125984251968
0
LINE
8
BLACK
6
CONTINUOUS
10
5.6632809842519682
20
-3.4341125984251968
11
5.6619798425196848
21
-3.4367940944881887
0
LINE
8
BLACK
6
CONTINUOUS
10
5.6619798425196848
20
-3.4367940944881887
11
5.6620145275590552
21
-3.4394388188976377
0
LINE
8
BLACK
6
CONTINUOUS
10
5.6620145275590552
20
-3.4394388188976377
11
5.6635522440944879
21
-3.4439212204724408
0
LINE
8
BLACK
6
CONTINUOUS
10
5.6635522440944879
20
-3.4439212204724408
11
5.6855261811023619
21
-3.4658183464566927
0
LINE
8
BLACK
6
CONTINUOUS
10
5.6855261811023619
20
-3.4658183464566927
11
5.6858934251968503
21
-3.4662657874015745
0
LINE
8
BLACK
6
CONTINUOUS
10
5.6858934251968503
20
-3.4662657874015745
11
5.6863342913385821
21
-3.4673302362204725
0
LINE
8
BLACK
6
CONTINUOUS
10
5.6863342913385821
20
-3.4673302362204725
11
5.6863342913385821
21
-3.4684823228346455
0
LINE
8
BLACK
6
CONTINUOUS
10
5.6863342913385821
20
-3.4684823228346455
11
5.6858933858267715
21
-3.4695467322834643
0
LINE
8
BLACK
6
CONTINUOUS
10
5.6858933858267715
20
-3.4695467322834643
11
5.68507874015748
21
-3.4703614173228345
0
LINE
8
BLACK
6
CONTINUOUS
10
5.68507874015748
20
-3.4703614173228345
11
5.6844806299212598
21
-3.4706091338582676
0
LINE
8
BLACK
6
CONTINUOUS
10
5.6844806299212598
20
-3.4706091338582676
11
5.6840143307086617
21
-3.4708022834645669
0
LINE
8
BLACK
6
CONTINUOUS
10
5.6840143307086617
20
-3.4708022834645669
11
5.6590663385826767
21
-3.4708590157480312
0
LINE
8
BLACK
6
CONTINUOUS
10
5.6590663385826767
20
-3.4708590157480312
11
5.6584902755905508
21
-3.4708022834645669
0
LINE
8
BLACK
6
CONTINUOUS
10
5.6584902755905508
20
-3.4708022834645669
11
5.6574258661417325
21
-3.4703613779527558
0
LINE
8
BLACK
6
CONTINUOUS
10
5.6574258661417325
20
-3.4703613779527558
11
5.656611220472441
21
-3.4695467322834643
0
LINE
8
BLACK
6
CONTINUOUS
10
5.656611220472441
20
-3.4695467322834643
11
5.6561703149606295
21
-3.4684823228346455
0
LINE
8
BLACK
6
CONTINUOUS
10
5.6561703149606295
20
-3.4684823228346455
11
5.6561703149606295
21
-3.4673301968503938
0
LINE
8
BLACK
6
CONTINUOUS
10
5.6561703149606295
20
-3.4673301968503938
11
5.656611220472441
21
-3.4662657874015745
0
LINE
8
BLACK
6
CONTINUOUS
10
5.656611220472441
20
-3.4662657874015745
11
5.6574258661417325
21
-3.4654511417322835
0
LINE
8
BLACK
6
CONTINUOUS
10
5.6574258661417325
20
-3.4654511417322835
11
5.6584902755905508
21
-3.4650102362204724
0
LINE
8
BLACK
6
CONTINUOUS
10
5.6584902755905508
20
-3.4650102362204724
11
5.6763870078740153
21
-3.4649695275590551
0
LINE
8
BLACK
6
CONTINUOUS
10
5.6763870078740153
20
-3.4649695275590551
11
5.6588531889763782
21
-3.4474969685039367
0
LINE
8
BLACK
6
CONTINUOUS
10
5.6588531889763782
20
-3.4474969685039367
11
5.6584859842519686
21
-3.4470495275590549
0
LINE
8
BLACK
6
CONTINUOUS
10
5.6584859842519686
20
-3.4470495275590549
11
5.6584453543307083
21
-3.4469514566929131
0
LINE
8
BLACK
6
CONTINUOUS
10
5.6584453543307083
20
-3.4469514566929131
11
5.658375866141732
21
-3.4468713385826772
0
LINE
8
BLACK
6
CONTINUOUS
10
5.658375866141732
20
-3.4468713385826772
11
5.6582007874015749
21
-3.446361023622047
0
LINE
8
BLACK
6
CONTINUOUS
10
5.6582007874015749
20
-3.446361023622047
11
5.6580450787401571
21
-3.4459850787401574
0
LINE
8
BLACK
6
CONTINUOUS
10
5.6580450787401571
20
-3.4459850787401574
11
5.6580450787401571
21
-3.4459070866141732
0
LINE
8
BLACK
6
CONTINUOUS
10
5.6580450787401571
20
-3.4459070866141732
11
5.6562651181102357
21
-3.4407185039370076
0
LINE
8
BLACK
6
CONTINUOUS
10
5.6562651181102357
20
-3.4407185039370076
11
5.6562001574803151
21
-3.4404329133858269
0
LINE
8
BLACK
6
CONTINUOUS
10
5.6562001574803151
20
-3.4404329133858269
11
5.6561703149606295
21
-3.4403608267716534
0
LINE
8
BLACK
6
CONTINUOUS
10
5.6561703149606295
20
-3.4403608267716534
11
5.6561694881889766
21
-3.4402979133858267
0
LINE
8
BLACK
6
CONTINUOUS
10
5.6561694881889766
20
-3.4402979133858267
11
5.6561367716535429
21
-3.4401540551181102
0
LINE
8
BLACK
6
CONTINUOUS
10
5.6561367716535429
20
-3.4401540551181102
11
5.6561627952755904
21
-3.4397878740157481
0
LINE
8
BLACK
6
CONTINUOUS
10
5.6561627952755904
20
-3.4397878740157481
11
5.6561135826771656
21
-3.4360352362204725
0
LINE
8
BLACK
6
CONTINUOUS
10
5.6561135826771656
20
-3.4360352362204725
11
5.6561703149606295
21
-3.4354591732283466
0
LINE
8
BLACK
6
CONTINUOUS
10
5.6561703149606295
20
-3.4354591732283466
11
5.656210905511811
21
-3.4353611417322836
0
LINE
8
BLACK
6
CONTINUOUS
10
5.656210905511811
20
-3.4353611417322836
11
5.6562184251968501
21
-3.4352553543307085
0
LINE
8
BLACK
6
CONTINUOUS
10
5.6562184251968501
20
-3.4352553543307085
11
5.6564666141732278
21
-3.434743779527559
0
LINE
8
BLACK
6
CONTINUOUS
10
5.6564666141732278
20
-3.434743779527559
11
5.656611220472441
21
-3.4343947637795273
0
LINE
8
BLACK
6
CONTINUOUS
10
5.656611220472441
20
-3.4343947637795273
11
5.6566593307086617
21
-3.4343466141732284
0
LINE
8
BLACK
6
CONTINUOUS
10
5.6566593307086617
20
-3.4343466141732284
11
5.6583000787401572
21
-3.4309651968503938
0
LINE
8
BLACK
6
CONTINUOUS
10
5.6583000787401572
20
-3.4309651968503938
11
5.658456141732283
21
-3.4307171653543307
0
LINE
8
BLACK
6
CONTINUOUS
10
5.658456141732283
20
-3.4307171653543307
11
5.6584859842519686
21
-3.4306452362204722
0
LINE
8
BLACK
6
CONTINUOUS
10
5.6584859842519686
20
-3.4306452362204722
11
5.6585304724409449
21
-3.4305991338582675
0
LINE
8
BLACK
6
CONTINUOUS
10
5.6585304724409449
20
-3.4305991338582675
11
5.6586084251968503
21
-3.43047531496063
0
LINE
8
BLACK
6
CONTINUOUS
10
5.6586084251968503
20
-3.43047531496063
11
5.6588640944881892
21
-3.4302535433070864
0
LINE
8
BLACK
6
CONTINUOUS
10
5.6588640944881892
20
-3.4302535433070864
11
5.6607279527559058
21
-3.4283230314960629
0
LINE
8
BLACK
6
CONTINUOUS
10
5.6607279527559058
20
-3.4283230314960629
11
5.6609542913385829
21
-3.4281372440944882
0
LINE
8
BLACK
6
CONTINUOUS
10
5.6609542913385829
20
-3.4281372440944882
11
5.6610054724409444
21
-3.4280782677165353
0
LINE
8
BLACK
6
CONTINUOUS
10
5.6610054724409444
20
-3.4280782677165353
11
5.6610611023622042
21
-3.4280496062992127
0
LINE
8
BLACK
6
CONTINUOUS
10
5.6610611023622042
20
-3.4280496062992127
11
5.6611753937007876
21
-3.4279558267716537
0
LINE
8
BLACK
6
CONTINUOUS
10
5.6611753937007876
20
-3.4279558267716537
11
5.6615222440944883
21
-3.4278121259842518
0
LINE
8
BLACK
6
CONTINUOUS
10
5.6615222440944883
20
-3.4278121259842518
11
5.6652448818897634
21
-3.4258951574803147
0
LINE
8
BLACK
6
CONTINUOUS
10
5.6652448818897634
20
-3.4258951574803147
11
5.6657854724409447
21
-3.4256882677165352
0
LINE
8
BLACK
6
CONTINUOUS
10
5.6657854724409447
20
-3.4256882677165352
11
5.6658913385826768
21
-3.4256807086614174
0
LINE
8
BLACK
6
CONTINUOUS
10
5.6658913385826768
20
-3.4256807086614174
11
5.6659893307086611
21
-3.425640157480315
0
LINE
8
BLACK
6
CONTINUOUS
10
5.6659893307086611
20
-3.425640157480315
11
5.6665038582677161
21
-3.4256372047244095
0
LINE
8
BLACK
6
CONTINUOUS
10
5.6665038582677161
20
-3.4256372047244095
11
5.6669346850393696
21
-3.4256066141732284
0
LINE
8
BLACK
6
CONTINUOUS
10
5.6669346850393696
20
-3.4256066141732284
11
5.6670177165354332
21
-3.4256342913385827
0
LINE
8
BLACK
6
CONTINUOUS
10
5.6670177165354332
20
-3.4256342913385827
11
5.6759392125984247
21
-3.4255834251968502
0
LINE
8
BLACK
6
CONTINUOUS
10
5.6759392125984247
20
-3.4255834251968502
11
5.6765152755905515
21
-3.425640157480315
0
LINE
8
BLACK
6
CONTINUOUS
10
5.719634881889764
20
-3.425640157480315
11
5.7206992913385823
21
-3.4260810629921261
0
LINE
8
BLACK
6
CONTINUOUS
10
5.7206992913385823
20
-3.4260810629921261
11
5.7215139370078738
21
-3.4268957086614171
0
LINE
8
BLACK
6
CONTINUOUS
10
5.7215139370078738
20
-3.4268957086614171
11
5.7219548425196853
21
-3.4279601181102359
0
LINE
8
BLACK
6
CONTINUOUS
10
5.7219548425196853
20
-3.4279601181102359
11
5.7220115748031493
21
-3.4679062598425197
0
LINE
8
BLACK
6
CONTINUOUS
10
5.7220115748031493
20
-3.4679062598425197
11
5.7219548425196853
21
-3.4684823228346455
0
LINE
8
BLACK
6
CONTINUOUS
10
5.7219548425196853
20
-3.4684823228346455
11
5.7215139370078738
21
-3.4695467322834643
0
LINE
8
BLACK
6
CONTINUOUS
10
5.7215139370078738
20
-3.4695467322834643
11
5.7206992913385823
21
-3.4703613779527558
0
LINE
8
BLACK
6
CONTINUOUS
10
5.7206992913385823
20
-3.4703613779527558
11
5.719634881889764
21
-3.4708022834645669
0
LINE
8
BLACK
6
CONTINUOUS
10
5.719634881889764
20
-3.4708022834645669
11
5.7184827559055114
21
-3.4708022834645669
0
LINE
8
BLACK
6
CONTINUOUS
10
5.7184827559055114
20
-3.4708022834645669
11
5.717418346456693
21
-3.4703613779527558
0
LINE
8
BLACK
6
CONTINUOUS
10
5.717418346456693
20
-3.4703613779527558
11
5.7166037007874015
21
-3.4695467322834643
0
LINE
8
BLACK
6
CONTINUOUS
10
5.7166037007874015
20
-3.4695467322834643
11
5.71616279527559
21
-3.4684823228346455
0
LINE
8
BLACK
6
CONTINUOUS
10
5.71616279527559
20
-3.4684823228346455
11
5.7161394488188977
21
-3.4520673228346457
0
LINE
8
BLACK
6
CONTINUOUS
10
5.7161394488188977
20
-3.4520673228346457
11
5.7111774803149604
21
-3.4520853937007874
0
LINE
8
BLACK
6
CONTINUOUS
10
5.7111774803149604
20
-3.4520853937007874
11
5.6989806299212598
21
-3.469599566929134
0
LINE
8
BLACK
6
CONTINUOUS
10
5.6989806299212598
20
-3.469599566929134
11
5.698603818897638
21
-3.4700389370078741
0
LINE
8
BLACK
6
CONTINUOUS
10
5.698603818897638
20
-3.4700389370078741
11
5.6976322047244095
21
-3.4706581102362204
0
LINE
8
BLACK
6
CONTINUOUS
10
5.6976322047244095
20
-3.4706581102362204
11
5.6964976771653539
21
-3.4708583070866141
0
LINE
8
BLACK
6
CONTINUOUS
10
5.6964976771653539
20
-3.4708583070866141
11
5.6953728346456689
21
-3.4706091338582676
0
LINE
8
BLACK
6
CONTINUOUS
10
5.6953728346456689
20
-3.4706091338582676
11
5.694428976377953
21
-3.4699484251968502
0
LINE
8
BLACK
6
CONTINUOUS
10
5.694428976377953
20
-3.4699484251968502
11
5.6938098031496063
21
-3.4689768110236221
0
LINE
8
BLACK
6
CONTINUOUS
10
5.6938098031496063
20
-3.4689768110236221
11
5.6936096062992121
21
-3.467842283464567
0
LINE
8
BLACK
6
CONTINUOUS
10
5.6936096062992121
20
-3.467842283464567
11
5.6938587795275586
21
-3.466717440944882
0
LINE
8
BLACK
6
CONTINUOUS
10
5.6938587795275586
20
-3.466717440944882
11
5.7040324015748034
21
-3.4521085433070864
0
LINE
8
BLACK
6
CONTINUOUS
10
5.7040324015748034
20
-3.4521085433070864
11
5.7034846456692909
21
-3.4520546062992126
0
LINE
8
BLACK
6
CONTINUOUS
10
5.7034846456692909
20
-3.4520546062992126
11
5.7033866535433067
21
-3.4520140157480315
0
LINE
8
BLACK
6
CONTINUOUS
10
5.7033866535433067
20
-3.4520140157480315
11
5.7032807874015745
21
-3.4520064960629919
0
LINE
8
BLACK
6
CONTINUOUS
10
5.7032807874015745
20
-3.4520064960629919
11
5.7027690157480313
21
-3.4517581496062992
0
LINE
8
BLACK
6
CONTINUOUS
10
5.7027690157480313
20
-3.4517581496062992
11
5.7024202362204726
21
-3.4516137007874015
0
LINE
8
BLACK
6
CONTINUOUS
10
5.7024202362204726
20
-3.4516137007874015
11
5.7023721259842519
21
-3.4515655905511808
0
LINE
8
BLACK
6
CONTINUOUS
10
5.7023721259842519
20
-3.4515655905511808
11
5.6989906692913381
21
-3.4499248425196849
0
LINE
8
BLACK
6
CONTINUOUS
10
5.6989906692913381
20
-3.4499248425196849
11
5.6987426377952755
21
-3.4497687401574804
0
LINE
8
BLACK
6
CONTINUOUS
10
5.6987426377952755
20
-3.4497687401574804
11
5.6986707086614175
21
-3.4497389370078739
0
LINE
8
BLACK
6
CONTINUOUS
10
5.6986707086614175
20
-3.4497389370078739
11
5.6986246062992123
21
-3.4496944094488189
0
LINE
8
BLACK
6
CONTINUOUS
10
5.6986246062992123
20
-3.4496944094488189
11
5.6985007874015743
21
-3.4496164960629923
0
LINE
8
BLACK
6
CONTINUOUS
10
5.6985007874015743
20
-3.4496164960629923
11
5.6982790157480316
21
-3.4493607874015746
0
LINE
8
BLACK
6
CONTINUOUS
10
5.6982790157480316
20
-3.4493607874015746
11
5.6963485039370081
21
-3.4474969685039367
0
LINE
8
BLACK
6
CONTINUOUS
10
5.6963485039370081
20
-3.4474969685039367
11
5.6961627165354329
21
-3.4472705905511809
0
LINE
8
BLACK
6
CONTINUOUS
10
5.6961627165354329
20
-3.4472705905511809
11
5.6961037401574801
21
-3.4472194488188976
0
LINE
8
BLACK
6
CONTINUOUS
10
5.6961037401574801
20
-3.4472194488188976
11
5.6960750787401571
21
-3.4471637795275591
0
LINE
8
BLACK
6
CONTINUOUS
10
5.6960750787401571
20
-3.4471637795275591
11
5.6959812992125984
21
-3.4470495275590549
0
LINE
8
BLACK
6
CONTINUOUS
10
5.6959812992125984
20
-3.4470495275590549
11
5.6958376377952753
21
-3.4467027165354329
0
LINE
8
BLACK
6
CONTINUOUS
10
5.6958376377952753
20
-3.4467027165354329
11
5.6939206299212595
21
-3.4429800393700787
0
LINE
8
BLACK
6
CONTINUOUS
10
5.6939206299212595
20
-3.4429800393700787
11
5.69371374015748
21
-3.4424394094488187
0
LINE
8
BLACK
6
CONTINUOUS
10
5.69371374015748
20
-3.4424394094488187
11
5.6937062204724409
21
-3.4423335826771653
0
LINE
8
BLACK
6
CONTINUOUS
10
5.6937062204724409
20
-3.4423335826771653
11
5.6936656299212594
21
-3.442235590551181
0
LINE
8
BLACK
6
CONTINUOUS
10
5.6936656299212594
20
-3.442235590551181
11
5.6936606299212595
21
-3.4416923228346454
0
LINE
8
BLACK
6
CONTINUOUS
10
5.6936606299212595
20
-3.4416923228346454
11
5.6936320866141727
21
-3.4412901968503937
0
LINE
8
BLACK
6
CONTINUOUS
10
5.6936320866141727
20
-3.4412901968503937
11
5.6936562992125985
21
-3.4412174803149607
0
LINE
8
BLACK
6
CONTINUOUS
10
5.6936562992125985
20
-3.4412174803149607
11
5.6936088976377954
21
-3.4360352362204725
0
LINE
8
BLACK
6
CONTINUOUS
10
5.6936088976377954
20
-3.4360352362204725
11
5.6936656299212594
21
-3.4354591732283466
0
LINE
8
BLACK
6
CONTINUOUS
10
5.6936656299212594
20
-3.4354591732283466
11
5.6937062204724409
21
-3.4353611417322836
0
LINE
8
BLACK
6
CONTINUOUS
10
5.6937062204724409
20
-3.4353611417322836
11
5.69371374015748
21
-3.4352553543307085
0
LINE
8
BLACK
6
CONTINUOUS
10
5.69371374015748
20
-3.4352553543307085
11
5.6939619291338586
21
-3.434743779527559
0
LINE
8
BLACK
6
CONTINUOUS
10
5.6939619291338586
20
-3.434743779527559
11
5.6941065354330709
21
-3.4343947637795273
0
LINE
8
BLACK
6
CONTINUOUS
10
5.6941065354330709
20
-3.4343947637795273
11
5.6941546456692915
21
-3.4343466141732284
0
LINE
8
BLACK
6
CONTINUOUS
10
5.6941546456692915
20
-3.4343466141732284
11
5.695795393700787
21
-3.4309651968503938
0
LINE
8
BLACK
6
CONTINUOUS
10
5.695795393700787
20
-3.4309651968503938
11
5.6959514566929137
21
-3.4307171653543307
0
LINE
8
BLACK
6
CONTINUOUS
10
5.6959514566929137
20
-3.4307171653543307
11
5.6959812992125984
21
-3.4306452362204722
0
LINE
8
BLACK
6
CONTINUOUS
10
5.6959812992125984
20
-3.4306452362204722
11
5.6960257874015747
21
-3.4305991338582675
0
LINE
8
BLACK
6
CONTINUOUS
10
5.6960257874015747
20
-3.4305991338582675
11
5.6961037401574801
21
-3.43047531496063
0
LINE
8
BLACK
6
CONTINUOUS
10
5.6961037401574801
20
-3.43047531496063
11
5.696359409448819
21
-3.4302535433070864
0
LINE
8
BLACK
6
CONTINUOUS
10
5.696359409448819
20
-3.4302535433070864
11
5.6982232677165356
21
-3.4283230314960629
0
LINE
8
BLACK
6
CONTINUOUS
10
5.6982232677165356
20
-3.4283230314960629
11
5.6984496062992127
21
-3.4281372440944882
0
LINE
8
BLACK
6
CONTINUOUS
10
5.6984496062992127
20
-3.4281372440944882
11
5.6985007874015743
21
-3.4280782677165353
0
LINE
8
BLACK
6
CONTINUOUS
10
5.6985007874015743
20
-3.4280782677165353
11
5.6985564173228349
21
-3.4280496062992127
0
LINE
8
BLACK
6
CONTINUOUS
10
5.6985564173228349
20
-3.4280496062992127
11
5.6986707086614175
21
-3.4279558267716537
0
LINE
8
BLACK
6
CONTINUOUS
10
5.6986707086614175
20
-3.4279558267716537
11
5.6990175590551182
21
-3.4278121259842518
0
LINE
8
BLACK
6
CONTINUOUS
10
5.6990175590551182
20
-3.4278121259842518
11
5.7027401968503932
21
-3.4258951574803147
0
LINE
8
BLACK
6
CONTINUOUS
10
5.7027401968503932
20
-3.4258951574803147
11
5.7032807874015745
21
-3.4256882677165352
0
LINE
8
BLACK
6
CONTINUOUS
10
5.7032807874015745
20
-3.4256882677165352
11
5.7033866535433067
21
-3.4256807086614174
0
LINE
8
BLACK
6
CONTINUOUS
10
5.7033866535433067
20
-3.4256807086614174
11
5.7034846456692909
21
-3.425640157480315
0
LINE
8
BLACK
6
CONTINUOUS
10
5.7034846456692909
20
-3.425640157480315
11
5.703983464566929
21
-3.4256383070866141
0
LINE
8
BLACK
6
CONTINUOUS
10
5.703983464566929
20
-3.4256383070866141
11
5.7044299999999994
21
-3.4256066141732284
0
LINE
8
BLACK
6
CONTINUOUS
10
5.7044299999999994
20
-3.4256066141732284
11
5.7045192913385829
21
-3.4256363779527557
0
LINE
8
BLACK
6
CONTINUOUS
10
5.7045192913385829
20
-3.4256363779527557
11
5.7190588188976372
21
-3.4255834251968502
0
LINE
8
BLACK
6
CONTINUOUS
10
5.7190588188976372
20
-3.4255834251968502
11
5.719634881889764
21
-3.425640157480315
0
LINE
8
BLACK
6
CONTINUOUS
10
5.7046712598425193
20
-3.4314866929133858
11
5.7019670078740159
21
-3.4328792519685041
0
LINE
8
BLACK
6
CONTINUOUS
10
5.7019670078740159
20
-3.4328792519685041
11
5.7007762992125981
21
-3.4341125984251968
0
LINE
8
BLACK
6
CONTINUOUS
10
5.7007762992125981
20
-3.4341125984251968
11
5.6994699606299211
21
-3.4368048031496063
0
LINE
8
BLACK
6
CONTINUOUS
10
5.6994699606299211
20
-3.4368048031496063
11
5.69950874015748
21
-3.4410422834645669
0
LINE
8
BLACK
6
CONTINUOUS
10
5.69950874015748
20
-3.4410422834645669
11
5.7009047244094484
21
-3.4437531889763777
0
LINE
8
BLACK
6
CONTINUOUS
10
5.7009047244094484
20
-3.4437531889763777
11
5.7021381102362207
21
-3.4449439370078738
0
LINE
8
BLACK
6
CONTINUOUS
10
5.7021381102362207
20
-3.4449439370078738
11
5.704845433070866
21
-3.4462575984251966
0
LINE
8
BLACK
6
CONTINUOUS
10
5.704845433070866
20
-3.4462575984251966
11
5.7095566141732279
21
-3.4462404330708662
0
LINE
8
BLACK
6
CONTINUOUS
10
5.7095566141732279
20
-3.4462404330708662
11
5.709748976377953
21
-3.4462064960629921
0
LINE
8
BLACK
6
CONTINUOUS
10
5.709748976377953
20
-3.4462064960629921
11
5.7098965748031496
21
-3.4462391732283462
0
LINE
8
BLACK
6
CONTINUOUS
10
5.7098965748031496
20
-3.4462391732283462
11
5.7161311417322835
21
-3.4462164566929134
0
LINE
8
BLACK
6
CONTINUOUS
10
5.7161311417322835
20
-3.4462164566929134
11
5.7161101574803146
21
-3.4314450393700788
0
LINE
8
BLACK
6
CONTINUOUS
10
5.7161101574803146
20
-3.4314450393700788
11
5.7046712598425193
21
-3.4314866929133858
0
LINE
8
BLACK
6
CONTINUOUS
10
5.596855590551181
20
-3.4209819291338581
11
5.5979200000000002
21
-3.4214228346456692
0
LINE
8
BLACK
6
CONTINUOUS
10
5.5979200000000002
20
-3.4214228346456692
11
5.5987346456692908
21
-3.4222374803149607
0
LINE
8
BLACK
6
CONTINUOUS
10
5.5987346456692908
20
-3.4222374803149607
11
5.5991755511811023
21
-3.4233018897637795
0
LINE
8
BLACK
6
CONTINUOUS
10
5.5991755511811023
20
-3.4233018897637795
11
5.5991755511811023
21
-3.4244540157480312
0
LINE
8
BLACK
6
CONTINUOUS
10
5.5991755511811023
20
-3.4244540157480312
11
5.5987346456692908
21
-3.4255184251968505
0
LINE
8
BLACK
6
CONTINUOUS
10
5.5987346456692908
20
-3.4255184251968505
11
5.5979200000000002
21
-3.4263330708661415
0
LINE
8
BLACK
6
CONTINUOUS
10
5.5979200000000002
20
-3.4263330708661415
11
5.596855590551181
21
-3.4267739763779526
0
LINE
8
BLACK
6
CONTINUOUS
10
5.596855590551181
20
-3.4267739763779526
11
5.5687204724409449
21
-3.4268307086614174
0
LINE
8
BLACK
6
CONTINUOUS
10
5.5687204724409449
20
-3.4268307086614174
11
5.5681444094488191
21
-3.4267739763779526
0
LINE
8
BLACK
6
CONTINUOUS
10
5.5681444094488191
20
-3.4267739763779526
11
5.5670799999999998
21
-3.4263330708661415
0
LINE
8
BLACK
6
CONTINUOUS
10
5.5670799999999998
20
-3.4263330708661415
11
5.5662653543307083
21
-3.4255184251968505
0
LINE
8
BLACK
6
CONTINUOUS
10
5.5662653543307083
20
-3.4255184251968505
11
5.5658244488188977
21
-3.4244540157480312
0
LINE
8
BLACK
6
CONTINUOUS
10
5.5658244488188977
20
-3.4244540157480312
11
5.5658244488188977
21
-3.4233018897637795
0
LINE
8
BLACK
6
CONTINUOUS
10
5.5658244488188977
20
-3.4233018897637795
11
5.5662653543307083
21
-3.4222374803149607
0
LINE
8
BLACK
6
CONTINUOUS
10
5.5662653543307083
20
-3.4222374803149607
11
5.5670799999999998
21
-3.4214228346456692
0
LINE
8
BLACK
6
CONTINUOUS
10
5.5670799999999998
20
-3.4214228346456692
11
5.5681444094488191
21
-3.4209819291338581
0
LINE
8
BLACK
6
CONTINUOUS
10
5.5681444094488191
20
-3.4209819291338581
11
5.5962795275590551
21
-3.4209251968503938
0
LINE
8
BLACK
6
CONTINUOUS
10
5.5962795275590551
20
-3.4209251968503938
11
5.596855590551181
21
-3.4209819291338581
0
LINE
8
BLACK
6
CONTINUOUS
10
4.6659832283464562
20
-3.3905404330708659
11
4.6660812204724404
21
-3.3905810236220471
0
LINE
8
BLACK
6
CONTINUOUS
10
4.6660812204724404
20
-3.3905810236220471
11
4.6661870472440947
21
-3.3905885433070866
0
LINE
8
BLACK
6
CONTINUOUS
10
4.6661870472440947
20
-3.3905885433070866
11
4.6666985826771654
21
-3.3908367322834643
0
LINE
8
BLACK
6
CONTINUOUS
10
4.6666985826771654
20
-3.3908367322834643
11
4.6670476377952754
21
-3.390981338582677
0
LINE
8
BLACK
6
CONTINUOUS
10
4.6670476377952754
20
-3.390981338582677
11
4.6670957480314961
21
-3.3910294488188977
0
LINE
8
BLACK
6
CONTINUOUS
10
4.6670957480314961
20
-3.3910294488188977
11
4.670477204724409
21
-3.3926701968503936
0
LINE
8
BLACK
6
CONTINUOUS
10
4.670477204724409
20
-3.3926701968503936
11
4.6707250787401575
21
-3.3928262204724406
0
LINE
8
BLACK
6
CONTINUOUS
10
4.6707250787401575
20
-3.3928262204724406
11
4.6707971259842518
21
-3.3928560629921258
0
LINE
8
BLACK
6
CONTINUOUS
10
4.6707971259842518
20
-3.3928560629921258
11
4.6708432283464569
21
-3.3929005905511809
0
LINE
8
BLACK
6
CONTINUOUS
10
4.6708432283464569
20
-3.3929005905511809
11
4.6709670866141728
21
-3.3929785433070867
0
LINE
8
BLACK
6
CONTINUOUS
10
4.6709670866141728
20
-3.3929785433070867
11
4.6711887795275588
21
-3.3932341732283464
0
LINE
8
BLACK
6
CONTINUOUS
10
4.6711887795275588
20
-3.3932341732283464
11
4.6731193700787399
21
-3.395098031496063
0
LINE
8
BLACK
6
CONTINUOUS
10
4.6731193700787399
20
-3.395098031496063
11
4.6733051181102363
21
-3.3953243700787401
0
LINE
8
BLACK
6
CONTINUOUS
10
4.6733051181102363
20
-3.3953243700787401
11
4.6733641732283466
21
-3.3953755905511809
0
LINE
8
BLACK
6
CONTINUOUS
10
4.6733641732283466
20
-3.3953755905511809
11
4.67339279527559
21
-3.3954312204724411
0
LINE
8
BLACK
6
CONTINUOUS
10
4.67339279527559
20
-3.3954312204724411
11
4.6734866141732283
21
-3.3955455118110236
0
LINE
8
BLACK
6
CONTINUOUS
10
4.6734866141732283
20
-3.3955455118110236
11
4.6736302755905514
21
-3.3958923622047243
0
LINE
8
BLACK
6
CONTINUOUS
10
4.6736302755905514
20
-3.3958923622047243
11
4.6755472834645664
21
-3.3996149999999998
0
LINE
8
BLACK
6
CONTINUOUS
10
4.6755472834645664
20
-3.3996149999999998
11
4.6757541732283467
21
-3.4001555905511811
0
LINE
8
BLACK
6
CONTINUOUS
10
4.6757541732283467
20
-3.4001555905511811
11
4.6757616929133858
21
-3.4002614566929132
0
LINE
8
BLACK
6
CONTINUOUS
10
4.6757616929133858
20
-3.4002614566929132
11
4.6758022834645665
21
-3.4003594488188975
0
LINE
8
BLACK
6
CONTINUOUS
10
4.6758022834645665
20
-3.4003594488188975
11
4.6758059448818896
21
-3.4008846062992126
0
LINE
8
BLACK
6
CONTINUOUS
10
4.6758059448818896
20
-3.4008846062992126
11
4.6758358267716531
21
-3.401304803149606
0
LINE
8
BLACK
6
CONTINUOUS
10
4.6758358267716531
20
-3.401304803149606
11
4.6758094488188977
21
-3.4013838188976377
0
LINE
8
BLACK
6
CONTINUOUS
10
4.6758094488188977
20
-3.4013838188976377
11
4.6758590157480313
21
-3.4084345669291336
0
LINE
8
BLACK
6
CONTINUOUS
10
4.6758590157480313
20
-3.4084345669291336
11
4.6758022834645665
21
-3.4090106299212599
0
LINE
8
BLACK
6
CONTINUOUS
10
4.6758022834645665
20
-3.4090106299212599
11
4.6757616929133858
21
-3.4091085826771654
0
LINE
8
BLACK
6
CONTINUOUS
10
4.6757616929133858
20
-3.4091085826771654
11
4.6757541732283467
21
-3.4092144881889763
0
LINE
8
BLACK
6
CONTINUOUS
10
4.6757541732283467
20
-3.4092144881889763
11
4.6755058267716532
21
-3.4097262204724408
0
LINE
8
BLACK
6
CONTINUOUS
10
4.6755058267716532
20
-3.4097262204724408
11
4.6753613779527559
21
-3.4100750393700787
0
LINE
8
BLACK
6
CONTINUOUS
10
4.6753613779527559
20
-3.4100750393700787
11
4.6753132677165352
21
-3.4101231102362206
0
LINE
8
BLACK
6
CONTINUOUS
10
4.6753132677165352
20
-3.4101231102362206
11
4.6736725196850388
21
-3.4135046062992127
0
LINE
8
BLACK
6
CONTINUOUS
10
4.6736725196850388
20
-3.4135046062992127
11
4.6735164173228343
21
-3.4137525984251966
0
LINE
8
BLACK
6
CONTINUOUS
10
4.6735164173228343
20
-3.4137525984251966
11
4.6734866141732283
21
-3.4138245669291338
0
LINE
8
BLACK
6
CONTINUOUS
10
4.6734866141732283
20
-3.4138245669291338
11
4.6734420866141733
21
-3.4138706299212598
0
LINE
8
BLACK
6
CONTINUOUS
10
4.6734420866141733
20
-3.4138706299212598
11
4.6733641732283466
21
-3.4139944881889761
0
LINE
8
BLACK
6
CONTINUOUS
10
4.6733641732283466
20
-3.4139944881889761
11
4.6731083858267715
21
-3.4142162598425196
0
LINE
8
BLACK
6
CONTINUOUS
10
4.6731083858267715
20
-3.4142162598425196
11
4.6712445669291336
21
-3.4161468110236219
0
LINE
8
BLACK
6
CONTINUOUS
10
4.6712445669291336
20
-3.4161468110236219
11
4.6710182283464565
21
-3.4163325196850391
0
LINE
8
BLACK
6
CONTINUOUS
10
4.6710182283464565
20
-3.4163325196850391
11
4.6709670866141728
21
-3.4163915354330707
0
LINE
8
BLACK
6
CONTINUOUS
10
4.6709670866141728
20
-3.4163915354330707
11
4.6709114566929131
21
-3.416420157480315
0
LINE
8
BLACK
6
CONTINUOUS
10
4.6709114566929131
20
-3.416420157480315
11
4.6707971259842518
21
-3.4165140157480316
0
LINE
8
BLACK
6
CONTINUOUS
10
4.6707971259842518
20
-3.4165140157480316
11
4.6704501968503935
21
-3.4166576771653543
0
LINE
8
BLACK
6
CONTINUOUS
10
4.6704501968503935
20
-3.4166576771653543
11
4.6667276771653539
21
-3.4185746456692914
0
LINE
8
BLACK
6
CONTINUOUS
10
4.6667276771653539
20
-3.4185746456692914
11
4.6661870472440947
21
-3.4187815354330708
0
LINE
8
BLACK
6
CONTINUOUS
10
4.6661870472440947
20
-3.4187815354330708
11
4.6660812204724404
21
-3.4187890157480316
0
LINE
8
BLACK
6
CONTINUOUS
10
4.6660812204724404
20
-3.4187890157480316
11
4.6659832283464562
21
-3.418829645669291
0
LINE
8
BLACK
6
CONTINUOUS
10
4.6659832283464562
20
-3.418829645669291
11
4.6654686220472437
21
-3.4188325590551178
0
LINE
8
BLACK
6
CONTINUOUS
10
4.6654686220472437
20
-3.4188325590551178
11
4.6650378346456689
21
-3.4188631889763781
0
LINE
8
BLACK
6
CONTINUOUS
10
4.6650378346456689
20
-3.4188631889763781
11
4.6649547637795274
21
-3.4188354724409447
0
LINE
8
BLACK
6
CONTINUOUS
10
4.6649547637795274
20
-3.4188354724409447
11
4.6560333464566925
21
-3.4188863779527559
0
LINE
8
BLACK
6
CONTINUOUS
10
4.6560333464566925
20
-3.4188863779527559
11
4.6554572834645667
21
-3.418829645669291
0
LINE
8
BLACK
6
CONTINUOUS
10
4.6554572834645667
20
-3.418829645669291
11
4.6553592913385824
21
-3.4187890551181104
0
LINE
8
BLACK
6
CONTINUOUS
10
4.6553592913385824
20
-3.4187890551181104
11
4.6552534251968503
21
-3.4187815354330708
0
LINE
8
BLACK
6
CONTINUOUS
10
4.6552534251968503
20
-3.4187815354330708
11
4.654741653543307
21
-3.4185331889763777
0
LINE
8
BLACK
6
CONTINUOUS
10
4.654741653543307
20
-3.4185331889763777
11
4.6543928740157483
21
-3.4183887401574804
0
LINE
8
BLACK
6
CONTINUOUS
10
4.6543928740157483
20
-3.4183887401574804
11
4.6543447637795277
21
-3.4183406299212598
0
LINE
8
BLACK
6
CONTINUOUS
10
4.6543447637795277
20
-3.4183406299212598
11
4.6509633070866139
21
-3.4166998818897638
0
LINE
8
BLACK
6
CONTINUOUS
10
4.6509633070866139
20
-3.4166998818897638
11
4.6507152755905512
21
-3.4165437795275588
0
LINE
8
BLACK
6
CONTINUOUS
10
4.6507152755905512
20
-3.4165437795275588
11
4.6506433464566932
21
-3.4165139763779528
0
LINE
8
BLACK
6
CONTINUOUS
10
4.6506433464566932
20
-3.4165139763779528
11
4.650597244094488
21
-3.4164694488188974
0
LINE
8
BLACK
6
CONTINUOUS
10
4.650597244094488
20
-3.4164694488188974
11
4.65047342519685
21
-3.4163915354330707
0
LINE
8
BLACK
6
CONTINUOUS
10
4.65047342519685
20
-3.4163915354330707
11
4.6502516535433074
21
-3.4161358267716535
0
LINE
8
BLACK
6
CONTINUOUS
10
4.6502516535433074
20
-3.4161358267716535
11
4.6483211417322829
21
-3.4142720078740156
0
LINE
8
BLACK
6
CONTINUOUS
10
4.6483211417322829
20
-3.4142720078740156
11
4.6481353543307087
21
-3.4140456299212598
0
LINE
8
BLACK
6
CONTINUOUS
10
4.6481353543307087
20
-3.4140456299212598
11
4.6480763779527559
21
-3.4139944881889761
0
LINE
8
BLACK
6
CONTINUOUS
10
4.6480763779527559
20
-3.4139944881889761
11
4.6480477165354328
21
-3.4139388188976376
0
LINE
8
BLACK
6
CONTINUOUS
10
4.6480477165354328
20
-3.4139388188976376
11
4.6479539370078742
21
-3.4138245669291338
0
LINE
8
BLACK
6
CONTINUOUS
10
4.6479539370078742
20
-3.4138245669291338
11
4.647810275590551
21
-3.4134777559055118
0
LINE
8
BLACK
6
CONTINUOUS
10
4.647810275590551
20
-3.4134777559055118
11
4.6458932677165352
21
-3.4097550787401576
0
LINE
8
BLACK
6
CONTINUOUS
10
4.6458932677165352
20
-3.4097550787401576
11
4.6456863779527557
21
-3.4092144488188976
0
LINE
8
BLACK
6
CONTINUOUS
10
4.6456863779527557
20
-3.4092144488188976
11
4.6456788582677166
21
-3.4091086220472442
0
LINE
8
BLACK
6
CONTINUOUS
10
4.6456788582677166
20
-3.4091086220472442
11
4.6456382677165351
21
-3.4090106299212599
0
LINE
8
BLACK
6
CONTINUOUS
10
4.6456382677165351
20
-3.4090106299212599
11
4.6456345669291341
21
-3.4084853937007873
0
LINE
8
BLACK
6
CONTINUOUS
10
4.6456345669291341
20
-3.4084853937007873
11
4.6456047244094485
21
-3.4080652362204722
0
LINE
8
BLACK
6
CONTINUOUS
10
4.6456047244094485
20
-3.4080652362204722
11
4.645631062992126
21
-3.4079861811023622
0
LINE
8
BLACK
6
CONTINUOUS
10
4.645631062992126
20
-3.4079861811023622
11
4.6455815354330712
21
-3.4009355118110234
0
LINE
8
BLACK
6
CONTINUOUS
10
4.6455815354330712
20
-3.4009355118110234
11
4.6456382677165351
21
-3.4003594488188975
0
LINE
8
BLACK
6
CONTINUOUS
10
4.6456382677165351
20
-3.4003594488188975
11
4.6456788582677166
21
-3.4002614173228345
0
LINE
8
BLACK
6
CONTINUOUS
10
4.6456788582677166
20
-3.4002614173228345
11
4.6456863779527557
21
-3.4001556299212599
0
LINE
8
BLACK
6
CONTINUOUS
10
4.6456863779527557
20
-3.4001556299212599
11
4.6459345669291334
21
-3.39964405511811
0
LINE
8
BLACK
6
CONTINUOUS
10
4.6459345669291334
20
-3.39964405511811
11
4.6460791732283466
21
-3.3992950393700787
0
LINE
8
BLACK
6
CONTINUOUS
10
4.6460791732283466
20
-3.3992950393700787
11
4.6461272834645664
21
-3.3992468897637793
0
LINE
8
BLACK
6
CONTINUOUS
10
4.6461272834645664
20
-3.3992468897637793
11
4.6470778740157481
21
-3.3972877559055119
0
LINE
8
BLACK
6
CONTINUOUS
10
4.6470778740157481
20
-3.3972877559055119
11
4.6439920866141735
21
-3.3980816535433069
0
LINE
8
BLACK
6
CONTINUOUS
10
4.6439920866141735
20
-3.3980816535433069
11
4.6390076377952756
21
-3.4014606299212597
0
LINE
8
BLACK
6
CONTINUOUS
10
4.6390076377952756
20
-3.4014606299212597
11
4.6377508267716534
21
-3.4027624015748033
0
LINE
8
BLACK
6
CONTINUOUS
10
4.6377508267716534
20
-3.4027624015748033
11
4.6364416929133858
21
-3.405460433070866
0
LINE
8
BLACK
6
CONTINUOUS
10
4.6364416929133858
20
-3.405460433070866
11
4.6364889370078739
21
-3.4121840944881887
0
LINE
8
BLACK
6
CONTINUOUS
10
4.6364889370078739
20
-3.4121840944881887
11
4.6364322047244091
21
-3.412760157480315
0
LINE
8
BLACK
6
CONTINUOUS
10
4.6364322047244091
20
-3.412760157480315
11
4.6359912992125984
21
-3.4138245669291338
0
LINE
8
BLACK
6
CONTINUOUS
10
4.6359912992125984
20
-3.4138245669291338
11
4.635176653543307
21
-3.4146392125984253
0
LINE
8
BLACK
6
CONTINUOUS
10
4.635176653543307
20
-3.4146392125984253
11
4.6341122440944877
21
-3.4150801181102359
0
LINE
8
BLACK
6
CONTINUOUS
10
4.6341122440944877
20
-3.4150801181102359
11
4.632960118110236
21
-3.4150801181102359
0
LINE
8
BLACK
6
CONTINUOUS
10
4.632960118110236
20
-3.4150801181102359
11
4.6318957086614176
21
-3.4146392125984253
0
LINE
8
BLACK
6
CONTINUOUS
10
4.6318957086614176
20
-3.4146392125984253
11
4.6310810629921262
21
-3.4138245669291338
0
LINE
8
BLACK
6
CONTINUOUS
10
4.6310810629921262
20
-3.4138245669291338
11
4.6306401574803147
21
-3.412760157480315
0
LINE
8
BLACK
6
CONTINUOUS
10
4.6306401574803147
20
-3.412760157480315
11
4.6305834251968498
21
-3.4046850393700785
0
LINE
8
BLACK
6
CONTINUOUS
10
4.6305834251968498
20
-3.4046850393700785
11
4.6306401574803147
21
-3.4041089763779526
0
LINE
8
BLACK
6
CONTINUOUS
10
4.6306401574803147
20
-3.4041089763779526
11
4.6306807480314962
21
-3.4040109448818896
0
LINE
8
BLACK
6
CONTINUOUS
10
4.6306807480314962
20
-3.4040109448818896
11
4.6306882677165353
21
-3.403905157480315
0
LINE
8
BLACK
6
CONTINUOUS
10
4.6306882677165353
20
-3.403905157480315
11
4.630936456692913
21
-3.4033935826771651
0
LINE
8
BLACK
6
CONTINUOUS
10
4.630936456692913
20
-3.4033935826771651
11
4.6310810629921262
21
-3.4030445669291338
0
LINE
8
BLACK
6
CONTINUOUS
10
4.6310810629921262
20
-3.4030445669291338
11
4.6311291732283459
21
-3.4029964173228344
0
LINE
8
BLACK
6
CONTINUOUS
10
4.6311291732283459
20
-3.4029964173228344
11
4.6327699212598423
21
-3.3996149999999998
0
LINE
8
BLACK
6
CONTINUOUS
10
4.6327699212598423
20
-3.3996149999999998
11
4.6329259842519681
21
-3.3993669685039367
0
LINE
8
BLACK
6
CONTINUOUS
10
4.6329259842519681
20
-3.3993669685039367
11
4.6329558267716537
21
-3.3992950393700787
0
LINE
8
BLACK
6
CONTINUOUS
10
4.6329558267716537
20
-3.3992950393700787
11
4.63300031496063
21
-3.399248937007874
0
LINE
8
BLACK
6
CONTINUOUS
10
4.63300031496063
20
-3.399248937007874
11
4.6330782677165354
21
-3.399125118110236
0
LINE
8
BLACK
6
CONTINUOUS
10
4.6330782677165354
20
-3.399125118110236
11
4.6333339370078743
21
-3.3989033464566929
0
LINE
8
BLACK
6
CONTINUOUS
10
4.6333339370078743
20
-3.3989033464566929
11
4.6351977952755901
21
-3.3969728346456693
0
LINE
8
BLACK
6
CONTINUOUS
10
4.6351977952755901
20
-3.3969728346456693
11
4.6351993700787402
21
-3.3969714960629922
0
LINE
8
BLACK
6
CONTINUOUS
10
4.6351993700787402
20
-3.3969714960629922
11
4.6351999606299215
21
-3.3969706692913384
0
LINE
8
BLACK
6
CONTINUOUS
10
4.6351999606299215
20
-3.3969706692913384
11
4.6352026771653545
21
-3.3969688188976379
0
LINE
8
BLACK
6
CONTINUOUS
10
4.6352026771653545
20
-3.3969688188976379
11
4.6356452362204728
21
-3.3966056299212597
0
LINE
8
BLACK
6
CONTINUOUS
10
4.6356452362204728
20
-3.3966056299212597
11
4.6358848818897638
21
-3.396506338582677
0
LINE
8
BLACK
6
CONTINUOUS
10
4.6358848818897638
20
-3.396506338582677
11
4.6412721259842522
21
-3.3928543700787399
0
LINE
8
BLACK
6
CONTINUOUS
10
4.6412721259842522
20
-3.3928543700787399
11
4.6415899999999999
21
-3.3926848818897639
0
LINE
8
BLACK
6
CONTINUOUS
10
4.6415899999999999
20
-3.3926848818897639
11
4.6416487401574802
21
-3.392641377952756
0
LINE
8
BLACK
6
CONTINUOUS
10
4.6416487401574802
20
-3.392641377952756
11
4.6416929527559052
21
-3.3926299606299213
0
LINE
8
BLACK
6
CONTINUOUS
10
4.6416929527559052
20
-3.3926299606299213
11
4.6417829133858266
21
-3.3925820472440944
0
LINE
8
BLACK
6
CONTINUOUS
10
4.6417829133858266
20
-3.3925820472440944
11
4.6422002755905512
21
-3.3924994488188975
0
LINE
8
BLACK
6
CONTINUOUS
10
4.6422002755905512
20
-3.3924994488188975
11
4.6496929133858265
21
-3.3905718503937008
0
LINE
8
BLACK
6
CONTINUOUS
10
4.6496929133858265
20
-3.3905718503937008
11
4.6497927559055121
21
-3.3905570472440942
0
LINE
8
BLACK
6
CONTINUOUS
10
4.6497927559055121
20
-3.3905570472440942
11
4.649832992125984
21
-3.3905404330708659
0
LINE
8
BLACK
6
CONTINUOUS
10
4.649832992125984
20
-3.3905404330708659
11
4.6499072440944884
21
-3.3905401574803147
0
LINE
8
BLACK
6
CONTINUOUS
10
4.6499072440944884
20
-3.3905401574803147
11
4.6502655118110239
21
-3.3904872047244092
0
LINE
8
BLACK
6
CONTINUOUS
10
4.6502655118110239
20
-3.3904872047244092
11
4.6506043307086617
21
-3.3905375984251966
0
LINE
8
BLACK
6
CONTINUOUS
10
4.6506043307086617
20
-3.3905375984251966
11
4.6562600393700784
21
-3.3905170078740157
0
LINE
8
BLACK
6
CONTINUOUS
10
4.6562600393700784
20
-3.3905170078740157
11
4.6564026377952752
21
-3.3905068897637793
0
LINE
8
BLACK
6
CONTINUOUS
10
4.6564026377952752
20
-3.3905068897637793
11
4.6564311417322832
21
-3.3905163779527556
0
LINE
8
BLACK
6
CONTINUOUS
10
4.6564311417322832
20
-3.3905163779527556
11
4.6654071653543303
21
-3.3904837007874016
0
LINE
8
BLACK
6
CONTINUOUS
10
4.6654071653543303
20
-3.3904837007874016
11
4.6659832283464562
21
-3.3905404330708659
0
LINE
8
BLACK
6
CONTINUOUS
10
4.6566839763779528
20
-3.396366338582677
11
4.6539396456692916
21
-3.397779527559055
0
LINE
8
BLACK
6
CONTINUOUS
10
4.6539396456692916
20
-3.397779527559055
11
4.6527489370078738
21
-3.3990128740157481
0
LINE
8
BLACK
6
CONTINUOUS
10
4.6527489370078738
20
-3.3990128740157481
11
4.6514398031496063
21
-3.4017109055118109
0
LINE
8
BLACK
6
CONTINUOUS
10
4.6514398031496063
20
-3.4017109055118109
11
4.6514827165354333
21
-3.4078199212598426
0
LINE
8
BLACK
6
CONTINUOUS
10
4.6514827165354333
20
-3.4078199212598426
11
4.6528773622047241
21
-3.4105282283464566
0
LINE
8
BLACK
6
CONTINUOUS
10
4.6528773622047241
20
-3.4105282283464566
11
4.6541107480314956
21
-3.4117189763779527
0
LINE
8
BLACK
6
CONTINUOUS
10
4.6541107480314956
20
-3.4117189763779527
11
4.6568123622047244
21
-3.413029842519685
0
LINE
8
BLACK
6
CONTINUOUS
10
4.6568123622047244
20
-3.413029842519685
11
4.6647940944881885
21
-3.4129843307086611
0
LINE
8
BLACK
6
CONTINUOUS
10
4.6647940944881885
20
-3.4129843307086611
11
4.6675008267716533
21
-3.4115904724409449
0
LINE
8
BLACK
6
CONTINUOUS
10
4.6675008267716533
20
-3.4115904724409449
11
4.6686916141732286
21
-3.4103571259842518
0
LINE
8
BLACK
6
CONTINUOUS
10
4.6686916141732286
20
-3.4103571259842518
11
4.6700007086614175
21
-3.4076591338582678
0
LINE
8
BLACK
6
CONTINUOUS
10
4.6700007086614175
20
-3.4076591338582678
11
4.6699577952755904
21
-3.4015501181102361
0
LINE
8
BLACK
6
CONTINUOUS
10
4.6699577952755904
20
-3.4015501181102361
11
4.6685631496062987
21
-3.3988418503937008
0
LINE
8
BLACK
6
CONTINUOUS
10
4.6685631496062987
20
-3.3988418503937008
11
4.6673297637795272
21
-3.3976511023622047
0
LINE
8
BLACK
6
CONTINUOUS
10
4.6673297637795272
20
-3.3976511023622047
11
4.6646224015748032
21
-3.3963374015748031
0
LINE
8
BLACK
6
CONTINUOUS
10
4.6646224015748032
20
-3.3963374015748031
11
4.6566839763779528
21
-3.396366338582677
0
LINE
8
BLACK
6
CONTINUOUS
10
4.8095467322834642
20
-3.3841065748031496
11
4.8103614173228344
21
-3.384921220472441
0
LINE
8
BLACK
6
CONTINUOUS
10
4.8103614173228344
20
-3.384921220472441
11
4.8106178740157484
21
-3.3855404330708661
0
LINE
8
BLACK
6
CONTINUOUS
10
4.8106178740157484
20
-3.3855404330708661
11
4.8108022834645672
21
-3.3859856299212598
0
LINE
8
BLACK
6
CONTINUOUS
10
4.8108022834645672
20
-3.3859856299212598
11
4.8108590157480311
21
-3.4109336220472439
0
LINE
8
BLACK
6
CONTINUOUS
10
4.8108590157480311
20
-3.4109336220472439
11
4.8108022834645672
21
-3.4115096850393698
0
LINE
8
BLACK
6
CONTINUOUS
10
4.8108022834645672
20
-3.4115096850393698
11
4.8103613779527556
21
-3.412574094488189
0
LINE
8
BLACK
6
CONTINUOUS
10
4.8103613779527556
20
-3.412574094488189
11
4.8095467322834642
21
-3.4133887401574801
0
LINE
8
BLACK
6
CONTINUOUS
10
4.8095467322834642
20
-3.4133887401574801
11
4.8084823228346458
21
-3.4138296456692911
0
LINE
8
BLACK
6
CONTINUOUS
10
4.8084823228346458
20
-3.4138296456692911
11
4.8073301968503932
21
-3.4138296456692911
0
LINE
8
BLACK
6
CONTINUOUS
10
4.8073301968503932
20
-3.4138296456692911
11
4.8062657874015748
21
-3.4133887401574801
0
LINE
8
BLACK
6
CONTINUOUS
10
4.8062657874015748
20
-3.4133887401574801
11
4.8054511417322834
21
-3.412574094488189
0
LINE
8
BLACK
6
CONTINUOUS
10
4.8054511417322834
20
-3.412574094488189
11
4.8050102362204727
21
-3.4115096850393698
0
LINE
8
BLACK
6
CONTINUOUS
10
4.8050102362204727
20
-3.4115096850393698
11
4.8049695275590549
21
-3.3936129133858266
0
LINE
8
BLACK
6
CONTINUOUS
10
4.8049695275590549
20
-3.3936129133858266
11
4.7874969685039366
21
-3.4111467716535433
0
LINE
8
BLACK
6
CONTINUOUS
10
4.7874969685039366
20
-3.4111467716535433
11
4.7870495275590548
21
-3.4115139763779525
0
LINE
8
BLACK
6
CONTINUOUS
10
4.7870495275590548
20
-3.4115139763779525
11
4.786951456692913
21
-3.4115545669291336
0
LINE
8
BLACK
6
CONTINUOUS
10
4.786951456692913
20
-3.4115545669291336
11
4.7868713385826771
21
-3.411624094488189
0
LINE
8
BLACK
6
CONTINUOUS
10
4.7868713385826771
20
-3.411624094488189
11
4.7863610236220469
21
-3.4117991338582678
0
LINE
8
BLACK
6
CONTINUOUS
10
4.7863610236220469
20
-3.4117991338582678
11
4.7859850787401577
21
-3.4119548818897636
0
LINE
8
BLACK
6
CONTINUOUS
10
4.7859850787401577
20
-3.4119548818897636
11
4.7859070866141735
21
-3.4119548818897636
0
LINE
8
BLACK
6
CONTINUOUS
10
4.7859070866141735
20
-3.4119548818897636
11
4.7807185039370079
21
-3.413734842519685
0
LINE
8
BLACK
6
CONTINUOUS
10
4.7807185039370079
20
-3.413734842519685
11
4.7804329133858268
21
-3.4137997637795277
0
LINE
8
BLACK
6
CONTINUOUS
10
4.7804329133858268
20
-3.4137997637795277
11
4.7803608267716537
21
-3.4138296456692911
0
LINE
8
BLACK
6
CONTINUOUS
10
4.7803608267716537
20
-3.4138296456692911
11
4.7802979133858265
21
-3.4138304330708662
0
LINE
8
BLACK
6
CONTINUOUS
10
4.7802979133858265
20
-3.4138304330708662
11
4.7801540551181105
21
-3.4138631889763777
0
LINE
8
BLACK
6
CONTINUOUS
10
4.7801540551181105
20
-3.4138631889763777
11
4.7797878740157476
21
-3.4138371259842519
0
LINE
8
BLACK
6
CONTINUOUS
10
4.7797878740157476
20
-3.4138371259842519
11
4.7760352362204728
21
-3.413886377952756
0
LINE
8
BLACK
6
CONTINUOUS
10
4.7760352362204728
20
-3.413886377952756
11
4.775459173228346
21
-3.4138296456692911
0
LINE
8
BLACK
6
CONTINUOUS
10
4.775459173228346
20
-3.4138296456692911
11
4.7753611811023617
21
-3.41378905511811
0
LINE
8
BLACK
6
CONTINUOUS
10
4.7753611811023617
20
-3.41378905511811
11
4.7752553149606296
21
-3.4137815354330709
0
LINE
8
BLACK
6
CONTINUOUS
10
4.7752553149606296
20
-3.4137815354330709
11
4.7747435433070864
21
-3.4135331889763778
0
LINE
8
BLACK
6
CONTINUOUS
10
4.7747435433070864
20
-3.4135331889763778
11
4.7743947637795277
21
-3.4133887401574801
0
LINE
8
BLACK
6
CONTINUOUS
10
4.7743947637795277
20
-3.4133887401574801
11
4.774346653543307
21
-3.4133406299212599
0
LINE
8
BLACK
6
CONTINUOUS
10
4.774346653543307
20
-3.4133406299212599
11
4.7709651968503932
21
-3.4116998818897639
0
LINE
8
BLACK
6
CONTINUOUS
10
4.7709651968503932
20
-3.4116998818897639
11
4.7707171653543305
21
-3.4115437795275589
0
LINE
8
BLACK
6
CONTINUOUS
10
4.7707171653543305
20
-3.4115437795275589
11
4.7706452362204725
21
-3.4115139763779525
0
LINE
8
BLACK
6
CONTINUOUS
10
4.7706452362204725
20
-3.4115139763779525
11
4.7705991338582674
21
-3.4114694488188975
0
LINE
8
BLACK
6
CONTINUOUS
10
4.7705991338582674
20
-3.4114694488188975
11
4.7704753149606294
21
-3.4113915354330708
0
LINE
8
BLACK
6
CONTINUOUS
10
4.7704753149606294
20
-3.4113915354330708
11
4.7702535433070867
21
-3.4111358267716536
0
LINE
8
BLACK
6
CONTINUOUS
10
4.7702535433070867
20
-3.4111358267716536
11
4.7683230314960632
21
-3.4092720078740157
0
LINE
8
BLACK
6
CONTINUOUS
10
4.7683230314960632
20
-3.4092720078740157
11
4.768137244094488
21
-3.4090456299212599
0
LINE
8
BLACK
6
CONTINUOUS
10
4.768137244094488
20
-3.4090456299212599
11
4.7680782677165352
21
-3.4089944881889762
0
LINE
8
BLACK
6
CONTINUOUS
10
4.7680782677165352
20
-3.4089944881889762
11
4.7680496062992122
21
-3.4089388188976377
0
LINE
8
BLACK
6
CONTINUOUS
10
4.7680496062992122
20
-3.4089388188976377
11
4.7679558267716535
21
-3.4088245669291339
0
LINE
8
BLACK
6
CONTINUOUS
10
4.7679558267716535
20
-3.4088245669291339
11
4.7678121653543304
21
-3.4084777559055119
0
LINE
8
BLACK
6
CONTINUOUS
10
4.7678121653543304
20
-3.4084777559055119
11
4.7658951574803146
21
-3.4047550787401573
0
LINE
8
BLACK
6
CONTINUOUS
10
4.7658951574803146
20
-3.4047550787401573
11
4.7656882677165351
21
-3.4042144488188977
0
LINE
8
BLACK
6
CONTINUOUS
10
4.7656882677165351
20
-3.4042144488188977
11
4.765680748031496
21
-3.4041086220472438
0
LINE
8
BLACK
6
CONTINUOUS
10
4.765680748031496
20
-3.4041086220472438
11
4.7656401574803144
21
-3.4040106299212596
0
LINE
8
BLACK
6
CONTINUOUS
10
4.7656401574803144
20
-3.4040106299212596
11
4.7656372047244098
21
-3.4034960236220471
0
LINE
8
BLACK
6
CONTINUOUS
10
4.7656372047244098
20
-3.4034960236220471
11
4.7656066141732278
21
-3.4030652362204723
0
LINE
8
BLACK
6
CONTINUOUS
10
4.7656066141732278
20
-3.4030652362204723
11
4.765634291338583
21
-3.4029821653543308
0
LINE
8
BLACK
6
CONTINUOUS
10
4.765634291338583
20
-3.4029821653543308
11
4.7655834251968505
21
-3.3940607480314959
0
LINE
8
BLACK
6
CONTINUOUS
10
4.7655834251968505
20
-3.3940607480314959
11
4.7656401574803144
21
-3.3934846850393701
0
LINE
8
BLACK
6
CONTINUOUS
10
4.7656401574803144
20
-3.3934846850393701
11
4.765680748031496
21
-3.393386653543307
0
LINE
8
BLACK
6
CONTINUOUS
10
4.765680748031496
20
-3.393386653543307
11
4.7656882677165351
21
-3.3932808661417324
0
LINE
8
BLACK
6
CONTINUOUS
10
4.7656882677165351
20
-3.3932808661417324
11
4.7659364566929137
21
-3.3927692913385825
0
LINE
8
BLACK
6
CONTINUOUS
10
4.7659364566929137
20
-3.3927692913385825
11
4.766081062992126
21
-3.3924202755905513
0
LINE
8
BLACK
6
CONTINUOUS
10
4.766081062992126
20
-3.3924202755905513
11
4.7661291732283466
21
-3.3923721259842519
0
LINE
8
BLACK
6
CONTINUOUS
10
4.7661291732283466
20
-3.3923721259842519
11
4.7677699212598421
21
-3.3889907086614173
0
LINE
8
BLACK
6
CONTINUOUS
10
4.7677699212598421
20
-3.3889907086614173
11
4.7679259842519688
21
-3.3887426771653542
0
LINE
8
BLACK
6
CONTINUOUS
10
4.7679259842519688
20
-3.3887426771653542
11
4.7679558267716535
21
-3.3886707480314961
0
LINE
8
BLACK
6
CONTINUOUS
10
4.7679558267716535
20
-3.3886707480314961
11
4.7680003149606298
21
-3.3886246456692914
0
LINE
8
BLACK
6
CONTINUOUS
10
4.7680003149606298
20
-3.3886246456692914
11
4.7680782677165352
21
-3.3885008267716534
0
LINE
8
BLACK
6
CONTINUOUS
10
4.7680782677165352
20
-3.3885008267716534
11
4.7683339370078741
21
-3.3882790551181103
0
LINE
8
BLACK
6
CONTINUOUS
10
4.7683339370078741
20
-3.3882790551181103
11
4.7701977952755907
21
-3.3863485433070863
0
LINE
8
BLACK
6
CONTINUOUS
10
4.7701977952755907
20
-3.3863485433070863
11
4.7706452362204725
21
-3.3859813385826771
0
LINE
8
BLACK
6
CONTINUOUS
10
4.7706452362204725
20
-3.3859813385826771
11
4.7717096456692909
21
-3.3855404330708661
0
LINE
8
BLACK
6
CONTINUOUS
10
4.7717096456692909
20
-3.3855404330708661
11
4.7728617322834648
21
-3.3855404330708661
0
LINE
8
BLACK
6
CONTINUOUS
10
4.7728617322834648
20
-3.3855404330708661
11
4.7739261417322831
21
-3.3859813385826771
0
LINE
8
BLACK
6
CONTINUOUS
10
4.7739261417322831
20
-3.3859813385826771
11
4.7747408267716533
21
-3.3867960236220473
0
LINE
8
BLACK
6
CONTINUOUS
10
4.7747408267716533
20
-3.3867960236220473
11
4.7751817322834649
21
-3.3878604330708662
0
LINE
8
BLACK
6
CONTINUOUS
10
4.7751817322834649
20
-3.3878604330708662
11
4.7751817322834649
21
-3.3890125196850391
0
LINE
8
BLACK
6
CONTINUOUS
10
4.7751817322834649
20
-3.3890125196850391
11
4.7747408267716533
21
-3.3900769291338584
0
LINE
8
BLACK
6
CONTINUOUS
10
4.7747408267716533
20
-3.3900769291338584
11
4.7727508267716532
21
-3.3921381102362202
0
LINE
8
BLACK
6
CONTINUOUS
10
4.7727508267716532
20
-3.3921381102362202
11
4.7714399212598426
21
-3.3948397637795273
0
LINE
8
BLACK
6
CONTINUOUS
10
4.7714399212598426
20
-3.3948397637795273
11
4.7714854330708656
21
-3.4028214960629919
0
LINE
8
BLACK
6
CONTINUOUS
10
4.7714854330708656
20
-3.4028214960629919
11
4.7728792519685035
21
-3.4055282283464567
0
LINE
8
BLACK
6
CONTINUOUS
10
4.7728792519685035
20
-3.4055282283464567
11
4.7741126377952758
21
-3.4067189763779528
0
LINE
8
BLACK
6
CONTINUOUS
10
4.7741126377952758
20
-3.4067189763779528
11
4.7767940944881886
21
-3.4080200787401576
0
LINE
8
BLACK
6
CONTINUOUS
10
4.7767940944881886
20
-3.4080200787401576
11
4.7794388188976376
21
-3.4079853937007871
0
LINE
8
BLACK
6
CONTINUOUS
10
4.7794388188976376
20
-3.4079853937007871
11
4.7839212204724406
21
-3.4064476771653545
0
LINE
8
BLACK
6
CONTINUOUS
10
4.7839212204724406
20
-3.4064476771653545
11
4.805818346456693
21
-3.3844737795275588
0
LINE
8
BLACK
6
CONTINUOUS
10
4.805818346456693
20
-3.3844737795275588
11
4.8062657874015748
21
-3.3841065354330708
0
LINE
8
BLACK
6
CONTINUOUS
10
4.8062657874015748
20
-3.3841065354330708
11
4.8070184251968504
21
-3.3837947637795276
0
LINE
8
BLACK
6
CONTINUOUS
10
4.8070184251968504
20
-3.3837947637795276
11
4.8073301968503932
21
-3.3836656692913385
0
LINE
8
BLACK
6
CONTINUOUS
10
4.8073301968503932
20
-3.3836656692913385
11
4.8084823228346458
21
-3.3836656692913385
0
LINE
8
BLACK
6
CONTINUOUS
10
4.8084823228346458
20
-3.3836656692913385
11
4.8095467322834642
21
-3.3841065748031496
0
LINE
8
BLACK
6
CONTINUOUS
10
4.9201766535433071
20
-3.3841065748031496
11
4.9209912992125986
21
-3.384921220472441
0
LINE
8
BLACK
6
CONTINUOUS
10
4.9209912992125986
20
-3.384921220472441
11
4.9214322047244092
21
-3.3859856299212598
0
LINE
8
BLACK
6
CONTINUOUS
10
4.9214322047244092
20
-3.3859856299212598
11
4.9214742519685037
21
-3.4044887401574804
0
LINE
8
BLACK
6
CONTINUOUS
10
4.9214742519685037
20
-3.4044887401574804
11
4.9315898818897637
21
-3.3955881102362202
0
LINE
8
BLACK
6
CONTINUOUS
10
4.9315898818897637
20
-3.3955881102362202
11
4.9318388582677164
21
-3.3954100787401575
0
LINE
8
BLACK
6
CONTINUOUS
10
4.9318388582677164
20
-3.3954100787401575
11
4.9318938188976373
21
-3.3953551574803149
0
LINE
8
BLACK
6
CONTINUOUS
10
4.9318938188976373
20
-3.3953551574803149
11
4.9319459055118111
21
-3.3953335433070864
0
LINE
8
BLACK
6
CONTINUOUS
10
4.9319459055118111
20
-3.3953335433070864
11
4.9320607874015749
21
-3.3952514566929133
0
LINE
8
BLACK
6
CONTINUOUS
10
4.9320607874015749
20
-3.3952514566929133
11
4.9325149999999995
21
-3.3950978346456693
0
LINE
8
BLACK
6
CONTINUOUS
10
4.9325149999999995
20
-3.3950978346456693
11
4.9329582283464566
21
-3.3949142519685038
0
LINE
8
BLACK
6
CONTINUOUS
10
4.9329582283464566
20
-3.3949142519685038
11
4.9330578740157476
21
-3.3949142519685038
0
LINE
8
BLACK
6
CONTINUOUS
10
4.9330578740157476
20
-3.3949142519685038
11
4.9331521653543309
21
-3.3948823622047244
0
LINE
8
BLACK
6
CONTINUOUS
10
4.9331521653543309
20
-3.3948823622047244
11
4.93363062992126
21
-3.3949142519685038
0
LINE
8
BLACK
6
CONTINUOUS
10
4.93363062992126
20
-3.3949142519685038
11
4.9341103543307083
21
-3.3949142519685038
0
LINE
8
BLACK
6
CONTINUOUS
10
4.9341103543307083
20
-3.3949142519685038
11
4.9342023228346452
21
-3.3949523228346457
0
LINE
8
BLACK
6
CONTINUOUS
10
4.9342023228346452
20
-3.3949523228346457
11
4.9343016929133858
21
-3.3949589763779526
0
LINE
8
BLACK
6
CONTINUOUS
10
4.9343016929133858
20
-3.3949589763779526
11
4.9347318110236218
21
-3.395171653543307
0
LINE
8
BLACK
6
CONTINUOUS
10
4.9347318110236218
20
-3.395171653543307
11
4.9351747637795276
21
-3.3953551574803149
0
LINE
8
BLACK
6
CONTINUOUS
10
4.9351747637795276
20
-3.3953551574803149
11
4.9352450787401576
21
-3.3954254724409449
0
LINE
8
BLACK
6
CONTINUOUS
10
4.9352450787401576
20
-3.3954254724409449
11
4.9353344488188977
21
-3.39546968503937
0
LINE
8
BLACK
6
CONTINUOUS
10
4.9353344488188977
20
-3.39546968503937
11
4.9356503937007874
21
-3.3958307874015747
0
LINE
8
BLACK
6
CONTINUOUS
10
4.9356503937007874
20
-3.3958307874015747
11
4.935989409448819
21
-3.3961698031496064
0
LINE
8
BLACK
6
CONTINUOUS
10
4.935989409448819
20
-3.3961698031496064
11
4.9360275196850392
21
-3.3962617716535433
0
LINE
8
BLACK
6
CONTINUOUS
10
4.9360275196850392
20
-3.3962617716535433
11
4.9360931102362207
21
-3.3963367716535431
0
LINE
8
BLACK
6
CONTINUOUS
10
4.9360931102362207
20
-3.3963367716535431
11
4.9362466929133859
21
-3.3967909842519686
0
LINE
8
BLACK
6
CONTINUOUS
10
4.9362466929133859
20
-3.3967909842519686
11
4.9364303149606297
21
-3.3972342125984252
0
LINE
8
BLACK
6
CONTINUOUS
10
4.9364303149606297
20
-3.3972342125984252
11
4.936431220472441
21
-3.3973366141732284
0
LINE
8
BLACK
6
CONTINUOUS
10
4.936431220472441
20
-3.3973366141732284
11
4.9364622047244096
21
-3.397428149606299
0
LINE
8
BLACK
6
CONTINUOUS
10
4.9364622047244096
20
-3.397428149606299
11
4.936435708661417
21
-3.3978254330708659
0
LINE
8
BLACK
6
CONTINUOUS
10
4.936435708661417
20
-3.3978254330708659
11
4.9364813779527559
21
-3.4028173228346454
0
LINE
8
BLACK
6
CONTINUOUS
10
4.9364813779527559
20
-3.4028173228346454
11
4.9378773622047243
21
-3.4055282283464567
0
LINE
8
BLACK
6
CONTINUOUS
10
4.9378773622047243
20
-3.4055282283464567
11
4.9391107480314957
21
-3.4067189763779528
0
LINE
8
BLACK
6
CONTINUOUS
10
4.9391107480314957
20
-3.4067189763779528
11
4.9418123622047245
21
-3.4080298425196851
0
LINE
8
BLACK
6
CONTINUOUS
10
4.9418123622047245
20
-3.4080298425196851
11
4.9497940944881886
21
-3.4079843307086612
0
LINE
8
BLACK
6
CONTINUOUS
10
4.9497940944881886
20
-3.4079843307086612
11
4.9525008267716535
21
-3.4065904724409446
0
LINE
8
BLACK
6
CONTINUOUS
10
4.9525008267716535
20
-3.4065904724409446
11
4.9536916141732279
21
-3.4053571259842519
0
LINE
8
BLACK
6
CONTINUOUS
10
4.9536916141732279
20
-3.4053571259842519
11
4.955003700787401
21
-3.4026529921259843
0
LINE
8
BLACK
6
CONTINUOUS
10
4.955003700787401
20
-3.4026529921259843
11
4.9549564173228342
21
-3.3927979133858268
0
LINE
8
BLACK
6
CONTINUOUS
10
4.9549564173228342
20
-3.3927979133858268
11
4.9535631496062988
21
-3.3900923228346458
0
LINE
8
BLACK
6
CONTINUOUS
10
4.9535631496062988
20
-3.3900923228346458
11
4.9520688188976374
21
-3.3886496456692914
0
LINE
8
BLACK
6
CONTINUOUS
10
4.9520688188976374
20
-3.3886496456692914
11
4.9517015748031499
21
-3.3882021653543308
0
LINE
8
BLACK
6
CONTINUOUS
10
4.9517015748031499
20
-3.3882021653543308
11
4.9512606692913383
21
-3.3871377559055116
0
LINE
8
BLACK
6
CONTINUOUS
10
4.9512606692913383
20
-3.3871377559055116
11
4.9512606692913383
21
-3.3859856692913386
0
LINE
8
BLACK
6
CONTINUOUS
10
4.9512606692913383
20
-3.3859856692913386
11
4.9517015354330711
21
-3.3849212598425198
0
LINE
8
BLACK
6
CONTINUOUS
10
4.9517015354330711
20
-3.3849212598425198
11
4.9525162204724404
21
-3.3841065748031496
0
LINE
8
BLACK
6
CONTINUOUS
10
4.9525162204724404
20
-3.3841065748031496
11
4.9535806299212597
21
-3.3836656692913385
0
LINE
8
BLACK
6
CONTINUOUS
10
4.9535806299212597
20
-3.3836656692913385
11
4.9547327165354327
21
-3.3836656692913385
0
LINE
8
BLACK
6
CONTINUOUS
10
4.9547327165354327
20
-3.3836656692913385
11
4.9557971259842519
21
-3.3841065354330708
0
LINE
8
BLACK
6
CONTINUOUS
10
4.9557971259842519
20
-3.3841065354330708
11
4.95811937007874
21
-3.3863485039370076
0
LINE
8
BLACK
6
CONTINUOUS
10
4.95811937007874
20
-3.3863485039370076
11
4.9583051181102364
21
-3.3865748425196851
0
LINE
8
BLACK
6
CONTINUOUS
10
4.9583051181102364
20
-3.3865748425196851
11
4.9583641732283468
21
-3.3866260629921259
0
LINE
8
BLACK
6
CONTINUOUS
10
4.9583641732283468
20
-3.3866260629921259
11
4.9583927952755902
21
-3.3866816929133856
0
LINE
8
BLACK
6
CONTINUOUS
10
4.9583927952755902
20
-3.3866816929133856
11
4.9584866141732284
21
-3.3867959842519686
0
LINE
8
BLACK
6
CONTINUOUS
10
4.9584866141732284
20
-3.3867959842519686
11
4.9586302755905507
21
-3.3871428346456693
0
LINE
8
BLACK
6
CONTINUOUS
10
4.9586302755905507
20
-3.3871428346456693
11
4.9605472834645665
21
-3.3908654724409448
0
LINE
8
BLACK
6
CONTINUOUS
10
4.9605472834645665
20
-3.3908654724409448
11
4.960754173228346
21
-3.3914060629921261
0
LINE
8
BLACK
6
CONTINUOUS
10
4.960754173228346
20
-3.3914060629921261
11
4.960761692913386
21
-3.3915119291338582
0
LINE
8
BLACK
6
CONTINUOUS
10
4.960761692913386
20
-3.3915119291338582
11
4.9608022834645666
21
-3.3916099212598425
0
LINE
8
BLACK
6
CONTINUOUS
10
4.9608022834645666
20
-3.3916099212598425
11
4.9608046850393697
21
-3.3921174409448818
0
LINE
8
BLACK
6
CONTINUOUS
10
4.9608046850393697
20
-3.3921174409448818
11
4.9608358267716532
21
-3.392555275590551
0
LINE
8
BLACK
6
CONTINUOUS
10
4.9608358267716532
20
-3.392555275590551
11
4.9608072047244089
21
-3.392641062992126
0
LINE
8
BLACK
6
CONTINUOUS
10
4.9608072047244089
20
-3.392641062992126
11
4.9608590157480315
21
-3.4034345669291337
0
LINE
8
BLACK
6
CONTINUOUS
10
4.9608590157480315
20
-3.4034345669291337
11
4.9608022834645666
21
-3.4040106299212596
0
LINE
8
BLACK
6
CONTINUOUS
10
4.9608022834645666
20
-3.4040106299212596
11
4.960761692913386
21
-3.4041085826771651
0
LINE
8
BLACK
6
CONTINUOUS
10
4.960761692913386
20
-3.4041085826771651
11
4.960754173228346
21
-3.4042144881889764
0
LINE
8
BLACK
6
CONTINUOUS
10
4.960754173228346
20
-3.4042144881889764
11
4.9605058267716533
21
-3.4047262204724409
0
LINE
8
BLACK
6
CONTINUOUS
10
4.9605058267716533
20
-3.4047262204724409
11
4.960361377952756
21
-3.4050750393700788
0
LINE
8
BLACK
6
CONTINUOUS
10
4.960361377952756
20
-3.4050750393700788
11
4.9603132677165354
21
-3.4051231102362203
0
LINE
8
BLACK
6
CONTINUOUS
10
4.9603132677165354
20
-3.4051231102362203
11
4.958672519685039
21
-3.4085046062992124
0
LINE
8
BLACK
6
CONTINUOUS
10
4.958672519685039
20
-3.4085046062992124
11
4.9585164173228344
21
-3.4087525984251967
0
LINE
8
BLACK
6
CONTINUOUS
10
4.9585164173228344
20
-3.4087525984251967
11
4.9584866141732284
21
-3.4088245669291339
0
LINE
8
BLACK
6
CONTINUOUS
10
4.9584866141732284
20
-3.4088245669291339
11
4.9584420866141734
21
-3.4088706299212599
0
LINE
8
BLACK
6
CONTINUOUS
10
4.9584420866141734
20
-3.4088706299212599
11
4.9583641732283468
21
-3.4089944881889762
0
LINE
8
BLACK
6
CONTINUOUS
10
4.9583641732283468
20
-3.4089944881889762
11
4.9581083858267716
21
-3.4092162598425197
0
LINE
8
BLACK
6
CONTINUOUS
10
4.9581083858267716
20
-3.4092162598425197
11
4.9562445669291337
21
-3.411146811023622
0
LINE
8
BLACK
6
CONTINUOUS
10
4.9562445669291337
20
-3.411146811023622
11
4.9560182283464567
21
-3.4113325196850393
0
LINE
8
BLACK
6
CONTINUOUS
10
4.9560182283464567
20
-3.4113325196850393
11
4.955967086614173
21
-3.4113915354330708
0
LINE
8
BLACK
6
CONTINUOUS
10
4.955967086614173
20
-3.4113915354330708
11
4.9559114566929132
21
-3.4114201574803147
0
LINE
8
BLACK
6
CONTINUOUS
10
4.9559114566929132
20
-3.4114201574803147
11
4.9557971259842519
21
-3.4115140157480313
0
LINE
8
BLACK
6
CONTINUOUS
10
4.9557971259842519
20
-3.4115140157480313
11
4.9554501968503937
21
-3.4116576771653544
0
LINE
8
BLACK
6
CONTINUOUS
10
4.9554501968503937
20
-3.4116576771653544
11
4.951727677165354
21
-3.4135746456692915
0
LINE
8
BLACK
6
CONTINUOUS
10
4.951727677165354
20
-3.4135746456692915
11
4.951187047244094
21
-3.4137815354330709
0
LINE
8
BLACK
6
CONTINUOUS
10
4.951187047244094
20
-3.4137815354330709
11
4.9510812204724406
21
-3.4137890157480313
0
LINE
8
BLACK
6
CONTINUOUS
10
4.9510812204724406
20
-3.4137890157480313
11
4.9509832283464563
21
-3.4138296456692911
0
LINE
8
BLACK
6
CONTINUOUS
10
4.9509832283464563
20
-3.4138296456692911
11
4.9504686220472438
21
-3.413832559055118
0
LINE
8
BLACK
6
CONTINUOUS
10
4.9504686220472438
20
-3.413832559055118
11
4.950037834645669
21
-3.4138631889763777
0
LINE
8
BLACK
6
CONTINUOUS
10
4.950037834645669
20
-3.4138631889763777
11
4.9499547637795276
21
-3.4138354724409448
0
LINE
8
BLACK
6
CONTINUOUS
10
4.9499547637795276
20
-3.4138354724409448
11
4.9410333464566927
21
-3.413886377952756
0
LINE
8
BLACK
6
CONTINUOUS
10
4.9410333464566927
20
-3.413886377952756
11
4.9404572834645668
21
-3.4138296456692911
0
LINE
8
BLACK
6
CONTINUOUS
10
4.9404572834645668
20
-3.4138296456692911
11
4.9403592913385825
21
-3.41378905511811
0
LINE
8
BLACK
6
CONTINUOUS
10
4.9403592913385825
20
-3.41378905511811
11
4.9402534251968504
21
-3.4137815354330709
0
LINE
8
BLACK
6
CONTINUOUS
10
4.9402534251968504
20
-3.4137815354330709
11
4.9397416535433072
21
-3.4135331889763778
0
LINE
8
BLACK
6
CONTINUOUS
10
4.9397416535433072
20
-3.4135331889763778
11
4.9393928740157476
21
-3.4133887401574801
0
LINE
8
BLACK
6
CONTINUOUS
10
4.9393928740157476
20
-3.4133887401574801
11
4.9393447637795278
21
-3.4133406299212599
0
LINE
8
BLACK
6
CONTINUOUS
10
4.9393447637795278
20
-3.4133406299212599
11
4.935963307086614
21
-3.4116998818897639
0
LINE
8
BLACK
6
CONTINUOUS
10
4.935963307086614
20
-3.4116998818897639
11
4.9357152755905513
21
-3.4115437795275589
0
LINE
8
BLACK
6
CONTINUOUS
10
4.9357152755905513
20
-3.4115437795275589
11
4.9356433464566924
21
-3.4115139763779525
0
LINE
8
BLACK
6
CONTINUOUS
10
4.9356433464566924
20
-3.4115139763779525
11
4.9355972440944882
21
-3.4114694488188975
0
LINE
8
BLACK
6
CONTINUOUS
10
4.9355972440944882
20
-3.4114694488188975
11
4.9354734251968502
21
-3.4113915354330708
0
LINE
8
BLACK
6
CONTINUOUS
10
4.9354734251968502
20
-3.4113915354330708
11
4.9352516535433066
21
-3.4111358267716536
0
LINE
8
BLACK
6
CONTINUOUS
10
4.9352516535433066
20
-3.4111358267716536
11
4.9333211417322831
21
-3.4092720078740157
0
LINE
8
BLACK
6
CONTINUOUS
10
4.9333211417322831
20
-3.4092720078740157
11
4.9331353543307088
21
-3.4090456299212599
0
LINE
8
BLACK
6
CONTINUOUS
10
4.9331353543307088
20
-3.4090456299212599
11
4.933076377952756
21
-3.4089944881889762
0
LINE
8
BLACK
6
CONTINUOUS
10
4.933076377952756
20
-3.4089944881889762
11
4.9330477165354329
21
-3.4089388188976377
0
LINE
8
BLACK
6
CONTINUOUS
10
4.9330477165354329
20
-3.4089388188976377
11
4.9329539370078743
21
-3.4088245669291339
0
LINE
8
BLACK
6
CONTINUOUS
10
4.9329539370078743
20
-3.4088245669291339
11
4.9328102755905512
21
-3.4084777559055119
0
LINE
8
BLACK
6
CONTINUOUS
10
4.9328102755905512
20
-3.4084777559055119
11
4.9308932677165354
21
-3.4047550787401573
0
LINE
8
BLACK
6
CONTINUOUS
10
4.9308932677165354
20
-3.4047550787401573
11
4.9306863779527559
21
-3.4042144488188977
0
LINE
8
BLACK
6
CONTINUOUS
10
4.9306863779527559
20
-3.4042144488188977
11
4.9306837795275591
21
-3.4041779921259843
0
LINE
8
BLACK
6
CONTINUOUS
10
4.9306837795275591
20
-3.4041779921259843
11
4.9204805905511808
21
-3.4131557874015748
0
LINE
8
BLACK
6
CONTINUOUS
10
4.9204805905511808
20
-3.4131557874015748
11
4.9202315748031493
21
-3.4133337795275591
0
LINE
8
BLACK
6
CONTINUOUS
10
4.9202315748031493
20
-3.4133337795275591
11
4.9201766535433071
21
-3.4133887401574801
0
LINE
8
BLACK
6
CONTINUOUS
10
4.9201766535433071
20
-3.4133887401574801
11
4.9201245275590546
21
-3.4134103149606299
0
LINE
8
BLACK
6
CONTINUOUS
10
4.9201245275590546
20
-3.4134103149606299
11
4.9200096850393695
21
-3.4134924409448817
0
LINE
8
BLACK
6
CONTINUOUS
10
4.9200096850393695
20
-3.4134924409448817
11
4.9195554330708662
21
-3.4136460236220474
0
LINE
8
BLACK
6
CONTINUOUS
10
4.9195554330708662
20
-3.4136460236220474
11
4.9191122440944879
21
-3.4138296456692911
0
LINE
8
BLACK
6
CONTINUOUS
10
4.9191122440944879
20
-3.4138296456692911
11
4.9190125984251969
21
-3.4138296456692911
0
LINE
8
BLACK
6
CONTINUOUS
10
4.9190125984251969
20
-3.4138296456692911
11
4.9189183070866145
21
-3.4138615354330706
0
LINE
8
BLACK
6
CONTINUOUS
10
4.9189183070866145
20
-3.4138615354330706
11
4.9184398425196854
21
-3.4138296456692911
0
LINE
8
BLACK
6
CONTINUOUS
10
4.9184398425196854
20
-3.4138296456692911
11
4.9179601181102361
21
-3.4138296456692911
0
LINE
8
BLACK
6
CONTINUOUS
10
4.9179601181102361
20
-3.4138296456692911
11
4.9178681102362205
21
-3.4137915354330706
0
LINE
8
BLACK
6
CONTINUOUS
10
4.9178681102362205
20
-3.4137915354330706
11
4.9177687795275586
21
-3.4137849212598423
0
LINE
8
BLACK
6
CONTINUOUS
10
4.9177687795275586
20
-3.4137849212598423
11
4.9173386220472439
21
-3.4135722047244093
0
LINE
8
BLACK
6
CONTINUOUS
10
4.9173386220472439
20
-3.4135722047244093
11
4.9168957086614169
21
-3.4133887401574801
0
LINE
8
BLACK
6
CONTINUOUS
10
4.9168957086614169
20
-3.4133887401574801
11
4.9168253543307081
21
-3.4133183858267717
0
LINE
8
BLACK
6
CONTINUOUS
10
4.9168253543307081
20
-3.4133183858267717
11
4.9167360236220468
21
-3.413274212598425
0
LINE
8
BLACK
6
CONTINUOUS
10
4.9167360236220468
20
-3.413274212598425
11
4.9164200393700783
21
-3.4129130708661415
0
LINE
8
BLACK
6
CONTINUOUS
10
4.9164200393700783
20
-3.4129130708661415
11
4.9160810629921254
21
-3.412574094488189
0
LINE
8
BLACK
6
CONTINUOUS
10
4.9160810629921254
20
-3.412574094488189
11
4.9160429133858266
21
-3.412482086614173
0
LINE
8
BLACK
6
CONTINUOUS
10
4.9160429133858266
20
-3.412482086614173
11
4.9159773622047247
21
-3.4124071259842519
0
LINE
8
BLACK
6
CONTINUOUS
10
4.9159773622047247
20
-3.4124071259842519
11
4.9158237401574798
21
-3.4119528740157481
0
LINE
8
BLACK
6
CONTINUOUS
10
4.9158237401574798
20
-3.4119528740157481
11
4.9156401574803148
21
-3.4115096850393698
0
LINE
8
BLACK
6
CONTINUOUS
10
4.9156401574803148
20
-3.4115096850393698
11
4.9156399212598423
21
-3.4114093307086613
0
LINE
8
BLACK
6
CONTINUOUS
10
4.9156399212598423
20
-3.4114093307086613
11
4.9156082677165349
21
-3.411315748031496
0
LINE
8
BLACK
6
CONTINUOUS
10
4.9156082677165349
20
-3.411315748031496
11
4.9156386614173231
21
-3.4108594488188975
0
LINE
8
BLACK
6
CONTINUOUS
10
4.9156386614173231
20
-3.4108594488188975
11
4.91558342519685
21
-3.3865616929133857
0
LINE
8
BLACK
6
CONTINUOUS
10
4.91558342519685
20
-3.3865616929133857
11
4.9156401574803148
21
-3.3859856299212598
0
LINE
8
BLACK
6
CONTINUOUS
10
4.9156401574803148
20
-3.3859856299212598
11
4.9160810629921254
21
-3.384921220472441
0
LINE
8
BLACK
6
CONTINUOUS
10
4.9160810629921254
20
-3.384921220472441
11
4.9168957086614169
21
-3.3841065748031496
0
LINE
8
BLACK
6
CONTINUOUS
10
4.9168957086614169
20
-3.3841065748031496
11
4.9179601181102361
21
-3.3836656692913385
0
LINE
8
BLACK
6
CONTINUOUS
10
4.9179601181102361
20
-3.3836656692913385
11
4.9191122440944879
21
-3.3836656692913385
0
LINE
8
BLACK
6
CONTINUOUS
10
4.9191122440944879
20
-3.3836656692913385
11
4.9201766535433071
21
-3.3841065748031496
0
LINE
8
BLACK
6
CONTINUOUS
10
5.0805646456692912
20
-3.3855885433070867
11
5.0815951574803151
21
-3.3861038188976376
0
LINE
8
BLACK
6
CONTINUOUS
10
5.0815951574803151
20
-3.3861038188976376
11
5.0823499999999999
21
-3.3869741732283463
0
LINE
8
BLACK
6
CONTINUOUS
10
5.0823499999999999
20
-3.3869741732283463
11
5.0827143307086615
21
-3.3880671653543306
0
LINE
8
BLACK
6
CONTINUOUS
10
5.0827143307086615
20
-3.3880671653543306
11
5.0826326771653543
21
-3.389216377952756
0
LINE
8
BLACK
6
CONTINUOUS
10
5.0826326771653543
20
-3.389216377952756
11
5.0805510236220472
21
-3.3935064960629919
0
LINE
8
BLACK
6
CONTINUOUS
10
5.0805510236220472
20
-3.3935064960629919
11
5.0803950000000002
21
-3.3937542913385825
0
LINE
8
BLACK
6
CONTINUOUS
10
5.0803950000000002
20
-3.3937542913385825
11
5.0803651574803146
21
-3.3938264566929135
0
LINE
8
BLACK
6
CONTINUOUS
10
5.0803651574803146
20
-3.3938264566929135
11
5.0803218110236221
21
-3.3938706299212598
0
LINE
8
BLACK
6
CONTINUOUS
10
5.0803218110236221
20
-3.3938706299212598
11
5.0802426771653542
21
-3.3939963779527558
0
LINE
8
BLACK
6
CONTINUOUS
10
5.0802426771653542
20
-3.3939963779527558
11
5.0799466929133859
21
-3.3942530314960631
0
LINE
8
BLACK
6
CONTINUOUS
10
5.0799466929133859
20
-3.3942530314960631
11
5.0774724409448817
21
-3.3967754724409449
0
LINE
8
BLACK
6
CONTINUOUS
10
5.0774724409448817
20
-3.3967754724409449
11
5.1049738976377954
21
-3.3967364173228347
0
LINE
8
BLACK
6
CONTINUOUS
10
5.1049738976377954
20
-3.3967364173228347
11
5.1049535039370078
21
-3.3884364566929133
0
LINE
8
BLACK
6
CONTINUOUS
10
5.1049535039370078
20
-3.3884364566929133
11
5.1050102362204726
21
-3.3878603937007874
0
LINE
8
BLACK
6
CONTINUOUS
10
5.1050102362204726
20
-3.3878603937007874
11
5.1054511417322832
21
-3.3867959842519686
0
LINE
8
BLACK
6
CONTINUOUS
10
5.1054511417322832
20
-3.3867959842519686
11
5.1062657874015747
21
-3.3859813385826771
0
LINE
8
BLACK
6
CONTINUOUS
10
5.1062657874015747
20
-3.3859813385826771
11
5.1073301968503939
21
-3.3855404330708661
0
LINE
8
BLACK
6
CONTINUOUS
10
5.1073301968503939
20
-3.3855404330708661
11
5.1084823228346457
21
-3.3855404330708661
0
LINE
8
BLACK
6
CONTINUOUS
10
5.1084823228346457
20
-3.3855404330708661
11
5.109546732283464
21
-3.3859813385826771
0
LINE
8
BLACK
6
CONTINUOUS
10
5.109546732283464
20
-3.3859813385826771
11
5.1103613779527555
21
-3.3867959842519686
0
LINE
8
BLACK
6
CONTINUOUS
10
5.1103613779527555
20
-3.3867959842519686
11
5.110802283464567
21
-3.3878603937007874
0
LINE
8
BLACK
6
CONTINUOUS
10
5.110802283464567
20
-3.3878603937007874
11
5.1108590157480318
21
-3.4109336220472439
0
LINE
8
BLACK
6
CONTINUOUS
10
5.1108590157480318
20
-3.4109336220472439
11
5.110802283464567
21
-3.4115096850393698
0
LINE
8
BLACK
6
CONTINUOUS
10
5.110802283464567
20
-3.4115096850393698
11
5.1103613779527555
21
-3.412574094488189
0
LINE
8
BLACK
6
CONTINUOUS
10
5.1103613779527555
20
-3.412574094488189
11
5.109546732283464
21
-3.4133887401574801
0
LINE
8
BLACK
6
CONTINUOUS
10
5.109546732283464
20
-3.4133887401574801
11
5.1084823228346457
21
-3.4138296456692911
0
LINE
8
BLACK
6
CONTINUOUS
10
5.1084823228346457
20
-3.4138296456692911
11
5.1073301968503939
21
-3.4138296456692911
0
LINE
8
BLACK
6
CONTINUOUS
10
5.1073301968503939
20
-3.4138296456692911
11
5.1062657874015747
21
-3.4133887401574801
0
LINE
8
BLACK
6
CONTINUOUS
10
5.1062657874015747
20
-3.4133887401574801
11
5.1054511417322832
21
-3.412574094488189
0
LINE
8
BLACK
6
CONTINUOUS
10
5.1054511417322832
20
-3.412574094488189
11
5.1050102362204726
21
-3.4115096850393698
0
LINE
8
BLACK
6
CONTINUOUS
10
5.1050102362204726
20
-3.4115096850393698
11
5.1049882677165357
21
-3.4025860236220473
0
LINE
8
BLACK
6
CONTINUOUS
10
5.1049882677165357
20
-3.4025860236220473
11
5.0685361811023624
21
-3.4026377952755906
0
LINE
8
BLACK
6
CONTINUOUS
10
5.0685361811023624
20
-3.4026377952755906
11
5.0685340944881885
21
-3.4026375590551181
0
LINE
8
BLACK
6
CONTINUOUS
10
5.0685340944881885
20
-3.4026375590551181
11
5.0685330708661418
21
-3.4026377952755906
0
LINE
8
BLACK
6
CONTINUOUS
10
5.0685330708661418
20
-3.4026377952755906
11
5.0685300393700787
21
-3.4026371653543306
0
LINE
8
BLACK
6
CONTINUOUS
10
5.0685300393700787
20
-3.4026371653543306
11
5.0679601181102365
21
-3.4025810629921258
0
LINE
8
BLACK
6
CONTINUOUS
10
5.0679601181102365
20
-3.4025810629921258
11
5.0676899999999998
21
-3.4024691732283463
0
LINE
8
BLACK
6
CONTINUOUS
10
5.0676899999999998
20
-3.4024691732283463
11
5.067403385826772
21
-3.4024118503937006
0
LINE
8
BLACK
6
CONTINUOUS
10
5.067403385826772
20
-3.4024118503937006
11
5.0671629921259838
21
-3.4022508661417321
0
LINE
8
BLACK
6
CONTINUOUS
10
5.0671629921259838
20
-3.4022508661417321
11
5.0668957086614173
21
-3.4021401574803147
0
LINE
8
BLACK
6
CONTINUOUS
10
5.0668957086614173
20
-3.4021401574803147
11
5.0666889763779528
21
-3.4019334251968503
0
LINE
8
BLACK
6
CONTINUOUS
10
5.0666889763779528
20
-3.4019334251968503
11
5.0664461023622049
21
-3.4017707874015746
0
LINE
8
BLACK
6
CONTINUOUS
10
5.0664461023622049
20
-3.4017707874015746
11
5.066285590551181
21
-3.4015300393700785
0
LINE
8
BLACK
6
CONTINUOUS
10
5.066285590551181
20
-3.4015300393700785
11
5.0660810629921258
21
-3.4013255118110237
0
LINE
8
BLACK
6
CONTINUOUS
10
5.0660810629921258
20
-3.4013255118110237
11
5.0659691732283463
21
-3.4010553937007875
0
LINE
8
BLACK
6
CONTINUOUS
10
5.0659691732283463
20
-3.4010553937007875
11
5.0658070078740156
21
-3.4008121653543308
0
LINE
8
BLACK
6
CONTINUOUS
10
5.0658070078740156
20
-3.4008121653543308
11
5.0657508661417321
21
-3.4005283464566927
0
LINE
8
BLACK
6
CONTINUOUS
10
5.0657508661417321
20
-3.4005283464566927
11
5.0656401574803152
21
-3.4002611023622045
0
LINE
8
BLACK
6
CONTINUOUS
10
5.0656401574803152
20
-3.4002611023622045
11
5.0656401574803152
21
-3.3999687007874013
0
LINE
8
BLACK
6
CONTINUOUS
10
5.0656401574803152
20
-3.3999687007874013
11
5.0655834251968503
21
-3.399681929133858
0
LINE
8
BLACK
6
CONTINUOUS
10
5.0655834251968503
20
-3.399681929133858
11
5.0656401574803152
21
-3.3993982677165353
0
LINE
8
BLACK
6
CONTINUOUS
10
5.0656401574803152
20
-3.3993982677165353
11
5.0656401574803152
21
-3.3991089763779527
0
LINE
8
BLACK
6
CONTINUOUS
10
5.0656401574803152
20
-3.3991089763779527
11
5.0657520078740159
21
-3.3988388582677165
0
LINE
8
BLACK
6
CONTINUOUS
10
5.0657520078740159
20
-3.3988388582677165
11
5.0658093700787399
21
-3.3985522440944882
0
LINE
8
BLACK
6
CONTINUOUS
10
5.0658093700787399
20
-3.3985522440944882
11
5.0659703149606301
21
-3.3983118503937009
0
LINE
8
BLACK
6
CONTINUOUS
10
5.0659703149606301
20
-3.3983118503937009
11
5.0660810629921258
21
-3.3980445669291339
0
LINE
8
BLACK
6
CONTINUOUS
10
5.0660810629921258
20
-3.3980445669291339
11
5.0662877559055115
21
-3.397837834645669
0
LINE
8
BLACK
6
CONTINUOUS
10
5.0662877559055115
20
-3.397837834645669
11
5.066450433070866
21
-3.3975949606299212
0
LINE
8
BLACK
6
CONTINUOUS
10
5.066450433070866
20
-3.3975949606299212
11
5.0666995275590549
21
-3.397426062992126
0
LINE
8
BLACK
6
CONTINUOUS
10
5.0666995275590549
20
-3.397426062992126
11
5.0668957086614173
21
-3.3972299212598425
0
LINE
8
BLACK
6
CONTINUOUS
10
5.0668957086614173
20
-3.3972299212598425
11
5.0671353543307083
21
-3.3971306299212598
0
LINE
8
BLACK
6
CONTINUOUS
10
5.0671353543307083
20
-3.3971306299212598
11
5.0724734251968506
21
-3.3935119685039368
0
LINE
8
BLACK
6
CONTINUOUS
10
5.0724734251968506
20
-3.3935119685039368
11
5.0755740551181106
21
-3.3903509055118111
0
LINE
8
BLACK
6
CONTINUOUS
10
5.0755740551181106
20
-3.3903509055118111
11
5.0771437401574806
21
-3.3871159448818897
0
LINE
8
BLACK
6
CONTINUOUS
10
5.0771437401574806
20
-3.3871159448818897
11
5.0774520866141728
21
-3.3866260629921259
0
LINE
8
BLACK
6
CONTINUOUS
10
5.0774520866141728
20
-3.3866260629921259
11
5.0783224803149603
21
-3.385871220472441
0
LINE
8
BLACK
6
CONTINUOUS
10
5.0783224803149603
20
-3.385871220472441
11
5.0794154330708663
21
-3.3855068897637794
0
LINE
8
BLACK
6
CONTINUOUS
10
5.0794154330708663
20
-3.3855068897637794
11
5.0805646456692912
21
-3.3855885433070867
0
LINE
8
BLACK
6
CONTINUOUS
10
5.2443555905511809
20
-3.4007260236220471
11
5.2454200000000002
21
-3.4011669291338582
0
LINE
8
BLACK
6
CONTINUOUS
10
5.2454200000000002
20
-3.4011669291338582
11
5.2462346456692917
21
-3.4019815748031497
0
LINE
8
BLACK
6
CONTINUOUS
10
5.2462346456692917
20
-3.4019815748031497
11
5.2466755511811023
21
-3.4030459842519685
0
LINE
8
BLACK
6
CONTINUOUS
10
5.2466755511811023
20
-3.4030459842519685
11
5.2466755511811023
21
-3.4041981102362202
0
LINE
8
BLACK
6
CONTINUOUS
10
5.2466755511811023
20
-3.4041981102362202
11
5.2462346456692917
21
-3.4052625196850395
0
LINE
8
BLACK
6
CONTINUOUS
10
5.2462346456692917
20
-3.4052625196850395
11
5.2454200000000002
21
-3.4060771653543305
0
LINE
8
BLACK
6
CONTINUOUS
10
5.2454200000000002
20
-3.4060771653543305
11
5.2443555905511809
21
-3.4065180708661416
0
LINE
8
BLACK
6
CONTINUOUS
10
5.2443555905511809
20
-3.4065180708661416
11
5.2162204724409449
21
-3.4065748031496064
0
LINE
8
BLACK
6
CONTINUOUS
10
5.2162204724409449
20
-3.4065748031496064
11
5.215644409448819
21
-3.4065180708661416
0
LINE
8
BLACK
6
CONTINUOUS
10
5.215644409448819
20
-3.4065180708661416
11
5.2145799999999998
21
-3.4060771653543305
0
LINE
8
BLACK
6
CONTINUOUS
10
5.2145799999999998
20
-3.4060771653543305
11
5.2137653543307083
21
-3.4052625196850395
0
LINE
8
BLACK
6
CONTINUOUS
10
5.2137653543307083
20
-3.4052625196850395
11
5.2133244488188977
21
-3.4041981102362202
0
LINE
8
BLACK
6
CONTINUOUS
10
5.2133244488188977
20
-3.4041981102362202
11
5.2133244488188977
21
-3.4030459842519685
0
LINE
8
BLACK
6
CONTINUOUS
10
5.2133244488188977
20
-3.4030459842519685
11
5.2137653543307083
21
-3.4019815748031497
0
LINE
8
BLACK
6
CONTINUOUS
10
5.2137653543307083
20
-3.4019815748031497
11
5.2145799999999998
21
-3.4011669291338582
0
LINE
8
BLACK
6
CONTINUOUS
10
5.2145799999999998
20
-3.4011669291338582
11
5.215644409448819
21
-3.4007260236220471
0
LINE
8
BLACK
6
CONTINUOUS
10
5.215644409448819
20
-3.4007260236220471
11
5.2437795275590551
21
-3.4006692913385828
0
LINE
8
BLACK
6
CONTINUOUS
10
5.2437795275590551
20
-3.4006692913385828
11
5.2443555905511809
21
-3.4007260236220471
0
LINE
8
BLACK
6
CONTINUOUS
10
5.534355590551181
20
-3.4007260236220471
11
5.5354200000000002
21
-3.4011669291338582
0
LINE
8
BLACK
6
CONTINUOUS
10
5.5354200000000002
20
-3.4011669291338582
11
5.5362346456692908
21
-3.4019815748031497
0
LINE
8
BLACK
6
CONTINUOUS
10
5.5362346456692908
20
-3.4019815748031497
11
5.5366755511811023
21
-3.4030459842519685
0
LINE
8
BLACK
6
CONTINUOUS
10
5.5366755511811023
20
-3.4030459842519685
11
5.5366755511811023
21
-3.4041981102362202
0
LINE
8
BLACK
6
CONTINUOUS
10
5.5366755511811023
20
-3.4041981102362202
11
5.5362346456692908
21
-3.4052625196850395
0
LINE
8
BLACK
6
CONTINUOUS
10
5.5362346456692908
20
-3.4052625196850395
11
5.5354200000000002
21
-3.4060771653543305
0
LINE
8
BLACK
6
CONTINUOUS
10
5.5354200000000002
20
-3.4060771653543305
11
5.534355590551181
21
-3.4065180708661416
0
LINE
8
BLACK
6
CONTINUOUS
10
5.534355590551181
20
-3.4065180708661416
11
5.5062204724409449
21
-3.4065748031496064
0
LINE
8
BLACK
6
CONTINUOUS
10
5.5062204724409449
20
-3.4065748031496064
11
5.5056444094488191
21
-3.4065180708661416
0
LINE
8
BLACK
6
CONTINUOUS
10
5.5056444094488191
20
-3.4065180708661416
11
5.5045799999999998
21
-3.4060771653543305
0
LINE
8
BLACK
6
CONTINUOUS
10
5.5045799999999998
20
-3.4060771653543305
11
5.5037653543307083
21
-3.4052625196850395
0
LINE
8
BLACK
6
CONTINUOUS
10
5.5037653543307083
20
-3.4052625196850395
11
5.5033244488188977
21
-3.4041981102362202
0
LINE
8
BLACK
6
CONTINUOUS
10
5.5033244488188977
20
-3.4041981102362202
11
5.5033244488188977
21
-3.4030459842519685
0
LINE
8
BLACK
6
CONTINUOUS
10
5.5033244488188977
20
-3.4030459842519685
11
5.5037653543307083
21
-3.4019815748031497
0
LINE
8
BLACK
6
CONTINUOUS
10
5.5037653543307083
20
-3.4019815748031497
11
5.5045799999999998
21
-3.4011669291338582
0
LINE
8
BLACK
6
CONTINUOUS
10
5.5045799999999998
20
-3.4011669291338582
11
5.5056444094488191
21
-3.4007260236220471
0
LINE
8
BLACK
6
CONTINUOUS
10
5.5056444094488191
20
-3.4007260236220471
11
5.5337795275590551
21
-3.4006692913385828
0
LINE
8
BLACK
6
CONTINUOUS
10
5.5337795275590551
20
-3.4006692913385828
11
5.534355590551181
21
-3.4007260236220471
0
LINE
8
BLACK
6
CONTINUOUS
10
5.3106016929133855
20
-3.3556401574803147
11
5.3108909842519685
21
-3.3556401574803147
0
LINE
8
BLACK
6
CONTINUOUS
10
5.3108909842519685
20
-3.3556401574803147
11
5.3111610629921255
21
-3.3557520078740155
0
LINE
8
BLACK
6
CONTINUOUS
10
5.3111610629921255
20
-3.3557520078740155
11
5.311447716535433
21
-3.3558093700787399
0
LINE
8
BLACK
6
CONTINUOUS
10
5.311447716535433
20
-3.3558093700787399
11
5.3116880708661416
21
-3.3559703149606297
0
LINE
8
BLACK
6
CONTINUOUS
10
5.3116880708661416
20
-3.3559703149606297
11
5.3119553937007868
21
-3.3560810629921258
0
LINE
8
BLACK
6
CONTINUOUS
10
5.3119553937007868
20
-3.3560810629921258
11
5.3121620866141734
21
-3.3562877559055115
0
LINE
8
BLACK
6
CONTINUOUS
10
5.3121620866141734
20
-3.3562877559055115
11
5.312405
21
-3.356450433070866
0
LINE
8
BLACK
6
CONTINUOUS
10
5.312405
20
-3.356450433070866
11
5.312573858267716
21
-3.356699527559055
0
LINE
8
BLACK
6
CONTINUOUS
10
5.312573858267716
20
-3.356699527559055
11
5.3127700393700783
21
-3.3568957086614173
0
LINE
8
BLACK
6
CONTINUOUS
10
5.3127700393700783
20
-3.3568957086614173
11
5.3128692913385827
21
-3.3571353543307088
0
LINE
8
BLACK
6
CONTINUOUS
10
5.3128692913385827
20
-3.3571353543307088
11
5.3164879527559057
21
-3.3624734251968502
0
LINE
8
BLACK
6
CONTINUOUS
10
5.3164879527559057
20
-3.3624734251968502
11
5.3196490157480314
21
-3.3655740551181101
0
LINE
8
BLACK
6
CONTINUOUS
10
5.3196490157480314
20
-3.3655740551181101
11
5.3228840157480315
21
-3.3671437401574802
0
LINE
8
BLACK
6
CONTINUOUS
10
5.3228840157480315
20
-3.3671437401574802
11
5.3233738976377953
21
-3.3674520866141733
0
LINE
8
BLACK
6
CONTINUOUS
10
5.3233738976377953
20
-3.3674520866141733
11
5.3241287401574802
21
-3.3683224803149607
0
LINE
8
BLACK
6
CONTINUOUS
10
5.3241287401574802
20
-3.3683224803149607
11
5.3244930708661418
21
-3.3694154330708659
0
LINE
8
BLACK
6
CONTINUOUS
10
5.3244930708661418
20
-3.3694154330708659
11
5.3244114173228345
21
-3.3705646456692913
0
LINE
8
BLACK
6
CONTINUOUS
10
5.3244114173228345
20
-3.3705646456692913
11
5.3238961417322832
21
-3.3715951574803147
0
LINE
8
BLACK
6
CONTINUOUS
10
5.3238961417322832
20
-3.3715951574803147
11
5.3230257874015745
21
-3.37235
0
LINE
8
BLACK
6
CONTINUOUS
10
5.3230257874015745
20
-3.37235
11
5.3219327952755906
21
-3.3727143307086616
0
LINE
8
BLACK
6
CONTINUOUS
10
5.3219327952755906
20
-3.3727143307086616
11
5.3207835826771657
21
-3.3726326771653543
0
LINE
8
BLACK
6
CONTINUOUS
10
5.3207835826771657
20
-3.3726326771653543
11
5.3164934645669293
21
-3.3705510236220473
0
LINE
8
BLACK
6
CONTINUOUS
10
5.3164934645669293
20
-3.3705510236220473
11
5.3162456299212595
21
-3.3703949999999998
0
LINE
8
BLACK
6
CONTINUOUS
10
5.3162456299212595
20
-3.3703949999999998
11
5.3161735039370077
21
-3.3703651574803151
0
LINE
8
BLACK
6
CONTINUOUS
10
5.3161735039370077
20
-3.3703651574803151
11
5.3161292913385827
21
-3.3703218110236222
0
LINE
8
BLACK
6
CONTINUOUS
10
5.3161292913385827
20
-3.3703218110236222
11
5.3160035826771654
21
-3.3702426771653542
0
LINE
8
BLACK
6
CONTINUOUS
10
5.3160035826771654
20
-3.3702426771653542
11
5.3157468897637798
21
-3.3699466929133859
0
LINE
8
BLACK
6
CONTINUOUS
10
5.3157468897637798
20
-3.3699466929133859
11
5.3132244488188975
21
-3.3674724409448817
0
LINE
8
BLACK
6
CONTINUOUS
10
5.3132244488188975
20
-3.3674724409448817
11
5.3132635039370077
21
-3.394973897637795
0
LINE
8
BLACK
6
CONTINUOUS
10
5.3132635039370077
20
-3.394973897637795
11
5.3215635039370079
21
-3.3949535039370078
0
LINE
8
BLACK
6
CONTINUOUS
10
5.3215635039370079
20
-3.3949535039370078
11
5.3221395669291338
21
-3.3950102362204722
0
LINE
8
BLACK
6
CONTINUOUS
10
5.3221395669291338
20
-3.3950102362204722
11
5.3232039763779531
21
-3.3954511417322832
0
LINE
8
BLACK
6
CONTINUOUS
10
5.3232039763779531
20
-3.3954511417322832
11
5.3240186220472436
21
-3.3962657874015747
0
LINE
8
BLACK
6
CONTINUOUS
10
5.3240186220472436
20
-3.3962657874015747
11
5.3244595275590552
21
-3.3973301968503935
0
LINE
8
BLACK
6
CONTINUOUS
10
5.3244595275590552
20
-3.3973301968503935
11
5.3244595275590552
21
-3.3984823228346457
0
LINE
8
BLACK
6
CONTINUOUS
10
5.3244595275590552
20
-3.3984823228346457
11
5.3240186220472436
21
-3.3995467322834645
0
LINE
8
BLACK
6
CONTINUOUS
10
5.3240186220472436
20
-3.3995467322834645
11
5.3232039763779531
21
-3.4003613779527559
0
LINE
8
BLACK
6
CONTINUOUS
10
5.3232039763779531
20
-3.4003613779527559
11
5.3221395669291338
21
-3.400802283464567
0
LINE
8
BLACK
6
CONTINUOUS
10
5.3221395669291338
20
-3.400802283464567
11
5.2990663385826773
21
-3.4008590157480314
0
LINE
8
BLACK
6
CONTINUOUS
10
5.2990663385826773
20
-3.4008590157480314
11
5.2984902755905514
21
-3.400802283464567
0
LINE
8
BLACK
6
CONTINUOUS
10
5.2984902755905514
20
-3.400802283464567
11
5.2974258661417322
21
-3.4003613779527559
0
LINE
8
BLACK
6
CONTINUOUS
10
5.2974258661417322
20
-3.4003613779527559
11
5.2966112204724407
21
-3.3995467322834645
0
LINE
8
BLACK
6
CONTINUOUS
10
5.2966112204724407
20
-3.3995467322834645
11
5.2961703149606301
21
-3.3984823228346457
0
LINE
8
BLACK
6
CONTINUOUS
10
5.2961703149606301
20
-3.3984823228346457
11
5.2961703149606301
21
-3.3973301968503935
0
LINE
8
BLACK
6
CONTINUOUS
10
5.2961703149606301
20
-3.3973301968503935
11
5.2966112204724407
21
-3.3962657874015747
0
LINE
8
BLACK
6
CONTINUOUS
10
5.2966112204724407
20
-3.3962657874015747
11
5.2974258661417322
21
-3.3954511417322832
0
LINE
8
BLACK
6
CONTINUOUS
10
5.2974258661417322
20
-3.3954511417322832
11
5.2984902755905514
21
-3.3950102362204722
0
LINE
8
BLACK
6
CONTINUOUS
10
5.2984902755905514
20
-3.3950102362204722
11
5.3074138976377956
21
-3.3949882677165353
0
LINE
8
BLACK
6
CONTINUOUS
10
5.3074138976377956
20
-3.3949882677165353
11
5.3073621653543306
21
-3.358536181102362
0
LINE
8
BLACK
6
CONTINUOUS
10
5.3073621653543306
20
-3.358536181102362
11
5.3073623622047243
21
-3.358534094488189
0
LINE
8
BLACK
6
CONTINUOUS
10
5.3073623622047243
20
-3.358534094488189
11
5.3073621653543306
21
-3.3585330708661418
0
LINE
8
BLACK
6
CONTINUOUS
10
5.3073621653543306
20
-3.3585330708661418
11
5.3073627559055119
21
-3.3585300393700788
0
LINE
8
BLACK
6
CONTINUOUS
10
5.3073627559055119
20
-3.3585300393700788
11
5.3074188976377954
21
-3.3579601181102361
0
LINE
8
BLACK
6
CONTINUOUS
10
5.3074188976377954
20
-3.3579601181102361
11
5.3075307480314962
21
-3.3576899999999998
0
LINE
8
BLACK
6
CONTINUOUS
10
5.3075307480314962
20
-3.3576899999999998
11
5.3075881102362201
21
-3.3574033858267716
0
LINE
8
BLACK
6
CONTINUOUS
10
5.3075881102362201
20
-3.3574033858267716
11
5.3077490551181103
21
-3.3571629921259842
0
LINE
8
BLACK
6
CONTINUOUS
10
5.3077490551181103
20
-3.3571629921259842
11
5.307859803149606
21
-3.3568957086614173
0
LINE
8
BLACK
6
CONTINUOUS
10
5.307859803149606
20
-3.3568957086614173
11
5.3080664960629917
21
-3.3566889763779528
0
LINE
8
BLACK
6
CONTINUOUS
10
5.3080664960629917
20
-3.3566889763779528
11
5.3082291732283462
21
-3.3564461023622045
0
LINE
8
BLACK
6
CONTINUOUS
10
5.3082291732283462
20
-3.3564461023622045
11
5.3084698818897635
21
-3.356285590551181
0
LINE
8
BLACK
6
CONTINUOUS
10
5.3084698818897635
20
-3.356285590551181
11
5.3086744488188975
21
-3.3560810629921258
0
LINE
8
BLACK
6
CONTINUOUS
10
5.3086744488188975
20
-3.3560810629921258
11
5.3089445275590554
21
-3.3559691732283463
0
LINE
8
BLACK
6
CONTINUOUS
10
5.3089445275590554
20
-3.3559691732283463
11
5.3091877952755908
21
-3.3558070078740156
0
LINE
8
BLACK
6
CONTINUOUS
10
5.3091877952755908
20
-3.3558070078740156
11
5.3094715748031494
21
-3.3557508661417321
0
LINE
8
BLACK
6
CONTINUOUS
10
5.3094715748031494
20
-3.3557508661417321
11
5.3097388582677167
21
-3.3556401574803147
0
LINE
8
BLACK
6
CONTINUOUS
10
5.3097388582677167
20
-3.3556401574803147
11
5.3100312598425194
21
-3.3556401574803147
0
LINE
8
BLACK
6
CONTINUOUS
10
5.3100312598425194
20
-3.3556401574803147
11
5.3103180314960632
21
-3.3555834251968504
0
LINE
8
BLACK
6
CONTINUOUS
10
5.3103180314960632
20
-3.3555834251968504
11
5.3106016929133855
21
-3.3556401574803147
0
LINE
8
BLACK
6
CONTINUOUS
10
5.6140143307086614
20
-3.3556401574803147
11
5.6150787401574798
21
-3.3560810629921258
0
LINE
8
BLACK
6
CONTINUOUS
10
5.6150787401574798
20
-3.3560810629921258
11
5.6158933858267712
21
-3.3568957086614173
0
LINE
8
BLACK
6
CONTINUOUS
10
5.6158933858267712
20
-3.3568957086614173
11
5.6163342913385828
21
-3.3579601181102361
0
LINE
8
BLACK
6
CONTINUOUS
10
5.6163342913385828
20
-3.3579601181102361
11
5.6163342913385828
21
-3.3591122440944883
0
LINE
8
BLACK
6
CONTINUOUS
10
5.6163342913385828
20
-3.3591122440944883
11
5.6158933858267712
21
-3.3601766535433071
0
LINE
8
BLACK
6
CONTINUOUS
10
5.6158933858267712
20
-3.3601766535433071
11
5.6150787401574798
21
-3.3609912992125985
0
LINE
8
BLACK
6
CONTINUOUS
10
5.6150787401574798
20
-3.3609912992125985
11
5.6140143307086614
21
-3.3614322047244092
0
LINE
8
BLACK
6
CONTINUOUS
10
5.6140143307086614
20
-3.3614322047244092
11
5.5955111811023617
21
-3.3614742519685037
0
LINE
8
BLACK
6
CONTINUOUS
10
5.5955111811023617
20
-3.3614742519685037
11
5.604411850393701
21
-3.3715898818897636
0
LINE
8
BLACK
6
CONTINUOUS
10
5.604411850393701
20
-3.3715898818897636
11
5.604589842519685
21
-3.3718388582677163
0
LINE
8
BLACK
6
CONTINUOUS
10
5.604589842519685
20
-3.3718388582677163
11
5.6046448031496059
21
-3.3718938188976377
0
LINE
8
BLACK
6
CONTINUOUS
10
5.6046448031496059
20
-3.3718938188976377
11
5.6046663779527561
21
-3.3719459055118111
0
LINE
8
BLACK
6
CONTINUOUS
10
5.6046663779527561
20
-3.3719459055118111
11
5.6047485039370075
21
-3.3720607874015749
0
LINE
8
BLACK
6
CONTINUOUS
10
5.6047485039370075
20
-3.3720607874015749
11
5.6049020866141728
21
-3.3725149999999999
0
LINE
8
BLACK
6
CONTINUOUS
10
5.6049020866141728
20
-3.3725149999999999
11
5.6050857086614174
21
-3.3729582283464565
0
LINE
8
BLACK
6
CONTINUOUS
10
5.6050857086614174
20
-3.3729582283464565
11
5.6050857086614174
21
-3.3730578346456692
0
LINE
8
BLACK
6
CONTINUOUS
10
5.6050857086614174
20
-3.3730578346456692
11
5.6051175984251964
21
-3.3731521653543308
0
LINE
8
BLACK
6
CONTINUOUS
10
5.6051175984251964
20
-3.3731521653543308
11
5.6050857086614174
21
-3.3736306299212599
0
LINE
8
BLACK
6
CONTINUOUS
10
5.6050857086614174
20
-3.3736306299212599
11
5.6050857086614174
21
-3.3741103543307087
0
LINE
8
BLACK
6
CONTINUOUS
10
5.6050857086614174
20
-3.3741103543307087
11
5.6050475984251964
21
-3.3742023228346456
0
LINE
8
BLACK
6
CONTINUOUS
10
5.6050475984251964
20
-3.3742023228346456
11
5.6050409842519686
21
-3.3743016929133858
0
LINE
8
BLACK
6
CONTINUOUS
10
5.6050409842519686
20
-3.3743016929133858
11
5.6048282677165355
21
-3.3747318110236222
0
LINE
8
BLACK
6
CONTINUOUS
10
5.6048282677165355
20
-3.3747318110236222
11
5.6046448031496059
21
-3.3751747637795275
0
LINE
8
BLACK
6
CONTINUOUS
10
5.6046448031496059
20
-3.3751747637795275
11
5.6045744488188971
21
-3.3752450787401576
0
LINE
8
BLACK
6
CONTINUOUS
10
5.6045744488188971
20
-3.3752450787401576
11
5.6045302755905508
21
-3.3753344488188977
0
LINE
8
BLACK
6
CONTINUOUS
10
5.6045302755905508
20
-3.3753344488188977
11
5.6041691338582673
21
-3.3756503937007873
0
LINE
8
BLACK
6
CONTINUOUS
10
5.6041691338582673
20
-3.3756503937007873
11
5.6038301574803144
21
-3.375989409448819
0
LINE
8
BLACK
6
CONTINUOUS
10
5.6038301574803144
20
-3.375989409448819
11
5.6037381496062988
21
-3.3760275196850391
0
LINE
8
BLACK
6
CONTINUOUS
10
5.6037381496062988
20
-3.3760275196850391
11
5.6036631889763777
21
-3.3760931102362206
0
LINE
8
BLACK
6
CONTINUOUS
10
5.6036631889763777
20
-3.3760931102362206
11
5.6032089370078735
21
-3.3762466929133859
0
LINE
8
BLACK
6
CONTINUOUS
10
5.6032089370078735
20
-3.3762466929133859
11
5.6027657480314961
21
-3.3764303149606301
0
LINE
8
BLACK
6
CONTINUOUS
10
5.6027657480314961
20
-3.3764303149606301
11
5.6026633070866136
21
-3.3764312204724409
0
LINE
8
BLACK
6
CONTINUOUS
10
5.6026633070866136
20
-3.3764312204724409
11
5.6025718110236218
21
-3.3764622047244095
0
LINE
8
BLACK
6
CONTINUOUS
10
5.6025718110236218
20
-3.3764622047244095
11
5.6021744881889761
21
-3.3764357086614174
0
LINE
8
BLACK
6
CONTINUOUS
10
5.6021744881889761
20
-3.3764357086614174
11
5.5971825984251966
21
-3.3764813779527558
0
LINE
8
BLACK
6
CONTINUOUS
10
5.5971825984251966
20
-3.3764813779527558
11
5.5944716929133858
21
-3.3778773622047242
0
LINE
8
BLACK
6
CONTINUOUS
10
5.5944716929133858
20
-3.3778773622047242
11
5.593280984251968
21
-3.3791107086614174
0
LINE
8
BLACK
6
CONTINUOUS
10
5.593280984251968
20
-3.3791107086614174
11
5.5919700787401574
21
-3.3818123622047245
0
LINE
8
BLACK
6
CONTINUOUS
10
5.5919700787401574
20
-3.3818123622047245
11
5.5920155905511812
21
-3.389794094488189
0
LINE
8
BLACK
6
CONTINUOUS
10
5.5920155905511812
20
-3.389794094488189
11
5.5934094488188979
21
-3.3925008267716534
0
LINE
8
BLACK
6
CONTINUOUS
10
5.5934094488188979
20
-3.3925008267716534
11
5.5946427952755906
21
-3.3936916141732283
0
LINE
8
BLACK
6
CONTINUOUS
10
5.5946427952755906
20
-3.3936916141732283
11
5.5973469291338578
21
-3.3950037007874014
0
LINE
8
BLACK
6
CONTINUOUS
10
5.5973469291338578
20
-3.3950037007874014
11
5.6072020078740152
21
-3.3949564173228346
0
LINE
8
BLACK
6
CONTINUOUS
10
5.6072020078740152
20
-3.3949564173228346
11
5.6099075984251972
21
-3.3935631496062992
0
LINE
8
BLACK
6
CONTINUOUS
10
5.6099075984251972
20
-3.3935631496062992
11
5.6113503149606299
21
-3.3920688188976378
0
LINE
8
BLACK
6
CONTINUOUS
10
5.6113503149606299
20
-3.3920688188976378
11
5.6117977952755904
21
-3.3917015748031494
0
LINE
8
BLACK
6
CONTINUOUS
10
5.6117977952755904
20
-3.3917015748031494
11
5.6128622047244097
21
-3.3912606692913383
0
LINE
8
BLACK
6
CONTINUOUS
10
5.6128622047244097
20
-3.3912606692913383
11
5.6140142913385827
21
-3.3912606692913383
0
LINE
8
BLACK
6
CONTINUOUS
10
5.6140142913385827
20
-3.3912606692913383
11
5.615078700787401
21
-3.3917015354330706
0
LINE
8
BLACK
6
CONTINUOUS
10
5.615078700787401
20
-3.3917015354330706
11
5.6158933858267712
21
-3.3925162204724408
0
LINE
8
BLACK
6
CONTINUOUS
10
5.6158933858267712
20
-3.3925162204724408
11
5.6163342913385828
21
-3.3935806299212596
0
LINE
8
BLACK
6
CONTINUOUS
10
5.6163342913385828
20
-3.3935806299212596
11
5.6163342913385828
21
-3.3947327165354331
0
LINE
8
BLACK
6
CONTINUOUS
10
5.6163342913385828
20
-3.3947327165354331
11
5.61589342519685
21
-3.3957971259842519
0
LINE
8
BLACK
6
CONTINUOUS
10
5.61589342519685
20
-3.3957971259842519
11
5.6136514566929137
21
-3.39811937007874
0
LINE
8
BLACK
6
CONTINUOUS
10
5.6136514566929137
20
-3.39811937007874
11
5.6134250787401569
21
-3.3983051181102359
0
LINE
8
BLACK
6
CONTINUOUS
10
5.6134250787401569
20
-3.3983051181102359
11
5.6133738976377954
21
-3.3983641732283463
0
LINE
8
BLACK
6
CONTINUOUS
10
5.6133738976377954
20
-3.3983641732283463
11
5.6133182283464569
21
-3.3983927952755906
0
LINE
8
BLACK
6
CONTINUOUS
10
5.6133182283464569
20
-3.3983927952755906
11
5.6132039763779522
21
-3.3984866141732284
0
LINE
8
BLACK
6
CONTINUOUS
10
5.6132039763779522
20
-3.3984866141732284
11
5.6128570866141727
21
-3.3986302755905511
0
LINE
8
BLACK
6
CONTINUOUS
10
5.6128570866141727
20
-3.3986302755905511
11
5.6091344881889764
21
-3.4005472834645669
0
LINE
8
BLACK
6
CONTINUOUS
10
5.6091344881889764
20
-3.4005472834645669
11
5.6085938582677164
21
-3.4007541732283464
0
LINE
8
BLACK
6
CONTINUOUS
10
5.6085938582677164
20
-3.4007541732283464
11
5.608488031496063
21
-3.4007616535433072
0
LINE
8
BLACK
6
CONTINUOUS
10
5.608488031496063
20
-3.4007616535433072
11
5.6083900393700787
21
-3.400802283464567
0
LINE
8
BLACK
6
CONTINUOUS
10
5.6083900393700787
20
-3.400802283464567
11
5.6078824409448815
21
-3.4008046850393701
0
LINE
8
BLACK
6
CONTINUOUS
10
5.6078824409448815
20
-3.4008046850393701
11
5.6074446456692915
21
-3.4008358267716536
0
LINE
8
BLACK
6
CONTINUOUS
10
5.6074446456692915
20
-3.4008358267716536
11
5.6073588582677161
21
-3.4008072047244093
0
LINE
8
BLACK
6
CONTINUOUS
10
5.6073588582677161
20
-3.4008072047244093
11
5.5965653937007875
21
-3.4008590157480314
0
LINE
8
BLACK
6
CONTINUOUS
10
5.5965653937007875
20
-3.4008590157480314
11
5.5959893307086617
21
-3.400802283464567
0
LINE
8
BLACK
6
CONTINUOUS
10
5.5959893307086617
20
-3.400802283464567
11
5.5958913385826774
21
-3.4007616929133859
0
LINE
8
BLACK
6
CONTINUOUS
10
5.5958913385826774
20
-3.4007616929133859
11
5.5957854724409444
21
-3.4007541732283464
0
LINE
8
BLACK
6
CONTINUOUS
10
5.5957854724409444
20
-3.4007541732283464
11
5.5952737007874012
21
-3.4005058267716533
0
LINE
8
BLACK
6
CONTINUOUS
10
5.5952737007874012
20
-3.4005058267716533
11
5.5949249212598424
21
-3.4003613779527559
0
LINE
8
BLACK
6
CONTINUOUS
10
5.5949249212598424
20
-3.4003613779527559
11
5.5948768110236218
21
-3.4003132677165353
0
LINE
8
BLACK
6
CONTINUOUS
10
5.5948768110236218
20
-3.4003132677165353
11
5.5914953543307089
21
-3.3986725196850394
0
LINE
8
BLACK
6
CONTINUOUS
10
5.5914953543307089
20
-3.3986725196850394
11
5.5912473228346453
21
-3.3985164173228344
0
LINE
8
BLACK
6
CONTINUOUS
10
5.5912473228346453
20
-3.3985164173228344
11
5.5911753937007873
21
-3.3984866141732284
0
LINE
8
BLACK
6
CONTINUOUS
10
5.5911753937007873
20
-3.3984866141732284
11
5.5911292913385822
21
-3.3984420866141734
0
LINE
8
BLACK
6
CONTINUOUS
10
5.5911292913385822
20
-3.3984420866141734
11
5.591005472440945
21
-3.3983641732283463
0
LINE
8
BLACK
6
CONTINUOUS
10
5.591005472440945
20
-3.3983641732283463
11
5.5907836614173227
21
-3.3981083858267715
0
LINE
8
BLACK
6
CONTINUOUS
10
5.5907836614173227
20
-3.3981083858267715
11
5.5888531496062992
21
-3.3962445669291337
0
LINE
8
BLACK
6
CONTINUOUS
10
5.5888531496062992
20
-3.3962445669291337
11
5.5886674015748028
21
-3.3960182283464566
0
LINE
8
BLACK
6
CONTINUOUS
10
5.5886674015748028
20
-3.3960182283464566
11
5.58860842519685
21
-3.3959670866141733
0
LINE
8
BLACK
6
CONTINUOUS
10
5.58860842519685
20
-3.3959670866141733
11
5.5885797637795278
21
-3.3959114566929132
0
LINE
8
BLACK
6
CONTINUOUS
10
5.5885797637795278
20
-3.3959114566929132
11
5.5884859448818895
21
-3.3957971259842519
0
LINE
8
BLACK
6
CONTINUOUS
10
5.5884859448818895
20
-3.3957971259842519
11
5.5883422440944877
21
-3.3954501968503936
0
LINE
8
BLACK
6
CONTINUOUS
10
5.5883422440944877
20
-3.3954501968503936
11
5.5864253149606302
21
-3.3917276771653544
0
LINE
8
BLACK
6
CONTINUOUS
10
5.5864253149606302
20
-3.3917276771653544
11
5.5862184251968499
21
-3.3911870472440944
0
LINE
8
BLACK
6
CONTINUOUS
10
5.5862184251968499
20
-3.3911870472440944
11
5.5862109055118108
21
-3.391081220472441
0
LINE
8
BLACK
6
CONTINUOUS
10
5.5862109055118108
20
-3.391081220472441
11
5.5861703149606301
21
-3.3909832283464567
0
LINE
8
BLACK
6
CONTINUOUS
10
5.5861703149606301
20
-3.3909832283464567
11
5.5861673622047245
21
-3.3904686220472442
0
LINE
8
BLACK
6
CONTINUOUS
10
5.5861673622047245
20
-3.3904686220472442
11
5.5861367716535435
21
-3.3900378346456694
0
LINE
8
BLACK
6
CONTINUOUS
10
5.5861367716535435
20
-3.3900378346456694
11
5.5861644488188977
21
-3.3899547637795275
0
LINE
8
BLACK
6
CONTINUOUS
10
5.5861644488188977
20
-3.3899547637795275
11
5.5861135826771653
21
-3.3810333464566926
0
LINE
8
BLACK
6
CONTINUOUS
10
5.5861135826771653
20
-3.3810333464566926
11
5.5861703149606301
21
-3.3804572834645668
0
LINE
8
BLACK
6
CONTINUOUS
10
5.5861703149606301
20
-3.3804572834645668
11
5.5862109055118108
21
-3.3803592519685037
0
LINE
8
BLACK
6
CONTINUOUS
10
5.5862109055118108
20
-3.3803592519685037
11
5.5862184251968499
21
-3.3802534645669291
0
LINE
8
BLACK
6
CONTINUOUS
10
5.5862184251968499
20
-3.3802534645669291
11
5.5864666141732284
21
-3.3797418897637796
0
LINE
8
BLACK
6
CONTINUOUS
10
5.5864666141732284
20
-3.3797418897637796
11
5.5866112204724407
21
-3.3793928740157479
0
LINE
8
BLACK
6
CONTINUOUS
10
5.5866112204724407
20
-3.3793928740157479
11
5.5866593307086614
21
-3.3793447244094486
0
LINE
8
BLACK
6
CONTINUOUS
10
5.5866593307086614
20
-3.3793447244094486
11
5.5883000787401578
21
-3.375963307086614
0
LINE
8
BLACK
6
CONTINUOUS
10
5.5883000787401578
20
-3.375963307086614
11
5.5884561417322836
21
-3.3757152755905513
0
LINE
8
BLACK
6
CONTINUOUS
10
5.5884561417322836
20
-3.3757152755905513
11
5.5884859842519683
21
-3.3756433464566928
0
LINE
8
BLACK
6
CONTINUOUS
10
5.5884859842519683
20
-3.3756433464566928
11
5.5885304724409446
21
-3.3755972440944881
0
LINE
8
BLACK
6
CONTINUOUS
10
5.5885304724409446
20
-3.3755972440944881
11
5.58860842519685
21
-3.3754734251968501
0
LINE
8
BLACK
6
CONTINUOUS
10
5.58860842519685
20
-3.3754734251968501
11
5.5888640944881889
21
-3.375251653543307
0
LINE
8
BLACK
6
CONTINUOUS
10
5.5888640944881889
20
-3.375251653543307
11
5.5907279527559055
21
-3.3733211417322835
0
LINE
8
BLACK
6
CONTINUOUS
10
5.5907279527559055
20
-3.3733211417322835
11
5.5909542913385826
21
-3.3731353543307088
0
LINE
8
BLACK
6
CONTINUOUS
10
5.5909542913385826
20
-3.3731353543307088
11
5.591005472440945
21
-3.3730763779527559
0
LINE
8
BLACK
6
CONTINUOUS
10
5.591005472440945
20
-3.3730763779527559
11
5.5910611023622048
21
-3.3730477165354329
0
LINE
8
BLACK
6
CONTINUOUS
10
5.5910611023622048
20
-3.3730477165354329
11
5.5911753937007873
21
-3.3729539370078738
0
LINE
8
BLACK
6
CONTINUOUS
10
5.5911753937007873
20
-3.3729539370078738
11
5.5915222440944881
21
-3.3728102362204724
0
LINE
8
BLACK
6
CONTINUOUS
10
5.5915222440944881
20
-3.3728102362204724
11
5.595244881889764
21
-3.3708932677165353
0
LINE
8
BLACK
6
CONTINUOUS
10
5.595244881889764
20
-3.3708932677165353
11
5.5957854724409444
21
-3.3706863779527558
0
LINE
8
BLACK
6
CONTINUOUS
10
5.5957854724409444
20
-3.3706863779527558
11
5.5958219291338578
21
-3.370683779527559
0
LINE
8
BLACK
6
CONTINUOUS
10
5.5958219291338578
20
-3.370683779527559
11
5.5868441732283465
21
-3.3604805905511812
0
LINE
8
BLACK
6
CONTINUOUS
10
5.5868441732283465
20
-3.3604805905511812
11
5.5866661417322829
21
-3.3602315748031497
0
LINE
8
BLACK
6
CONTINUOUS
10
5.5866661417322829
20
-3.3602315748031497
11
5.5866112204724407
21
-3.3601766535433071
0
LINE
8
BLACK
6
CONTINUOUS
10
5.5866112204724407
20
-3.3601766535433071
11
5.5865896062992126
21
-3.360124527559055
0
LINE
8
BLACK
6
CONTINUOUS
10
5.5865896062992126
20
-3.360124527559055
11
5.5865075196850391
21
-3.3600096850393699
0
LINE
8
BLACK
6
CONTINUOUS
10
5.5865075196850391
20
-3.3600096850393699
11
5.5863538976377951
21
-3.3595554330708661
0
LINE
8
BLACK
6
CONTINUOUS
10
5.5863538976377951
20
-3.3595554330708661
11
5.5861703149606301
21
-3.3591122440944883
0
LINE
8
BLACK
6
CONTINUOUS
10
5.5861703149606301
20
-3.3591122440944883
11
5.5861703149606301
21
-3.3590125984251968
0
LINE
8
BLACK
6
CONTINUOUS
10
5.5861703149606301
20
-3.3590125984251968
11
5.5861384251968502
21
-3.358918307086614
0
LINE
8
BLACK
6
CONTINUOUS
10
5.5861384251968502
20
-3.358918307086614
11
5.5861703149606301
21
-3.3584398031496061
0
LINE
8
BLACK
6
CONTINUOUS
10
5.5861703149606301
20
-3.3584398031496061
11
5.5861703149606301
21
-3.3579601181102361
0
LINE
8
BLACK
6
CONTINUOUS
10
5.5861703149606301
20
-3.3579601181102361
11
5.5862083858267715
21
-3.3578681102362204
0
LINE
8
BLACK
6
CONTINUOUS
10
5.5862083858267715
20
-3.3578681102362204
11
5.5862150393700789
21
-3.357768779527559
0
LINE
8
BLACK
6
CONTINUOUS
10
5.5862150393700789
20
-3.357768779527559
11
5.5864277165354332
21
-3.3573386220472439
0
LINE
8
BLACK
6
CONTINUOUS
10
5.5864277165354332
20
-3.3573386220472439
11
5.5866112204724407
21
-3.3568957086614173
0
LINE
8
BLACK
6
CONTINUOUS
10
5.5866112204724407
20
-3.3568957086614173
11
5.5866815354330708
21
-3.3568253543307085
0
LINE
8
BLACK
6
CONTINUOUS
10
5.5866815354330708
20
-3.3568253543307085
11
5.5867257480314958
21
-3.3567360236220471
0
LINE
8
BLACK
6
CONTINUOUS
10
5.5867257480314958
20
-3.3567360236220471
11
5.5870868503937006
21
-3.3564200393700787
0
LINE
8
BLACK
6
CONTINUOUS
10
5.5870868503937006
20
-3.3564200393700787
11
5.5874258661417322
21
-3.3560810629921258
0
LINE
8
BLACK
6
CONTINUOUS
10
5.5874258661417322
20
-3.3560810629921258
11
5.5875178346456691
21
-3.3560429133858265
0
LINE
8
BLACK
6
CONTINUOUS
10
5.5875178346456691
20
-3.3560429133858265
11
5.5875928346456689
21
-3.3559773622047242
0
LINE
8
BLACK
6
CONTINUOUS
10
5.5875928346456689
20
-3.3559773622047242
11
5.5880470472440944
21
-3.3558237401574802
0
LINE
8
BLACK
6
CONTINUOUS
10
5.5880470472440944
20
-3.3558237401574802
11
5.5884902755905514
21
-3.3556401574803147
0
LINE
8
BLACK
6
CONTINUOUS
10
5.5884902755905514
20
-3.3556401574803147
11
5.5885905905511812
21
-3.3556399212598422
0
LINE
8
BLACK
6
CONTINUOUS
10
5.5885905905511812
20
-3.3556399212598422
11
5.5886842125984248
21
-3.3556082677165353
0
LINE
8
BLACK
6
CONTINUOUS
10
5.5886842125984248
20
-3.3556082677165353
11
5.5891404724409446
21
-3.3556386614173226
0
LINE
8
BLACK
6
CONTINUOUS
10
5.5891404724409446
20
-3.3556386614173226
11
5.6134382677165355
21
-3.3555834251968504
0
LINE
8
BLACK
6
CONTINUOUS
10
5.6134382677165355
20
-3.3555834251968504
11
5.6140143307086614
21
-3.3556401574803147
0
LINE
8
BLACK
6
CONTINUOUS
10
5.3596348818897637
20
-3.3556401574803147
11
5.3606992913385829
21
-3.3560810629921258
0
LINE
8
BLACK
6
CONTINUOUS
10
5.3606992913385829
20
-3.3560810629921258
11
5.3615139370078735
21
-3.3568957086614173
0
LINE
8
BLACK
6
CONTINUOUS
10
5.3615139370078735
20
-3.3568957086614173
11
5.361954842519685
21
-3.3579601181102361
0
LINE
8
BLACK
6
CONTINUOUS
10
5.361954842519685
20
-3.3579601181102361
11
5.3620115748031498
21
-3.3979062598425198
0
LINE
8
BLACK
6
CONTINUOUS
10
5.3620115748031498
20
-3.3979062598425198
11
5.361954842519685
21
-3.3984823228346457
0
LINE
8
BLACK
6
CONTINUOUS
10
5.361954842519685
20
-3.3984823228346457
11
5.3615139370078735
21
-3.3995467322834645
0
LINE
8
BLACK
6
CONTINUOUS
10
5.3615139370078735
20
-3.3995467322834645
11
5.3606992913385829
21
-3.4003613779527559
0
LINE
8
BLACK
6
CONTINUOUS
10
5.3606992913385829
20
-3.4003613779527559
11
5.3596348818897637
21
-3.400802283464567
0
LINE
8
BLACK
6
CONTINUOUS
10
5.3596348818897637
20
-3.400802283464567
11
5.3584827559055119
21
-3.400802283464567
0
LINE
8
BLACK
6
CONTINUOUS
10
5.3584827559055119
20
-3.400802283464567
11
5.3574183464566927
21
-3.4003613779527559
0
LINE
8
BLACK
6
CONTINUOUS
10
5.3574183464566927
20
-3.4003613779527559
11
5.3566037007874012
21
-3.3995467322834645
0
LINE
8
BLACK
6
CONTINUOUS
10
5.3566037007874012
20
-3.3995467322834645
11
5.3561627952755906
21
-3.3984823228346457
0
LINE
8
BLACK
6
CONTINUOUS
10
5.3561627952755906
20
-3.3984823228346457
11
5.3561394488188974
21
-3.3820673228346454
0
LINE
8
BLACK
6
CONTINUOUS
10
5.3561394488188974
20
-3.3820673228346454
11
5.3511774803149601
21
-3.3820853937007875
0
LINE
8
BLACK
6
CONTINUOUS
10
5.3511774803149601
20
-3.3820853937007875
11
5.3389806299212594
21
-3.3995995669291337
0
LINE
8
BLACK
6
CONTINUOUS
10
5.3389806299212594
20
-3.3995995669291337
11
5.3386038188976377
21
-3.4000389370078739
0
LINE
8
BLACK
6
CONTINUOUS
10
5.3386038188976377
20
-3.4000389370078739
11
5.3376322047244091
21
-3.4006581102362206
0
LINE
8
BLACK
6
CONTINUOUS
10
5.3376322047244091
20
-3.4006581102362206
11
5.3364976771653545
21
-3.4008583070866143
0
LINE
8
BLACK
6
CONTINUOUS
10
5.3364976771653545
20
-3.4008583070866143
11
5.3353728346456695
21
-3.4006091338582678
0
LINE
8
BLACK
6
CONTINUOUS
10
5.3353728346456695
20
-3.4006091338582678
11
5.3344289763779527
21
-3.3999484251968504
0
LINE
8
BLACK
6
CONTINUOUS
10
5.3344289763779527
20
-3.3999484251968504
11
5.333809803149606
21
-3.3989768110236218
0
LINE
8
BLACK
6
CONTINUOUS
10
5.333809803149606
20
-3.3989768110236218
11
5.3336096062992127
21
-3.3978422834645667
0
LINE
8
BLACK
6
CONTINUOUS
10
5.3336096062992127
20
-3.3978422834645667
11
5.3338587795275592
21
-3.3967174409448817
0
LINE
8
BLACK
6
CONTINUOUS
10
5.3338587795275592
20
-3.3967174409448817
11
5.3440324015748031
21
-3.3821085433070865
0
LINE
8
BLACK
6
CONTINUOUS
10
5.3440324015748031
20
-3.3821085433070865
11
5.3434846456692915
21
-3.3820546062992127
0
LINE
8
BLACK
6
CONTINUOUS
10
5.3434846456692915
20
-3.3820546062992127
11
5.3433866535433072
21
-3.3820140157480316
0
LINE
8
BLACK
6
CONTINUOUS
10
5.3433866535433072
20
-3.3820140157480316
11
5.3432807874015751
21
-3.3820064960629921
0
LINE
8
BLACK
6
CONTINUOUS
10
5.3432807874015751
20
-3.3820064960629921
11
5.342769015748031
21
-3.3817581496062989
0
LINE
8
BLACK
6
CONTINUOUS
10
5.342769015748031
20
-3.3817581496062989
11
5.3424202362204722
21
-3.3816137007874016
0
LINE
8
BLACK
6
CONTINUOUS
10
5.3424202362204722
20
-3.3816137007874016
11
5.3423721259842516
21
-3.381565590551181
0
LINE
8
BLACK
6
CONTINUOUS
10
5.3423721259842516
20
-3.381565590551181
11
5.3389906692913387
21
-3.3799248425196851
0
LINE
8
BLACK
6
CONTINUOUS
10
5.3389906692913387
20
-3.3799248425196851
11
5.3387426377952751
21
-3.3797687401574801
0
LINE
8
BLACK
6
CONTINUOUS
10
5.3387426377952751
20
-3.3797687401574801
11
5.3386707086614171
21
-3.3797389370078741
0
LINE
8
BLACK
6
CONTINUOUS
10
5.3386707086614171
20
-3.3797389370078741
11
5.3386246062992129
21
-3.3796944094488186
0
LINE
8
BLACK
6
CONTINUOUS
10
5.3386246062992129
20
-3.3796944094488186
11
5.3385007874015749
21
-3.379616496062992
0
LINE
8
BLACK
6
CONTINUOUS
10
5.3385007874015749
20
-3.379616496062992
11
5.3382790157480313
21
-3.3793607874015748
0
LINE
8
BLACK
6
CONTINUOUS
10
5.3382790157480313
20
-3.3793607874015748
11
5.3363485039370078
21
-3.3774969685039369
0
LINE
8
BLACK
6
CONTINUOUS
10
5.3363485039370078
20
-3.3774969685039369
11
5.3361627165354326
21
-3.3772705905511811
0
LINE
8
BLACK
6
CONTINUOUS
10
5.3361627165354326
20
-3.3772705905511811
11
5.3361037401574798
21
-3.3772194488188974
0
LINE
8
BLACK
6
CONTINUOUS
10
5.3361037401574798
20
-3.3772194488188974
11
5.3360750787401576
21
-3.3771637795275589
0
LINE
8
BLACK
6
CONTINUOUS
10
5.3360750787401576
20
-3.3771637795275589
11
5.3359812992125981
21
-3.3770495275590551
0
LINE
8
BLACK
6
CONTINUOUS
10
5.3359812992125981
20
-3.3770495275590551
11
5.3358376377952759
21
-3.3767027165354331
0
LINE
8
BLACK
6
CONTINUOUS
10
5.3358376377952759
20
-3.3767027165354331
11
5.33392062992126
21
-3.3729800393700788
0
LINE
8
BLACK
6
CONTINUOUS
10
5.33392062992126
20
-3.3729800393700788
11
5.3337137401574806
21
-3.3724394094488188
0
LINE
8
BLACK
6
CONTINUOUS
10
5.3337137401574806
20
-3.3724394094488188
11
5.3337062204724406
21
-3.3723335826771654
0
LINE
8
BLACK
6
CONTINUOUS
10
5.3337062204724406
20
-3.3723335826771654
11
5.3336656299212599
21
-3.3722355905511812
0
LINE
8
BLACK
6
CONTINUOUS
10
5.3336656299212599
20
-3.3722355905511812
11
5.3336606299212601
21
-3.3716923228346456
0
LINE
8
BLACK
6
CONTINUOUS
10
5.3336606299212601
20
-3.3716923228346456
11
5.3336320866141733
21
-3.3712901968503934
0
LINE
8
BLACK
6
CONTINUOUS
10
5.3336320866141733
20
-3.3712901968503934
11
5.3336562992125982
21
-3.3712174803149604
0
LINE
8
BLACK
6
CONTINUOUS
10
5.3336562992125982
20
-3.3712174803149604
11
5.3336088976377951
21
-3.3660352362204722
0
LINE
8
BLACK
6
CONTINUOUS
10
5.3336088976377951
20
-3.3660352362204722
11
5.3336656299212599
21
-3.3654591732283463
0
LINE
8
BLACK
6
CONTINUOUS
10
5.3336656299212599
20
-3.3654591732283463
11
5.3337062204724406
21
-3.3653611417322833
0
LINE
8
BLACK
6
CONTINUOUS
10
5.3337062204724406
20
-3.3653611417322833
11
5.3337137401574806
21
-3.3652553543307087
0
LINE
8
BLACK
6
CONTINUOUS
10
5.3337137401574806
20
-3.3652553543307087
11
5.3339619291338582
21
-3.3647437795275588
0
LINE
8
BLACK
6
CONTINUOUS
10
5.3339619291338582
20
-3.3647437795275588
11
5.3341065354330706
21
-3.3643947637795275
0
LINE
8
BLACK
6
CONTINUOUS
10
5.3341065354330706
20
-3.3643947637795275
11
5.3341546456692912
21
-3.3643466141732281
0
LINE
8
BLACK
6
CONTINUOUS
10
5.3341546456692912
20
-3.3643466141732281
11
5.3357953937007876
21
-3.3609651968503935
0
LINE
8
BLACK
6
CONTINUOUS
10
5.3357953937007876
20
-3.3609651968503935
11
5.3359514566929134
21
-3.3607171653543308
0
LINE
8
BLACK
6
CONTINUOUS
10
5.3359514566929134
20
-3.3607171653543308
11
5.3359812992125981
21
-3.3606452362204724
0
LINE
8
BLACK
6
CONTINUOUS
10
5.3359812992125981
20
-3.3606452362204724
11
5.3360257874015744
21
-3.3605991338582677
0
LINE
8
BLACK
6
CONTINUOUS
10
5.3360257874015744
20
-3.3605991338582677
11
5.3361037401574798
21
-3.3604753149606297
0
LINE
8
BLACK
6
CONTINUOUS
10
5.3361037401574798
20
-3.3604753149606297
11
5.3363594094488187
21
-3.3602535433070866
0
LINE
8
BLACK
6
CONTINUOUS
10
5.3363594094488187
20
-3.3602535433070866
11
5.3382232677165353
21
-3.358323031496063
0
LINE
8
BLACK
6
CONTINUOUS
10
5.3382232677165353
20
-3.358323031496063
11
5.3384496062992124
21
-3.3581372440944883
0
LINE
8
BLACK
6
CONTINUOUS
10
5.3384496062992124
20
-3.3581372440944883
11
5.3385007874015749
21
-3.3580782677165355
0
LINE
8
BLACK
6
CONTINUOUS
10
5.3385007874015749
20
-3.3580782677165355
11
5.3385564173228346
21
-3.3580496062992125
0
LINE
8
BLACK
6
CONTINUOUS
10
5.3385564173228346
20
-3.3580496062992125
11
5.3386707086614171
21
-3.3579558267716534
0
LINE
8
BLACK
6
CONTINUOUS
10
5.3386707086614171
20
-3.3579558267716534
11
5.3390175590551179
21
-3.3578121259842519
0
LINE
8
BLACK
6
CONTINUOUS
10
5.3390175590551179
20
-3.3578121259842519
11
5.3427401968503938
21
-3.3558951574803149
0
LINE
8
BLACK
6
CONTINUOUS
10
5.3427401968503938
20
-3.3558951574803149
11
5.3432807874015751
21
-3.3556882677165354
0
LINE
8
BLACK
6
CONTINUOUS
10
5.3432807874015751
20
-3.3556882677165354
11
5.3433866535433072
21
-3.3556807086614171
0
LINE
8
BLACK
6
CONTINUOUS
10
5.3433866535433072
20
-3.3556807086614171
11
5.3434846456692915
21
-3.3556401574803147
0
LINE
8
BLACK
6
CONTINUOUS
10
5.3434846456692915
20
-3.3556401574803147
11
5.3439834645669286
21
-3.3556383070866143
0
LINE
8
BLACK
6
CONTINUOUS
10
5.3439834645669286
20
-3.3556383070866143
11
5.34443
21
-3.3556066141732281
0
LINE
8
BLACK
6
CONTINUOUS
10
5.34443
20
-3.3556066141732281
11
5.3445192913385826
21
-3.3556363779527558
0
LINE
8
BLACK
6
CONTINUOUS
10
5.3445192913385826
20
-3.3556363779527558
11
5.3590588188976378
21
-3.3555834251968504
0
LINE
8
BLACK
6
CONTINUOUS
10
5.3590588188976378
20
-3.3555834251968504
11
5.3596348818897637
21
-3.3556401574803147
0
LINE
8
BLACK
6
CONTINUOUS
10
5.3446712598425199
20
-3.3614866929133855
11
5.3419670078740156
21
-3.3628792519685038
0
LINE
8
BLACK
6
CONTINUOUS
10
5.3419670078740156
20
-3.3628792519685038
11
5.3407762992125987
21
-3.3641125984251969
0
LINE
8
BLACK
6
CONTINUOUS
10
5.3407762992125987
20
-3.3641125984251969
11
5.3394699606299207
21
-3.3668048031496061
0
LINE
8
BLACK
6
CONTINUOUS
10
5.3394699606299207
20
-3.3668048031496061
11
5.3395087401574806
21
-3.371042283464567
0
LINE
8
BLACK
6
CONTINUOUS
10
5.3395087401574806
20
-3.371042283464567
11
5.340904724409449
21
-3.3737531889763779
0
LINE
8
BLACK
6
CONTINUOUS
10
5.340904724409449
20
-3.3737531889763779
11
5.3421381102362204
21
-3.374943937007874
0
LINE
8
BLACK
6
CONTINUOUS
10
5.3421381102362204
20
-3.374943937007874
11
5.3448454330708657
21
-3.3762575984251968
0
LINE
8
BLACK
6
CONTINUOUS
10
5.3448454330708657
20
-3.3762575984251968
11
5.3495566141732285
21
-3.376240433070866
0
LINE
8
BLACK
6
CONTINUOUS
10
5.3495566141732285
20
-3.376240433070866
11
5.3497489763779527
21
-3.3762064960629918
0
LINE
8
BLACK
6
CONTINUOUS
10
5.3497489763779527
20
-3.3762064960629918
11
5.3498965748031493
21
-3.3762391732283463
0
LINE
8
BLACK
6
CONTINUOUS
10
5.3498965748031493
20
-3.3762391732283463
11
5.3561311417322832
21
-3.3762164566929131
0
LINE
8
BLACK
6
CONTINUOUS
10
5.3561311417322832
20
-3.3762164566929131
11
5.3561101574803152
21
-3.3614450393700785
0
LINE
8
BLACK
6
CONTINUOUS
10
5.3561101574803152
20
-3.3614450393700785
11
5.3446712598425199
21
-3.3614866929133855
0
LINE
8
BLACK
6
CONTINUOUS
10
5.6496348818897637
20
-3.3556401574803147
11
5.650699291338583
21
-3.3560810629921258
0
LINE
8
BLACK
6
CONTINUOUS
10
5.650699291338583
20
-3.3560810629921258
11
5.6515139370078735
21
-3.3568957086614173
0
LINE
8
BLACK
6
CONTINUOUS
10
5.6515139370078735
20
-3.3568957086614173
11
5.6519548425196851
21
-3.3579601181102361
0
LINE
8
BLACK
6
CONTINUOUS
10
5.6519548425196851
20
-3.3579601181102361
11
5.6520115748031499
21
-3.3979062598425198
0
LINE
8
BLACK
6
CONTINUOUS
10
5.6520115748031499
20
-3.3979062598425198
11
5.6519548425196851
21
-3.3984823228346457
0
LINE
8
BLACK
6
CONTINUOUS
10
5.6519548425196851
20
-3.3984823228346457
11
5.6515139370078735
21
-3.3995467322834645
0
LINE
8
BLACK
6
CONTINUOUS
10
5.6515139370078735
20
-3.3995467322834645
11
5.650699291338583
21
-3.4003613779527559
0
LINE
8
BLACK
6
CONTINUOUS
10
5.650699291338583
20
-3.4003613779527559
11
5.6496348818897637
21
-3.400802283464567
0
LINE
8
BLACK
6
CONTINUOUS
10
5.6496348818897637
20
-3.400802283464567
11
5.648482755905512
21
-3.400802283464567
0
LINE
8
BLACK
6
CONTINUOUS
10
5.648482755905512
20
-3.400802283464567
11
5.6474183464566927
21
-3.4003613779527559
0
LINE
8
BLACK
6
CONTINUOUS
10
5.6474183464566927
20
-3.4003613779527559
11
5.6466037007874013
21
-3.3995467322834645
0
LINE
8
BLACK
6
CONTINUOUS
10
5.6466037007874013
20
-3.3995467322834645
11
5.6461627952755906
21
-3.3984823228346457
0
LINE
8
BLACK
6
CONTINUOUS
10
5.6461627952755906
20
-3.3984823228346457
11
5.6461394488188974
21
-3.3820673228346454
0
LINE
8
BLACK
6
CONTINUOUS
10
5.6461394488188974
20
-3.3820673228346454
11
5.6411774803149601
21
-3.3820853937007875
0
LINE
8
BLACK
6
CONTINUOUS
10
5.6411774803149601
20
-3.3820853937007875
11
5.6289806299212595
21
-3.3995995669291337
0
LINE
8
BLACK
6
CONTINUOUS
10
5.6289806299212595
20
-3.3995995669291337
11
5.6286038188976377
21
-3.4000389370078739
0
LINE
8
BLACK
6
CONTINUOUS
10
5.6286038188976377
20
-3.4000389370078739
11
5.6276322047244092
21
-3.4006581102362206
0
LINE
8
BLACK
6
CONTINUOUS
10
5.6276322047244092
20
-3.4006581102362206
11
5.6264976771653545
21
-3.4008583070866143
0
LINE
8
BLACK
6
CONTINUOUS
10
5.6264976771653545
20
-3.4008583070866143
11
5.6253728346456695
21
-3.4006091338582678
0
LINE
8
BLACK
6
CONTINUOUS
10
5.6253728346456695
20
-3.4006091338582678
11
5.6244289763779527
21
-3.3999484251968504
0
LINE
8
BLACK
6
CONTINUOUS
10
5.6244289763779527
20
-3.3999484251968504
11
5.623809803149606
21
-3.3989768110236218
0
LINE
8
BLACK
6
CONTINUOUS
10
5.623809803149606
20
-3.3989768110236218
11
5.6236096062992127
21
-3.3978422834645667
0
LINE
8
BLACK
6
CONTINUOUS
10
5.6236096062992127
20
-3.3978422834645667
11
5.6238587795275592
21
-3.3967174409448817
0
LINE
8
BLACK
6
CONTINUOUS
10
5.6238587795275592
20
-3.3967174409448817
11
5.6340324015748031
21
-3.3821085433070865
0
LINE
8
BLACK
6
CONTINUOUS
10
5.6340324015748031
20
-3.3821085433070865
11
5.6334846456692915
21
-3.3820546062992127
0
LINE
8
BLACK
6
CONTINUOUS
10
5.6334846456692915
20
-3.3820546062992127
11
5.6333866535433073
21
-3.3820140157480316
0
LINE
8
BLACK
6
CONTINUOUS
10
5.6333866535433073
20
-3.3820140157480316
11
5.6332807874015751
21
-3.3820064960629921
0
LINE
8
BLACK
6
CONTINUOUS
10
5.6332807874015751
20
-3.3820064960629921
11
5.632769015748031
21
-3.3817581496062989
0
LINE
8
BLACK
6
CONTINUOUS
10
5.632769015748031
20
-3.3817581496062989
11
5.6324202362204723
21
-3.3816137007874016
0
LINE
8
BLACK
6
CONTINUOUS
10
5.6324202362204723
20
-3.3816137007874016
11
5.6323721259842516
21
-3.381565590551181
0
LINE
8
BLACK
6
CONTINUOUS
10
5.6323721259842516
20
-3.381565590551181
11
5.6289906692913387
21
-3.3799248425196851
0
LINE
8
BLACK
6
CONTINUOUS
10
5.6289906692913387
20
-3.3799248425196851
11
5.6287426377952752
21
-3.3797687401574801
0
LINE
8
BLACK
6
CONTINUOUS
10
5.6287426377952752
20
-3.3797687401574801
11
5.6286707086614172
21
-3.3797389370078741
0
LINE
8
BLACK
6
CONTINUOUS
10
5.6286707086614172
20
-3.3797389370078741
11
5.6286246062992129
21
-3.3796944094488186
0
LINE
8
BLACK
6
CONTINUOUS
10
5.6286246062992129
20
-3.3796944094488186
11
5.6285007874015749
21
-3.379616496062992
0
LINE
8
BLACK
6
CONTINUOUS
10
5.6285007874015749
20
-3.379616496062992
11
5.6282790157480314
21
-3.3793607874015748
0
LINE
8
BLACK
6
CONTINUOUS
10
5.6282790157480314
20
-3.3793607874015748
11
5.6263485039370078
21
-3.3774969685039369
0
LINE
8
BLACK
6
CONTINUOUS
10
5.6263485039370078
20
-3.3774969685039369
11
5.6261627165354327
21
-3.3772705905511811
0
LINE
8
BLACK
6
CONTINUOUS
10
5.6261627165354327
20
-3.3772705905511811
11
5.6261037401574798
21
-3.3772194488188974
0
LINE
8
BLACK
6
CONTINUOUS
10
5.6261037401574798
20
-3.3772194488188974
11
5.6260750787401577
21
-3.3771637795275589
0
LINE
8
BLACK
6
CONTINUOUS
10
5.6260750787401577
20
-3.3771637795275589
11
5.6259812992125982
21
-3.3770495275590551
0
LINE
8
BLACK
6
CONTINUOUS
10
5.6259812992125982
20
-3.3770495275590551
11
5.6258376377952759
21
-3.3767027165354331
0
LINE
8
BLACK
6
CONTINUOUS
10
5.6258376377952759
20
-3.3767027165354331
11
5.6239206299212601
21
-3.3729800393700788
0
LINE
8
BLACK
6
CONTINUOUS
10
5.6239206299212601
20
-3.3729800393700788
11
5.6237137401574806
21
-3.3724394094488188
0
LINE
8
BLACK
6
CONTINUOUS
10
5.6237137401574806
20
-3.3724394094488188
11
5.6237062204724406
21
-3.3723335826771654
0
LINE
8
BLACK
6
CONTINUOUS
10
5.6237062204724406
20
-3.3723335826771654
11
5.62366562992126
21
-3.3722355905511812
0
LINE
8
BLACK
6
CONTINUOUS
10
5.62366562992126
20
-3.3722355905511812
11
5.6236606299212601
21
-3.3716923228346456
0
LINE
8
BLACK
6
CONTINUOUS
10
5.6236606299212601
20
-3.3716923228346456
11
5.6236320866141734
21
-3.3712901968503934
0
LINE
8
BLACK
6
CONTINUOUS
10
5.6236320866141734
20
-3.3712901968503934
11
5.6236562992125982
21
-3.3712174803149604
0
LINE
8
BLACK
6
CONTINUOUS
10
5.6236562992125982
20
-3.3712174803149604
11
5.6236088976377951
21
-3.3660352362204722
0
LINE
8
BLACK
6
CONTINUOUS
10
5.6236088976377951
20
-3.3660352362204722
11
5.62366562992126
21
-3.3654591732283463
0
LINE
8
BLACK
6
CONTINUOUS
10
5.62366562992126
20
-3.3654591732283463
11
5.6237062204724406
21
-3.3653611417322833
0
LINE
8
BLACK
6
CONTINUOUS
10
5.6237062204724406
20
-3.3653611417322833
11
5.6237137401574806
21
-3.3652553543307087
0
LINE
8
BLACK
6
CONTINUOUS
10
5.6237137401574806
20
-3.3652553543307087
11
5.6239619291338583
21
-3.3647437795275588
0
LINE
8
BLACK
6
CONTINUOUS
10
5.6239619291338583
20
-3.3647437795275588
11
5.6241065354330706
21
-3.3643947637795275
0
LINE
8
BLACK
6
CONTINUOUS
10
5.6241065354330706
20
-3.3643947637795275
11
5.6241546456692912
21
-3.3643466141732281
0
LINE
8
BLACK
6
CONTINUOUS
10
5.6241546456692912
20
-3.3643466141732281
11
5.6257953937007876
21
-3.3609651968503935
0
LINE
8
BLACK
6
CONTINUOUS
10
5.6257953937007876
20
-3.3609651968503935
11
5.6259514566929134
21
-3.3607171653543308
0
LINE
8
BLACK
6
CONTINUOUS
10
5.6259514566929134
20
-3.3607171653543308
11
5.6259812992125982
21
-3.3606452362204724
0
LINE
8
BLACK
6
CONTINUOUS
10
5.6259812992125982
20
-3.3606452362204724
11
5.6260257874015744
21
-3.3605991338582677
0
LINE
8
BLACK
6
CONTINUOUS
10
5.6260257874015744
20
-3.3605991338582677
11
5.6261037401574798
21
-3.3604753149606297
0
LINE
8
BLACK
6
CONTINUOUS
10
5.6261037401574798
20
-3.3604753149606297
11
5.6263594094488187
21
-3.3602535433070866
0
LINE
8
BLACK
6
CONTINUOUS
10
5.6263594094488187
20
-3.3602535433070866
11
5.6282232677165354
21
-3.358323031496063
0
LINE
8
BLACK
6
CONTINUOUS
10
5.6282232677165354
20
-3.358323031496063
11
5.6284496062992124
21
-3.3581372440944883
0
LINE
8
BLACK
6
CONTINUOUS
10
5.6284496062992124
20
-3.3581372440944883
11
5.6285007874015749
21
-3.3580782677165355
0
LINE
8
BLACK
6
CONTINUOUS
10
5.6285007874015749
20
-3.3580782677165355
11
5.6285564173228346
21
-3.3580496062992125
0
LINE
8
BLACK
6
CONTINUOUS
10
5.6285564173228346
20
-3.3580496062992125
11
5.6286707086614172
21
-3.3579558267716534
0
LINE
8
BLACK
6
CONTINUOUS
10
5.6286707086614172
20
-3.3579558267716534
11
5.6290175590551179
21
-3.3578121259842519
0
LINE
8
BLACK
6
CONTINUOUS
10
5.6290175590551179
20
-3.3578121259842519
11
5.6327401968503938
21
-3.3558951574803149
0
LINE
8
BLACK
6
CONTINUOUS
10
5.6327401968503938
20
-3.3558951574803149
11
5.6332807874015751
21
-3.3556882677165354
0
LINE
8
BLACK
6
CONTINUOUS
10
5.6332807874015751
20
-3.3556882677165354
11
5.6333866535433073
21
-3.3556807086614171
0
LINE
8
BLACK
6
CONTINUOUS
10
5.6333866535433073
20
-3.3556807086614171
11
5.6334846456692915
21
-3.3556401574803147
0
LINE
8
BLACK
6
CONTINUOUS
10
5.6334846456692915
20
-3.3556401574803147
11
5.6339834645669287
21
-3.3556383070866143
0
LINE
8
BLACK
6
CONTINUOUS
10
5.6339834645669287
20
-3.3556383070866143
11
5.63443
21
-3.3556066141732281
0
LINE
8
BLACK
6
CONTINUOUS
10
5.63443
20
-3.3556066141732281
11
5.6345192913385826
21
-3.3556363779527558
0
LINE
8
BLACK
6
CONTINUOUS
10
5.6345192913385826
20
-3.3556363779527558
11
5.6490588188976378
21
-3.3555834251968504
0
LINE
8
BLACK
6
CONTINUOUS
10
5.6490588188976378
20
-3.3555834251968504
11
5.6496348818897637
21
-3.3556401574803147
0
LINE
8
BLACK
6
CONTINUOUS
10
5.6346712598425199
20
-3.3614866929133855
11
5.6319670078740156
21
-3.3628792519685038
0
LINE
8
BLACK
6
CONTINUOUS
10
5.6319670078740156
20
-3.3628792519685038
11
5.6307762992125987
21
-3.3641125984251969
0
LINE
8
BLACK
6
CONTINUOUS
10
5.6307762992125987
20
-3.3641125984251969
11
5.6294699606299208
21
-3.3668048031496061
0
LINE
8
BLACK
6
CONTINUOUS
10
5.6294699606299208
20
-3.3668048031496061
11
5.6295087401574806
21
-3.371042283464567
0
LINE
8
BLACK
6
CONTINUOUS
10
5.6295087401574806
20
-3.371042283464567
11
5.630904724409449
21
-3.3737531889763779
0
LINE
8
BLACK
6
CONTINUOUS
10
5.630904724409449
20
-3.3737531889763779
11
5.6321381102362205
21
-3.374943937007874
0
LINE
8
BLACK
6
CONTINUOUS
10
5.6321381102362205
20
-3.374943937007874
11
5.6348454330708657
21
-3.3762575984251968
0
LINE
8
BLACK
6
CONTINUOUS
10
5.6348454330708657
20
-3.3762575984251968
11
5.6395566141732285
21
-3.376240433070866
0
LINE
8
BLACK
6
CONTINUOUS
10
5.6395566141732285
20
-3.376240433070866
11
5.6397489763779527
21
-3.3762064960629918
0
LINE
8
BLACK
6
CONTINUOUS
10
5.6397489763779527
20
-3.3762064960629918
11
5.6398965748031493
21
-3.3762391732283463
0
LINE
8
BLACK
6
CONTINUOUS
10
5.6398965748031493
20
-3.3762391732283463
11
5.6461311417322833
21
-3.3762164566929131
0
LINE
8
BLACK
6
CONTINUOUS
10
5.6461311417322833
20
-3.3762164566929131
11
5.6461101574803152
21
-3.3614450393700785
0
LINE
8
BLACK
6
CONTINUOUS
10
5.6461101574803152
20
-3.3614450393700785
11
5.6346712598425199
21
-3.3614866929133855
0
LINE
8
BLACK
6
CONTINUOUS
10
4.6561338582677161
20
-3.351123503937008
11
4.6561768897637794
21
-3.3511171259842518
0
LINE
8
BLACK
6
CONTINUOUS
10
4.6561768897637794
20
-3.3511171259842518
11
4.6562505511811025
21
-3.3511349999999998
0
LINE
8
BLACK
6
CONTINUOUS
10
4.6562505511811025
20
-3.3511349999999998
11
4.6566094094488184
21
-3.3511703543307085
0
LINE
8
BLACK
6
CONTINUOUS
10
4.6566094094488184
20
-3.3511703543307085
11
4.6569112992125987
21
-3.3512953937007874
0
LINE
8
BLACK
6
CONTINUOUS
10
4.6569112992125987
20
-3.3512953937007874
11
4.6642485433070862
21
-3.3530765354330709
0
LINE
8
BLACK
6
CONTINUOUS
10
4.6642485433070862
20
-3.3530765354330709
11
4.6642910236220469
21
-3.3530916929133858
0
LINE
8
BLACK
6
CONTINUOUS
10
4.6642910236220469
20
-3.3530916929133858
11
4.6643122834645672
21
-3.3530932283464567
0
LINE
8
BLACK
6
CONTINUOUS
10
4.6643122834645672
20
-3.3530932283464567
11
4.6643598031496065
21
-3.3531162598425195
0
LINE
8
BLACK
6
CONTINUOUS
10
4.6643598031496065
20
-3.3531162598425195
11
4.6647936614173231
21
-3.3532712992125981
0
LINE
8
BLACK
6
CONTINUOUS
10
4.6647936614173231
20
-3.3532712992125981
11
4.6650106299212597
21
-3.3534320866141734
0
LINE
8
BLACK
6
CONTINUOUS
10
4.6650106299212597
20
-3.3534320866141734
11
4.6686024409448814
21
-3.3551748818897638
0
LINE
8
BLACK
6
CONTINUOUS
10
4.6686024409448814
20
-3.3551748818897638
11
4.66885031496063
21
-3.3553309055118108
0
LINE
8
BLACK
6
CONTINUOUS
10
4.66885031496063
20
-3.3553309055118108
11
4.6689223622047242
21
-3.355360748031496
0
LINE
8
BLACK
6
CONTINUOUS
10
4.6689223622047242
20
-3.355360748031496
11
4.668966456692913
21
-3.3554039763779526
0
LINE
8
BLACK
6
CONTINUOUS
10
4.668966456692913
20
-3.3554039763779526
11
4.6690923228346453
21
-3.3554832283464564
0
LINE
8
BLACK
6
CONTINUOUS
10
4.6690923228346453
20
-3.3554832283464564
11
4.669349133858268
21
-3.3557793700787402
0
LINE
8
BLACK
6
CONTINUOUS
10
4.669349133858268
20
-3.3557793700787402
11
4.6731194094488187
21
-3.3594775196850395
0
LINE
8
BLACK
6
CONTINUOUS
10
4.6731194094488187
20
-3.3594775196850395
11
4.6734866535433071
21
-3.3599249606299213
0
LINE
8
BLACK
6
CONTINUOUS
10
4.6734866535433071
20
-3.3599249606299213
11
4.6735272440944877
21
-3.3600229921259843
0
LINE
8
BLACK
6
CONTINUOUS
10
4.6735272440944877
20
-3.3600229921259843
11
4.6735967322834648
21
-3.3601031102362202
0
LINE
8
BLACK
6
CONTINUOUS
10
4.6735967322834648
20
-3.3601031102362202
11
4.6737717322834644
21
-3.3606132677165355
0
LINE
8
BLACK
6
CONTINUOUS
10
4.6737717322834644
20
-3.3606132677165355
11
4.6739275196850389
21
-3.3609893700787401
0
LINE
8
BLACK
6
CONTINUOUS
10
4.6739275196850389
20
-3.3609893700787401
11
4.6739275196850389
21
-3.3610673228346455
0
LINE
8
BLACK
6
CONTINUOUS
10
4.6739275196850389
20
-3.3610673228346455
11
4.6757074803149603
21
-3.3662559448818898
0
LINE
8
BLACK
6
CONTINUOUS
10
4.6757074803149603
20
-3.3662559448818898
11
4.675772401574803
21
-3.3665415748031498
0
LINE
8
BLACK
6
CONTINUOUS
10
4.675772401574803
20
-3.3665415748031498
11
4.6758022834645665
21
-3.3666136614173228
0
LINE
8
BLACK
6
CONTINUOUS
10
4.6758022834645665
20
-3.3666136614173228
11
4.6758030708661416
21
-3.366676496062992
0
LINE
8
BLACK
6
CONTINUOUS
10
4.6758030708661416
20
-3.366676496062992
11
4.6758358267716531
21
-3.3668203937007872
0
LINE
8
BLACK
6
CONTINUOUS
10
4.6758358267716531
20
-3.3668203937007872
11
4.6758097637795277
21
-3.367186535433071
0
LINE
8
BLACK
6
CONTINUOUS
10
4.6758097637795277
20
-3.367186535433071
11
4.6758590157480313
21
-3.3709392519685037
0
LINE
8
BLACK
6
CONTINUOUS
10
4.6758590157480313
20
-3.3709392519685037
11
4.6758302755905508
21
-3.3712308267716535
0
LINE
8
BLACK
6
CONTINUOUS
10
4.6758302755905508
20
-3.3712308267716535
11
4.6758358267716531
21
-3.3713085826771652
0
LINE
8
BLACK
6
CONTINUOUS
10
4.6758358267716531
20
-3.3713085826771652
11
4.6758168503937005
21
-3.3713671259842517
0
LINE
8
BLACK
6
CONTINUOUS
10
4.6758168503937005
20
-3.3713671259842517
11
4.6758022834645665
21
-3.3715153149606301
0
LINE
8
BLACK
6
CONTINUOUS
10
4.6758022834645665
20
-3.3715153149606301
11
4.6756496062992126
21
-3.3718838188976377
0
LINE
8
BLACK
6
CONTINUOUS
10
4.6756496062992126
20
-3.3718838188976377
11
4.6738327165354328
21
-3.3774972834645669
0
LINE
8
BLACK
6
CONTINUOUS
10
4.6738327165354328
20
-3.3774972834645669
11
4.6735967322834648
21
-3.3780258661417322
0
LINE
8
BLACK
6
CONTINUOUS
10
4.6735967322834648
20
-3.3780258661417322
11
4.6735271653543302
21
-3.3781060236220473
0
LINE
8
BLACK
6
CONTINUOUS
10
4.6735271653543302
20
-3.3781060236220473
11
4.6734866141732283
21
-3.3782040157480315
0
LINE
8
BLACK
6
CONTINUOUS
10
4.6734866141732283
20
-3.3782040157480315
11
4.6730498425196849
21
-3.3786563779527556
0
LINE
8
BLACK
6
CONTINUOUS
10
4.6730498425196849
20
-3.3786563779527556
11
4.6728418503937004
21
-3.3788962204724409
0
LINE
8
BLACK
6
CONTINUOUS
10
4.6728418503937004
20
-3.3788962204724409
11
4.6727963385826774
21
-3.378918937007874
0
LINE
8
BLACK
6
CONTINUOUS
10
4.6727963385826774
20
-3.378918937007874
11
4.6712445669291336
21
-3.3805262598425196
0
LINE
8
BLACK
6
CONTINUOUS
10
4.6712445669291336
20
-3.3805262598425196
11
4.6707971259842518
21
-3.3808934645669289
0
LINE
8
BLACK
6
CONTINUOUS
10
4.6707971259842518
20
-3.3808934645669289
11
4.6697327165354325
21
-3.3813343307086612
0
LINE
8
BLACK
6
CONTINUOUS
10
4.6697327165354325
20
-3.3813343307086612
11
4.6685806299212596
21
-3.3813343307086612
0
LINE
8
BLACK
6
CONTINUOUS
10
4.6685806299212596
20
-3.3813343307086612
11
4.6675162204724412
21
-3.3808934251968501
0
LINE
8
BLACK
6
CONTINUOUS
10
4.6675162204724412
20
-3.3808934251968501
11
4.666701535433071
21
-3.3800787401574803
0
LINE
8
BLACK
6
CONTINUOUS
10
4.666701535433071
20
-3.3800787401574803
11
4.6662606692913382
21
-3.3790143307086615
0
LINE
8
BLACK
6
CONTINUOUS
10
4.6662606692913382
20
-3.3790143307086615
11
4.6662606692913382
21
-3.3778622440944881
0
LINE
8
BLACK
6
CONTINUOUS
10
4.6662606692913382
20
-3.3778622440944881
11
4.6667015748031497
21
-3.3767978346456693
0
LINE
8
BLACK
6
CONTINUOUS
10
4.6667015748031497
20
-3.3767978346456693
11
4.6685142519685039
21
-3.3749202755905512
0
LINE
8
BLACK
6
CONTINUOUS
10
4.6685142519685039
20
-3.3749202755905512
11
4.6699948818897639
21
-3.3703457874015745
0
LINE
8
BLACK
6
CONTINUOUS
10
4.6699948818897639
20
-3.3703457874015745
11
4.6699580314960629
21
-3.367535590551181
0
LINE
8
BLACK
6
CONTINUOUS
10
4.6699580314960629
20
-3.367535590551181
11
4.6684281889763781
21
-3.3630761417322832
0
LINE
8
BLACK
6
CONTINUOUS
10
4.6684281889763781
20
-3.3630761417322832
11
4.6654468503937006
21
-3.3601518503937009
0
LINE
8
BLACK
6
CONTINUOUS
10
4.6654468503937006
20
-3.3601518503937009
11
4.6623047244094487
21
-3.3586272047244092
0
LINE
8
BLACK
6
CONTINUOUS
10
4.6623047244094487
20
-3.3586272047244092
11
4.6554888582677165
21
-3.3569726377952755
0
LINE
8
BLACK
6
CONTINUOUS
10
4.6554888582677165
20
-3.3569726377952755
11
4.6505765748031491
21
-3.3570175984251969
0
LINE
8
BLACK
6
CONTINUOUS
10
4.6505765748031491
20
-3.3570175984251969
11
4.6437486220472444
21
-3.358774212598425
0
LINE
8
BLACK
6
CONTINUOUS
10
4.6437486220472444
20
-3.358774212598425
11
4.6407905511811025
21
-3.3602974803149603
0
LINE
8
BLACK
6
CONTINUOUS
10
4.6407905511811025
20
-3.3602974803149603
11
4.6379248031496063
21
-3.3632190944881888
0
LINE
8
BLACK
6
CONTINUOUS
10
4.6379248031496063
20
-3.3632190944881888
11
4.6364475196850394
21
-3.3677831496062991
0
LINE
8
BLACK
6
CONTINUOUS
10
4.6364475196850394
20
-3.3677831496062991
11
4.6364843700787404
21
-3.3705933070866143
0
LINE
8
BLACK
6
CONTINUOUS
10
4.6364843700787404
20
-3.3705933070866143
11
4.6380066141732286
21
-3.3750306299212598
0
LINE
8
BLACK
6
CONTINUOUS
10
4.6380066141732286
20
-3.3750306299212598
11
4.6393736220472439
21
-3.3763503937007875
0
LINE
8
BLACK
6
CONTINUOUS
10
4.6393736220472439
20
-3.3763503937007875
11
4.6397408267716536
21
-3.3767978346456693
0
LINE
8
BLACK
6
CONTINUOUS
10
4.6397408267716536
20
-3.3767978346456693
11
4.6401817322834642
21
-3.3778622440944881
0
LINE
8
BLACK
6
CONTINUOUS
10
4.6401817322834642
20
-3.3778622440944881
11
4.6401817322834642
21
-3.3790143307086615
0
LINE
8
BLACK
6
CONTINUOUS
10
4.6401817322834642
20
-3.3790143307086615
11
4.6397408267716536
21
-3.3800787401574803
0
LINE
8
BLACK
6
CONTINUOUS
10
4.6397408267716536
20
-3.3800787401574803
11
4.6389261417322833
21
-3.3808934251968501
0
LINE
8
BLACK
6
CONTINUOUS
10
4.6389261417322833
20
-3.3808934251968501
11
4.6378617322834641
21
-3.3813343307086612
0
LINE
8
BLACK
6
CONTINUOUS
10
4.6378617322834641
20
-3.3813343307086612
11
4.6367096456692911
21
-3.3813343307086612
0
LINE
8
BLACK
6
CONTINUOUS
10
4.6367096456692911
20
-3.3813343307086612
11
4.6356452362204728
21
-3.3808934251968501
0
LINE
8
BLACK
6
CONTINUOUS
10
4.6356452362204728
20
-3.3808934251968501
11
4.6333230314960625
21
-3.3786514566929133
0
LINE
8
BLACK
6
CONTINUOUS
10
4.6333230314960625
20
-3.3786514566929133
11
4.6329558267716537
21
-3.3782040157480315
0
LINE
8
BLACK
6
CONTINUOUS
10
4.6329558267716537
20
-3.3782040157480315
11
4.6329151968503934
21
-3.3781059448818898
0
LINE
8
BLACK
6
CONTINUOUS
10
4.6329151968503934
20
-3.3781059448818898
11
4.6328457086614172
21
-3.3780258267716534
0
LINE
8
BLACK
6
CONTINUOUS
10
4.6328457086614172
20
-3.3780258267716534
11
4.6326706299212601
21
-3.3775155118110236
0
LINE
8
BLACK
6
CONTINUOUS
10
4.6326706299212601
20
-3.3775155118110236
11
4.6325149212598422
21
-3.377139566929134
0
LINE
8
BLACK
6
CONTINUOUS
10
4.6325149212598422
20
-3.377139566929134
11
4.6325149212598422
21
-3.3770615748031494
0
LINE
8
BLACK
6
CONTINUOUS
10
4.6325149212598422
20
-3.3770615748031494
11
4.6307349606299208
21
-3.3718729921259842
0
LINE
8
BLACK
6
CONTINUOUS
10
4.6307349606299208
20
-3.3718729921259842
11
4.6306700000000003
21
-3.3715874015748031
0
LINE
8
BLACK
6
CONTINUOUS
10
4.6306700000000003
20
-3.3715874015748031
11
4.6306401574803147
21
-3.3715153149606301
0
LINE
8
BLACK
6
CONTINUOUS
10
4.6306401574803147
20
-3.3715153149606301
11
4.6306393307086617
21
-3.3714524015748029
0
LINE
8
BLACK
6
CONTINUOUS
10
4.6306393307086617
20
-3.3714524015748029
11
4.6306066141732281
21
-3.3713085433070864
0
LINE
8
BLACK
6
CONTINUOUS
10
4.6306066141732281
20
-3.3713085433070864
11
4.6306326377952756
21
-3.3709423622047243
0
LINE
8
BLACK
6
CONTINUOUS
10
4.6306326377952756
20
-3.3709423622047243
11
4.6305834251968498
21
-3.3671897244094486
0
LINE
8
BLACK
6
CONTINUOUS
10
4.6305834251968498
20
-3.3671897244094486
11
4.6306121259842516
21
-3.3668981496062993
0
LINE
8
BLACK
6
CONTINUOUS
10
4.6306121259842516
20
-3.3668981496062993
11
4.6306066141732281
21
-3.366820433070866
0
LINE
8
BLACK
6
CONTINUOUS
10
4.6306066141732281
20
-3.366820433070866
11
4.6306255511811019
21
-3.3667618897637794
0
LINE
8
BLACK
6
CONTINUOUS
10
4.6306255511811019
20
-3.3667618897637794
11
4.6306401574803147
21
-3.3666136614173228
0
LINE
8
BLACK
6
CONTINUOUS
10
4.6306401574803147
20
-3.3666136614173228
11
4.6307928346456695
21
-3.3662449999999997
0
LINE
8
BLACK
6
CONTINUOUS
10
4.6307928346456695
20
-3.3662449999999997
11
4.6326097244094484
21
-3.3606316929133859
0
LINE
8
BLACK
6
CONTINUOUS
10
4.6326097244094484
20
-3.3606316929133859
11
4.6328457086614172
21
-3.360103149606299
0
LINE
8
BLACK
6
CONTINUOUS
10
4.6328457086614172
20
-3.360103149606299
11
4.6329151968503934
21
-3.3600229921259843
0
LINE
8
BLACK
6
CONTINUOUS
10
4.6329151968503934
20
-3.3600229921259843
11
4.6329558267716537
21
-3.3599249606299213
0
LINE
8
BLACK
6
CONTINUOUS
10
4.6329558267716537
20
-3.3599249606299213
11
4.6333396062992129
21
-3.3595336614173226
0
LINE
8
BLACK
6
CONTINUOUS
10
4.6333396062992129
20
-3.3595336614173226
11
4.6336005905511808
21
-3.3592327952755903
0
LINE
8
BLACK
6
CONTINUOUS
10
4.6336005905511808
20
-3.3592327952755903
11
4.6336676377952752
21
-3.3591992519685037
0
LINE
8
BLACK
6
CONTINUOUS
10
4.6336676377952752
20
-3.3591992519685037
11
4.6370725590551176
21
-3.3557279921259844
0
LINE
8
BLACK
6
CONTINUOUS
10
4.6370725590551176
20
-3.3557279921259844
11
4.6372989370078743
21
-3.3555421259842517
0
LINE
8
BLACK
6
CONTINUOUS
10
4.6372989370078743
20
-3.3555421259842517
11
4.6373500787401571
21
-3.3554832283464564
0
LINE
8
BLACK
6
CONTINUOUS
10
4.6373500787401571
20
-3.3554832283464564
11
4.6374055905511806
21
-3.3554546062992125
0
LINE
8
BLACK
6
CONTINUOUS
10
4.6374055905511806
20
-3.3554546062992125
11
4.6375200000000003
21
-3.355360748031496
0
LINE
8
BLACK
6
CONTINUOUS
10
4.6375200000000003
20
-3.355360748031496
11
4.6378670472440948
21
-3.355216968503937
0
LINE
8
BLACK
6
CONTINUOUS
10
4.6378670472440948
20
-3.355216968503937
11
4.6415894881889761
21
-3.3533001181102362
0
LINE
8
BLACK
6
CONTINUOUS
10
4.6415894881889761
20
-3.3533001181102362
11
4.6416315748031494
21
-3.3532839763779525
0
LINE
8
BLACK
6
CONTINUOUS
10
4.6416315748031494
20
-3.3532839763779525
11
4.6416487401574802
21
-3.3532712992125981
0
LINE
8
BLACK
6
CONTINUOUS
10
4.6416487401574802
20
-3.3532712992125981
11
4.6416976771653546
21
-3.3532587007874013
0
LINE
8
BLACK
6
CONTINUOUS
10
4.6416976771653546
20
-3.3532587007874013
11
4.6421300787401574
21
-3.3530932283464567
0
LINE
8
BLACK
6
CONTINUOUS
10
4.6421300787401574
20
-3.3530932283464567
11
4.6424212992125984
21
-3.3530725196850395
0
LINE
8
BLACK
6
CONTINUOUS
10
4.6424212992125984
20
-3.3530725196850395
11
4.6496929133858265
21
-3.3512017716535434
0
LINE
8
BLACK
6
CONTINUOUS
10
4.6496929133858265
20
-3.3512017716535434
11
4.6497927559055121
21
-3.3511869685039368
0
LINE
8
BLACK
6
CONTINUOUS
10
4.6497927559055121
20
-3.3511869685039368
11
4.649832992125984
21
-3.3511703543307085
0
LINE
8
BLACK
6
CONTINUOUS
10
4.649832992125984
20
-3.3511703543307085
11
4.649910196850394
21
-3.3511696456692914
0
LINE
8
BLACK
6
CONTINUOUS
10
4.649910196850394
20
-3.3511696456692914
11
4.6502655118110239
21
-3.3511171259842518
0
LINE
8
BLACK
6
CONTINUOUS
10
4.6502655118110239
20
-3.3511171259842518
11
4.6505774409448817
21
-3.3511635039370078
0
LINE
8
BLACK
6
CONTINUOUS
10
4.6505774409448817
20
-3.3511635039370078
11
4.6560333464566925
21
-3.3511136220472442
0
LINE
8
BLACK
6
CONTINUOUS
10
4.6560333464566925
20
-3.3511136220472442
11
4.6561338582677161
21
-3.351123503937008
0
LINE
8
BLACK
6
CONTINUOUS
10
4.7911338582677168
20
-3.3461235039370076
11
4.7911768897637792
21
-3.3461171259842519
0
LINE
8
BLACK
6
CONTINUOUS
10
4.7911768897637792
20
-3.3461171259842519
11
4.7912505511811023
21
-3.3461349999999999
0
LINE
8
BLACK
6
CONTINUOUS
10
4.7912505511811023
20
-3.3461349999999999
11
4.7916094094488191
21
-3.3461703543307086
0
LINE
8
BLACK
6
CONTINUOUS
10
4.7916094094488191
20
-3.3461703543307086
11
4.7919112992125985
21
-3.3462953937007875
0
LINE
8
BLACK
6
CONTINUOUS
10
4.7919112992125985
20
-3.3462953937007875
11
4.7992485433070868
21
-3.3480765354330706
0
LINE
8
BLACK
6
CONTINUOUS
10
4.7992485433070868
20
-3.3480765354330706
11
4.7992910236220467
21
-3.3480916929133859
0
LINE
8
BLACK
6
CONTINUOUS
10
4.7992910236220467
20
-3.3480916929133859
11
4.799312283464567
21
-3.3480932283464564
0
LINE
8
BLACK
6
CONTINUOUS
10
4.799312283464567
20
-3.3480932283464564
11
4.7993598031496063
21
-3.3481162598425196
0
LINE
8
BLACK
6
CONTINUOUS
10
4.7993598031496063
20
-3.3481162598425196
11
4.7997936614173229
21
-3.3482712992125983
0
LINE
8
BLACK
6
CONTINUOUS
10
4.7997936614173229
20
-3.3482712992125983
11
4.8000106299212595
21
-3.348432086614173
0
LINE
8
BLACK
6
CONTINUOUS
10
4.8000106299212595
20
-3.348432086614173
11
4.8036024409448821
21
-3.3501748818897639
0
LINE
8
BLACK
6
CONTINUOUS
10
4.8036024409448821
20
-3.3501748818897639
11
4.8038503149606298
21
-3.3503309055118109
0
LINE
8
BLACK
6
CONTINUOUS
10
4.8038503149606298
20
-3.3503309055118109
11
4.803922362204724
21
-3.3503607480314961
0
LINE
8
BLACK
6
CONTINUOUS
10
4.803922362204724
20
-3.3503607480314961
11
4.8039664566929137
21
-3.3504039763779527
0
LINE
8
BLACK
6
CONTINUOUS
10
4.8039664566929137
20
-3.3504039763779527
11
4.8040923228346459
21
-3.3504832283464565
0
LINE
8
BLACK
6
CONTINUOUS
10
4.8040923228346459
20
-3.3504832283464565
11
4.8043491338582678
21
-3.3507793700787403
0
LINE
8
BLACK
6
CONTINUOUS
10
4.8043491338582678
20
-3.3507793700787403
11
4.8081194094488184
21
-3.3544775196850392
0
LINE
8
BLACK
6
CONTINUOUS
10
4.8081194094488184
20
-3.3544775196850392
11
4.8084866535433068
21
-3.3549249606299214
0
LINE
8
BLACK
6
CONTINUOUS
10
4.8084866535433068
20
-3.3549249606299214
11
4.8085272440944884
21
-3.355022992125984
0
LINE
8
BLACK
6
CONTINUOUS
10
4.8085272440944884
20
-3.355022992125984
11
4.8085967322834646
21
-3.3551031102362203
0
LINE
8
BLACK
6
CONTINUOUS
10
4.8085967322834646
20
-3.3551031102362203
11
4.8087717322834642
21
-3.3556132677165356
0
LINE
8
BLACK
6
CONTINUOUS
10
4.8087717322834642
20
-3.3556132677165356
11
4.8089275196850396
21
-3.3559893700787402
0
LINE
8
BLACK
6
CONTINUOUS
10
4.8089275196850396
20
-3.3559893700787402
11
4.8089275196850396
21
-3.3560673228346456
0
LINE
8
BLACK
6
CONTINUOUS
10
4.8089275196850396
20
-3.3560673228346456
11
4.8107074803149601
21
-3.3612559448818895
0
LINE
8
BLACK
6
CONTINUOUS
10
4.8107074803149601
20
-3.3612559448818895
11
4.8107724015748028
21
-3.3615415748031494
0
LINE
8
BLACK
6
CONTINUOUS
10
4.8107724015748028
20
-3.3615415748031494
11
4.8108022834645672
21
-3.3616136614173229
0
LINE
8
BLACK
6
CONTINUOUS
10
4.8108022834645672
20
-3.3616136614173229
11
4.8108030708661413
21
-3.3616764960629921
0
LINE
8
BLACK
6
CONTINUOUS
10
4.8108030708661413
20
-3.3616764960629921
11
4.8108358267716538
21
-3.3618203937007873
0
LINE
8
BLACK
6
CONTINUOUS
10
4.8108358267716538
20
-3.3618203937007873
11
4.8108097637795275
21
-3.3621865354330707
0
LINE
8
BLACK
6
CONTINUOUS
10
4.8108097637795275
20
-3.3621865354330707
11
4.8108590157480311
21
-3.3659392519685039
0
LINE
8
BLACK
6
CONTINUOUS
10
4.8108590157480311
20
-3.3659392519685039
11
4.8108302755905514
21
-3.3662308267716536
0
LINE
8
BLACK
6
CONTINUOUS
10
4.8108302755905514
20
-3.3662308267716536
11
4.8108358267716538
21
-3.3663085826771653
0
LINE
8
BLACK
6
CONTINUOUS
10
4.8108358267716538
20
-3.3663085826771653
11
4.8108168503937003
21
-3.3663671259842518
0
LINE
8
BLACK
6
CONTINUOUS
10
4.8108168503937003
20
-3.3663671259842518
11
4.8108022834645672
21
-3.3665153149606297
0
LINE
8
BLACK
6
CONTINUOUS
10
4.8108022834645672
20
-3.3665153149606297
11
4.8106496062992123
21
-3.3668838188976378
0
LINE
8
BLACK
6
CONTINUOUS
10
4.8106496062992123
20
-3.3668838188976378
11
4.8088327165354325
21
-3.372497283464567
0
LINE
8
BLACK
6
CONTINUOUS
10
4.8088327165354325
20
-3.372497283464567
11
4.8085967322834646
21
-3.3730258661417323
0
LINE
8
BLACK
6
CONTINUOUS
10
4.8085967322834646
20
-3.3730258661417323
11
4.8085271653543309
21
-3.3731060236220474
0
LINE
8
BLACK
6
CONTINUOUS
10
4.8085271653543309
20
-3.3731060236220474
11
4.8084866141732281
21
-3.3732040157480316
0
LINE
8
BLACK
6
CONTINUOUS
10
4.8084866141732281
20
-3.3732040157480316
11
4.8080498425196847
21
-3.3736563779527557
0
LINE
8
BLACK
6
CONTINUOUS
10
4.8080498425196847
20
-3.3736563779527557
11
4.807841850393701
21
-3.373896220472441
0
LINE
8
BLACK
6
CONTINUOUS
10
4.807841850393701
20
-3.373896220472441
11
4.8077963385826772
21
-3.3739189370078742
0
LINE
8
BLACK
6
CONTINUOUS
10
4.8077963385826772
20
-3.3739189370078742
11
4.8062445669291334
21
-3.3755262598425197
0
LINE
8
BLACK
6
CONTINUOUS
10
4.8062445669291334
20
-3.3755262598425197
11
4.8057971259842516
21
-3.375893464566929
0
LINE
8
BLACK
6
CONTINUOUS
10
4.8057971259842516
20
-3.375893464566929
11
4.8047327165354332
21
-3.3763343307086613
0
LINE
8
BLACK
6
CONTINUOUS
10
4.8047327165354332
20
-3.3763343307086613
11
4.8035806299212593
21
-3.3763343307086613
0
LINE
8
BLACK
6
CONTINUOUS
10
4.8035806299212593
20
-3.3763343307086613
11
4.802516220472441
21
-3.3758934251968502
0
LINE
8
BLACK
6
CONTINUOUS
10
4.802516220472441
20
-3.3758934251968502
11
4.8017015354330708
21
-3.3750787401574804
0
LINE
8
BLACK
6
CONTINUOUS
10
4.8017015354330708
20
-3.3750787401574804
11
4.8012606692913389
21
-3.3740143307086612
0
LINE
8
BLACK
6
CONTINUOUS
10
4.8012606692913389
20
-3.3740143307086612
11
4.8012606692913389
21
-3.3728622440944882
0
LINE
8
BLACK
6
CONTINUOUS
10
4.8012606692913389
20
-3.3728622440944882
11
4.8017015748031495
21
-3.3717978346456694
0
LINE
8
BLACK
6
CONTINUOUS
10
4.8017015748031495
20
-3.3717978346456694
11
4.8035142519685037
21
-3.3699202755905513
0
LINE
8
BLACK
6
CONTINUOUS
10
4.8035142519685037
20
-3.3699202755905513
11
4.8049948818897636
21
-3.3653457874015746
0
LINE
8
BLACK
6
CONTINUOUS
10
4.8049948818897636
20
-3.3653457874015746
11
4.8049580314960627
21
-3.3625355905511811
0
LINE
8
BLACK
6
CONTINUOUS
10
4.8049580314960627
20
-3.3625355905511811
11
4.8034281889763779
21
-3.3580761417322833
0
LINE
8
BLACK
6
CONTINUOUS
10
4.8034281889763779
20
-3.3580761417322833
11
4.8004468503937003
21
-3.3551518503937006
0
LINE
8
BLACK
6
CONTINUOUS
10
4.8004468503937003
20
-3.3551518503937006
11
4.7973047244094484
21
-3.3536272047244093
0
LINE
8
BLACK
6
CONTINUOUS
10
4.7973047244094484
20
-3.3536272047244093
11
4.7904888582677163
21
-3.3519726377952757
0
LINE
8
BLACK
6
CONTINUOUS
10
4.7904888582677163
20
-3.3519726377952757
11
4.7855765748031498
21
-3.352017598425197
0
LINE
8
BLACK
6
CONTINUOUS
10
4.7855765748031498
20
-3.352017598425197
11
4.7787486220472442
21
-3.3537742125984251
0
LINE
8
BLACK
6
CONTINUOUS
10
4.7787486220472442
20
-3.3537742125984251
11
4.7757905511811023
21
-3.3552974803149604
0
LINE
8
BLACK
6
CONTINUOUS
10
4.7757905511811023
20
-3.3552974803149604
11
4.7729248031496061
21
-3.3582190944881889
0
LINE
8
BLACK
6
CONTINUOUS
10
4.7729248031496061
20
-3.3582190944881889
11
4.7714475196850392
21
-3.3627831496062992
0
LINE
8
BLACK
6
CONTINUOUS
10
4.7714475196850392
20
-3.3627831496062992
11
4.7714843700787402
21
-3.365593307086614
0
LINE
8
BLACK
6
CONTINUOUS
10
4.7714843700787402
20
-3.365593307086614
11
4.7730066141732284
21
-3.3700306299212599
0
LINE
8
BLACK
6
CONTINUOUS
10
4.7730066141732284
20
-3.3700306299212599
11
4.7743736220472437
21
-3.3713503937007872
0
LINE
8
BLACK
6
CONTINUOUS
10
4.7743736220472437
20
-3.3713503937007872
11
4.7747408267716533
21
-3.3717978346456694
0
LINE
8
BLACK
6
CONTINUOUS
10
4.7747408267716533
20
-3.3717978346456694
11
4.7751817322834649
21
-3.3728622440944882
0
LINE
8
BLACK
6
CONTINUOUS
10
4.7751817322834649
20
-3.3728622440944882
11
4.7751817322834649
21
-3.3740143307086612
0
LINE
8
BLACK
6
CONTINUOUS
10
4.7751817322834649
20
-3.3740143307086612
11
4.7747408267716533
21
-3.3750787401574804
0
LINE
8
BLACK
6
CONTINUOUS
10
4.7747408267716533
20
-3.3750787401574804
11
4.7739261417322831
21
-3.3758934251968502
0
LINE
8
BLACK
6
CONTINUOUS
10
4.7739261417322831
20
-3.3758934251968502
11
4.7728617322834648
21
-3.3763343307086613
0
LINE
8
BLACK
6
CONTINUOUS
10
4.7728617322834648
20
-3.3763343307086613
11
4.7717096456692909
21
-3.3763343307086613
0
LINE
8
BLACK
6
CONTINUOUS
10
4.7717096456692909
20
-3.3763343307086613
11
4.7706452362204725
21
-3.3758934251968502
0
LINE
8
BLACK
6
CONTINUOUS
10
4.7706452362204725
20
-3.3758934251968502
11
4.7683230314960632
21
-3.3736514566929134
0
LINE
8
BLACK
6
CONTINUOUS
10
4.7683230314960632
20
-3.3736514566929134
11
4.7679558267716535
21
-3.3732040157480316
0
LINE
8
BLACK
6
CONTINUOUS
10
4.7679558267716535
20
-3.3732040157480316
11
4.7679151968503932
21
-3.3731059448818899
0
LINE
8
BLACK
6
CONTINUOUS
10
4.7679151968503932
20
-3.3731059448818899
11
4.767845708661417
21
-3.3730258267716535
0
LINE
8
BLACK
6
CONTINUOUS
10
4.767845708661417
20
-3.3730258267716535
11
4.7676706299212599
21
-3.3725155118110237
0
LINE
8
BLACK
6
CONTINUOUS
10
4.7676706299212599
20
-3.3725155118110237
11
4.767514921259842
21
-3.3721395669291336
0
LINE
8
BLACK
6
CONTINUOUS
10
4.767514921259842
20
-3.3721395669291336
11
4.767514921259842
21
-3.3720615748031495
0
LINE
8
BLACK
6
CONTINUOUS
10
4.767514921259842
20
-3.3720615748031495
11
4.7657349606299215
21
-3.3668729921259843
0
LINE
8
BLACK
6
CONTINUOUS
10
4.7657349606299215
20
-3.3668729921259843
11
4.7656700000000001
21
-3.3665874015748032
0
LINE
8
BLACK
6
CONTINUOUS
10
4.7656700000000001
20
-3.3665874015748032
11
4.7656401574803144
21
-3.3665153149606297
0
LINE
8
BLACK
6
CONTINUOUS
10
4.7656401574803144
20
-3.3665153149606297
11
4.7656393307086615
21
-3.366452401574803
0
LINE
8
BLACK
6
CONTINUOUS
10
4.7656393307086615
20
-3.366452401574803
11
4.7656066141732278
21
-3.3663085433070865
0
LINE
8
BLACK
6
CONTINUOUS
10
4.7656066141732278
20
-3.3663085433070865
11
4.7656326377952754
21
-3.3659423622047244
0
LINE
8
BLACK
6
CONTINUOUS
10
4.7656326377952754
20
-3.3659423622047244
11
4.7655834251968505
21
-3.3621897244094487
0
LINE
8
BLACK
6
CONTINUOUS
10
4.7655834251968505
20
-3.3621897244094487
11
4.7656121259842514
21
-3.361898149606299
0
LINE
8
BLACK
6
CONTINUOUS
10
4.7656121259842514
20
-3.361898149606299
11
4.7656066141732278
21
-3.3618204330708661
0
LINE
8
BLACK
6
CONTINUOUS
10
4.7656066141732278
20
-3.3618204330708661
11
4.7656255511811025
21
-3.3617618897637795
0
LINE
8
BLACK
6
CONTINUOUS
10
4.7656255511811025
20
-3.3617618897637795
11
4.7656401574803144
21
-3.3616136614173229
0
LINE
8
BLACK
6
CONTINUOUS
10
4.7656401574803144
20
-3.3616136614173229
11
4.7657928346456693
21
-3.3612449999999998
0
LINE
8
BLACK
6
CONTINUOUS
10
4.7657928346456693
20
-3.3612449999999998
11
4.7676097244094491
21
-3.3556316929133856
0
LINE
8
BLACK
6
CONTINUOUS
10
4.7676097244094491
20
-3.3556316929133856
11
4.767845708661417
21
-3.3551031496062991
0
LINE
8
BLACK
6
CONTINUOUS
10
4.767845708661417
20
-3.3551031496062991
11
4.7679151968503932
21
-3.355022992125984
0
LINE
8
BLACK
6
CONTINUOUS
10
4.7679151968503932
20
-3.355022992125984
11
4.7679558267716535
21
-3.3549249606299214
0
LINE
8
BLACK
6
CONTINUOUS
10
4.7679558267716535
20
-3.3549249606299214
11
4.7683396062992127
21
-3.3545336614173227
0
LINE
8
BLACK
6
CONTINUOUS
10
4.7683396062992127
20
-3.3545336614173227
11
4.7686005905511806
21
-3.3542327952755904
0
LINE
8
BLACK
6
CONTINUOUS
10
4.7686005905511806
20
-3.3542327952755904
11
4.7686676377952759
21
-3.3541992519685038
0
LINE
8
BLACK
6
CONTINUOUS
10
4.7686676377952759
20
-3.3541992519685038
11
4.7720725590551183
21
-3.350727992125984
0
LINE
8
BLACK
6
CONTINUOUS
10
4.7720725590551183
20
-3.350727992125984
11
4.7722989370078741
21
-3.3505421259842518
0
LINE
8
BLACK
6
CONTINUOUS
10
4.7722989370078741
20
-3.3505421259842518
11
4.7723500787401569
21
-3.3504832283464565
0
LINE
8
BLACK
6
CONTINUOUS
10
4.7723500787401569
20
-3.3504832283464565
11
4.7724055905511813
21
-3.3504546062992127
0
LINE
8
BLACK
6
CONTINUOUS
10
4.7724055905511813
20
-3.3504546062992127
11
4.7725200000000001
21
-3.3503607480314961
0
LINE
8
BLACK
6
CONTINUOUS
10
4.7725200000000001
20
-3.3503607480314961
11
4.7728670472440946
21
-3.3502169685039371
0
LINE
8
BLACK
6
CONTINUOUS
10
4.7728670472440946
20
-3.3502169685039371
11
4.7765894881889759
21
-3.3483001181102363
0
LINE
8
BLACK
6
CONTINUOUS
10
4.7765894881889759
20
-3.3483001181102363
11
4.7766315748031491
21
-3.3482839763779526
0
LINE
8
BLACK
6
CONTINUOUS
10
4.7766315748031491
20
-3.3482839763779526
11
4.77664874015748
21
-3.3482712992125983
0
LINE
8
BLACK
6
CONTINUOUS
10
4.77664874015748
20
-3.3482712992125983
11
4.7766976771653544
21
-3.3482587007874014
0
LINE
8
BLACK
6
CONTINUOUS
10
4.7766976771653544
20
-3.3482587007874014
11
4.7771300787401572
21
-3.3480932283464564
0
LINE
8
BLACK
6
CONTINUOUS
10
4.7771300787401572
20
-3.3480932283464564
11
4.7774212992125982
21
-3.3480725196850392
0
LINE
8
BLACK
6
CONTINUOUS
10
4.7774212992125982
20
-3.3480725196850392
11
4.7846929133858263
21
-3.346201771653543
0
LINE
8
BLACK
6
CONTINUOUS
10
4.7846929133858263
20
-3.346201771653543
11
4.7847927559055119
21
-3.3461869685039369
0
LINE
8
BLACK
6
CONTINUOUS
10
4.7847927559055119
20
-3.3461869685039369
11
4.7848329921259838
21
-3.3461703543307086
0
LINE
8
BLACK
6
CONTINUOUS
10
4.7848329921259838
20
-3.3461703543307086
11
4.7849101968503938
21
-3.3461696456692911
0
LINE
8
BLACK
6
CONTINUOUS
10
4.7849101968503938
20
-3.3461696456692911
11
4.7852655118110237
21
-3.3461171259842519
0
LINE
8
BLACK
6
CONTINUOUS
10
4.7852655118110237
20
-3.3461171259842519
11
4.7855774409448815
21
-3.3461635039370079
0
LINE
8
BLACK
6
CONTINUOUS
10
4.7855774409448815
20
-3.3461635039370079
11
4.7910333464566932
21
-3.3461136220472438
0
LINE
8
BLACK
6
CONTINUOUS
10
4.7910333464566932
20
-3.3461136220472438
11
4.7911338582677168
21
-3.3461235039370076
0
LINE
8
BLACK
6
CONTINUOUS
10
4.9411338582677162
20
-3.3461235039370076
11
4.9411768897637796
21
-3.3461171259842519
0
LINE
8
BLACK
6
CONTINUOUS
10
4.9411768897637796
20
-3.3461171259842519
11
4.9412505511811027
21
-3.3461349999999999
0
LINE
8
BLACK
6
CONTINUOUS
10
4.9412505511811027
20
-3.3461349999999999
11
4.9416094094488185
21
-3.3461703543307086
0
LINE
8
BLACK
6
CONTINUOUS
10
4.9416094094488185
20
-3.3461703543307086
11
4.941911299212598
21
-3.3462953937007875
0
LINE
8
BLACK
6
CONTINUOUS
10
4.941911299212598
20
-3.3462953937007875
11
4.9492485433070863
21
-3.3480765354330706
0
LINE
8
BLACK
6
CONTINUOUS
10
4.9492485433070863
20
-3.3480765354330706
11
4.9492910236220471
21
-3.3480916929133859
0
LINE
8
BLACK
6
CONTINUOUS
10
4.9492910236220471
20
-3.3480916929133859
11
4.9493122834645664
21
-3.3480932283464564
0
LINE
8
BLACK
6
CONTINUOUS
10
4.9493122834645664
20
-3.3480932283464564
11
4.9493598031496058
21
-3.3481162598425196
0
LINE
8
BLACK
6
CONTINUOUS
10
4.9493598031496058
20
-3.3481162598425196
11
4.9497936614173224
21
-3.3482712992125983
0
LINE
8
BLACK
6
CONTINUOUS
10
4.9497936614173224
20
-3.3482712992125983
11
4.9500106299212598
21
-3.348432086614173
0
LINE
8
BLACK
6
CONTINUOUS
10
4.9500106299212598
20
-3.348432086614173
11
4.9536024409448816
21
-3.3501748818897639
0
LINE
8
BLACK
6
CONTINUOUS
10
4.9536024409448816
20
-3.3501748818897639
11
4.9538503149606301
21
-3.3503309055118109
0
LINE
8
BLACK
6
CONTINUOUS
10
4.9538503149606301
20
-3.3503309055118109
11
4.9539223622047244
21
-3.3503607480314961
0
LINE
8
BLACK
6
CONTINUOUS
10
4.9539223622047244
20
-3.3503607480314961
11
4.9539664566929131
21
-3.3504039763779527
0
LINE
8
BLACK
6
CONTINUOUS
10
4.9539664566929131
20
-3.3504039763779527
11
4.9540923228346454
21
-3.3504832283464565
0
LINE
8
BLACK
6
CONTINUOUS
10
4.9540923228346454
20
-3.3504832283464565
11
4.9543491338582673
21
-3.3507793700787403
0
LINE
8
BLACK
6
CONTINUOUS
10
4.9543491338582673
20
-3.3507793700787403
11
4.9581194094488188
21
-3.3544775196850392
0
LINE
8
BLACK
6
CONTINUOUS
10
4.9581194094488188
20
-3.3544775196850392
11
4.9584866535433072
21
-3.3549249606299214
0
LINE
8
BLACK
6
CONTINUOUS
10
4.9584866535433072
20
-3.3549249606299214
11
4.9585272440944879
21
-3.355022992125984
0
LINE
8
BLACK
6
CONTINUOUS
10
4.9585272440944879
20
-3.355022992125984
11
4.9585967322834641
21
-3.3551031102362203
0
LINE
8
BLACK
6
CONTINUOUS
10
4.9585967322834641
20
-3.3551031102362203
11
4.9587717322834646
21
-3.3556132677165356
0
LINE
8
BLACK
6
CONTINUOUS
10
4.9587717322834646
20
-3.3556132677165356
11
4.9589275196850391
21
-3.3559893700787402
0
LINE
8
BLACK
6
CONTINUOUS
10
4.9589275196850391
20
-3.3559893700787402
11
4.9589275196850391
21
-3.3560673228346456
0
LINE
8
BLACK
6
CONTINUOUS
10
4.9589275196850391
20
-3.3560673228346456
11
4.9607074803149604
21
-3.3612559448818895
0
LINE
8
BLACK
6
CONTINUOUS
10
4.9607074803149604
20
-3.3612559448818895
11
4.9607724015748031
21
-3.3615415748031494
0
LINE
8
BLACK
6
CONTINUOUS
10
4.9607724015748031
20
-3.3615415748031494
11
4.9608022834645666
21
-3.3616136614173229
0
LINE
8
BLACK
6
CONTINUOUS
10
4.9608022834645666
20
-3.3616136614173229
11
4.9608030708661417
21
-3.3616764960629921
0
LINE
8
BLACK
6
CONTINUOUS
10
4.9608030708661417
20
-3.3616764960629921
11
4.9608358267716532
21
-3.3618203937007873
0
LINE
8
BLACK
6
CONTINUOUS
10
4.9608358267716532
20
-3.3618203937007873
11
4.9608097637795279
21
-3.3621865354330707
0
LINE
8
BLACK
6
CONTINUOUS
10
4.9608097637795279
20
-3.3621865354330707
11
4.9608590157480315
21
-3.3659392519685039
0
LINE
8
BLACK
6
CONTINUOUS
10
4.9608590157480315
20
-3.3659392519685039
11
4.9608302755905509
21
-3.3662308267716536
0
LINE
8
BLACK
6
CONTINUOUS
10
4.9608302755905509
20
-3.3662308267716536
11
4.9608358267716532
21
-3.3663085826771653
0
LINE
8
BLACK
6
CONTINUOUS
10
4.9608358267716532
20
-3.3663085826771653
11
4.9608168503937007
21
-3.3663671259842518
0
LINE
8
BLACK
6
CONTINUOUS
10
4.9608168503937007
20
-3.3663671259842518
11
4.9608022834645666
21
-3.3665153149606297
0
LINE
8
BLACK
6
CONTINUOUS
10
4.9608022834645666
20
-3.3665153149606297
11
4.9606496062992127
21
-3.3668838188976378
0
LINE
8
BLACK
6
CONTINUOUS
10
4.9606496062992127
20
-3.3668838188976378
11
4.9588327165354329
21
-3.372497283464567
0
LINE
8
BLACK
6
CONTINUOUS
10
4.9588327165354329
20
-3.372497283464567
11
4.9585967322834641
21
-3.3730258661417323
0
LINE
8
BLACK
6
CONTINUOUS
10
4.9585967322834641
20
-3.3730258661417323
11
4.9585271653543304
21
-3.3731060236220474
0
LINE
8
BLACK
6
CONTINUOUS
10
4.9585271653543304
20
-3.3731060236220474
11
4.9584866141732284
21
-3.3732040157480316
0
LINE
8
BLACK
6
CONTINUOUS
10
4.9584866141732284
20
-3.3732040157480316
11
4.9580498425196851
21
-3.3736563779527557
0
LINE
8
BLACK
6
CONTINUOUS
10
4.9580498425196851
20
-3.3736563779527557
11
4.9578418503937005
21
-3.373896220472441
0
LINE
8
BLACK
6
CONTINUOUS
10
4.9578418503937005
20
-3.373896220472441
11
4.9577963385826767
21
-3.3739189370078742
0
LINE
8
BLACK
6
CONTINUOUS
10
4.9577963385826767
20
-3.3739189370078742
11
4.9562445669291337
21
-3.3755262598425197
0
LINE
8
BLACK
6
CONTINUOUS
10
4.9562445669291337
20
-3.3755262598425197
11
4.9557971259842519
21
-3.375893464566929
0
LINE
8
BLACK
6
CONTINUOUS
10
4.9557971259842519
20
-3.375893464566929
11
4.9547327165354327
21
-3.3763343307086613
0
LINE
8
BLACK
6
CONTINUOUS
10
4.9547327165354327
20
-3.3763343307086613
11
4.9535806299212597
21
-3.3763343307086613
0
LINE
8
BLACK
6
CONTINUOUS
10
4.9535806299212597
20
-3.3763343307086613
11
4.9525162204724404
21
-3.3758934251968502
0
LINE
8
BLACK
6
CONTINUOUS
10
4.9525162204724404
20
-3.3758934251968502
11
4.9517015354330711
21
-3.3750787401574804
0
LINE
8
BLACK
6
CONTINUOUS
10
4.9517015354330711
20
-3.3750787401574804
11
4.9512606692913383
21
-3.3740143307086612
0
LINE
8
BLACK
6
CONTINUOUS
10
4.9512606692913383
20
-3.3740143307086612
11
4.9512606692913383
21
-3.3728622440944882
0
LINE
8
BLACK
6
CONTINUOUS
10
4.9512606692913383
20
-3.3728622440944882
11
4.9517015748031499
21
-3.3717978346456694
0
LINE
8
BLACK
6
CONTINUOUS
10
4.9517015748031499
20
-3.3717978346456694
11
4.953514251968504
21
-3.3699202755905513
0
LINE
8
BLACK
6
CONTINUOUS
10
4.953514251968504
20
-3.3699202755905513
11
4.954994881889764
21
-3.3653457874015746
0
LINE
8
BLACK
6
CONTINUOUS
10
4.954994881889764
20
-3.3653457874015746
11
4.9549580314960631
21
-3.3625355905511811
0
LINE
8
BLACK
6
CONTINUOUS
10
4.9549580314960631
20
-3.3625355905511811
11
4.9534281889763783
21
-3.3580761417322833
0
LINE
8
BLACK
6
CONTINUOUS
10
4.9534281889763783
20
-3.3580761417322833
11
4.9504468503937007
21
-3.3551518503937006
0
LINE
8
BLACK
6
CONTINUOUS
10
4.9504468503937007
20
-3.3551518503937006
11
4.9473047244094488
21
-3.3536272047244093
0
LINE
8
BLACK
6
CONTINUOUS
10
4.9473047244094488
20
-3.3536272047244093
11
4.9404888582677167
21
-3.3519726377952757
0
LINE
8
BLACK
6
CONTINUOUS
10
4.9404888582677167
20
-3.3519726377952757
11
4.9355765748031493
21
-3.352017598425197
0
LINE
8
BLACK
6
CONTINUOUS
10
4.9355765748031493
20
-3.352017598425197
11
4.9287486220472436
21
-3.3537742125984251
0
LINE
8
BLACK
6
CONTINUOUS
10
4.9287486220472436
20
-3.3537742125984251
11
4.9257905511811026
21
-3.3552974803149604
0
LINE
8
BLACK
6
CONTINUOUS
10
4.9257905511811026
20
-3.3552974803149604
11
4.9229248031496065
21
-3.3582190944881889
0
LINE
8
BLACK
6
CONTINUOUS
10
4.9229248031496065
20
-3.3582190944881889
11
4.9214475196850396
21
-3.3627831496062992
0
LINE
8
BLACK
6
CONTINUOUS
10
4.9214475196850396
20
-3.3627831496062992
11
4.9214843700787396
21
-3.365593307086614
0
LINE
8
BLACK
6
CONTINUOUS
10
4.9214843700787396
20
-3.365593307086614
11
4.9230066141732278
21
-3.3700306299212599
0
LINE
8
BLACK
6
CONTINUOUS
10
4.9230066141732278
20
-3.3700306299212599
11
4.924373622047244
21
-3.3713503937007872
0
LINE
8
BLACK
6
CONTINUOUS
10
4.924373622047244
20
-3.3713503937007872
11
4.9247408267716537
21
-3.3717978346456694
0
LINE
8
BLACK
6
CONTINUOUS
10
4.9247408267716537
20
-3.3717978346456694
11
4.9251817322834643
21
-3.3728622440944882
0
LINE
8
BLACK
6
CONTINUOUS
10
4.9251817322834643
20
-3.3728622440944882
11
4.9251817322834643
21
-3.3740143307086612
0
LINE
8
BLACK
6
CONTINUOUS
10
4.9251817322834643
20
-3.3740143307086612
11
4.9247408267716537
21
-3.3750787401574804
0
LINE
8
BLACK
6
CONTINUOUS
10
4.9247408267716537
20
-3.3750787401574804
11
4.9239261417322835
21
-3.3758934251968502
0
LINE
8
BLACK
6
CONTINUOUS
10
4.9239261417322835
20
-3.3758934251968502
11
4.9228617322834642
21
-3.3763343307086613
0
LINE
8
BLACK
6
CONTINUOUS
10
4.9228617322834642
20
-3.3763343307086613
11
4.9217096456692913
21
-3.3763343307086613
0
LINE
8
BLACK
6
CONTINUOUS
10
4.9217096456692913
20
-3.3763343307086613
11
4.920645236220472
21
-3.3758934251968502
0
LINE
8
BLACK
6
CONTINUOUS
10
4.920645236220472
20
-3.3758934251968502
11
4.9183230314960626
21
-3.3736514566929134
0
LINE
8
BLACK
6
CONTINUOUS
10
4.9183230314960626
20
-3.3736514566929134
11
4.917955826771653
21
-3.3732040157480316
0
LINE
8
BLACK
6
CONTINUOUS
10
4.917955826771653
20
-3.3732040157480316
11
4.9179151968503936
21
-3.3731059448818899
0
LINE
8
BLACK
6
CONTINUOUS
10
4.9179151968503936
20
-3.3731059448818899
11
4.9178457086614173
21
-3.3730258267716535
0
LINE
8
BLACK
6
CONTINUOUS
10
4.9178457086614173
20
-3.3730258267716535
11
4.9176706299212594
21
-3.3725155118110237
0
LINE
8
BLACK
6
CONTINUOUS
10
4.9176706299212594
20
-3.3725155118110237
11
4.9175149212598424
21
-3.3721395669291336
0
LINE
8
BLACK
6
CONTINUOUS
10
4.9175149212598424
20
-3.3721395669291336
11
4.9175149212598424
21
-3.3720615748031495
0
LINE
8
BLACK
6
CONTINUOUS
10
4.9175149212598424
20
-3.3720615748031495
11
4.915734960629921
21
-3.3668729921259843
0
LINE
8
BLACK
6
CONTINUOUS
10
4.915734960629921
20
-3.3668729921259843
11
4.9156699999999995
21
-3.3665874015748032
0
LINE
8
BLACK
6
CONTINUOUS
10
4.9156699999999995
20
-3.3665874015748032
11
4.9156401574803148
21
-3.3665153149606297
0
LINE
8
BLACK
6
CONTINUOUS
10
4.9156401574803148
20
-3.3665153149606297
11
4.915639330708661
21
-3.366452401574803
0
LINE
8
BLACK
6
CONTINUOUS
10
4.915639330708661
20
-3.366452401574803
11
4.9156066141732282
21
-3.3663085433070865
0
LINE
8
BLACK
6
CONTINUOUS
10
4.9156066141732282
20
-3.3663085433070865
11
4.9156326377952757
21
-3.3659423622047244
0
LINE
8
BLACK
6
CONTINUOUS
10
4.9156326377952757
20
-3.3659423622047244
11
4.91558342519685
21
-3.3621897244094487
0
LINE
8
BLACK
6
CONTINUOUS
10
4.91558342519685
20
-3.3621897244094487
11
4.9156121259842518
21
-3.361898149606299
0
LINE
8
BLACK
6
CONTINUOUS
10
4.9156121259842518
20
-3.361898149606299
11
4.9156066141732282
21
-3.3618204330708661
0
LINE
8
BLACK
6
CONTINUOUS
10
4.9156066141732282
20
-3.3618204330708661
11
4.915625551181102
21
-3.3617618897637795
0
LINE
8
BLACK
6
CONTINUOUS
10
4.915625551181102
20
-3.3617618897637795
11
4.9156401574803148
21
-3.3616136614173229
0
LINE
8
BLACK
6
CONTINUOUS
10
4.9156401574803148
20
-3.3616136614173229
11
4.9157928346456687
21
-3.3612449999999998
0
LINE
8
BLACK
6
CONTINUOUS
10
4.9157928346456687
20
-3.3612449999999998
11
4.9176097244094485
21
-3.3556316929133856
0
LINE
8
BLACK
6
CONTINUOUS
10
4.9176097244094485
20
-3.3556316929133856
11
4.9178457086614173
21
-3.3551031496062991
0
LINE
8
BLACK
6
CONTINUOUS
10
4.9178457086614173
20
-3.3551031496062991
11
4.9179151968503936
21
-3.355022992125984
0
LINE
8
BLACK
6
CONTINUOUS
10
4.9179151968503936
20
-3.355022992125984
11
4.917955826771653
21
-3.3549249606299214
0
LINE
8
BLACK
6
CONTINUOUS
10
4.917955826771653
20
-3.3549249606299214
11
4.9183396062992122
21
-3.3545336614173227
0
LINE
8
BLACK
6
CONTINUOUS
10
4.9183396062992122
20
-3.3545336614173227
11
4.9186005905511809
21
-3.3542327952755904
0
LINE
8
BLACK
6
CONTINUOUS
10
4.9186005905511809
20
-3.3542327952755904
11
4.9186676377952754
21
-3.3541992519685038
0
LINE
8
BLACK
6
CONTINUOUS
10
4.9186676377952754
20
-3.3541992519685038
11
4.9220725590551178
21
-3.350727992125984
0
LINE
8
BLACK
6
CONTINUOUS
10
4.9220725590551178
20
-3.350727992125984
11
4.9222989370078736
21
-3.3505421259842518
0
LINE
8
BLACK
6
CONTINUOUS
10
4.9222989370078736
20
-3.3505421259842518
11
4.9223500787401573
21
-3.3504832283464565
0
LINE
8
BLACK
6
CONTINUOUS
10
4.9223500787401573
20
-3.3504832283464565
11
4.9224055905511808
21
-3.3504546062992127
0
LINE
8
BLACK
6
CONTINUOUS
10
4.9224055905511808
20
-3.3504546062992127
11
4.9225199999999996
21
-3.3503607480314961
0
LINE
8
BLACK
6
CONTINUOUS
10
4.9225199999999996
20
-3.3503607480314961
11
4.9228670472440941
21
-3.3502169685039371
0
LINE
8
BLACK
6
CONTINUOUS
10
4.9228670472440941
20
-3.3502169685039371
11
4.9265894881889762
21
-3.3483001181102363
0
LINE
8
BLACK
6
CONTINUOUS
10
4.9265894881889762
20
-3.3483001181102363
11
4.9266315748031495
21
-3.3482839763779526
0
LINE
8
BLACK
6
CONTINUOUS
10
4.9266315748031495
20
-3.3482839763779526
11
4.9266487401574803
21
-3.3482712992125983
0
LINE
8
BLACK
6
CONTINUOUS
10
4.9266487401574803
20
-3.3482712992125983
11
4.9266976771653539
21
-3.3482587007874014
0
LINE
8
BLACK
6
CONTINUOUS
10
4.9266976771653539
20
-3.3482587007874014
11
4.9271300787401575
21
-3.3480932283464564
0
LINE
8
BLACK
6
CONTINUOUS
10
4.9271300787401575
20
-3.3480932283464564
11
4.9274212992125985
21
-3.3480725196850392
0
LINE
8
BLACK
6
CONTINUOUS
10
4.9274212992125985
20
-3.3480725196850392
11
4.9346929133858266
21
-3.346201771653543
0
LINE
8
BLACK
6
CONTINUOUS
10
4.9346929133858266
20
-3.346201771653543
11
4.9347927559055114
21
-3.3461869685039369
0
LINE
8
BLACK
6
CONTINUOUS
10
4.9347927559055114
20
-3.3461869685039369
11
4.9348329921259841
21
-3.3461703543307086
0
LINE
8
BLACK
6
CONTINUOUS
10
4.9348329921259841
20
-3.3461703543307086
11
4.9349101968503932
21
-3.3461696456692911
0
LINE
8
BLACK
6
CONTINUOUS
10
4.9349101968503932
20
-3.3461696456692911
11
4.9352655118110231
21
-3.3461171259842519
0
LINE
8
BLACK
6
CONTINUOUS
10
4.9352655118110231
20
-3.3461171259842519
11
4.9355774409448818
21
-3.3461635039370079
0
LINE
8
BLACK
6
CONTINUOUS
10
4.9355774409448818
20
-3.3461635039370079
11
4.9410333464566927
21
-3.3461136220472438
0
LINE
8
BLACK
6
CONTINUOUS
10
4.9410333464566927
20
-3.3461136220472438
11
4.9411338582677162
21
-3.3461235039370076
0
LINE
8
BLACK
6
CONTINUOUS
10
5.0911338582677166
20
-3.3461235039370076
11
5.091176889763779
21
-3.3461171259842519
0
LINE
8
BLACK
6
CONTINUOUS
10
5.091176889763779
20
-3.3461171259842519
11
5.0912505511811021
21
-3.3461349999999999
0
LINE
8
BLACK
6
CONTINUOUS
10
5.0912505511811021
20
-3.3461349999999999
11
5.0916094094488189
21
-3.3461703543307086
0
LINE
8
BLACK
6
CONTINUOUS
10
5.0916094094488189
20
-3.3461703543307086
11
5.0919112992125983
21
-3.3462953937007875
0
LINE
8
BLACK
6
CONTINUOUS
10
5.0919112992125983
20
-3.3462953937007875
11
5.0992485433070867
21
-3.3480765354330706
0
LINE
8
BLACK
6
CONTINUOUS
10
5.0992485433070867
20
-3.3480765354330706
11
5.0992910236220474
21
-3.3480916929133859
0
LINE
8
BLACK
6
CONTINUOUS
10
5.0992910236220474
20
-3.3480916929133859
11
5.0993122834645668
21
-3.3480932283464564
0
LINE
8
BLACK
6
CONTINUOUS
10
5.0993122834645668
20
-3.3480932283464564
11
5.0993598031496061
21
-3.3481162598425196
0
LINE
8
BLACK
6
CONTINUOUS
10
5.0993598031496061
20
-3.3481162598425196
11
5.0997936614173227
21
-3.3482712992125983
0
LINE
8
BLACK
6
CONTINUOUS
10
5.0997936614173227
20
-3.3482712992125983
11
5.1000106299212593
21
-3.348432086614173
0
LINE
8
BLACK
6
CONTINUOUS
10
5.1000106299212593
20
-3.348432086614173
11
5.1036024409448819
21
-3.3501748818897639
0
LINE
8
BLACK
6
CONTINUOUS
10
5.1036024409448819
20
-3.3501748818897639
11
5.1038503149606296
21
-3.3503309055118109
0
LINE
8
BLACK
6
CONTINUOUS
10
5.1038503149606296
20
-3.3503309055118109
11
5.1039223622047247
21
-3.3503607480314961
0
LINE
8
BLACK
6
CONTINUOUS
10
5.1039223622047247
20
-3.3503607480314961
11
5.1039664566929135
21
-3.3504039763779527
0
LINE
8
BLACK
6
CONTINUOUS
10
5.1039664566929135
20
-3.3504039763779527
11
5.1040923228346458
21
-3.3504832283464565
0
LINE
8
BLACK
6
CONTINUOUS
10
5.1040923228346458
20
-3.3504832283464565
11
5.1043491338582676
21
-3.3507793700787403
0
LINE
8
BLACK
6
CONTINUOUS
10
5.1043491338582676
20
-3.3507793700787403
11
5.1081194094488191
21
-3.3544775196850392
0
LINE
8
BLACK
6
CONTINUOUS
10
5.1081194094488191
20
-3.3544775196850392
11
5.1084866535433067
21
-3.3549249606299214
0
LINE
8
BLACK
6
CONTINUOUS
10
5.1084866535433067
20
-3.3549249606299214
11
5.1085272440944882
21
-3.355022992125984
0
LINE
8
BLACK
6
CONTINUOUS
10
5.1085272440944882
20
-3.355022992125984
11
5.1085967322834644
21
-3.3551031102362203
0
LINE
8
BLACK
6
CONTINUOUS
10
5.1085967322834644
20
-3.3551031102362203
11
5.108771732283464
21
-3.3556132677165356
0
LINE
8
BLACK
6
CONTINUOUS
10
5.108771732283464
20
-3.3556132677165356
11
5.1089275196850394
21
-3.3559893700787402
0
LINE
8
BLACK
6
CONTINUOUS
10
5.1089275196850394
20
-3.3559893700787402
11
5.1089275196850394
21
-3.3560673228346456
0
LINE
8
BLACK
6
CONTINUOUS
10
5.1089275196850394
20
-3.3560673228346456
11
5.1107074803149608
21
-3.3612559448818895
0
LINE
8
BLACK
6
CONTINUOUS
10
5.1107074803149608
20
-3.3612559448818895
11
5.1107724015748026
21
-3.3615415748031494
0
LINE
8
BLACK
6
CONTINUOUS
10
5.1107724015748026
20
-3.3615415748031494
11
5.110802283464567
21
-3.3616136614173229
0
LINE
8
BLACK
6
CONTINUOUS
10
5.110802283464567
20
-3.3616136614173229
11
5.1108030708661421
21
-3.3616764960629921
0
LINE
8
BLACK
6
CONTINUOUS
10
5.1108030708661421
20
-3.3616764960629921
11
5.1108358267716536
21
-3.3618203937007873
0
LINE
8
BLACK
6
CONTINUOUS
10
5.1108358267716536
20
-3.3618203937007873
11
5.1108097637795273
21
-3.3621865354330707
0
LINE
8
BLACK
6
CONTINUOUS
10
5.1108097637795273
20
-3.3621865354330707
11
5.1108590157480318
21
-3.3659392519685039
0
LINE
8
BLACK
6
CONTINUOUS
10
5.1108590157480318
20
-3.3659392519685039
11
5.1108302755905513
21
-3.3662308267716536
0
LINE
8
BLACK
6
CONTINUOUS
10
5.1108302755905513
20
-3.3662308267716536
11
5.1108358267716536
21
-3.3663085826771653
0
LINE
8
BLACK
6
CONTINUOUS
10
5.1108358267716536
20
-3.3663085826771653
11
5.110816850393701
21
-3.3663671259842518
0
LINE
8
BLACK
6
CONTINUOUS
10
5.110816850393701
20
-3.3663671259842518
11
5.110802283464567
21
-3.3665153149606297
0
LINE
8
BLACK
6
CONTINUOUS
10
5.110802283464567
20
-3.3665153149606297
11
5.1106496062992122
21
-3.3668838188976378
0
LINE
8
BLACK
6
CONTINUOUS
10
5.1106496062992122
20
-3.3668838188976378
11
5.1088327165354332
21
-3.372497283464567
0
LINE
8
BLACK
6
CONTINUOUS
10
5.1088327165354332
20
-3.372497283464567
11
5.1085967322834644
21
-3.3730258661417323
0
LINE
8
BLACK
6
CONTINUOUS
10
5.1085967322834644
20
-3.3730258661417323
11
5.1085271653543307
21
-3.3731060236220474
0
LINE
8
BLACK
6
CONTINUOUS
10
5.1085271653543307
20
-3.3731060236220474
11
5.1084866141732279
21
-3.3732040157480316
0
LINE
8
BLACK
6
CONTINUOUS
10
5.1084866141732279
20
-3.3732040157480316
11
5.1080498425196845
21
-3.3736563779527557
0
LINE
8
BLACK
6
CONTINUOUS
10
5.1080498425196845
20
-3.3736563779527557
11
5.1078418503937009
21
-3.373896220472441
0
LINE
8
BLACK
6
CONTINUOUS
10
5.1078418503937009
20
-3.373896220472441
11
5.107796338582677
21
-3.3739189370078742
0
LINE
8
BLACK
6
CONTINUOUS
10
5.107796338582677
20
-3.3739189370078742
11
5.1062445669291341
21
-3.3755262598425197
0
LINE
8
BLACK
6
CONTINUOUS
10
5.1062445669291341
20
-3.3755262598425197
11
5.1057971259842523
21
-3.375893464566929
0
LINE
8
BLACK
6
CONTINUOUS
10
5.1057971259842523
20
-3.375893464566929
11
5.104732716535433
21
-3.3763343307086613
0
LINE
8
BLACK
6
CONTINUOUS
10
5.104732716535433
20
-3.3763343307086613
11
5.10358062992126
21
-3.3763343307086613
0
LINE
8
BLACK
6
CONTINUOUS
10
5.10358062992126
20
-3.3763343307086613
11
5.1025162204724408
21
-3.3758934251968502
0
LINE
8
BLACK
6
CONTINUOUS
10
5.1025162204724408
20
-3.3758934251968502
11
5.1017015354330706
21
-3.3750787401574804
0
LINE
8
BLACK
6
CONTINUOUS
10
5.1017015354330706
20
-3.3750787401574804
11
5.1012606692913387
21
-3.3740143307086612
0
LINE
8
BLACK
6
CONTINUOUS
10
5.1012606692913387
20
-3.3740143307086612
11
5.1012606692913387
21
-3.3728622440944882
0
LINE
8
BLACK
6
CONTINUOUS
10
5.1012606692913387
20
-3.3728622440944882
11
5.1017015748031493
21
-3.3717978346456694
0
LINE
8
BLACK
6
CONTINUOUS
10
5.1017015748031493
20
-3.3717978346456694
11
5.1035142519685035
21
-3.3699202755905513
0
LINE
8
BLACK
6
CONTINUOUS
10
5.1035142519685035
20
-3.3699202755905513
11
5.1049948818897635
21
-3.3653457874015746
0
LINE
8
BLACK
6
CONTINUOUS
10
5.1049948818897635
20
-3.3653457874015746
11
5.1049580314960625
21
-3.3625355905511811
0
LINE
8
BLACK
6
CONTINUOUS
10
5.1049580314960625
20
-3.3625355905511811
11
5.1034281889763777
21
-3.3580761417322833
0
LINE
8
BLACK
6
CONTINUOUS
10
5.1034281889763777
20
-3.3580761417322833
11
5.100446850393701
21
-3.3551518503937006
0
LINE
8
BLACK
6
CONTINUOUS
10
5.100446850393701
20
-3.3551518503937006
11
5.0973047244094483
21
-3.3536272047244093
0
LINE
8
BLACK
6
CONTINUOUS
10
5.0973047244094483
20
-3.3536272047244093
11
5.0904888582677161
21
-3.3519726377952757
0
LINE
8
BLACK
6
CONTINUOUS
10
5.0904888582677161
20
-3.3519726377952757
11
5.0855765748031496
21
-3.352017598425197
0
LINE
8
BLACK
6
CONTINUOUS
10
5.0855765748031496
20
-3.352017598425197
11
5.078748622047244
21
-3.3537742125984251
0
LINE
8
BLACK
6
CONTINUOUS
10
5.078748622047244
20
-3.3537742125984251
11
5.0757905511811021
21
-3.3552974803149604
0
LINE
8
BLACK
6
CONTINUOUS
10
5.0757905511811021
20
-3.3552974803149604
11
5.0729248031496059
21
-3.3582190944881889
0
LINE
8
BLACK
6
CONTINUOUS
10
5.0729248031496059
20
-3.3582190944881889
11
5.071447519685039
21
-3.3627831496062992
0
LINE
8
BLACK
6
CONTINUOUS
10
5.071447519685039
20
-3.3627831496062992
11
5.07148437007874
21
-3.365593307086614
0
LINE
8
BLACK
6
CONTINUOUS
10
5.07148437007874
20
-3.365593307086614
11
5.0730066141732282
21
-3.3700306299212599
0
LINE
8
BLACK
6
CONTINUOUS
10
5.0730066141732282
20
-3.3700306299212599
11
5.0743736220472444
21
-3.3713503937007872
0
LINE
8
BLACK
6
CONTINUOUS
10
5.0743736220472444
20
-3.3713503937007872
11
5.0747408267716532
21
-3.3717978346456694
0
LINE
8
BLACK
6
CONTINUOUS
10
5.0747408267716532
20
-3.3717978346456694
11
5.0751817322834647
21
-3.3728622440944882
0
LINE
8
BLACK
6
CONTINUOUS
10
5.0751817322834647
20
-3.3728622440944882
11
5.0751817322834647
21
-3.3740143307086612
0
LINE
8
BLACK
6
CONTINUOUS
10
5.0751817322834647
20
-3.3740143307086612
11
5.0747408267716532
21
-3.3750787401574804
0
LINE
8
BLACK
6
CONTINUOUS
10
5.0747408267716532
20
-3.3750787401574804
11
5.073926141732283
21
-3.3758934251968502
0
LINE
8
BLACK
6
CONTINUOUS
10
5.073926141732283
20
-3.3758934251968502
11
5.0728617322834646
21
-3.3763343307086613
0
LINE
8
BLACK
6
CONTINUOUS
10
5.0728617322834646
20
-3.3763343307086613
11
5.0717096456692916
21
-3.3763343307086613
0
LINE
8
BLACK
6
CONTINUOUS
10
5.0717096456692916
20
-3.3763343307086613
11
5.0706452362204724
21
-3.3758934251968502
0
LINE
8
BLACK
6
CONTINUOUS
10
5.0706452362204724
20
-3.3758934251968502
11
5.068323031496063
21
-3.3736514566929134
0
LINE
8
BLACK
6
CONTINUOUS
10
5.068323031496063
20
-3.3736514566929134
11
5.0679558267716533
21
-3.3732040157480316
0
LINE
8
BLACK
6
CONTINUOUS
10
5.0679558267716533
20
-3.3732040157480316
11
5.0679151968503939
21
-3.3731059448818899
0
LINE
8
BLACK
6
CONTINUOUS
10
5.0679151968503939
20
-3.3731059448818899
11
5.0678457086614168
21
-3.3730258267716535
0
LINE
8
BLACK
6
CONTINUOUS
10
5.0678457086614168
20
-3.3730258267716535
11
5.0676706299212597
21
-3.3725155118110237
0
LINE
8
BLACK
6
CONTINUOUS
10
5.0676706299212597
20
-3.3725155118110237
11
5.0675149212598427
21
-3.3721395669291336
0
LINE
8
BLACK
6
CONTINUOUS
10
5.0675149212598427
20
-3.3721395669291336
11
5.0675149212598427
21
-3.3720615748031495
0
LINE
8
BLACK
6
CONTINUOUS
10
5.0675149212598427
20
-3.3720615748031495
11
5.0657349606299213
21
-3.3668729921259843
0
LINE
8
BLACK
6
CONTINUOUS
10
5.0657349606299213
20
-3.3668729921259843
11
5.0656699999999999
21
-3.3665874015748032
0
LINE
8
BLACK
6
CONTINUOUS
10
5.0656699999999999
20
-3.3665874015748032
11
5.0656401574803152
21
-3.3665153149606297
0
LINE
8
BLACK
6
CONTINUOUS
10
5.0656401574803152
20
-3.3665153149606297
11
5.0656393307086613
21
-3.366452401574803
0
LINE
8
BLACK
6
CONTINUOUS
10
5.0656393307086613
20
-3.366452401574803
11
5.0656066141732286
21
-3.3663085433070865
0
LINE
8
BLACK
6
CONTINUOUS
10
5.0656066141732286
20
-3.3663085433070865
11
5.0656326377952752
21
-3.3659423622047244
0
LINE
8
BLACK
6
CONTINUOUS
10
5.0656326377952752
20
-3.3659423622047244
11
5.0655834251968503
21
-3.3621897244094487
0
LINE
8
BLACK
6
CONTINUOUS
10
5.0655834251968503
20
-3.3621897244094487
11
5.0656121259842521
21
-3.361898149606299
0
LINE
8
BLACK
6
CONTINUOUS
10
5.0656121259842521
20
-3.361898149606299
11
5.0656066141732286
21
-3.3618204330708661
0
LINE
8
BLACK
6
CONTINUOUS
10
5.0656066141732286
20
-3.3618204330708661
11
5.0656255511811024
21
-3.3617618897637795
0
LINE
8
BLACK
6
CONTINUOUS
10
5.0656255511811024
20
-3.3617618897637795
11
5.0656401574803152
21
-3.3616136614173229
0
LINE
8
BLACK
6
CONTINUOUS
10
5.0656401574803152
20
-3.3616136614173229
11
5.0657928346456691
21
-3.3612449999999998
0
LINE
8
BLACK
6
CONTINUOUS
10
5.0657928346456691
20
-3.3612449999999998
11
5.0676097244094489
21
-3.3556316929133856
0
LINE
8
BLACK
6
CONTINUOUS
10
5.0676097244094489
20
-3.3556316929133856
11
5.0678457086614168
21
-3.3551031496062991
0
LINE
8
BLACK
6
CONTINUOUS
10
5.0678457086614168
20
-3.3551031496062991
11
5.0679151968503939
21
-3.355022992125984
0
LINE
8
BLACK
6
CONTINUOUS
10
5.0679151968503939
20
-3.355022992125984
11
5.0679558267716533
21
-3.3549249606299214
0
LINE
8
BLACK
6
CONTINUOUS
10
5.0679558267716533
20
-3.3549249606299214
11
5.0683396062992125
21
-3.3545336614173227
0
LINE
8
BLACK
6
CONTINUOUS
10
5.0683396062992125
20
-3.3545336614173227
11
5.0686005905511813
21
-3.3542327952755904
0
LINE
8
BLACK
6
CONTINUOUS
10
5.0686005905511813
20
-3.3542327952755904
11
5.0686676377952757
21
-3.3541992519685038
0
LINE
8
BLACK
6
CONTINUOUS
10
5.0686676377952757
20
-3.3541992519685038
11
5.0720725590551181
21
-3.350727992125984
0
LINE
8
BLACK
6
CONTINUOUS
10
5.0720725590551181
20
-3.350727992125984
11
5.0722989370078739
21
-3.3505421259842518
0
LINE
8
BLACK
6
CONTINUOUS
10
5.0722989370078739
20
-3.3505421259842518
11
5.0723500787401576
21
-3.3504832283464565
0
LINE
8
BLACK
6
CONTINUOUS
10
5.0723500787401576
20
-3.3504832283464565
11
5.0724055905511811
21
-3.3504546062992127
0
LINE
8
BLACK
6
CONTINUOUS
10
5.0724055905511811
20
-3.3504546062992127
11
5.0725199999999999
21
-3.3503607480314961
0
LINE
8
BLACK
6
CONTINUOUS
10
5.0725199999999999
20
-3.3503607480314961
11
5.0728670472440944
21
-3.3502169685039371
0
LINE
8
BLACK
6
CONTINUOUS
10
5.0728670472440944
20
-3.3502169685039371
11
5.0765894881889766
21
-3.3483001181102363
0
LINE
8
BLACK
6
CONTINUOUS
10
5.0765894881889766
20
-3.3483001181102363
11
5.0766315748031499
21
-3.3482839763779526
0
LINE
8
BLACK
6
CONTINUOUS
10
5.0766315748031499
20
-3.3482839763779526
11
5.0766487401574798
21
-3.3482712992125983
0
LINE
8
BLACK
6
CONTINUOUS
10
5.0766487401574798
20
-3.3482712992125983
11
5.0766976771653542
21
-3.3482587007874014
0
LINE
8
BLACK
6
CONTINUOUS
10
5.0766976771653542
20
-3.3482587007874014
11
5.077130078740157
21
-3.3480932283464564
0
LINE
8
BLACK
6
CONTINUOUS
10
5.077130078740157
20
-3.3480932283464564
11
5.077421299212598
21
-3.3480725196850392
0
LINE
8
BLACK
6
CONTINUOUS
10
5.077421299212598
20
-3.3480725196850392
11
5.084692913385827
21
-3.346201771653543
0
LINE
8
BLACK
6
CONTINUOUS
10
5.084692913385827
20
-3.346201771653543
11
5.0847927559055117
21
-3.3461869685039369
0
LINE
8
BLACK
6
CONTINUOUS
10
5.0847927559055117
20
-3.3461869685039369
11
5.0848329921259845
21
-3.3461703543307086
0
LINE
8
BLACK
6
CONTINUOUS
10
5.0848329921259845
20
-3.3461703543307086
11
5.0849101968503936
21
-3.3461696456692911
0
LINE
8
BLACK
6
CONTINUOUS
10
5.0849101968503936
20
-3.3461696456692911
11
5.0852655118110235
21
-3.3461171259842519
0
LINE
8
BLACK
6
CONTINUOUS
10
5.0852655118110235
20
-3.3461171259842519
11
5.0855774409448822
21
-3.3461635039370079
0
LINE
8
BLACK
6
CONTINUOUS
10
5.0855774409448822
20
-3.3461635039370079
11
5.091033346456693
21
-3.3461136220472438
0
LINE
8
BLACK
6
CONTINUOUS
10
5.091033346456693
20
-3.3461136220472438
11
5.0911338582677166
21
-3.3461235039370076
0
LINE
8
BLACK
6
CONTINUOUS
10
5.2443555905511809
20
-3.3534819291338582
11
5.2454200000000002
21
-3.3539228346456693
0
LINE
8
BLACK
6
CONTINUOUS
10
5.2454200000000002
20
-3.3539228346456693
11
5.2462346456692917
21
-3.3547374803149608
0
LINE
8
BLACK
6
CONTINUOUS
10
5.2462346456692917
20
-3.3547374803149608
11
5.2466755511811023
21
-3.3558018897637796
0
LINE
8
BLACK
6
CONTINUOUS
10
5.2466755511811023
20
-3.3558018897637796
11
5.2466755511811023
21
-3.3569540157480313
0
LINE
8
BLACK
6
CONTINUOUS
10
5.2466755511811023
20
-3.3569540157480313
11
5.2462346456692917
21
-3.3580184251968501
0
LINE
8
BLACK
6
CONTINUOUS
10
5.2462346456692917
20
-3.3580184251968501
11
5.2454200000000002
21
-3.3588330708661416
0
LINE
8
BLACK
6
CONTINUOUS
10
5.2454200000000002
20
-3.3588330708661416
11
5.2443555905511809
21
-3.3592739763779527
0
LINE
8
BLACK
6
CONTINUOUS
10
5.2443555905511809
20
-3.3592739763779527
11
5.2162204724409449
21
-3.359330708661417
0
LINE
8
BLACK
6
CONTINUOUS
10
5.2162204724409449
20
-3.359330708661417
11
5.215644409448819
21
-3.3592739763779527
0
LINE
8
BLACK
6
CONTINUOUS
10
5.215644409448819
20
-3.3592739763779527
11
5.2145799999999998
21
-3.3588330708661416
0
LINE
8
BLACK
6
CONTINUOUS
10
5.2145799999999998
20
-3.3588330708661416
11
5.2137653543307083
21
-3.3580184251968501
0
LINE
8
BLACK
6
CONTINUOUS
10
5.2137653543307083
20
-3.3580184251968501
11
5.2133244488188977
21
-3.3569540157480313
0
LINE
8
BLACK
6
CONTINUOUS
10
5.2133244488188977
20
-3.3569540157480313
11
5.2133244488188977
21
-3.3558018897637796
0
LINE
8
BLACK
6
CONTINUOUS
10
5.2133244488188977
20
-3.3558018897637796
11
5.2137653543307083
21
-3.3547374803149608
0
LINE
8
BLACK
6
CONTINUOUS
10
5.2137653543307083
20
-3.3547374803149608
11
5.2145799999999998
21
-3.3539228346456693
0
LINE
8
BLACK
6
CONTINUOUS
10
5.2145799999999998
20
-3.3539228346456693
11
5.215644409448819
21
-3.3534819291338582
0
LINE
8
BLACK
6
CONTINUOUS
10
5.215644409448819
20
-3.3534819291338582
11
5.2437795275590551
21
-3.3534251968503934
0
LINE
8
BLACK
6
CONTINUOUS
10
5.2437795275590551
20
-3.3534251968503934
11
5.2443555905511809
21
-3.3534819291338582
0
LINE
8
BLACK
6
CONTINUOUS
10
5.534355590551181
20
-3.3534819291338582
11
5.5354200000000002
21
-3.3539228346456693
0
LINE
8
BLACK
6
CONTINUOUS
10
5.5354200000000002
20
-3.3539228346456693
11
5.5362346456692908
21
-3.3547374803149608
0
LINE
8
BLACK
6
CONTINUOUS
10
5.5362346456692908
20
-3.3547374803149608
11
5.5366755511811023
21
-3.3558018897637796
0
LINE
8
BLACK
6
CONTINUOUS
10
5.5366755511811023
20
-3.3558018897637796
11
5.5366755511811023
21
-3.3569540157480313
0
LINE
8
BLACK
6
CONTINUOUS
10
5.5366755511811023
20
-3.3569540157480313
11
5.5362346456692908
21
-3.3580184251968501
0
LINE
8
BLACK
6
CONTINUOUS
10
5.5362346456692908
20
-3.3580184251968501
11
5.5354200000000002
21
-3.3588330708661416
0
LINE
8
BLACK
6
CONTINUOUS
10
5.5354200000000002
20
-3.3588330708661416
11
5.534355590551181
21
-3.3592739763779527
0
LINE
8
BLACK
6
CONTINUOUS
10
5.534355590551181
20
-3.3592739763779527
11
5.5062204724409449
21
-3.359330708661417
0
LINE
8
BLACK
6
CONTINUOUS
10
5.5062204724409449
20
-3.359330708661417
11
5.5056444094488191
21
-3.3592739763779527
0
LINE
8
BLACK
6
CONTINUOUS
10
5.5056444094488191
20
-3.3592739763779527
11
5.5045799999999998
21
-3.3588330708661416
0
LINE
8
BLACK
6
CONTINUOUS
10
5.5045799999999998
20
-3.3588330708661416
11
5.5037653543307083
21
-3.3580184251968501
0
LINE
8
BLACK
6
CONTINUOUS
10
5.5037653543307083
20
-3.3580184251968501
11
5.5033244488188977
21
-3.3569540157480313
0
LINE
8
BLACK
6
CONTINUOUS
10
5.5033244488188977
20
-3.3569540157480313
11
5.5033244488188977
21
-3.3558018897637796
0
LINE
8
BLACK
6
CONTINUOUS
10
5.5033244488188977
20
-3.3558018897637796
11
5.5037653543307083
21
-3.3547374803149608
0
LINE
8
BLACK
6
CONTINUOUS
10
5.5037653543307083
20
-3.3547374803149608
11
5.5045799999999998
21
-3.3539228346456693
0
LINE
8
BLACK
6
CONTINUOUS
10
5.5045799999999998
20
-3.3539228346456693
11
5.5056444094488191
21
-3.3534819291338582
0
LINE
8
BLACK
6
CONTINUOUS
10
5.5056444094488191
20
-3.3534819291338582
11
5.5337795275590551
21
-3.3534251968503934
0
LINE
8
BLACK
6
CONTINUOUS
10
5.5337795275590551
20
-3.3534251968503934
11
5.534355590551181
21
-3.3534819291338582
0
LINE
8
BLACK
6
CONTINUOUS
10
4.0141057480314961
20
-2.8748079133858266
11
4.0280341338582675
21
-2.8771744488188977
0
LINE
8
BLACK
6
CONTINUOUS
10
4.0280341338582675
20
-2.8771744488188977
11
4.0416099606299207
21
-2.8810855511811022
0
LINE
8
BLACK
6
CONTINUOUS
10
4.0416099606299207
20
-2.8810855511811022
11
4.0546625196850394
21
-2.886492125984252
0
LINE
8
BLACK
6
CONTINUOUS
10
4.0546625196850394
20
-2.886492125984252
11
4.0670276771653544
21
-2.8933261023622046
0
LINE
8
BLACK
6
CONTINUOUS
10
4.0670276771653544
20
-2.8933261023622046
11
4.0785498818897636
21
-2.9015015354330709
0
LINE
8
BLACK
6
CONTINUOUS
10
4.0785498818897636
20
-2.9015015354330709
11
4.0890843307086611
21
-2.9109156692913385
0
LINE
8
BLACK
6
CONTINUOUS
10
4.0890843307086611
20
-2.9109156692913385
11
4.0984984645669291
21
-2.9214501181102364
0
LINE
8
BLACK
6
CONTINUOUS
10
4.0984984645669291
20
-2.9214501181102364
11
4.106673897637795
21
-2.9329723228346456
0
LINE
8
BLACK
6
CONTINUOUS
10
4.106673897637795
20
-2.9329723228346456
11
4.113507874015748
21
-2.9453374803149606
0
LINE
8
BLACK
6
CONTINUOUS
10
4.113507874015748
20
-2.9453374803149606
11
4.1189144488188978
21
-2.9583900393700788
0
LINE
8
BLACK
6
CONTINUOUS
10
4.1189144488188978
20
-2.9583900393700788
11
4.1228255511811023
21
-2.9719658661417321
0
LINE
8
BLACK
6
CONTINUOUS
10
4.1228255511811023
20
-2.9719658661417321
11
4.1251920866141729
21
-2.9858942519685039
0
LINE
8
BLACK
6
CONTINUOUS
10
4.1251920866141729
20
-2.9858942519685039
11
4.1259842519685037
21
-3.
0
LINE
8
BLACK
6
CONTINUOUS
10
4.1259842519685037
20
-3.
11
4.1251920866141729
21
-3.0141057480314961
0
LINE
8
BLACK
6
CONTINUOUS
10
4.1251920866141729
20
-3.0141057480314961
11
4.1228255511811023
21
-3.0280341338582675
0
LINE
8
BLACK
6
CONTINUOUS
10
4.1228255511811023
20
-3.0280341338582675
11
4.1189144488188978
21
-3.0416099606299212
0
LINE
8
BLACK
6
CONTINUOUS
10
4.1189144488188978
20
-3.0416099606299212
11
4.113507874015748
21
-3.0546625196850394
0
LINE
8
BLACK
6
CONTINUOUS
10
4.113507874015748
20
-3.0546625196850394
11
4.106673897637795
21
-3.0670276771653544
0
LINE
8
BLACK
6
CONTINUOUS
10
4.106673897637795
20
-3.0670276771653544
11
4.0984984645669291
21
-3.0785498818897636
0
LINE
8
BLACK
6
CONTINUOUS
10
4.0984984645669291
20
-3.0785498818897636
11
4.0890843307086611
21
-3.0890843307086615
0
LINE
8
BLACK
6
CONTINUOUS
10
4.0890843307086611
20
-3.0890843307086615
11
4.0785498818897636
21
-3.0984984645669291
0
LINE
8
BLACK
6
CONTINUOUS
10
4.0785498818897636
20
-3.0984984645669291
11
4.0670276771653544
21
-3.106673897637795
0
LINE
8
BLACK
6
CONTINUOUS
10
4.0670276771653544
20
-3.106673897637795
11
4.0546625196850394
21
-3.113507874015748
0
LINE
8
BLACK
6
CONTINUOUS
10
4.0546625196850394
20
-3.113507874015748
11
4.0416099606299207
21
-3.1189144488188978
0
LINE
8
BLACK
6
CONTINUOUS
10
4.0416099606299207
20
-3.1189144488188978
11
4.0280341338582675
21
-3.1228255511811023
0
LINE
8
BLACK
6
CONTINUOUS
10
4.0280341338582675
20
-3.1228255511811023
11
4.0141057480314961
21
-3.1251920866141734
0
LINE
8
BLACK
6
CONTINUOUS
10
4.0141057480314961
20
-3.1251920866141734
11
4.
21
-3.1259842519685037
0
LINE
8
BLACK
6
CONTINUOUS
10
4.
20
-3.1259842519685037
11
3.9858942519685039
21
-3.1251920866141734
0
LINE
8
BLACK
6
CONTINUOUS
10
3.9858942519685039
20
-3.1251920866141734
11
3.9719658661417321
21
-3.1228255511811023
0
LINE
8
BLACK
6
CONTINUOUS
10
3.9719658661417321
20
-3.1228255511811023
11
3.9583900393700788
21
-3.1189144488188978
0
LINE
8
BLACK
6
CONTINUOUS
10
3.9583900393700788
20
-3.1189144488188978
11
3.9453374803149606
21
-3.113507874015748
0
LINE
8
BLACK
6
CONTINUOUS
10
3.9453374803149606
20
-3.113507874015748
11
3.9329723228346456
21
-3.106673897637795
0
LINE
8
BLACK
6
CONTINUOUS
10
3.9329723228346456
20
-3.106673897637795
11
3.9214501181102359
21
-3.0984984645669291
0
LINE
8
BLACK
6
CONTINUOUS
10
3.9214501181102359
20
-3.0984984645669291
11
3.9109156692913385
21
-3.0890843307086615
0
LINE
8
BLACK
6
CONTINUOUS
10
3.9109156692913385
20
-3.0890843307086615
11
3.9015015354330709
21
-3.0785498818897636
0
LINE
8
BLACK
6
CONTINUOUS
10
3.9015015354330709
20
-3.0785498818897636
11
3.8933261023622046
21
-3.0670276771653544
0
LINE
8
BLACK
6
CONTINUOUS
10
3.8933261023622046
20
-3.0670276771653544
11
3.886492125984252
21
-3.0546625196850394
0
LINE
8
BLACK
6
CONTINUOUS
10
3.886492125984252
20
-3.0546625196850394
11
3.8810855511811022
21
-3.0416099606299212
0
LINE
8
BLACK
6
CONTINUOUS
10
3.8810855511811022
20
-3.0416099606299212
11
3.8771744488188977
21
-3.0280341338582675
0
LINE
8
BLACK
6
CONTINUOUS
10
3.8771744488188977
20
-3.0280341338582675
11
3.8748079133858266
21
-3.0141057480314961
0
LINE
8
BLACK
6
CONTINUOUS
10
3.8748079133858266
20
-3.0141057480314961
11
3.8740157480314958
21
-3.
0
LINE
8
BLACK
6
CONTINUOUS
10
3.8740157480314958
20
-3.
11
3.8748079133858266
21
-2.9858942519685039
0
LINE
8
BLACK
6
CONTINUOUS
10
3.8748079133858266
20
-2.9858942519685039
11
3.8771744488188977
21
-2.9719658661417321
0
LINE
8
BLACK
6
CONTINUOUS
10
3.8771744488188977
20
-2.9719658661417321
11
3.8810855511811022
21
-2.9583900393700788
0
LINE
8
BLACK
6
CONTINUOUS
10
3.8810855511811022
20
-2.9583900393700788
11
3.886492125984252
21
-2.9453374803149606
0
LINE
8
BLACK
6
CONTINUOUS
10
3.886492125984252
20
-2.9453374803149606
11
3.8933261023622046
21
-2.9329723228346456
0
LINE
8
BLACK
6
CONTINUOUS
10
3.8933261023622046
20
-2.9329723228346456
11
3.9015015354330709
21
-2.9214501181102364
0
LINE
8
BLACK
6
CONTINUOUS
10
3.9015015354330709
20
-2.9214501181102364
11
3.9109156692913385
21
-2.9109156692913385
0
LINE
8
BLACK
6
CONTINUOUS
10
3.9109156692913385
20
-2.9109156692913385
11
3.9214501181102359
21
-2.9015015354330709
0
LINE
8
BLACK
6
CONTINUOUS
10
3.9214501181102359
20
-2.9015015354330709
11
3.9329723228346456
21
-2.8933261023622046
0
LINE
8
BLACK
6
CONTINUOUS
10
3.9329723228346456
20
-2.8933261023622046
11
3.9453374803149606
21
-2.886492125984252
0
LINE
8
BLACK
6
CONTINUOUS
10
3.9453374803149606
20
-2.886492125984252
11
3.9583900393700788
21
-2.8810855511811022
0
LINE
8
BLACK
6
CONTINUOUS
10
3.9583900393700788
20
-2.8810855511811022
11
3.9719658661417321
21
-2.8771744488188977
0
LINE
8
BLACK
6
CONTINUOUS
10
3.9719658661417321
20
-2.8771744488188977
11
3.9858942519685039
21
-2.8748079133858266
0
LINE
8
BLACK
6
CONTINUOUS
10
3.9858942519685039
20
-2.8748079133858266
11
4.
21
-2.8740157480314958
0
LINE
8
BLACK
6
CONTINUOUS
10
4.
20
-2.8740157480314958
11
4.0141057480314961
21
-2.8748079133858266
0
LINE
8
BLACK
6
CONTINUOUS
10
5.7141057480314963
20
-2.8748079133858266
11
5.7280341338582677
21
-2.8771744488188977
0
LINE
8
BLACK
6
CONTINUOUS
10
5.7280341338582677
20
-2.8771744488188977
11
5.7416099606299209
21
-2.8810855511811022
0
LINE
8
BLACK
6
CONTINUOUS
10
5.7416099606299209
20
-2.8810855511811022
11
5.7546625196850396
21
-2.886492125984252
0
LINE
8
BLACK
6
CONTINUOUS
10
5.7546625196850396
20
-2.886492125984252
11
5.7670276771653546
21
-2.8933261023622046
0
LINE
8
BLACK
6
CONTINUOUS
10
5.7670276771653546
20
-2.8933261023622046
11
5.7785498818897638
21
-2.9015015354330709
0
LINE
8
BLACK
6
CONTINUOUS
10
5.7785498818897638
20
-2.9015015354330709
11
5.7890843307086612
21
-2.9109156692913385
0
LINE
8
BLACK
6
CONTINUOUS
10
5.7890843307086612
20
-2.9109156692913385
11
5.7984984645669293
21
-2.9214501181102364
0
LINE
8
BLACK
6
CONTINUOUS
10
5.7984984645669293
20
-2.9214501181102364
11
5.8066738976377952
21
-2.9329723228346456
0
LINE
8
BLACK
6
CONTINUOUS
10
5.8066738976377952
20
-2.9329723228346456
11
5.8135078740157482
21
-2.9453374803149606
0
LINE
8
BLACK
6
CONTINUOUS
10
5.8135078740157482
20
-2.9453374803149606
11
5.8189144488188971
21
-2.9583900393700788
0
LINE
8
BLACK
6
CONTINUOUS
10
5.8189144488188971
20
-2.9583900393700788
11
5.8228255511811025
21
-2.9719658661417321
0
LINE
8
BLACK
6
CONTINUOUS
10
5.8228255511811025
20
-2.9719658661417321
11
5.8251920866141731
21
-2.9858942519685039
0
LINE
8
BLACK
6
CONTINUOUS
10
5.8251920866141731
20
-2.9858942519685039
11
5.8259842519685039
21
-3.
0
LINE
8
BLACK
6
CONTINUOUS
10
5.8259842519685039
20
-3.
11
5.8251920866141731
21
-3.0141057480314961
0
LINE
8
BLACK
6
CONTINUOUS
10
5.8251920866141731
20
-3.0141057480314961
11
5.8228255511811025
21
-3.0280341338582675
0
LINE
8
BLACK
6
CONTINUOUS
10
5.8228255511811025
20
-3.0280341338582675
11
5.8189144488188971
21
-3.0416099606299212
0
LINE
8
BLACK
6
CONTINUOUS
10
5.8189144488188971
20
-3.0416099606299212
11
5.8135078740157482
21
-3.0546625196850394
0
LINE
8
BLACK
6
CONTINUOUS
10
5.8135078740157482
20
-3.0546625196850394
11
5.8066738976377952
21
-3.0670276771653544
0
LINE
8
BLACK
6
CONTINUOUS
10
5.8066738976377952
20
-3.0670276771653544
11
5.7984984645669293
21
-3.0785498818897636
0
LINE
8
BLACK
6
CONTINUOUS
10
5.7984984645669293
20
-3.0785498818897636
11
5.7890843307086612
21
-3.0890843307086615
0
LINE
8
BLACK
6
CONTINUOUS
10
5.7890843307086612
20
-3.0890843307086615
11
5.7785498818897638
21
-3.0984984645669291
0
LINE
8
BLACK
6
CONTINUOUS
10
5.7785498818897638
20
-3.0984984645669291
11
5.7670276771653546
21
-3.106673897637795
0
LINE
8
BLACK
6
CONTINUOUS
10
5.7670276771653546
20
-3.106673897637795
11
5.7546625196850396
21
-3.113507874015748
0
LINE
8
BLACK
6
CONTINUOUS
10
5.7546625196850396
20
-3.113507874015748
11
5.7416099606299209
21
-3.1189144488188978
0
LINE
8
BLACK
6
CONTINUOUS
10
5.7416099606299209
20
-3.1189144488188978
11
5.7280341338582677
21
-3.1228255511811023
0
LINE
8
BLACK
6
CONTINUOUS
10
5.7280341338582677
20
-3.1228255511811023
11
5.7141057480314963
21
-3.1251920866141734
0
LINE
8
BLACK
6
CONTINUOUS
10
5.7141057480314963
20
-3.1251920866141734
11
5.7000000000000002
21
-3.1259842519685037
0
LINE
8
BLACK
6
CONTINUOUS
10
5.7000000000000002
20
-3.1259842519685037
11
5.6858942519685041
21
-3.1251920866141734
0
LINE
8
BLACK
6
CONTINUOUS
10
5.6858942519685041
20
-3.1251920866141734
11
5.6719658661417318
21
-3.1228255511811023
0
LINE
8
BLACK
6
CONTINUOUS
10
5.6719658661417318
20
-3.1228255511811023
11
5.6583900393700786
21
-3.1189144488188978
0
LINE
8
BLACK
6
CONTINUOUS
10
5.6583900393700786
20
-3.1189144488188978
11
5.6453374803149607
21
-3.113507874015748
0
LINE
8
BLACK
6
CONTINUOUS
10
5.6453374803149607
20
-3.113507874015748
11
5.6329723228346458
21
-3.106673897637795
0
LINE
8
BLACK
6
CONTINUOUS
10
5.6329723228346458
20
-3.106673897637795
11
5.6214501181102356
21
-3.0984984645669291
0
LINE
8
BLACK
6
CONTINUOUS
10
5.6214501181102356
20
-3.0984984645669291
11
5.6109156692913382
21
-3.0890843307086615
0
LINE
8
BLACK
6
CONTINUOUS
10
5.6109156692913382
20
-3.0890843307086615
11
5.6015015354330711
21
-3.0785498818897636
0
LINE
8
BLACK
6
CONTINUOUS
10
5.6015015354330711
20
-3.0785498818897636
11
5.5933261023622043
21
-3.0670276771653544
0
LINE
8
BLACK
6
CONTINUOUS
10
5.5933261023622043
20
-3.0670276771653544
11
5.5864921259842522
21
-3.0546625196850394
0
LINE
8
BLACK
6
CONTINUOUS
10
5.5864921259842522
20
-3.0546625196850394
11
5.5810855511811024
21
-3.0416099606299212
0
LINE
8
BLACK
6
CONTINUOUS
10
5.5810855511811024
20
-3.0416099606299212
11
5.5771744488188979
21
-3.0280341338582675
0
LINE
8
BLACK
6
CONTINUOUS
10
5.5771744488188979
20
-3.0280341338582675
11
5.5748079133858264
21
-3.0141057480314961
0
LINE
8
BLACK
6
CONTINUOUS
10
5.5748079133858264
20
-3.0141057480314961
11
5.5740157480314956
21
-3.
0
LINE
8
BLACK
6
CONTINUOUS
10
5.5740157480314956
20
-3.
11
5.5748079133858264
21
-2.9858942519685039
0
LINE
8
BLACK
6
CONTINUOUS
10
5.5748079133858264
20
-2.9858942519685039
11
5.5771744488188979
21
-2.9719658661417321
0
LINE
8
BLACK
6
CONTINUOUS
10
5.5771744488188979
20
-2.9719658661417321
11
5.5810855511811024
21
-2.9583900393700788
0
LINE
8
BLACK
6
CONTINUOUS
10
5.5810855511811024
20
-2.9583900393700788
11
5.5864921259842522
21
-2.9453374803149606
0
LINE
8
BLACK
6
CONTINUOUS
10
5.5864921259842522
20
-2.9453374803149606
11
5.5933261023622043
21
-2.9329723228346456
0
LINE
8
BLACK
6
CONTINUOUS
10
5.5933261023622043
20
-2.9329723228346456
11
5.6015015354330711
21
-2.9214501181102364
0
LINE
8
BLACK
6
CONTINUOUS
10
5.6015015354330711
20
-2.9214501181102364
11
5.6109156692913382
21
-2.9109156692913385
0
LINE
8
BLACK
6
CONTINUOUS
10
5.6109156692913382
20
-2.9109156692913385
11
5.6214501181102356
21
-2.9015015354330709
0
LINE
8
BLACK
6
CONTINUOUS
10
5.6214501181102356
20
-2.9015015354330709
11
5.6329723228346458
21
-2.8933261023622046
0
LINE
8
BLACK
6
CONTINUOUS
10
5.6329723228346458
20
-2.8933261023622046
11
5.6453374803149607
21
-2.886492125984252
0
LINE
8
BLACK
6
CONTINUOUS
10
5.6453374803149607
20
-2.886492125984252
11
5.6583900393700786
21
-2.8810855511811022
0
LINE
8
BLACK
6
CONTINUOUS
10
5.6583900393700786
20
-2.8810855511811022
11
5.6719658661417318
21
-2.8771744488188977
0
LINE
8
BLACK
6
CONTINUOUS
10
5.6719658661417318
20
-2.8771744488188977
11
5.6858942519685041
21
-2.8748079133858266
0
LINE
8
BLACK
6
CONTINUOUS
10
5.6858942519685041
20
-2.8748079133858266
11
5.7000000000000002
21
-2.8740157480314958
0
LINE
8
BLACK
6
CONTINUOUS
10
5.7000000000000002
20
-2.8740157480314958
11
5.7141057480314963
21
-2.8748079133858266
0
LINE
8
BLACK
6
CONTINUOUS
10
4.1855779133858269
20
-2.9756401574803149
11
4.1856759055118111
21
-2.975680748031496
0
LINE
8
BLACK
6
CONTINUOUS
10
4.1856759055118111
20
-2.975680748031496
11
4.1857817322834645
21
-2.9756882677165355
0
LINE
8
BLACK
6
CONTINUOUS
10
4.1857817322834645
20
-2.9756882677165355
11
4.1862932677165352
21
-2.9759364566929132
0
LINE
8
BLACK
6
CONTINUOUS
10
4.1862932677165352
20
-2.9759364566929132
11
4.1866423228346452
21
-2.9760810629921259
0
LINE
8
BLACK
6
CONTINUOUS
10
4.1866423228346452
20
-2.9760810629921259
11
4.1866904330708659
21
-2.9761291732283466
0
LINE
8
BLACK
6
CONTINUOUS
10
4.1866904330708659
20
-2.9761291732283466
11
4.1900718897637796
21
-2.9777699212598425
0
LINE
8
BLACK
6
CONTINUOUS
10
4.1900718897637796
20
-2.9777699212598425
11
4.1903198818897636
21
-2.9779259842519683
0
LINE
8
BLACK
6
CONTINUOUS
10
4.1903198818897636
20
-2.9779259842519683
11
4.1903918503937003
21
-2.9779558267716535
0
LINE
8
BLACK
6
CONTINUOUS
10
4.1903918503937003
20
-2.9779558267716535
11
4.1904379133858267
21
-2.9780003149606298
0
LINE
8
BLACK
6
CONTINUOUS
10
4.1904379133858267
20
-2.9780003149606298
11
4.1905617716535435
21
-2.9780782677165352
0
LINE
8
BLACK
6
CONTINUOUS
10
4.1905617716535435
20
-2.9780782677165352
11
4.1907835039370074
21
-2.9783339370078741
0
LINE
8
BLACK
6
CONTINUOUS
10
4.1907835039370074
20
-2.9783339370078741
11
4.1927140551181106
21
-2.9801977952755907
0
LINE
8
BLACK
6
CONTINUOUS
10
4.1927140551181106
20
-2.9801977952755907
11
4.1927153543307085
21
-2.9801993700787399
0
LINE
8
BLACK
6
CONTINUOUS
10
4.1927153543307085
20
-2.9801993700787399
11
4.1927162204724411
21
-2.9801999606299212
0
LINE
8
BLACK
6
CONTINUOUS
10
4.1927162204724411
20
-2.9801999606299212
11
4.1927180314960628
21
-2.9802026771653543
0
LINE
8
BLACK
6
CONTINUOUS
10
4.1927180314960628
20
-2.9802026771653543
11
4.1930812598425193
21
-2.9806452362204725
0
LINE
8
BLACK
6
CONTINUOUS
10
4.1930812598425193
20
-2.9806452362204725
11
4.1931805118110237
21
-2.9808848818897635
0
LINE
8
BLACK
6
CONTINUOUS
10
4.1931805118110237
20
-2.9808848818897635
11
4.1968325196850396
21
-2.986272125984252
0
LINE
8
BLACK
6
CONTINUOUS
10
4.1968325196850396
20
-2.986272125984252
11
4.1970019685039368
21
-2.9865900000000001
0
LINE
8
BLACK
6
CONTINUOUS
10
4.1970019685039368
20
-2.9865900000000001
11
4.1970455118110239
21
-2.9866487401574804
0
LINE
8
BLACK
6
CONTINUOUS
10
4.1970455118110239
20
-2.9866487401574804
11
4.197056889763779
21
-2.9866929527559054
0
LINE
8
BLACK
6
CONTINUOUS
10
4.197056889763779
20
-2.9866929527559054
11
4.1971048425196846
21
-2.9867829133858268
0
LINE
8
BLACK
6
CONTINUOUS
10
4.1971048425196846
20
-2.9867829133858268
11
4.1971874015748032
21
-2.9872002755905509
0
LINE
8
BLACK
6
CONTINUOUS
10
4.1971874015748032
20
-2.9872002755905509
11
4.1991150393700787
21
-2.9946929133858267
0
LINE
8
BLACK
6
CONTINUOUS
10
4.1991150393700787
20
-2.9946929133858267
11
4.1991298031496065
21
-2.9947927559055119
0
LINE
8
BLACK
6
CONTINUOUS
10
4.1991298031496065
20
-2.9947927559055119
11
4.1991464566929135
21
-2.9948329921259842
0
LINE
8
BLACK
6
CONTINUOUS
10
4.1991464566929135
20
-2.9948329921259842
11
4.199146692913386
21
-2.9949072440944882
0
LINE
8
BLACK
6
CONTINUOUS
10
4.199146692913386
20
-2.9949072440944882
11
4.1991996850393702
21
-2.9952655118110236
0
LINE
8
BLACK
6
CONTINUOUS
10
4.1991996850393702
20
-2.9952655118110236
11
4.1991492519685041
21
-2.9956043307086615
0
LINE
8
BLACK
6
CONTINUOUS
10
4.1991492519685041
20
-2.9956043307086615
11
4.1991698425196846
21
-3.0012600393700786
0
LINE
8
BLACK
6
CONTINUOUS
10
4.1991698425196846
20
-3.0012600393700786
11
4.1991800000000001
21
-3.0014026377952754
0
LINE
8
BLACK
6
CONTINUOUS
10
4.1991800000000001
20
-3.0014026377952754
11
4.1991704724409447
21
-3.0014311417322834
0
LINE
8
BLACK
6
CONTINUOUS
10
4.1991704724409447
20
-3.0014311417322834
11
4.1992031889763775
21
-3.0104071653543305
0
LINE
8
BLACK
6
CONTINUOUS
10
4.1992031889763775
20
-3.0104071653543305
11
4.1991464566929135
21
-3.0109832283464568
0
LINE
8
BLACK
6
CONTINUOUS
10
4.1991464566929135
20
-3.0109832283464568
11
4.199105866141732
21
-3.0110811811023623
0
LINE
8
BLACK
6
CONTINUOUS
10
4.199105866141732
20
-3.0110811811023623
11
4.1990983464566929
21
-3.0111870866141732
0
LINE
8
BLACK
6
CONTINUOUS
10
4.1990983464566929
20
-3.0111870866141732
11
4.1988500000000002
21
-3.0116988188976377
0
LINE
8
BLACK
6
CONTINUOUS
10
4.1988500000000002
20
-3.0116988188976377
11
4.198705551181102
21
-3.0120476377952756
0
LINE
8
BLACK
6
CONTINUOUS
10
4.198705551181102
20
-3.0120476377952756
11
4.1986574409448814
21
-3.0120957086614171
0
LINE
8
BLACK
6
CONTINUOUS
10
4.1986574409448814
20
-3.0120957086614171
11
4.1970166929133859
21
-3.0154772047244092
0
LINE
8
BLACK
6
CONTINUOUS
10
4.1970166929133859
20
-3.0154772047244092
11
4.1968606299212601
21
-3.0157250787401573
0
LINE
8
BLACK
6
CONTINUOUS
10
4.1968606299212601
20
-3.0157250787401573
11
4.1968308267716532
21
-3.015797125984252
0
LINE
8
BLACK
6
CONTINUOUS
10
4.1968308267716532
20
-3.015797125984252
11
4.1967862598425194
21
-3.0158432283464567
0
LINE
8
BLACK
6
CONTINUOUS
10
4.1967862598425194
20
-3.0158432283464567
11
4.1967083464566928
21
-3.015967086614173
0
LINE
8
BLACK
6
CONTINUOUS
10
4.1967083464566928
20
-3.015967086614173
11
4.1964526771653539
21
-3.016188779527559
0
LINE
8
BLACK
6
CONTINUOUS
10
4.1964526771653539
20
-3.016188779527559
11
4.1945888582677169
21
-3.0181193700787401
0
LINE
8
BLACK
6
CONTINUOUS
10
4.1945888582677169
20
-3.0181193700787401
11
4.1943624803149602
21
-3.0183051181102361
0
LINE
8
BLACK
6
CONTINUOUS
10
4.1943624803149602
20
-3.0183051181102361
11
4.1943112992125986
21
-3.0183641732283464
0
LINE
8
BLACK
6
CONTINUOUS
10
4.1943112992125986
20
-3.0183641732283464
11
4.1942556299212601
21
-3.0183927952755907
0
LINE
8
BLACK
6
CONTINUOUS
10
4.1942556299212601
20
-3.0183927952755907
11
4.1941413779527554
21
-3.0184866141732285
0
LINE
8
BLACK
6
CONTINUOUS
10
4.1941413779527554
20
-3.0184866141732285
11
4.1937944881889759
21
-3.0186302755905512
0
LINE
8
BLACK
6
CONTINUOUS
10
4.1937944881889759
20
-3.0186302755905512
11
4.1900718897637796
21
-3.020547283464567
0
LINE
8
BLACK
6
CONTINUOUS
10
4.1900718897637796
20
-3.020547283464567
11
4.1895312598425196
21
-3.0207541732283465
0
LINE
8
BLACK
6
CONTINUOUS
10
4.1895312598425196
20
-3.0207541732283465
11
4.1894254330708662
21
-3.0207616535433068
0
LINE
8
BLACK
6
CONTINUOUS
10
4.1894254330708662
20
-3.0207616535433068
11
4.189327440944882
21
-3.0208022834645667
0
LINE
8
BLACK
6
CONTINUOUS
10
4.189327440944882
20
-3.0208022834645667
11
4.1888022047244098
21
-3.0208059448818898
0
LINE
8
BLACK
6
CONTINUOUS
10
4.1888022047244098
20
-3.0208059448818898
11
4.1883820472440947
21
-3.0208358267716533
0
LINE
8
BLACK
6
CONTINUOUS
10
4.1883820472440947
20
-3.0208358267716533
11
4.1883029921259842
21
-3.0208094488188975
0
LINE
8
BLACK
6
CONTINUOUS
10
4.1883029921259842
20
-3.0208094488188975
11
4.1812523228346459
21
-3.0208590157480315
0
LINE
8
BLACK
6
CONTINUOUS
10
4.1812523228346459
20
-3.0208590157480315
11
4.18067625984252
21
-3.0208022834645667
0
LINE
8
BLACK
6
CONTINUOUS
10
4.18067625984252
20
-3.0208022834645667
11
4.1805782677165357
21
-3.0207616929133856
0
LINE
8
BLACK
6
CONTINUOUS
10
4.1805782677165357
20
-3.0207616929133856
11
4.1804724015748027
21
-3.0207541732283465
0
LINE
8
BLACK
6
CONTINUOUS
10
4.1804724015748027
20
-3.0207541732283465
11
4.1799606299212595
21
-3.0205058267716534
0
LINE
8
BLACK
6
CONTINUOUS
10
4.1799606299212595
20
-3.0205058267716534
11
4.1796118503937008
21
-3.0203613779527561
0
LINE
8
BLACK
6
CONTINUOUS
10
4.1796118503937008
20
-3.0203613779527561
11
4.1795637401574801
21
-3.0203132677165354
0
LINE
8
BLACK
6
CONTINUOUS
10
4.1795637401574801
20
-3.0203132677165354
11
4.1761822834645672
21
-3.0186725196850395
0
LINE
8
BLACK
6
CONTINUOUS
10
4.1761822834645672
20
-3.0186725196850395
11
4.1759342519685037
21
-3.0185164173228345
0
LINE
8
BLACK
6
CONTINUOUS
10
4.1759342519685037
20
-3.0185164173228345
11
4.1758623228346456
21
-3.0184866141732285
0
LINE
8
BLACK
6
CONTINUOUS
10
4.1758623228346456
20
-3.0184866141732285
11
4.1758162204724405
21
-3.018442086614173
0
LINE
8
BLACK
6
CONTINUOUS
10
4.1758162204724405
20
-3.018442086614173
11
4.1756924015748034
21
-3.0183641732283464
0
LINE
8
BLACK
6
CONTINUOUS
10
4.1756924015748034
20
-3.0183641732283464
11
4.1754705905511811
21
-3.0181083858267717
0
LINE
8
BLACK
6
CONTINUOUS
10
4.1754705905511811
20
-3.0181083858267717
11
4.1735400787401575
21
-3.0162445669291338
0
LINE
8
BLACK
6
CONTINUOUS
10
4.1735400787401575
20
-3.0162445669291338
11
4.1733543307086611
21
-3.0160182283464567
0
LINE
8
BLACK
6
CONTINUOUS
10
4.1733543307086611
20
-3.0160182283464567
11
4.1732953543307083
21
-3.015967086614173
0
LINE
8
BLACK
6
CONTINUOUS
10
4.1732953543307083
20
-3.015967086614173
11
4.1732666929133861
21
-3.0159114566929133
0
LINE
8
BLACK
6
CONTINUOUS
10
4.1732666929133861
20
-3.0159114566929133
11
4.1731728740157479
21
-3.015797125984252
0
LINE
8
BLACK
6
CONTINUOUS
10
4.1731728740157479
20
-3.015797125984252
11
4.173029173228346
21
-3.0154501968503937
0
LINE
8
BLACK
6
CONTINUOUS
10
4.173029173228346
20
-3.0154501968503937
11
4.1711122440944877
21
-3.0117276771653541
0
LINE
8
BLACK
6
CONTINUOUS
10
4.1711122440944877
20
-3.0117276771653541
11
4.1709053543307082
21
-3.0111870472440945
0
LINE
8
BLACK
6
CONTINUOUS
10
4.1709053543307082
20
-3.0111870472440945
11
4.1708978346456691
21
-3.0110812204724411
0
LINE
8
BLACK
6
CONTINUOUS
10
4.1708978346456691
20
-3.0110812204724411
11
4.1708572440944884
21
-3.0109832283464568
0
LINE
8
BLACK
6
CONTINUOUS
10
4.1708572440944884
20
-3.0109832283464568
11
4.1708542913385829
21
-3.0104686220472439
0
LINE
8
BLACK
6
CONTINUOUS
10
4.1708542913385829
20
-3.0104686220472439
11
4.1708237007874018
21
-3.0100378346456691
0
LINE
8
BLACK
6
CONTINUOUS
10
4.1708237007874018
20
-3.0100378346456691
11
4.1708513779527561
21
-3.0099547637795276
0
LINE
8
BLACK
6
CONTINUOUS
10
4.1708513779527561
20
-3.0099547637795276
11
4.1708005118110236
21
-3.0010333464566927
0
LINE
8
BLACK
6
CONTINUOUS
10
4.1708005118110236
20
-3.0010333464566927
11
4.1708572440944884
21
-3.0004572834645669
0
LINE
8
BLACK
6
CONTINUOUS
10
4.1708572440944884
20
-3.0004572834645669
11
4.1708978346456691
21
-3.0003592519685038
0
LINE
8
BLACK
6
CONTINUOUS
10
4.1708978346456691
20
-3.0003592519685038
11
4.1709053543307082
21
-3.0002534645669292
0
LINE
8
BLACK
6
CONTINUOUS
10
4.1709053543307082
20
-3.0002534645669292
11
4.1711535433070868
21
-2.9997418897637793
0
LINE
8
BLACK
6
CONTINUOUS
10
4.1711535433070868
20
-2.9997418897637793
11
4.1712981496062991
21
-2.9993928740157481
0
LINE
8
BLACK
6
CONTINUOUS
10
4.1712981496062991
20
-2.9993928740157481
11
4.1713462598425197
21
-2.9993447244094487
0
LINE
8
BLACK
6
CONTINUOUS
10
4.1713462598425197
20
-2.9993447244094487
11
4.1729870078740152
21
-2.9959633070866141
0
LINE
8
BLACK
6
CONTINUOUS
10
4.1729870078740152
20
-2.9959633070866141
11
4.1731430708661419
21
-2.995715275590551
0
LINE
8
BLACK
6
CONTINUOUS
10
4.1731430708661419
20
-2.995715275590551
11
4.1731729133858266
21
-2.9956433464566929
0
LINE
8
BLACK
6
CONTINUOUS
10
4.1731729133858266
20
-2.9956433464566929
11
4.1732174015748029
21
-2.9955972440944882
0
LINE
8
BLACK
6
CONTINUOUS
10
4.1732174015748029
20
-2.9955972440944882
11
4.1732953543307083
21
-2.9954734251968502
0
LINE
8
BLACK
6
CONTINUOUS
10
4.1732953543307083
20
-2.9954734251968502
11
4.1735510236220472
21
-2.9952516535433071
0
LINE
8
BLACK
6
CONTINUOUS
10
4.1735510236220472
20
-2.9952516535433071
11
4.1754148818897638
21
-2.9933211417322836
0
LINE
8
BLACK
6
CONTINUOUS
10
4.1754148818897638
20
-2.9933211417322836
11
4.1756412204724409
21
-2.9931353543307084
0
LINE
8
BLACK
6
CONTINUOUS
10
4.1756412204724409
20
-2.9931353543307084
11
4.1756924015748034
21
-2.9930763779527561
0
LINE
8
BLACK
6
CONTINUOUS
10
4.1756924015748034
20
-2.9930763779527561
11
4.1757480314960631
21
-2.993047716535433
0
LINE
8
BLACK
6
CONTINUOUS
10
4.1757480314960631
20
-2.993047716535433
11
4.1758623228346456
21
-2.9929539370078739
0
LINE
8
BLACK
6
CONTINUOUS
10
4.1758623228346456
20
-2.9929539370078739
11
4.1762091732283464
21
-2.9928102362204725
0
LINE
8
BLACK
6
CONTINUOUS
10
4.1762091732283464
20
-2.9928102362204725
11
4.1799318110236223
21
-2.9908932677165354
0
LINE
8
BLACK
6
CONTINUOUS
10
4.1799318110236223
20
-2.9908932677165354
11
4.1804724015748027
21
-2.9906863779527559
0
LINE
8
BLACK
6
CONTINUOUS
10
4.1804724015748027
20
-2.9906863779527559
11
4.1805782677165357
21
-2.9906788188976376
0
LINE
8
BLACK
6
CONTINUOUS
10
4.1805782677165357
20
-2.9906788188976376
11
4.18067625984252
21
-2.9906382677165353
0
LINE
8
BLACK
6
CONTINUOUS
10
4.18067625984252
20
-2.9906382677165353
11
4.1812014173228347
21
-2.9906345669291339
0
LINE
8
BLACK
6
CONTINUOUS
10
4.1812014173228347
20
-2.9906345669291339
11
4.1816216141732285
21
-2.9906047244094487
0
LINE
8
BLACK
6
CONTINUOUS
10
4.1816216141732285
20
-2.9906047244094487
11
4.1817006299212593
21
-2.9906310629921258
0
LINE
8
BLACK
6
CONTINUOUS
10
4.1817006299212593
20
-2.9906310629921258
11
4.1887513779527561
21
-2.9905815354330709
0
LINE
8
BLACK
6
CONTINUOUS
10
4.1887513779527561
20
-2.9905815354330709
11
4.189327440944882
21
-2.9906382677165353
0
LINE
8
BLACK
6
CONTINUOUS
10
4.189327440944882
20
-2.9906382677165353
11
4.1894254330708662
21
-2.9906788582677164
0
LINE
8
BLACK
6
CONTINUOUS
10
4.1894254330708662
20
-2.9906788582677164
11
4.1895312598425196
21
-2.9906863779527559
0
LINE
8
BLACK
6
CONTINUOUS
10
4.1895312598425196
20
-2.9906863779527559
11
4.1900427952755903
21
-2.9909345669291336
0
LINE
8
BLACK
6
CONTINUOUS
10
4.1900427952755903
20
-2.9909345669291336
11
4.1903918503937003
21
-2.9910791732283464
0
LINE
8
BLACK
6
CONTINUOUS
10
4.1903918503937003
20
-2.9910791732283464
11
4.190439960629921
21
-2.991127283464567
0
LINE
8
BLACK
6
CONTINUOUS
10
4.190439960629921
20
-2.991127283464567
11
4.1923990944881888
21
-2.9920778740157479
0
LINE
8
BLACK
6
CONTINUOUS
10
4.1923990944881888
20
-2.9920778740157479
11
4.1916051968503938
21
-2.9889920866141733
0
LINE
8
BLACK
6
CONTINUOUS
10
4.1916051968503938
20
-2.9889920866141733
11
4.1882262204724405
21
-2.9840076377952753
0
LINE
8
BLACK
6
CONTINUOUS
10
4.1882262204724405
20
-2.9840076377952753
11
4.1869244488188979
21
-2.9827508267716536
0
LINE
8
BLACK
6
CONTINUOUS
10
4.1869244488188979
20
-2.9827508267716536
11
4.1842264173228347
21
-2.9814416929133856
0
LINE
8
BLACK
6
CONTINUOUS
10
4.1842264173228347
20
-2.9814416929133856
11
4.1775027952755908
21
-2.9814889370078741
0
LINE
8
BLACK
6
CONTINUOUS
10
4.1775027952755908
20
-2.9814889370078741
11
4.1769267322834649
21
-2.9814322047244093
0
LINE
8
BLACK
6
CONTINUOUS
10
4.1769267322834649
20
-2.9814322047244093
11
4.1758623228346456
21
-2.9809912992125982
0
LINE
8
BLACK
6
CONTINUOUS
10
4.1758623228346456
20
-2.9809912992125982
11
4.1750476771653542
21
-2.9801766535433072
0
LINE
8
BLACK
6
CONTINUOUS
10
4.1750476771653542
20
-2.9801766535433072
11
4.1746067716535435
21
-2.9791122440944879
0
LINE
8
BLACK
6
CONTINUOUS
10
4.1746067716535435
20
-2.9791122440944879
11
4.1746067716535435
21
-2.9779601181102362
0
LINE
8
BLACK
6
CONTINUOUS
10
4.1746067716535435
20
-2.9779601181102362
11
4.1750476771653542
21
-2.9768957086614174
0
LINE
8
BLACK
6
CONTINUOUS
10
4.1750476771653542
20
-2.9768957086614174
11
4.1758623228346456
21
-2.9760810629921259
0
LINE
8
BLACK
6
CONTINUOUS
10
4.1758623228346456
20
-2.9760810629921259
11
4.1769267322834649
21
-2.9756401574803149
0
LINE
8
BLACK
6
CONTINUOUS
10
4.1769267322834649
20
-2.9756401574803149
11
4.185001850393701
21
-2.9755834251968505
0
LINE
8
BLACK
6
CONTINUOUS
10
4.185001850393701
20
-2.9755834251968505
11
4.1855779133858269
21
-2.9756401574803149
0
LINE
8
BLACK
6
CONTINUOUS
10
4.1818669291338582
20
-2.9964827165354331
11
4.1791586220472441
21
-2.9978773622047243
0
LINE
8
BLACK
6
CONTINUOUS
10
4.1791586220472441
20
-2.9978773622047243
11
4.1779679133858263
21
-2.999110708661417
0
LINE
8
BLACK
6
CONTINUOUS
10
4.1779679133858263
20
-2.999110708661417
11
4.1766570078740157
21
-3.0018123622047241
0
LINE
8
BLACK
6
CONTINUOUS
10
4.1766570078740157
20
-3.0018123622047241
11
4.1767025196850396
21
-3.0097940944881887
0
LINE
8
BLACK
6
CONTINUOUS
10
4.1767025196850396
20
-3.0097940944881887
11
4.1780963779527562
21
-3.0125008267716535
0
LINE
8
BLACK
6
CONTINUOUS
10
4.1780963779527562
20
-3.0125008267716535
11
4.1793297244094489
21
-3.0136916141732284
0
LINE
8
BLACK
6
CONTINUOUS
10
4.1793297244094489
20
-3.0136916141732284
11
4.1820277165354334
21
-3.0150007086614172
0
LINE
8
BLACK
6
CONTINUOUS
10
4.1820277165354334
20
-3.0150007086614172
11
4.1881367322834642
21
-3.0149577952755906
0
LINE
8
BLACK
6
CONTINUOUS
10
4.1881367322834642
20
-3.0149577952755906
11
4.1908449999999995
21
-3.0135631496062993
0
LINE
8
BLACK
6
CONTINUOUS
10
4.1908449999999995
20
-3.0135631496062993
11
4.1920357874015748
21
-3.0123297244094487
0
LINE
8
BLACK
6
CONTINUOUS
10
4.1920357874015748
20
-3.0123297244094487
11
4.1933494488188972
21
-3.009622401574803
0
LINE
8
BLACK
6
CONTINUOUS
10
4.1933494488188972
20
-3.009622401574803
11
4.1933205118110237
21
-3.0016839763779526
0
LINE
8
BLACK
6
CONTINUOUS
10
4.1933205118110237
20
-3.0016839763779526
11
4.1919073228346457
21
-2.9989396456692914
0
LINE
8
BLACK
6
CONTINUOUS
10
4.1919073228346457
20
-2.9989396456692914
11
4.190673976377953
21
-2.997748937007874
0
LINE
8
BLACK
6
CONTINUOUS
10
4.190673976377953
20
-2.997748937007874
11
4.1879759448818898
21
-2.9964398031496065
0
LINE
8
BLACK
6
CONTINUOUS
10
4.1879759448818898
20
-2.9964398031496065
11
4.1818669291338582
21
-2.9964827165354331
0
LINE
8
BLACK
6
CONTINUOUS
10
4.2147638188976373
20
-2.9760810629921259
11
4.2155784645669288
21
-2.9768957086614174
0
LINE
8
BLACK
6
CONTINUOUS
10
4.2155784645669288
20
-2.9768957086614174
11
4.2160193700787403
21
-2.9779601181102362
0
LINE
8
BLACK
6
CONTINUOUS
10
4.2160193700787403
20
-2.9779601181102362
11
4.2160754330708663
21
-3.006322992125984
0
LINE
8
BLACK
6
CONTINUOUS
10
4.2160754330708663
20
-3.006322992125984
11
4.2176014173228342
21
-3.0107712204724408
0
LINE
8
BLACK
6
CONTINUOUS
10
4.2176014173228342
20
-3.0107712204724408
11
4.2204012992125985
21
-3.0135176377952755
0
LINE
8
BLACK
6
CONTINUOUS
10
4.2204012992125985
20
-3.0135176377952755
11
4.2249653543307089
21
-3.0149948818897636
0
LINE
8
BLACK
6
CONTINUOUS
10
4.2249653543307089
20
-3.0149948818897636
11
4.2281214566929135
21
-3.0149535039370079
0
LINE
8
BLACK
6
CONTINUOUS
10
4.2281214566929135
20
-3.0149535039370079
11
4.2286975196850394
21
-3.0150102362204723
0
LINE
8
BLACK
6
CONTINUOUS
10
4.2286975196850394
20
-3.0150102362204723
11
4.2297619291338577
21
-3.0154511417322833
0
LINE
8
BLACK
6
CONTINUOUS
10
4.2297619291338577
20
-3.0154511417322833
11
4.2305765748031492
21
-3.0162657874015748
0
LINE
8
BLACK
6
CONTINUOUS
10
4.2305765748031492
20
-3.0162657874015748
11
4.2310174803149607
21
-3.0173301968503936
0
LINE
8
BLACK
6
CONTINUOUS
10
4.2310174803149607
20
-3.0173301968503936
11
4.2310174803149607
21
-3.0184823228346458
0
LINE
8
BLACK
6
CONTINUOUS
10
4.2310174803149607
20
-3.0184823228346458
11
4.2305765748031492
21
-3.0195467322834646
0
LINE
8
BLACK
6
CONTINUOUS
10
4.2305765748031492
20
-3.0195467322834646
11
4.2297619291338577
21
-3.0203613779527561
0
LINE
8
BLACK
6
CONTINUOUS
10
4.2297619291338577
20
-3.0203613779527561
11
4.2286975196850394
21
-3.0208022834645667
0
LINE
8
BLACK
6
CONTINUOUS
10
4.2286975196850394
20
-3.0208022834645667
11
4.2243719291338584
21
-3.0208590157480315
0
LINE
8
BLACK
6
CONTINUOUS
10
4.2243719291338584
20
-3.0208590157480315
11
4.2240803149606299
21
-3.020830275590551
0
LINE
8
BLACK
6
CONTINUOUS
10
4.2240803149606299
20
-3.020830275590551
11
4.224002598425197
21
-3.0208358267716533
0
LINE
8
BLACK
6
CONTINUOUS
10
4.224002598425197
20
-3.0208358267716533
11
4.2239440157480317
21
-3.0208168503937007
0
LINE
8
BLACK
6
CONTINUOUS
10
4.2239440157480317
20
-3.0208168503937007
11
4.2237958661417325
21
-3.0208022834645667
0
LINE
8
BLACK
6
CONTINUOUS
10
4.2237958661417325
20
-3.0208022834645667
11
4.2234273228346453
21
-3.0206496062992123
0
LINE
8
BLACK
6
CONTINUOUS
10
4.2234273228346453
20
-3.0206496062992123
11
4.2178138976377948
21
-3.0188327165354329
0
LINE
8
BLACK
6
CONTINUOUS
10
4.2178138976377948
20
-3.0188327165354329
11
4.2172853149606295
21
-3.0185967322834646
0
LINE
8
BLACK
6
CONTINUOUS
10
4.2172853149606295
20
-3.0185967322834646
11
4.2172051968503936
21
-3.0185272440944879
0
LINE
8
BLACK
6
CONTINUOUS
10
4.2172051968503936
20
-3.0185272440944879
11
4.2171071653543306
21
-3.0184866535433068
0
LINE
8
BLACK
6
CONTINUOUS
10
4.2171071653543306
20
-3.0184866535433068
11
4.2167159055118111
21
-3.0181028740157481
0
LINE
8
BLACK
6
CONTINUOUS
10
4.2167159055118111
20
-3.0181028740157481
11
4.2164149606299208
21
-3.0178418503937006
0
LINE
8
BLACK
6
CONTINUOUS
10
4.2164149606299208
20
-3.0178418503937006
11
4.2163814173228342
21
-3.0177747637795274
0
LINE
8
BLACK
6
CONTINUOUS
10
4.2163814173228342
20
-3.0177747637795274
11
4.2129101968503937
21
-3.014369842519685
0
LINE
8
BLACK
6
CONTINUOUS
10
4.2129101968503937
20
-3.014369842519685
11
4.2125429527559053
21
-3.0139223622047244
0
LINE
8
BLACK
6
CONTINUOUS
10
4.2125429527559053
20
-3.0139223622047244
11
4.2125023228346459
21
-3.0138242913385827
0
LINE
8
BLACK
6
CONTINUOUS
10
4.2125023228346459
20
-3.0138242913385827
11
4.2124328740157475
21
-3.0137442125984251
0
LINE
8
BLACK
6
CONTINUOUS
10
4.2124328740157475
20
-3.0137442125984251
11
4.2122578346456692
21
-3.0132340157480315
0
LINE
8
BLACK
6
CONTINUOUS
10
4.2122578346456692
20
-3.0132340157480315
11
4.2121020866141734
21
-3.0128579527559056
0
LINE
8
BLACK
6
CONTINUOUS
10
4.2121020866141734
20
-3.0128579527559056
11
4.2121020866141734
21
-3.012779960629921
0
LINE
8
BLACK
6
CONTINUOUS
10
4.2121020866141734
20
-3.012779960629921
11
4.210322125984252
21
-3.0075913779527559
0
LINE
8
BLACK
6
CONTINUOUS
10
4.210322125984252
20
-3.0075913779527559
11
4.2102571653543306
21
-3.0073057874015747
0
LINE
8
BLACK
6
CONTINUOUS
10
4.2102571653543306
20
-3.0073057874015747
11
4.2102273228346458
21
-3.0072337007874017
0
LINE
8
BLACK
6
CONTINUOUS
10
4.2102273228346458
20
-3.0072337007874017
11
4.2102271653543308
21
-3.0071738976377951
0
LINE
8
BLACK
6
CONTINUOUS
10
4.2102271653543308
20
-3.0071738976377951
11
4.2101937795275592
21
-3.0070269291338581
0
LINE
8
BLACK
6
CONTINUOUS
10
4.2101937795275592
20
-3.0070269291338581
11
4.2102259842519683
21
-3.0065733858267718
0
LINE
8
BLACK
6
CONTINUOUS
10
4.2102259842519683
20
-3.0065733858267718
11
4.210170590551181
21
-2.9785361811023621
0
LINE
8
BLACK
6
CONTINUOUS
10
4.210170590551181
20
-2.9785361811023621
11
4.2102273228346458
21
-2.9779601181102362
0
LINE
8
BLACK
6
CONTINUOUS
10
4.2102273228346458
20
-2.9779601181102362
11
4.2106682283464565
21
-2.9768957086614174
0
LINE
8
BLACK
6
CONTINUOUS
10
4.2106682283464565
20
-2.9768957086614174
11
4.2114828740157479
21
-2.9760810629921259
0
LINE
8
BLACK
6
CONTINUOUS
10
4.2114828740157479
20
-2.9760810629921259
11
4.2125472834645672
21
-2.9756401574803149
0
LINE
8
BLACK
6
CONTINUOUS
10
4.2125472834645672
20
-2.9756401574803149
11
4.2136994094488189
21
-2.9756401574803149
0
LINE
8
BLACK
6
CONTINUOUS
10
4.2136994094488189
20
-2.9756401574803149
11
4.2147638188976373
21
-2.9760810629921259
0
LINE
8
BLACK
6
CONTINUOUS
10
5.514763818897638
20
-2.9760810629921259
11
5.5155784645669286
21
-2.9768957086614174
0
LINE
8
BLACK
6
CONTINUOUS
10
5.5155784645669286
20
-2.9768957086614174
11
5.5160193700787401
21
-2.9779601181102362
0
LINE
8
BLACK
6
CONTINUOUS
10
5.5160193700787401
20
-2.9779601181102362
11
5.5160754330708661
21
-3.006322992125984
0
LINE
8
BLACK
6
CONTINUOUS
10
5.5160754330708661
20
-3.006322992125984
11
5.5176014173228349
21
-3.0107712204724408
0
LINE
8
BLACK
6
CONTINUOUS
10
5.5176014173228349
20
-3.0107712204724408
11
5.5204012992125984
21
-3.0135176377952755
0
LINE
8
BLACK
6
CONTINUOUS
10
5.5204012992125984
20
-3.0135176377952755
11
5.5249653543307087
21
-3.0149948818897636
0
LINE
8
BLACK
6
CONTINUOUS
10
5.5249653543307087
20
-3.0149948818897636
11
5.5281214566929133
21
-3.0149535039370079
0
LINE
8
BLACK
6
CONTINUOUS
10
5.5281214566929133
20
-3.0149535039370079
11
5.5286975196850392
21
-3.0150102362204723
0
LINE
8
BLACK
6
CONTINUOUS
10
5.5286975196850392
20
-3.0150102362204723
11
5.5297619291338584
21
-3.0154511417322833
0
LINE
8
BLACK
6
CONTINUOUS
10
5.5297619291338584
20
-3.0154511417322833
11
5.5305765748031499
21
-3.0162657874015748
0
LINE
8
BLACK
6
CONTINUOUS
10
5.5305765748031499
20
-3.0162657874015748
11
5.5310174803149605
21
-3.0173301968503936
0
LINE
8
BLACK
6
CONTINUOUS
10
5.5310174803149605
20
-3.0173301968503936
11
5.5310174803149605
21
-3.0184823228346458
0
LINE
8
BLACK
6
CONTINUOUS
10
5.5310174803149605
20
-3.0184823228346458
11
5.5305765748031499
21
-3.0195467322834646
0
LINE
8
BLACK
6
CONTINUOUS
10
5.5305765748031499
20
-3.0195467322834646
11
5.5297619291338584
21
-3.0203613779527561
0
LINE
8
BLACK
6
CONTINUOUS
10
5.5297619291338584
20
-3.0203613779527561
11
5.5286975196850392
21
-3.0208022834645667
0
LINE
8
BLACK
6
CONTINUOUS
10
5.5286975196850392
20
-3.0208022834645667
11
5.5243719291338582
21
-3.0208590157480315
0
LINE
8
BLACK
6
CONTINUOUS
10
5.5243719291338582
20
-3.0208590157480315
11
5.5240803149606297
21
-3.020830275590551
0
LINE
8
BLACK
6
CONTINUOUS
10
5.5240803149606297
20
-3.020830275590551
11
5.5240025984251968
21
-3.0208358267716533
0
LINE
8
BLACK
6
CONTINUOUS
10
5.5240025984251968
20
-3.0208358267716533
11
5.5239440157480315
21
-3.0208168503937007
0
LINE
8
BLACK
6
CONTINUOUS
10
5.5239440157480315
20
-3.0208168503937007
11
5.5237958661417323
21
-3.0208022834645667
0
LINE
8
BLACK
6
CONTINUOUS
10
5.5237958661417323
20
-3.0208022834645667
11
5.5234273228346451
21
-3.0206496062992123
0
LINE
8
BLACK
6
CONTINUOUS
10
5.5234273228346451
20
-3.0206496062992123
11
5.5178138976377955
21
-3.0188327165354329
0
LINE
8
BLACK
6
CONTINUOUS
10
5.5178138976377955
20
-3.0188327165354329
11
5.5172853149606302
21
-3.0185967322834646
0
LINE
8
BLACK
6
CONTINUOUS
10
5.5172853149606302
20
-3.0185967322834646
11
5.5172051968503935
21
-3.0185272440944879
0
LINE
8
BLACK
6
CONTINUOUS
10
5.5172051968503935
20
-3.0185272440944879
11
5.5171071653543304
21
-3.0184866535433068
0
LINE
8
BLACK
6
CONTINUOUS
10
5.5171071653543304
20
-3.0184866535433068
11
5.5167159055118109
21
-3.0181028740157481
0
LINE
8
BLACK
6
CONTINUOUS
10
5.5167159055118109
20
-3.0181028740157481
11
5.5164149606299215
21
-3.0178418503937006
0
LINE
8
BLACK
6
CONTINUOUS
10
5.5164149606299215
20
-3.0178418503937006
11
5.5163814173228349
21
-3.0177747637795274
0
LINE
8
BLACK
6
CONTINUOUS
10
5.5163814173228349
20
-3.0177747637795274
11
5.5129101968503935
21
-3.014369842519685
0
LINE
8
BLACK
6
CONTINUOUS
10
5.5129101968503935
20
-3.014369842519685
11
5.5125429527559051
21
-3.0139223622047244
0
LINE
8
BLACK
6
CONTINUOUS
10
5.5125429527559051
20
-3.0139223622047244
11
5.5125023228346457
21
-3.0138242913385827
0
LINE
8
BLACK
6
CONTINUOUS
10
5.5125023228346457
20
-3.0138242913385827
11
5.5124328740157482
21
-3.0137442125984251
0
LINE
8
BLACK
6
CONTINUOUS
10
5.5124328740157482
20
-3.0137442125984251
11
5.512257834645669
21
-3.0132340157480315
0
LINE
8
BLACK
6
CONTINUOUS
10
5.512257834645669
20
-3.0132340157480315
11
5.5121020866141732
21
-3.0128579527559056
0
LINE
8
BLACK
6
CONTINUOUS
10
5.5121020866141732
20
-3.0128579527559056
11
5.5121020866141732
21
-3.012779960629921
0
LINE
8
BLACK
6
CONTINUOUS
10
5.5121020866141732
20
-3.012779960629921
11
5.5103221259842519
21
-3.0075913779527559
0
LINE
8
BLACK
6
CONTINUOUS
10
5.5103221259842519
20
-3.0075913779527559
11
5.5102571653543304
21
-3.0073057874015747
0
LINE
8
BLACK
6
CONTINUOUS
10
5.5102571653543304
20
-3.0073057874015747
11
5.5102273228346457
21
-3.0072337007874017
0
LINE
8
BLACK
6
CONTINUOUS
10
5.5102273228346457
20
-3.0072337007874017
11
5.5102271653543307
21
-3.0071738976377951
0
LINE
8
BLACK
6
CONTINUOUS
10
5.5102271653543307
20
-3.0071738976377951
11
5.5101937795275591
21
-3.0070269291338581
0
LINE
8
BLACK
6
CONTINUOUS
10
5.5101937795275591
20
-3.0070269291338581
11
5.5102259842519681
21
-3.0065733858267718
0
LINE
8
BLACK
6
CONTINUOUS
10
5.5102259842519681
20
-3.0065733858267718
11
5.5101705905511809
21
-2.9785361811023621
0
LINE
8
BLACK
6
CONTINUOUS
10
5.5101705905511809
20
-2.9785361811023621
11
5.5102273228346457
21
-2.9779601181102362
0
LINE
8
BLACK
6
CONTINUOUS
10
5.5102273228346457
20
-2.9779601181102362
11
5.5106682283464563
21
-2.9768957086614174
0
LINE
8
BLACK
6
CONTINUOUS
10
5.5106682283464563
20
-2.9768957086614174
11
5.5114828740157478
21
-2.9760810629921259
0
LINE
8
BLACK
6
CONTINUOUS
10
5.5114828740157478
20
-2.9760810629921259
11
5.512547283464567
21
-2.9756401574803149
0
LINE
8
BLACK
6
CONTINUOUS
10
5.512547283464567
20
-2.9756401574803149
11
5.5136994094488188
21
-2.9756401574803149
0
LINE
8
BLACK
6
CONTINUOUS
10
5.5136994094488188
20
-2.9756401574803149
11
5.514763818897638
21
-2.9760810629921259
0
LINE
8
BLACK
6
CONTINUOUS
10
5.4876565354330706
20
-2.9738135433070867
11
5.488686968503937
21
-2.9743287401574801
0
LINE
8
BLACK
6
CONTINUOUS
10
5.488686968503937
20
-2.9743287401574801
11
5.4894418503937006
21
-2.9751990944881888
0
LINE
8
BLACK
6
CONTINUOUS
10
5.4894418503937006
20
-2.9751990944881888
11
5.4990516535433072
21
-3.003849094488189
0
LINE
8
BLACK
6
CONTINUOUS
10
5.4990516535433072
20
-3.003849094488189
11
5.4991165748031499
21
-3.004134724409449
0
LINE
8
BLACK
6
CONTINUOUS
10
5.4991165748031499
20
-3.004134724409449
11
5.4991464566929134
21
-3.004206811023622
0
LINE
8
BLACK
6
CONTINUOUS
10
5.4991464566929134
20
-3.004206811023622
11
5.4991464566929134
21
-3.0042660236220473
0
LINE
8
BLACK
6
CONTINUOUS
10
5.4991464566929134
20
-3.0042660236220473
11
5.49918
21
-3.0044135433070864
0
LINE
8
BLACK
6
CONTINUOUS
10
5.49918
20
-3.0044135433070864
11
5.4991464566929134
21
-3.0048853937007873
0
LINE
8
BLACK
6
CONTINUOUS
10
5.4991464566929134
20
-3.0048853937007873
11
5.4991464566929134
21
-3.0053589370078742
0
LINE
8
BLACK
6
CONTINUOUS
10
5.4991464566929134
20
-3.0053589370078742
11
5.4991057874015743
21
-3.0054570078740155
0
LINE
8
BLACK
6
CONTINUOUS
10
5.4991057874015743
20
-3.0054570078740155
11
5.499098307086614
21
-3.0055627559055118
0
LINE
8
BLACK
6
CONTINUOUS
10
5.499098307086614
20
-3.0055627559055118
11
5.4988867322834647
21
-3.005985866141732
0
LINE
8
BLACK
6
CONTINUOUS
10
5.4988867322834647
20
-3.005985866141732
11
5.4987055511811018
21
-3.006423346456693
0
LINE
8
BLACK
6
CONTINUOUS
10
5.4987055511811018
20
-3.006423346456693
11
5.4986305118110232
21
-3.0064983464566928
0
LINE
8
BLACK
6
CONTINUOUS
10
5.4986305118110232
20
-3.0064983464566928
11
5.4985831102362202
21
-3.0065932283464565
0
LINE
8
BLACK
6
CONTINUOUS
10
5.4985831102362202
20
-3.0065932283464565
11
5.4982256299212597
21
-3.0069032283464567
0
LINE
8
BLACK
6
CONTINUOUS
10
5.4982256299212597
20
-3.0069032283464567
11
5.4978909055118113
21
-3.007237992125984
0
LINE
8
BLACK
6
CONTINUOUS
10
5.4978909055118113
20
-3.007237992125984
11
5.4977928346456695
21
-3.0072785826771651
0
LINE
8
BLACK
6
CONTINUOUS
10
5.4977928346456695
20
-3.0072785826771651
11
5.4977127165354327
21
-3.0073481102362205
0
LINE
8
BLACK
6
CONTINUOUS
10
5.4977127165354327
20
-3.0073481102362205
11
5.4972638582677167
21
-3.0074977165354331
0
LINE
8
BLACK
6
CONTINUOUS
10
5.4972638582677167
20
-3.0074977165354331
11
5.496826496062992
21
-3.0076788976377951
0
LINE
8
BLACK
6
CONTINUOUS
10
5.496826496062992
20
-3.0076788976377951
11
5.4967196062992123
21
-3.0076791338582676
0
LINE
8
BLACK
6
CONTINUOUS
10
5.4967196062992123
20
-3.0076791338582676
11
5.4966197244094488
21
-3.0077124409448817
0
LINE
8
BLACK
6
CONTINUOUS
10
5.4966197244094488
20
-3.0077124409448817
11
5.4961688582677164
21
-3.0076803543307085
0
LINE
8
BLACK
6
CONTINUOUS
10
5.4961688582677164
20
-3.0076803543307085
11
5.4804339763779524
21
-3.0077161417322835
0
LINE
8
BLACK
6
CONTINUOUS
10
5.4804339763779524
20
-3.0077161417322835
11
5.4804555511811026
21
-3.0179062598425195
0
LINE
8
BLACK
6
CONTINUOUS
10
5.4804555511811026
20
-3.0179062598425195
11
5.4803988188976378
21
-3.0184823228346458
0
LINE
8
BLACK
6
CONTINUOUS
10
5.4803988188976378
20
-3.0184823228346458
11
5.4799579133858263
21
-3.0195467322834646
0
LINE
8
BLACK
6
CONTINUOUS
10
5.4799579133858263
20
-3.0195467322834646
11
5.4791432677165357
21
-3.0203613779527561
0
LINE
8
BLACK
6
CONTINUOUS
10
5.4791432677165357
20
-3.0203613779527561
11
5.4780788582677165
21
-3.0208022834645667
0
LINE
8
BLACK
6
CONTINUOUS
10
5.4780788582677165
20
-3.0208022834645667
11
5.4769267322834647
21
-3.0208022834645667
0
LINE
8
BLACK
6
CONTINUOUS
10
5.4769267322834647
20
-3.0208022834645667
11
5.4758623228346455
21
-3.0203613779527561
0
LINE
8
BLACK
6
CONTINUOUS
10
5.4758623228346455
20
-3.0203613779527561
11
5.475047677165354
21
-3.0195467322834646
0
LINE
8
BLACK
6
CONTINUOUS
10
5.475047677165354
20
-3.0195467322834646
11
5.4746067716535434
21
-3.0184823228346458
0
LINE
8
BLACK
6
CONTINUOUS
10
5.4746067716535434
20
-3.0184823228346458
11
5.4745840157480314
21
-3.0077294488188975
0
LINE
8
BLACK
6
CONTINUOUS
10
5.4745840157480314
20
-3.0077294488188975
11
5.4718785039370079
21
-3.0077356299212599
0
LINE
8
BLACK
6
CONTINUOUS
10
5.4718785039370079
20
-3.0077356299212599
11
5.4713024409448821
21
-3.0076788976377951
0
LINE
8
BLACK
6
CONTINUOUS
10
5.4713024409448821
20
-3.0076788976377951
11
5.4702380314960628
21
-3.007237992125984
0
LINE
8
BLACK
6
CONTINUOUS
10
5.4702380314960628
20
-3.007237992125984
11
5.4694233858267713
21
-3.006423346456693
0
LINE
8
BLACK
6
CONTINUOUS
10
5.4694233858267713
20
-3.006423346456693
11
5.4689824803149607
21
-3.0053589370078742
0
LINE
8
BLACK
6
CONTINUOUS
10
5.4689824803149607
20
-3.0053589370078742
11
5.4689824803149607
21
-3.004206811023622
0
LINE
8
BLACK
6
CONTINUOUS
10
5.4689824803149607
20
-3.004206811023622
11
5.4694233858267713
21
-3.0031424015748032
0
LINE
8
BLACK
6
CONTINUOUS
10
5.4694233858267713
20
-3.0031424015748032
11
5.4702380314960628
21
-3.0023277559055117
0
LINE
8
BLACK
6
CONTINUOUS
10
5.4702380314960628
20
-3.0023277559055117
11
5.4713024409448821
21
-3.0018868503937006
0
LINE
8
BLACK
6
CONTINUOUS
10
5.4713024409448821
20
-3.0018868503937006
11
5.4745716535433067
21
-3.001879409448819
0
LINE
8
BLACK
6
CONTINUOUS
10
5.4745716535433067
20
-3.001879409448819
11
5.4745500393700786
21
-2.991659527559055
0
LINE
8
BLACK
6
CONTINUOUS
10
5.4745500393700786
20
-2.991659527559055
11
5.4746067716535434
21
-2.9910834645669291
0
LINE
8
BLACK
6
CONTINUOUS
10
5.4746067716535434
20
-2.9910834645669291
11
5.475047677165354
21
-2.9900190551181103
0
LINE
8
BLACK
6
CONTINUOUS
10
5.475047677165354
20
-2.9900190551181103
11
5.4758623228346455
21
-2.9892044094488188
0
LINE
8
BLACK
6
CONTINUOUS
10
5.4758623228346455
20
-2.9892044094488188
11
5.4769267322834647
21
-2.9887635039370077
0
LINE
8
BLACK
6
CONTINUOUS
10
5.4769267322834647
20
-2.9887635039370077
11
5.4780788582677165
21
-2.9887635039370077
0
LINE
8
BLACK
6
CONTINUOUS
10
5.4780788582677165
20
-2.9887635039370077
11
5.4791432677165357
21
-2.9892044094488188
0
LINE
8
BLACK
6
CONTINUOUS
10
5.4791432677165357
20
-2.9892044094488188
11
5.4799579133858263
21
-2.9900190551181103
0
LINE
8
BLACK
6
CONTINUOUS
10
5.4799579133858263
20
-2.9900190551181103
11
5.4803988188976378
21
-2.9910834645669291
0
LINE
8
BLACK
6
CONTINUOUS
10
5.4803988188976378
20
-2.9910834645669291
11
5.4804216141732285
21
-3.0018661023622046
0
LINE
8
BLACK
6
CONTINUOUS
10
5.4804216141732285
20
-3.0018661023622046
11
5.4922073622047245
21
-3.0018392913385825
0
LINE
8
BLACK
6
CONTINUOUS
10
5.4922073622047245
20
-3.0018392913385825
11
5.4840753937007873
21
-2.977595157480315
0
LINE
8
BLACK
6
CONTINUOUS
10
5.4840753937007873
20
-2.977595157480315
11
5.4839470472440945
21
-2.9770307086614172
0
LINE
8
BLACK
6
CONTINUOUS
10
5.4839470472440945
20
-2.9770307086614172
11
5.4840287401574805
21
-2.9758814960629922
0
LINE
8
BLACK
6
CONTINUOUS
10
5.4840287401574805
20
-2.9758814960629922
11
5.4845439370078735
21
-2.9748510629921259
0
LINE
8
BLACK
6
CONTINUOUS
10
5.4845439370078735
20
-2.9748510629921259
11
5.4854142913385822
21
-2.9740961811023623
0
LINE
8
BLACK
6
CONTINUOUS
10
5.4854142913385822
20
-2.9740961811023623
11
5.4865073228346457
21
-2.9737318503937007
0
LINE
8
BLACK
6
CONTINUOUS
10
5.4865073228346457
20
-2.9737318503937007
11
5.4876565354330706
21
-2.9738135433070867
0
CIRCLE
8
BLACK
10
4.363106771653543
20
-3.5434488188976379
40
0.0068897637795276
0
CIRCLE
8
BLACK
10
4.1662563779527559
20
-3.5434488188976379
40
0.0068897637795276
0
CIRCLE
8
BLACK
10
4.363106771653543
20
-3.7402992125984249
40
0.0068897637795276
0
CIRCLE
8
BLACK
10
4.1662563779527559
20
-3.7402992125984249
40
0.0068897637795276
0
CIRCLE
8
BLACK
10
4.3628503937007874
20
-4.1340000000000003
40
0.0068897637795276
0
CIRCLE
8
BLACK
10
4.1659999999999995
20
-4.1340000000000003
40
0.0068897637795276
0
CIRCLE
8
BLACK
10
4.363106771653543
20
-3.9371496062992124
40
0.0068897637795276
0
CIRCLE
8
BLACK
10
4.1662563779527559
20
-3.9371496062992124
40
0.0068897637795276
0
CIRCLE
8
BLACK
10
5.3169094488188975
20
-3.5744881889763778
40
0.0068897637795276
0
CIRCLE
8
BLACK
10
5.3680905511811021
20
-3.5744881889763778
40
0.0068897637795276
0
CIRCLE
8
BLACK
10
5.3169094488188975
20
-3.5233070866141731
40
0.0068897637795276
0
CIRCLE
8
BLACK
10
5.3680905511811021
20
-3.5233070866141731
40
0.0068897637795276
0
CIRCLE
8
BLACK
10
5.3169094488188975
20
-3.4721259842519685
40
0.0068897637795276
0
CIRCLE
8
BLACK
10
5.3680905511811021
20
-3.4721259842519685
40
0.0068897637795276
0
CIRCLE
8
BLACK
10
4.
20
-4.6799999999999997
40
0.0068897637795276
0
CIRCLE
8
BLACK
10
5.7000000000000002
20
-3.
40
0.0068897637795276
0
CIRCLE
8
BLACK
10
5.7000000000000002
20
-4.6799999999999997
40
0.0068897637795276
0
CIRCLE
8
BLACK
10
4.
20
-3.
40
0.0068897637795276
  0
ENDSEC
  0
EOF
