  0
SECTION
  2
HEADER
  9
$ANGBASE
  50
0.0
  9
$ANGDIR
  70
1
  9
$MEASUREMENT
  70
0
  0
ENDSEC
  0
SECTION
  2
TABLES
  0
TABLE
  2
LTYPE
  70
4
  0
LTYPE
  5
40F
  2
CONTINUOUS
  70
0
  3
Solid line
  72
65
  73
0
  40
0.0
  0
LTYPE
  5
410
  2
DASHDOT
 70
0
  3
Dash Dot ____ _ ____ _
 72
65
 73
4
 40
2.0
 49
1.25
 49
-0.25
 49
0.25
 49
-0.25
  0
LTYPE
  5
411
  2
DASHED
 70
0
  3
Dashed __ __ __ __ __
 72
65
 73
2
 40
0.75
 49
0.5
 49
-0.25
  0
LTYPE
  5
43B
  2
DOTTED
 70
0
  3
Dotted .  .  .  .
 72
65
 73
2
 40
0.2
 49
0.0
 49
-0.2
  0
ENDTAB
  0
TABLE
  2
STYLE
  70
4
  0
STYLE
  2
KICAD
  70
0
  40
0
  41
1
  42
1
  50
0
  71
0
  3
isocp.shx
  0
STYLE
  2
KICADB
  70
0
  40
0
  41
1
  42
1
  50
0
  71
0
  3
isocp.shx
  0
STYLE
  2
KICADI
  70
0
  40
0
  41
1
  42
1
  50
15
  71
0
  3
isocp.shx
  0
STYLE
  2
KICADBI
  70
0
  40
0
  41
1
  42
1
  50
15
  71
0
  3
isocp.shx
  0
ENDTAB
  0
TABLE
  2
LAYER
  70
1
  0
LAYER
  2
BLACK
  70
0
  62
7
  6
CONTINUOUS
  0
ENDTAB
  0
ENDSEC
  0
SECTION
  2
ENTITIES
0
LINE
8
BLACK
6
CONTINUOUS
10
4.4378503937007876
20
-4.2089999999999996
11
4.2878503937007872
21
-4.2089999999999996
0
LINE
8
BLACK
6
CONTINUOUS
10
4.2878503937007872
20
-4.2089999999999996
11
4.2878503937007872
21
-4.0590000000000002
0
LINE
8
BLACK
6
CONTINUOUS
10
4.2878503937007872
20
-4.0590000000000002
11
4.4378503937007876
21
-4.0590000000000002
0
LINE
8
BLACK
6
CONTINUOUS
10
4.4378503937007876
20
-4.0590000000000002
11
4.4378503937007876
21
-4.2089999999999996
0
LINE
8
BLACK
6
CONTINUOUS
10
4.5069233464566931
20
-4.14825
11
4.5078875984251967
21
-4.1483079133858265
0
LINE
8
BLACK
6
CONTINUOUS
10
4.5078875984251967
20
-4.1483079133858265
11
4.5164590551181103
21
-4.1511650393700785
0
LINE
8
BLACK
6
CONTINUOUS
10
4.5164590551181103
20
-4.1511650393700785
11
4.5176099212598428
21
-4.1519248818897641
0
LINE
8
BLACK
6
CONTINUOUS
10
4.5176099212598428
20
-4.1519248818897641
11
4.5188043307086616
21
-4.1526144881889762
0
LINE
8
BLACK
6
CONTINUOUS
10
4.5188043307086616
20
-4.1526144881889762
11
4.5245186220472444
21
-4.158328779527559
0
LINE
8
BLACK
6
CONTINUOUS
10
4.5245186220472444
20
-4.158328779527559
11
4.5252081889763778
21
-4.159523149606299
0
LINE
8
BLACK
6
CONTINUOUS
10
4.5252081889763778
20
-4.159523149606299
11
4.5259680708661421
21
-4.1606740551181103
0
LINE
8
BLACK
6
CONTINUOUS
10
4.5259680708661421
20
-4.1606740551181103
11
4.528825236220472
21
-4.1692454724409451
0
LINE
8
BLACK
6
CONTINUOUS
10
4.528825236220472
20
-4.1692454724409451
11
4.5288831102362206
21
-4.170209842519685
0
LINE
8
BLACK
6
CONTINUOUS
10
4.5288831102362206
20
-4.170209842519685
11
4.52913311023622
21
-4.1711428346456696
0
LINE
8
BLACK
6
CONTINUOUS
10
4.52913311023622
20
-4.1711428346456696
11
4.52913311023622
21
-4.1768571259842515
0
LINE
8
BLACK
6
CONTINUOUS
10
4.52913311023622
20
-4.1768571259842515
11
4.5283292519685041
21
-4.1798571259842516
0
LINE
8
BLACK
6
CONTINUOUS
10
4.5283292519685041
20
-4.1798571259842516
11
4.5261331102362208
21
-4.182053267716535
0
LINE
8
BLACK
6
CONTINUOUS
10
4.5261331102362208
20
-4.182053267716535
11
4.5231331102362207
21
-4.1828571259842517
0
LINE
8
BLACK
6
CONTINUOUS
10
4.5231331102362207
20
-4.1828571259842517
11
4.5201331102362206
21
-4.182053267716535
0
LINE
8
BLACK
6
CONTINUOUS
10
4.5201331102362206
20
-4.182053267716535
11
4.5179369685039372
21
-4.1798571259842516
0
LINE
8
BLACK
6
CONTINUOUS
10
4.5179369685039372
20
-4.1798571259842516
11
4.5171331102362204
21
-4.1768571259842515
0
LINE
8
BLACK
6
CONTINUOUS
10
4.5171331102362204
20
-4.1768571259842515
11
4.5171331102362204
21
-4.1721164173228349
0
LINE
8
BLACK
6
CONTINUOUS
10
4.5171331102362204
20
-4.1721164173228349
11
4.5150317716535433
21
-4.1658124803149601
0
LINE
8
BLACK
6
CONTINUOUS
10
4.5150317716535433
20
-4.1658124803149601
11
4.5113206299212596
21
-4.1621013385826773
0
LINE
8
BLACK
6
CONTINUOUS
10
4.5113206299212596
20
-4.1621013385826773
11
4.5050166141732282
21
-4.1600000000000001
0
LINE
8
BLACK
6
CONTINUOUS
10
4.5050166141732282
20
-4.1600000000000001
11
4.4631331102362202
21
-4.1600000000000001
0
LINE
8
BLACK
6
CONTINUOUS
10
4.4631331102362202
20
-4.1600000000000001
11
4.4601331102362201
21
-4.1591961417322834
0
LINE
8
BLACK
6
CONTINUOUS
10
4.4601331102362201
20
-4.1591961417322834
11
4.4579369685039367
21
-4.157
0
LINE
8
BLACK
6
CONTINUOUS
10
4.4579369685039367
20
-4.157
11
4.4571331102362199
21
-4.1539999999999999
0
LINE
8
BLACK
6
CONTINUOUS
10
4.4571331102362199
20
-4.1539999999999999
11
4.4579369685039367
21
-4.1509999999999998
0
LINE
8
BLACK
6
CONTINUOUS
10
4.4579369685039367
20
-4.1509999999999998
11
4.4601331102362201
21
-4.1488038582677165
0
LINE
8
BLACK
6
CONTINUOUS
10
4.4601331102362201
20
-4.1488038582677165
11
4.4631331102362202
21
-4.1479999999999997
0
LINE
8
BLACK
6
CONTINUOUS
10
4.4631331102362202
20
-4.1479999999999997
11
4.5059902362204722
21
-4.1479999999999997
0
LINE
8
BLACK
6
CONTINUOUS
10
4.5059902362204722
20
-4.1479999999999997
11
4.5069233464566931
21
-4.14825
0
LINE
8
BLACK
6
CONTINUOUS
10
4.464300433070866
20
-4.0854555905511809
11
4.4654966141732286
21
-4.0856279527559058
0
LINE
8
BLACK
6
CONTINUOUS
10
4.4654966141732286
20
-4.0856279527559058
11
4.525496653543307
21
-4.1113422440944882
0
LINE
8
BLACK
6
CONTINUOUS
10
4.525496653543307
20
-4.1113422440944882
11
4.5279374015748033
21
-4.1132628740157475
0
LINE
8
BLACK
6
CONTINUOUS
10
4.5279374015748033
20
-4.1132628740157475
11
4.5290909055118105
21
-4.1161465748031496
0
LINE
8
BLACK
6
CONTINUOUS
10
4.5290909055118105
20
-4.1161465748031496
11
4.5286479921259843
21
-4.1192206299212595
0
LINE
8
BLACK
6
CONTINUOUS
10
4.5286479921259843
20
-4.1192206299212595
11
4.5267273622047242
21
-4.1216614173228345
0
LINE
8
BLACK
6
CONTINUOUS
10
4.5267273622047242
20
-4.1216614173228345
11
4.5238437007874017
21
-4.1228148818897639
0
LINE
8
BLACK
6
CONTINUOUS
10
4.5238437007874017
20
-4.1228148818897639
11
4.5207696062992122
21
-4.1223720078740156
0
LINE
8
BLACK
6
CONTINUOUS
10
4.5207696062992122
20
-4.1223720078740156
11
4.4691331102362204
21
-4.1002420472440946
0
LINE
8
BLACK
6
CONTINUOUS
10
4.4691331102362204
20
-4.1002420472440946
11
4.4691331102362204
21
-4.1311428346456696
0
LINE
8
BLACK
6
CONTINUOUS
10
4.4691331102362204
20
-4.1311428346456696
11
4.4683292519685036
21
-4.1341428346456688
0
LINE
8
BLACK
6
CONTINUOUS
10
4.4683292519685036
20
-4.1341428346456688
11
4.4661331102362203
21
-4.136338976377953
0
LINE
8
BLACK
6
CONTINUOUS
10
4.4661331102362203
20
-4.136338976377953
11
4.4631331102362202
21
-4.1371428346456689
0
LINE
8
BLACK
6
CONTINUOUS
10
4.4631331102362202
20
-4.1371428346456689
11
4.4601331102362201
21
-4.136338976377953
0
LINE
8
BLACK
6
CONTINUOUS
10
4.4601331102362201
20
-4.136338976377953
11
4.4579369685039367
21
-4.1341428346456688
0
LINE
8
BLACK
6
CONTINUOUS
10
4.4579369685039367
20
-4.1341428346456688
11
4.4571331102362199
21
-4.1311428346456696
0
LINE
8
BLACK
6
CONTINUOUS
10
4.4571331102362199
20
-4.1311428346456696
11
4.4571331102362199
21
-4.0911428346456695
0
LINE
8
BLACK
6
CONTINUOUS
10
4.4571331102362199
20
-4.0911428346456695
11
4.4574458661417324
21
-4.0899754724409449
0
LINE
8
BLACK
6
CONTINUOUS
10
4.4574458661417324
20
-4.0899754724409449
11
4.4576182283464565
21
-4.0887793307086611
0
LINE
8
BLACK
6
CONTINUOUS
10
4.4576182283464565
20
-4.0887793307086611
11
4.4578429133858268
21
-4.0884937401574799
0
LINE
8
BLACK
6
CONTINUOUS
10
4.4578429133858268
20
-4.0884937401574799
11
4.4579369685039367
21
-4.0881428346456694
0
LINE
8
BLACK
6
CONTINUOUS
10
4.4579369685039367
20
-4.0881428346456694
11
4.4587914960629922
21
-4.0872882677165352
0
LINE
8
BLACK
6
CONTINUOUS
10
4.4587914960629922
20
-4.0872882677165352
11
4.4595388582677167
21
-4.0863385433070869
0
LINE
8
BLACK
6
CONTINUOUS
10
4.4595388582677167
20
-4.0863385433070869
11
4.4598761811023619
21
-4.0862035826771654
0
LINE
8
BLACK
6
CONTINUOUS
10
4.4598761811023619
20
-4.0862035826771654
11
4.4601331102362201
21
-4.0859466929133861
0
LINE
8
BLACK
6
CONTINUOUS
10
4.4601331102362201
20
-4.0859466929133861
11
4.4613004724409446
21
-4.0856338582677161
0
LINE
8
BLACK
6
CONTINUOUS
10
4.4613004724409446
20
-4.0856338582677161
11
4.4624225196850391
21
-4.0851850787401576
0
LINE
8
BLACK
6
CONTINUOUS
10
4.4624225196850391
20
-4.0851850787401576
11
4.4627820866141734
21
-4.0852368503937004
0
LINE
8
BLACK
6
CONTINUOUS
10
4.4627820866141734
20
-4.0852368503937004
11
4.4631331102362202
21
-4.0851428346456693
0
LINE
8
BLACK
6
CONTINUOUS
10
4.4631331102362202
20
-4.0851428346456693
11
4.464300433070866
21
-4.0854555905511809
0
LINE
8
BLACK
6
CONTINUOUS
10
4.4381067716535432
20
-4.0121496062992126
11
4.2881067716535428
21
-4.0121496062992126
0
LINE
8
BLACK
6
CONTINUOUS
10
4.2881067716535428
20
-4.0121496062992126
11
4.2881067716535428
21
-3.8621496062992127
0
LINE
8
BLACK
6
CONTINUOUS
10
4.2881067716535428
20
-3.8621496062992127
11
4.4381067716535432
21
-3.8621496062992127
0
LINE
8
BLACK
6
CONTINUOUS
10
4.4381067716535432
20
-3.8621496062992127
11
4.4381067716535432
21
-4.0121496062992126
0
LINE
8
BLACK
6
CONTINUOUS
10
4.5071797244094487
20
-3.9513996062992125
11
4.5081439763779523
21
-3.9514575196850394
0
LINE
8
BLACK
6
CONTINUOUS
10
4.5081439763779523
20
-3.9514575196850394
11
4.5167154330708659
21
-3.954314645669291
0
LINE
8
BLACK
6
CONTINUOUS
10
4.5167154330708659
20
-3.954314645669291
11
4.5178662992125984
21
-3.9550744881889761
0
LINE
8
BLACK
6
CONTINUOUS
10
4.5178662992125984
20
-3.9550744881889761
11
4.5190607086614172
21
-3.9557640944881887
0
LINE
8
BLACK
6
CONTINUOUS
10
4.5190607086614172
20
-3.9557640944881887
11
4.524775
21
-3.9614783858267715
0
LINE
8
BLACK
6
CONTINUOUS
10
4.524775
20
-3.9614783858267715
11
4.5254645669291333
21
-3.9626727559055119
0
LINE
8
BLACK
6
CONTINUOUS
10
4.5254645669291333
20
-3.9626727559055119
11
4.5262244488188976
21
-3.9638236614173228
0
LINE
8
BLACK
6
CONTINUOUS
10
4.5262244488188976
20
-3.9638236614173228
11
4.5290816141732284
21
-3.9723950787401572
0
LINE
8
BLACK
6
CONTINUOUS
10
4.5290816141732284
20
-3.9723950787401572
11
4.5291394881889762
21
-3.9733594488188975
0
LINE
8
BLACK
6
CONTINUOUS
10
4.5291394881889762
20
-3.9733594488188975
11
4.5293894881889765
21
-3.9742924409448817
0
LINE
8
BLACK
6
CONTINUOUS
10
4.5293894881889765
20
-3.9742924409448817
11
4.5293894881889765
21
-3.9800067322834645
0
LINE
8
BLACK
6
CONTINUOUS
10
4.5293894881889765
20
-3.9800067322834645
11
4.5285856299212597
21
-3.9830067322834646
0
LINE
8
BLACK
6
CONTINUOUS
10
4.5285856299212597
20
-3.9830067322834646
11
4.5263894881889764
21
-3.9852028740157479
0
LINE
8
BLACK
6
CONTINUOUS
10
4.5263894881889764
20
-3.9852028740157479
11
4.5233894881889762
21
-3.9860067322834647
0
LINE
8
BLACK
6
CONTINUOUS
10
4.5233894881889762
20
-3.9860067322834647
11
4.5203894881889761
21
-3.9852028740157479
0
LINE
8
BLACK
6
CONTINUOUS
10
4.5203894881889761
20
-3.9852028740157479
11
4.5181933464566928
21
-3.9830067322834646
0
LINE
8
BLACK
6
CONTINUOUS
10
4.5181933464566928
20
-3.9830067322834646
11
4.517389488188976
21
-3.9800067322834645
0
LINE
8
BLACK
6
CONTINUOUS
10
4.517389488188976
20
-3.9800067322834645
11
4.517389488188976
21
-3.975266023622047
0
LINE
8
BLACK
6
CONTINUOUS
10
4.517389488188976
20
-3.975266023622047
11
4.5152881496062989
21
-3.968962086614173
0
LINE
8
BLACK
6
CONTINUOUS
10
4.5152881496062989
20
-3.968962086614173
11
4.5115770078740161
21
-3.9652509448818898
0
LINE
8
BLACK
6
CONTINUOUS
10
4.5115770078740161
20
-3.9652509448818898
11
4.5052729921259838
21
-3.9631496062992126
0
LINE
8
BLACK
6
CONTINUOUS
10
4.5052729921259838
20
-3.9631496062992126
11
4.4633894881889766
21
-3.9631496062992126
0
LINE
8
BLACK
6
CONTINUOUS
10
4.4633894881889766
20
-3.9631496062992126
11
4.4603894881889765
21
-3.9623457480314959
0
LINE
8
BLACK
6
CONTINUOUS
10
4.4603894881889765
20
-3.9623457480314959
11
4.4581933464566932
21
-3.9601496062992125
0
LINE
8
BLACK
6
CONTINUOUS
10
4.4581933464566932
20
-3.9601496062992125
11
4.4573894881889764
21
-3.9571496062992124
0
LINE
8
BLACK
6
CONTINUOUS
10
4.4573894881889764
20
-3.9571496062992124
11
4.4581933464566932
21
-3.9541496062992123
0
LINE
8
BLACK
6
CONTINUOUS
10
4.4581933464566932
20
-3.9541496062992123
11
4.4603894881889765
21
-3.951953464566929
0
LINE
8
BLACK
6
CONTINUOUS
10
4.4603894881889765
20
-3.951953464566929
11
4.4633894881889766
21
-3.9511496062992126
0
LINE
8
BLACK
6
CONTINUOUS
10
4.4633894881889766
20
-3.9511496062992126
11
4.5062466141732278
21
-3.9511496062992126
0
LINE
8
BLACK
6
CONTINUOUS
10
4.5062466141732278
20
-3.9511496062992126
11
4.5071797244094487
21
-3.9513996062992125
0
LINE
8
BLACK
6
CONTINUOUS
10
4.4790072834645667
20
-3.8915065354330709
11
4.4803584645669288
21
-3.8917830314960629
0
LINE
8
BLACK
6
CONTINUOUS
10
4.4803584645669288
20
-3.8917830314960629
11
4.4860727559055116
21
-3.8946401574803149
0
LINE
8
BLACK
6
CONTINUOUS
10
4.4860727559055116
20
-3.8946401574803149
11
4.4867955511811024
21
-3.8952811023622047
0
LINE
8
BLACK
6
CONTINUOUS
10
4.4867955511811024
20
-3.8952811023622047
11
4.4876321653543307
21
-3.8957641338582678
0
LINE
8
BLACK
6
CONTINUOUS
10
4.4876321653543307
20
-3.8957641338582678
11
4.4891037401574803
21
-3.8972357480314961
0
LINE
8
BLACK
6
CONTINUOUS
10
4.4891037401574803
20
-3.8972357480314961
11
4.490575433070866
21
-3.8957640944881891
0
LINE
8
BLACK
6
CONTINUOUS
10
4.490575433070866
20
-3.8957640944881891
11
4.4914120078740156
21
-3.895281062992126
0
LINE
8
BLACK
6
CONTINUOUS
10
4.4914120078740156
20
-3.895281062992126
11
4.4921348031496064
21
-3.8946401574803149
0
LINE
8
BLACK
6
CONTINUOUS
10
4.4921348031496064
20
-3.8946401574803149
11
4.4978490944881893
21
-3.8917830314960629
0
LINE
8
BLACK
6
CONTINUOUS
10
4.4978490944881893
20
-3.8917830314960629
11
4.4992002362204726
21
-3.8915065354330709
0
LINE
8
BLACK
6
CONTINUOUS
10
4.4992002362204726
20
-3.8915065354330709
11
4.5005323622047246
21
-3.8911496062992126
0
LINE
8
BLACK
6
CONTINUOUS
10
4.5005323622047246
20
-3.8911496062992126
11
4.5119609055118106
21
-3.8911496062992126
0
LINE
8
BLACK
6
CONTINUOUS
10
4.5119609055118106
20
-3.8911496062992126
11
4.5132929921259839
21
-3.8915065354330709
0
LINE
8
BLACK
6
CONTINUOUS
10
4.5132929921259839
20
-3.8915065354330709
11
4.514644173228346
21
-3.8917830314960629
0
LINE
8
BLACK
6
CONTINUOUS
10
4.514644173228346
20
-3.8917830314960629
11
4.5203584645669288
21
-3.8946401574803149
0
LINE
8
BLACK
6
CONTINUOUS
10
4.5203584645669288
20
-3.8946401574803149
11
4.5210812598425196
21
-3.8952811023622047
0
LINE
8
BLACK
6
CONTINUOUS
10
4.5210812598425196
20
-3.8952811023622047
11
4.5219178346456692
21
-3.8957640944881891
0
LINE
8
BLACK
6
CONTINUOUS
10
4.5219178346456692
20
-3.8957640944881891
11
4.524775
21
-3.8986212598425194
0
LINE
8
BLACK
6
CONTINUOUS
10
4.524775
20
-3.8986212598425194
11
4.5252579921259839
21
-3.8994578346456694
0
LINE
8
BLACK
6
CONTINUOUS
10
4.5252579921259839
20
-3.8994578346456694
11
4.5258989370078737
21
-3.9001806299212598
0
LINE
8
BLACK
6
CONTINUOUS
10
4.5258989370078737
20
-3.9001806299212598
11
4.5287560629921257
21
-3.9058948818897639
0
LINE
8
BLACK
6
CONTINUOUS
10
4.5287560629921257
20
-3.9058948818897639
11
4.5290325590551177
21
-3.9072461023622047
0
LINE
8
BLACK
6
CONTINUOUS
10
4.5290325590551177
20
-3.9072461023622047
11
4.5293894881889765
21
-3.9085781496062992
0
LINE
8
BLACK
6
CONTINUOUS
10
4.5293894881889765
20
-3.9085781496062992
11
4.5293894881889765
21
-3.9200067322834644
0
LINE
8
BLACK
6
CONTINUOUS
10
4.5293894881889765
20
-3.9200067322834644
11
4.5290325196850389
21
-3.9213388188976377
0
LINE
8
BLACK
6
CONTINUOUS
10
4.5290325196850389
20
-3.9213388188976377
11
4.5287560629921257
21
-3.9226899999999998
0
LINE
8
BLACK
6
CONTINUOUS
10
4.5287560629921257
20
-3.9226899999999998
11
4.5258989370078737
21
-3.9284042913385826
0
LINE
8
BLACK
6
CONTINUOUS
10
4.5258989370078737
20
-3.9284042913385826
11
4.5252580314960626
21
-3.9291269685039367
0
LINE
8
BLACK
6
CONTINUOUS
10
4.5252580314960626
20
-3.9291269685039367
11
4.524775
21
-3.9299637007874013
0
LINE
8
BLACK
6
CONTINUOUS
10
4.524775
20
-3.9299637007874013
11
4.5219177952755905
21
-3.9328208267716533
0
LINE
8
BLACK
6
CONTINUOUS
10
4.5219177952755905
20
-3.9328208267716533
11
4.5210812992125984
21
-3.9333037401574802
0
LINE
8
BLACK
6
CONTINUOUS
10
4.5210812992125984
20
-3.9333037401574802
11
4.5203585039370076
21
-3.9339447244094488
0
LINE
8
BLACK
6
CONTINUOUS
10
4.5203585039370076
20
-3.9339447244094488
11
4.5146442125984247
21
-3.9368018897637795
0
LINE
8
BLACK
6
CONTINUOUS
10
4.5146442125984247
20
-3.9368018897637795
11
4.5132928740157476
21
-3.9370783858267715
0
LINE
8
BLACK
6
CONTINUOUS
10
4.5132928740157476
20
-3.9370783858267715
11
4.5119609055118106
21
-3.9374353149606298
0
LINE
8
BLACK
6
CONTINUOUS
10
4.5119609055118106
20
-3.9374353149606298
11
4.5005323622047246
21
-3.9374353149606298
0
LINE
8
BLACK
6
CONTINUOUS
10
4.5005323622047246
20
-3.9374353149606298
11
4.4992003543307089
21
-3.9370783858267715
0
LINE
8
BLACK
6
CONTINUOUS
10
4.4992003543307089
20
-3.9370783858267715
11
4.4978490551181105
21
-3.9368018897637795
0
LINE
8
BLACK
6
CONTINUOUS
10
4.4978490551181105
20
-3.9368018897637795
11
4.4921347637795277
21
-3.9339447244094488
0
LINE
8
BLACK
6
CONTINUOUS
10
4.4921347637795277
20
-3.9339447244094488
11
4.4914119291338581
21
-3.9333037401574802
0
LINE
8
BLACK
6
CONTINUOUS
10
4.4914119291338581
20
-3.9333037401574802
11
4.4905754724409448
21
-3.9328208267716533
0
LINE
8
BLACK
6
CONTINUOUS
10
4.4905754724409448
20
-3.9328208267716533
11
4.4891037401574803
21
-3.9313491338582676
0
LINE
8
BLACK
6
CONTINUOUS
10
4.4891037401574803
20
-3.9313491338582676
11
4.487632125984252
21
-3.9328207874015746
0
LINE
8
BLACK
6
CONTINUOUS
10
4.487632125984252
20
-3.9328207874015746
11
4.4867955905511812
21
-3.9333037401574802
0
LINE
8
BLACK
6
CONTINUOUS
10
4.4867955905511812
20
-3.9333037401574802
11
4.4860727952755903
21
-3.9339447244094488
0
LINE
8
BLACK
6
CONTINUOUS
10
4.4860727952755903
20
-3.9339447244094488
11
4.4803585039370075
21
-3.9368018897637795
0
LINE
8
BLACK
6
CONTINUOUS
10
4.4803585039370075
20
-3.9368018897637795
11
4.4790071653543304
21
-3.9370783858267715
0
LINE
8
BLACK
6
CONTINUOUS
10
4.4790071653543304
20
-3.9370783858267715
11
4.4776751968503934
21
-3.9374353149606298
0
LINE
8
BLACK
6
CONTINUOUS
10
4.4776751968503934
20
-3.9374353149606298
11
4.4748180708661414
21
-3.9374353149606298
0
LINE
8
BLACK
6
CONTINUOUS
10
4.4748180708661414
20
-3.9374353149606298
11
4.4734860629921256
21
-3.9370783858267715
0
LINE
8
BLACK
6
CONTINUOUS
10
4.4734860629921256
20
-3.9370783858267715
11
4.4721347637795272
21
-3.9368018897637795
0
LINE
8
BLACK
6
CONTINUOUS
10
4.4721347637795272
20
-3.9368018897637795
11
4.4664204724409444
21
-3.9339447244094488
0
LINE
8
BLACK
6
CONTINUOUS
10
4.4664204724409444
20
-3.9339447244094488
11
4.4656976377952757
21
-3.9333037401574802
0
LINE
8
BLACK
6
CONTINUOUS
10
4.4656976377952757
20
-3.9333037401574802
11
4.4648611811023624
21
-3.9328208267716533
0
LINE
8
BLACK
6
CONTINUOUS
10
4.4648611811023624
20
-3.9328208267716533
11
4.4620040157480316
21
-3.9299637007874013
0
LINE
8
BLACK
6
CONTINUOUS
10
4.4620040157480316
20
-3.9299637007874013
11
4.4615209842519681
21
-3.929127086614173
0
LINE
8
BLACK
6
CONTINUOUS
10
4.4615209842519681
20
-3.929127086614173
11
4.4608800393700783
21
-3.9284042913385826
0
LINE
8
BLACK
6
CONTINUOUS
10
4.4608800393700783
20
-3.9284042913385826
11
4.4580229133858262
21
-3.9226899999999998
0
LINE
8
BLACK
6
CONTINUOUS
10
4.4580229133858262
20
-3.9226899999999998
11
4.4577464173228343
21
-3.9213388188976377
0
LINE
8
BLACK
6
CONTINUOUS
10
4.4577464173228343
20
-3.9213388188976377
11
4.4573894881889764
21
-3.9200067322834644
0
LINE
8
BLACK
6
CONTINUOUS
10
4.4573894881889764
20
-3.9200067322834644
11
4.4573894881889764
21
-3.9085781496062992
0
LINE
8
BLACK
6
CONTINUOUS
10
4.4573894881889764
20
-3.9085781496062992
11
4.4577463779527555
21
-3.9072461023622047
0
LINE
8
BLACK
6
CONTINUOUS
10
4.4577463779527555
20
-3.9072461023622047
11
4.4580229133858262
21
-3.9058948818897639
0
LINE
8
BLACK
6
CONTINUOUS
10
4.4580229133858262
20
-3.9058948818897639
11
4.4608800393700783
21
-3.900180590551181
0
LINE
8
BLACK
6
CONTINUOUS
10
4.4608800393700783
20
-3.900180590551181
11
4.4615209842519681
21
-3.8994577559055119
0
LINE
8
BLACK
6
CONTINUOUS
10
4.4615209842519681
20
-3.8994577559055119
11
4.4620039763779529
21
-3.8986212598425194
0
LINE
8
BLACK
6
CONTINUOUS
10
4.4620039763779529
20
-3.8986212598425194
11
4.4648611417322837
21
-3.8957640944881891
0
LINE
8
BLACK
6
CONTINUOUS
10
4.4648611417322837
20
-3.8957640944881891
11
4.4656977165354332
21
-3.895281062992126
0
LINE
8
BLACK
6
CONTINUOUS
10
4.4656977165354332
20
-3.895281062992126
11
4.4664205118110232
21
-3.8946401574803149
0
LINE
8
BLACK
6
CONTINUOUS
10
4.4664205118110232
20
-3.8946401574803149
11
4.472134803149606
21
-3.8917830314960629
0
LINE
8
BLACK
6
CONTINUOUS
10
4.472134803149606
20
-3.8917830314960629
11
4.4734859448818893
21
-3.8915065354330709
0
LINE
8
BLACK
6
CONTINUOUS
10
4.4734859448818893
20
-3.8915065354330709
11
4.4748180708661414
21
-3.8911496062992126
0
LINE
8
BLACK
6
CONTINUOUS
10
4.4748180708661414
20
-3.8911496062992126
11
4.4776751968503934
21
-3.8911496062992126
0
LINE
8
BLACK
6
CONTINUOUS
10
4.4776751968503934
20
-3.8911496062992126
11
4.4790072834645667
21
-3.8915065354330709
0
LINE
8
BLACK
6
CONTINUOUS
10
4.4726578740157477
20
-3.9049378740157481
11
4.4711777559055115
21
-3.906418031496063
0
LINE
8
BLACK
6
CONTINUOUS
10
4.4711777559055115
20
-3.906418031496063
11
4.469389488188976
21
-3.9099945669291336
0
LINE
8
BLACK
6
CONTINUOUS
10
4.469389488188976
20
-3.9099945669291336
11
4.469389488188976
21
-3.91859031496063
0
LINE
8
BLACK
6
CONTINUOUS
10
4.469389488188976
20
-3.91859031496063
11
4.4711777165354327
21
-3.9221668503937006
0
LINE
8
BLACK
6
CONTINUOUS
10
4.4711777165354327
20
-3.9221668503937006
11
4.4726579133858264
21
-3.9236469685039368
0
LINE
8
BLACK
6
CONTINUOUS
10
4.4726579133858264
20
-3.9236469685039368
11
4.4762345275590549
21
-3.9254353149606298
0
LINE
8
BLACK
6
CONTINUOUS
10
4.4762345275590549
20
-3.9254353149606298
11
4.4762587401574798
21
-3.9254353149606298
0
LINE
8
BLACK
6
CONTINUOUS
10
4.4762587401574798
20
-3.9254353149606298
11
4.4798353543307083
21
-3.9236469685039368
0
LINE
8
BLACK
6
CONTINUOUS
10
4.4798353543307083
20
-3.9236469685039368
11
4.4813154330708658
21
-3.9221668897637794
0
LINE
8
BLACK
6
CONTINUOUS
10
4.4813154330708658
20
-3.9221668897637794
11
4.4831037795275588
21
-3.9185902362204725
0
LINE
8
BLACK
6
CONTINUOUS
10
4.4831037795275588
20
-3.9185902362204725
11
4.4831037795275588
21
-3.9099945275590549
0
LINE
8
BLACK
6
CONTINUOUS
10
4.4831037795275588
20
-3.9099945275590549
11
4.4813155118110233
21
-3.9064181102362205
0
LINE
8
BLACK
6
CONTINUOUS
10
4.4813155118110233
20
-3.9064181102362205
11
4.4798353149606296
21
-3.9049378346456693
0
LINE
8
BLACK
6
CONTINUOUS
10
4.4798353149606296
20
-3.9049378346456693
11
4.4762587795275586
21
-3.9031496062992126
0
LINE
8
BLACK
6
CONTINUOUS
10
4.4762587795275586
20
-3.9031496062992126
11
4.4762344881889762
21
-3.9031496062992126
0
LINE
8
BLACK
6
CONTINUOUS
10
4.4762344881889762
20
-3.9031496062992126
11
4.4726578740157477
21
-3.9049378740157481
0
LINE
8
BLACK
6
CONTINUOUS
10
4.4983721653543309
20
-3.9049378740157481
11
4.4968920472440947
21
-3.906418031496063
0
LINE
8
BLACK
6
CONTINUOUS
10
4.4968920472440947
20
-3.906418031496063
11
4.4951037795275592
21
-3.9099945669291336
0
LINE
8
BLACK
6
CONTINUOUS
10
4.4951037795275592
20
-3.9099945669291336
11
4.4951037795275592
21
-3.91859031496063
0
LINE
8
BLACK
6
CONTINUOUS
10
4.4951037795275592
20
-3.91859031496063
11
4.496892007874016
21
-3.9221668503937006
0
LINE
8
BLACK
6
CONTINUOUS
10
4.496892007874016
20
-3.9221668503937006
11
4.4983722047244097
21
-3.9236469685039368
0
LINE
8
BLACK
6
CONTINUOUS
10
4.4983722047244097
20
-3.9236469685039368
11
4.5019488188976373
21
-3.9254353149606298
0
LINE
8
BLACK
6
CONTINUOUS
10
4.5019488188976373
20
-3.9254353149606298
11
4.5105444488188979
21
-3.9254353149606298
0
LINE
8
BLACK
6
CONTINUOUS
10
4.5105444488188979
20
-3.9254353149606298
11
4.5141211023622043
21
-3.923646929133858
0
LINE
8
BLACK
6
CONTINUOUS
10
4.5141211023622043
20
-3.923646929133858
11
4.5156012204724405
21
-3.9221668503937006
0
LINE
8
BLACK
6
CONTINUOUS
10
4.5156012204724405
20
-3.9221668503937006
11
4.517389488188976
21
-3.91859031496063
0
LINE
8
BLACK
6
CONTINUOUS
10
4.517389488188976
20
-3.91859031496063
11
4.517389488188976
21
-3.9099945669291336
0
LINE
8
BLACK
6
CONTINUOUS
10
4.517389488188976
20
-3.9099945669291336
11
4.5156011811023617
21
-3.9064179921259843
0
LINE
8
BLACK
6
CONTINUOUS
10
4.5156011811023617
20
-3.9064179921259843
11
4.5141210629921256
21
-3.9049378740157481
0
LINE
8
BLACK
6
CONTINUOUS
10
4.5141210629921256
20
-3.9049378740157481
11
4.5105444881889767
21
-3.9031496062992126
0
LINE
8
BLACK
6
CONTINUOUS
10
4.5105444881889767
20
-3.9031496062992126
11
4.5019487795275586
21
-3.9031496062992126
0
LINE
8
BLACK
6
CONTINUOUS
10
4.5019487795275586
20
-3.9031496062992126
11
4.4983721653543309
21
-3.9049378740157481
0
LINE
8
BLACK
6
CONTINUOUS
10
4.4381067716535432
20
-3.8152992125984251
11
4.2881067716535428
21
-3.8152992125984251
0
LINE
8
BLACK
6
CONTINUOUS
10
4.2881067716535428
20
-3.8152992125984251
11
4.2881067716535428
21
-3.6652992125984252
0
LINE
8
BLACK
6
CONTINUOUS
10
4.2881067716535428
20
-3.6652992125984252
11
4.4381067716535432
21
-3.6652992125984252
0
LINE
8
BLACK
6
CONTINUOUS
10
4.4381067716535432
20
-3.6652992125984252
11
4.4381067716535432
21
-3.8152992125984251
0
LINE
8
BLACK
6
CONTINUOUS
10
4.5071797244094487
20
-3.754549212598425
11
4.5081439763779523
21
-3.7546071259842519
0
LINE
8
BLACK
6
CONTINUOUS
10
4.5081439763779523
20
-3.7546071259842519
11
4.5167154330708659
21
-3.757464251968504
0
LINE
8
BLACK
6
CONTINUOUS
10
4.5167154330708659
20
-3.757464251968504
11
4.5178662992125984
21
-3.7582240944881891
0
LINE
8
BLACK
6
CONTINUOUS
10
4.5178662992125984
20
-3.7582240944881891
11
4.5190607086614172
21
-3.7589137007874016
0
LINE
8
BLACK
6
CONTINUOUS
10
4.5190607086614172
20
-3.7589137007874016
11
4.524775
21
-3.764627992125984
0
LINE
8
BLACK
6
CONTINUOUS
10
4.524775
20
-3.764627992125984
11
4.5254645669291333
21
-3.7658223622047244
0
LINE
8
BLACK
6
CONTINUOUS
10
4.5254645669291333
20
-3.7658223622047244
11
4.5262244488188976
21
-3.7669732677165353
0
LINE
8
BLACK
6
CONTINUOUS
10
4.5262244488188976
20
-3.7669732677165353
11
4.5290816141732284
21
-3.7755446850393701
0
LINE
8
BLACK
6
CONTINUOUS
10
4.5290816141732284
20
-3.7755446850393701
11
4.5291394881889762
21
-3.77650905511811
0
LINE
8
BLACK
6
CONTINUOUS
10
4.5291394881889762
20
-3.77650905511811
11
4.5293894881889765
21
-3.7774420472440946
0
LINE
8
BLACK
6
CONTINUOUS
10
4.5293894881889765
20
-3.7774420472440946
11
4.5293894881889765
21
-3.783156338582677
0
LINE
8
BLACK
6
CONTINUOUS
10
4.5293894881889765
20
-3.783156338582677
11
4.5285856299212597
21
-3.7861563385826771
0
LINE
8
BLACK
6
CONTINUOUS
10
4.5285856299212597
20
-3.7861563385826771
11
4.5263894881889764
21
-3.7883524803149604
0
LINE
8
BLACK
6
CONTINUOUS
10
4.5263894881889764
20
-3.7883524803149604
11
4.5233894881889762
21
-3.7891563385826772
0
LINE
8
BLACK
6
CONTINUOUS
10
4.5233894881889762
20
-3.7891563385826772
11
4.5203894881889761
21
-3.7883524803149604
0
LINE
8
BLACK
6
CONTINUOUS
10
4.5203894881889761
20
-3.7883524803149604
11
4.5181933464566928
21
-3.7861563385826771
0
LINE
8
BLACK
6
CONTINUOUS
10
4.5181933464566928
20
-3.7861563385826771
11
4.517389488188976
21
-3.783156338582677
0
LINE
8
BLACK
6
CONTINUOUS
10
4.517389488188976
20
-3.783156338582677
11
4.517389488188976
21
-3.7784156299212599
0
LINE
8
BLACK
6
CONTINUOUS
10
4.517389488188976
20
-3.7784156299212599
11
4.5152881496062989
21
-3.7721116929133855
0
LINE
8
BLACK
6
CONTINUOUS
10
4.5152881496062989
20
-3.7721116929133855
11
4.5115770078740161
21
-3.7684005511811023
0
LINE
8
BLACK
6
CONTINUOUS
10
4.5115770078740161
20
-3.7684005511811023
11
4.5052729921259838
21
-3.7662992125984252
0
LINE
8
BLACK
6
CONTINUOUS
10
4.5052729921259838
20
-3.7662992125984252
11
4.4633894881889766
21
-3.7662992125984252
0
LINE
8
BLACK
6
CONTINUOUS
10
4.4633894881889766
20
-3.7662992125984252
11
4.4603894881889765
21
-3.7654953543307084
0
LINE
8
BLACK
6
CONTINUOUS
10
4.4603894881889765
20
-3.7654953543307084
11
4.4581933464566932
21
-3.763299212598425
0
LINE
8
BLACK
6
CONTINUOUS
10
4.4581933464566932
20
-3.763299212598425
11
4.4573894881889764
21
-3.7602992125984249
0
LINE
8
BLACK
6
CONTINUOUS
10
4.4573894881889764
20
-3.7602992125984249
11
4.4581933464566932
21
-3.7572992125984253
0
LINE
8
BLACK
6
CONTINUOUS
10
4.4581933464566932
20
-3.7572992125984253
11
4.4603894881889765
21
-3.7551030708661415
0
LINE
8
BLACK
6
CONTINUOUS
10
4.4603894881889765
20
-3.7551030708661415
11
4.4633894881889766
21
-3.7542992125984251
0
LINE
8
BLACK
6
CONTINUOUS
10
4.4633894881889766
20
-3.7542992125984251
11
4.5062466141732278
21
-3.7542992125984251
0
LINE
8
BLACK
6
CONTINUOUS
10
4.5062466141732278
20
-3.7542992125984251
11
4.5071797244094487
21
-3.754549212598425
0
LINE
8
BLACK
6
CONTINUOUS
10
4.4814654724409451
20
-3.6945492125984249
11
4.4824297244094486
21
-3.6946071259842519
0
LINE
8
BLACK
6
CONTINUOUS
10
4.4824297244094486
20
-3.6946071259842519
11
4.4910011417322835
21
-3.6974642519685039
0
LINE
8
BLACK
6
CONTINUOUS
10
4.4910011417322835
20
-3.6974642519685039
11
4.492152007874016
21
-3.698224094488189
0
LINE
8
BLACK
6
CONTINUOUS
10
4.492152007874016
20
-3.698224094488189
11
4.4933464173228348
21
-3.6989137007874016
0
LINE
8
BLACK
6
CONTINUOUS
10
4.4933464173228348
20
-3.6989137007874016
11
4.517389488188976
21
-3.7229567716535432
0
LINE
8
BLACK
6
CONTINUOUS
10
4.517389488188976
20
-3.7229567716535432
11
4.517389488188976
21
-3.7002992125984253
0
LINE
8
BLACK
6
CONTINUOUS
10
4.517389488188976
20
-3.7002992125984253
11
4.5181933464566928
21
-3.6972992125984252
0
LINE
8
BLACK
6
CONTINUOUS
10
4.5181933464566928
20
-3.6972992125984252
11
4.5203894881889761
21
-3.6951030708661419
0
LINE
8
BLACK
6
CONTINUOUS
10
4.5203894881889761
20
-3.6951030708661419
11
4.5233894881889762
21
-3.6942992125984251
0
LINE
8
BLACK
6
CONTINUOUS
10
4.5233894881889762
20
-3.6942992125984251
11
4.5263894881889764
21
-3.6951030708661419
0
LINE
8
BLACK
6
CONTINUOUS
10
4.5263894881889764
20
-3.6951030708661419
11
4.5285856299212597
21
-3.6972992125984252
0
LINE
8
BLACK
6
CONTINUOUS
10
4.5285856299212597
20
-3.6972992125984252
11
4.5293894881889765
21
-3.7002992125984253
0
LINE
8
BLACK
6
CONTINUOUS
10
4.5293894881889765
20
-3.7002992125984253
11
4.5293894881889765
21
-3.7374420472440946
0
LINE
8
BLACK
6
CONTINUOUS
10
4.5293894881889765
20
-3.7374420472440946
11
4.5291850393700788
21
-3.7382050393700785
0
LINE
8
BLACK
6
CONTINUOUS
10
4.5291850393700788
20
-3.7382050393700785
11
4.5291850393700788
21
-3.7389949606299213
0
LINE
8
BLACK
6
CONTINUOUS
10
4.5291850393700788
20
-3.7389949606299213
11
4.5287900393700786
21
-3.7396790551181103
0
LINE
8
BLACK
6
CONTINUOUS
10
4.5287900393700786
20
-3.7396790551181103
11
4.5285856299212597
21
-3.7404420472440942
0
LINE
8
BLACK
6
CONTINUOUS
10
4.5285856299212597
20
-3.7404420472440942
11
4.5280270866141734
21
-3.7410005511811022
0
LINE
8
BLACK
6
CONTINUOUS
10
4.5280270866141734
20
-3.7410005511811022
11
4.527632125984252
21
-3.7416846850393699
0
LINE
8
BLACK
6
CONTINUOUS
10
4.527632125984252
20
-3.7416846850393699
11
4.5269479921259839
21
-3.7420796456692913
0
LINE
8
BLACK
6
CONTINUOUS
10
4.5269479921259839
20
-3.7420796456692913
11
4.5263894881889764
21
-3.742638188976378
0
LINE
8
BLACK
6
CONTINUOUS
10
4.5263894881889764
20
-3.742638188976378
11
4.5256264960629924
21
-3.742842598425197
0
LINE
8
BLACK
6
CONTINUOUS
10
4.5256264960629924
20
-3.742842598425197
11
4.524942401574803
21
-3.7432375984251967
0
LINE
8
BLACK
6
CONTINUOUS
10
4.524942401574803
20
-3.7432375984251967
11
4.5241524803149602
21
-3.7432375984251967
0
LINE
8
BLACK
6
CONTINUOUS
10
4.5241524803149602
20
-3.7432375984251967
11
4.5233894881889762
21
-3.7434420472440944
0
LINE
8
BLACK
6
CONTINUOUS
10
4.5233894881889762
20
-3.7434420472440944
11
4.5226264960629923
21
-3.7432375984251967
0
LINE
8
BLACK
6
CONTINUOUS
10
4.5226264960629923
20
-3.7432375984251967
11
4.5218365748031495
21
-3.7432375984251967
0
LINE
8
BLACK
6
CONTINUOUS
10
4.5218365748031495
20
-3.7432375984251967
11
4.5211524409448822
21
-3.742842598425197
0
LINE
8
BLACK
6
CONTINUOUS
10
4.5211524409448822
20
-3.742842598425197
11
4.5203894881889761
21
-3.742638188976378
0
LINE
8
BLACK
6
CONTINUOUS
10
4.5203894881889761
20
-3.742638188976378
11
4.5198309448818899
21
-3.7420796456692913
0
LINE
8
BLACK
6
CONTINUOUS
10
4.5198309448818899
20
-3.7420796456692913
11
4.5191468503937005
21
-3.7416846850393699
0
LINE
8
BLACK
6
CONTINUOUS
10
4.5191468503937005
20
-3.7416846850393699
11
4.4858627165354328
21
-3.7084005511811022
0
LINE
8
BLACK
6
CONTINUOUS
10
4.4858627165354328
20
-3.7084005511811022
11
4.4795587401574801
21
-3.7062992125984251
0
LINE
8
BLACK
6
CONTINUOUS
10
4.4795587401574801
20
-3.7062992125984251
11
4.4762344881889762
21
-3.7062992125984251
0
LINE
8
BLACK
6
CONTINUOUS
10
4.4762344881889762
20
-3.7062992125984251
11
4.4726578740157477
21
-3.7080874803149606
0
LINE
8
BLACK
6
CONTINUOUS
10
4.4726578740157477
20
-3.7080874803149606
11
4.4711777559055115
21
-3.7095676377952755
0
LINE
8
BLACK
6
CONTINUOUS
10
4.4711777559055115
20
-3.7095676377952755
11
4.469389488188976
21
-3.7131441732283466
0
LINE
8
BLACK
6
CONTINUOUS
10
4.469389488188976
20
-3.7131441732283466
11
4.469389488188976
21
-3.7245970866141733
0
LINE
8
BLACK
6
CONTINUOUS
10
4.469389488188976
20
-3.7245970866141733
11
4.4711777559055115
21
-3.7281736220472439
0
LINE
8
BLACK
6
CONTINUOUS
10
4.4711777559055115
20
-3.7281736220472439
11
4.4733464173228343
21
-3.7303422834645668
0
LINE
8
BLACK
6
CONTINUOUS
10
4.4733464173228343
20
-3.7303422834645668
11
4.4748993307086611
21
-3.7330320078740158
0
LINE
8
BLACK
6
CONTINUOUS
10
4.4748993307086611
20
-3.7330320078740158
11
4.4748993307086611
21
-3.7361378346456693
0
LINE
8
BLACK
6
CONTINUOUS
10
4.4748993307086611
20
-3.7361378346456693
11
4.4733464173228343
21
-3.7388275590551179
0
LINE
8
BLACK
6
CONTINUOUS
10
4.4733464173228343
20
-3.7388275590551179
11
4.4706566929133853
21
-3.7403804724409446
0
LINE
8
BLACK
6
CONTINUOUS
10
4.4706566929133853
20
-3.7403804724409446
11
4.4675508661417318
21
-3.7403804724409446
0
LINE
8
BLACK
6
CONTINUOUS
10
4.4675508661417318
20
-3.7403804724409446
11
4.4648611417322837
21
-3.7388275590551179
0
LINE
8
BLACK
6
CONTINUOUS
10
4.4648611417322837
20
-3.7388275590551179
11
4.4620039763779529
21
-3.7359703937007871
0
LINE
8
BLACK
6
CONTINUOUS
10
4.4620039763779529
20
-3.7359703937007871
11
4.4615209842519681
21
-3.7351338582677163
0
LINE
8
BLACK
6
CONTINUOUS
10
4.4615209842519681
20
-3.7351338582677163
11
4.4608800393700783
21
-3.7344110629921259
0
LINE
8
BLACK
6
CONTINUOUS
10
4.4608800393700783
20
-3.7344110629921259
11
4.4580229133858262
21
-3.7286967716535431
0
LINE
8
BLACK
6
CONTINUOUS
10
4.4580229133858262
20
-3.7286967716535431
11
4.4577463779527555
21
-3.7273455118110235
0
LINE
8
BLACK
6
CONTINUOUS
10
4.4577463779527555
20
-3.7273455118110235
11
4.4573894881889764
21
-3.7260135039370077
0
LINE
8
BLACK
6
CONTINUOUS
10
4.4573894881889764
20
-3.7260135039370077
11
4.4573894881889764
21
-3.7117277559055117
0
LINE
8
BLACK
6
CONTINUOUS
10
4.4573894881889764
20
-3.7117277559055117
11
4.4577463779527555
21
-3.7103957086614172
0
LINE
8
BLACK
6
CONTINUOUS
10
4.4577463779527555
20
-3.7103957086614172
11
4.4580229133858262
21
-3.7090444881889764
0
LINE
8
BLACK
6
CONTINUOUS
10
4.4580229133858262
20
-3.7090444881889764
11
4.4608800393700783
21
-3.7033301968503936
0
LINE
8
BLACK
6
CONTINUOUS
10
4.4608800393700783
20
-3.7033301968503936
11
4.4615209842519681
21
-3.7026073622047244
0
LINE
8
BLACK
6
CONTINUOUS
10
4.4615209842519681
20
-3.7026073622047244
11
4.4620039763779529
21
-3.7017708661417323
0
LINE
8
BLACK
6
CONTINUOUS
10
4.4620039763779529
20
-3.7017708661417323
11
4.4648611417322837
21
-3.6989137007874016
0
LINE
8
BLACK
6
CONTINUOUS
10
4.4648611417322837
20
-3.6989137007874016
11
4.4656977165354332
21
-3.6984306692913385
0
LINE
8
BLACK
6
CONTINUOUS
10
4.4656977165354332
20
-3.6984306692913385
11
4.4664205118110232
21
-3.6977897637795274
0
LINE
8
BLACK
6
CONTINUOUS
10
4.4664205118110232
20
-3.6977897637795274
11
4.472134803149606
21
-3.6949326377952754
0
LINE
8
BLACK
6
CONTINUOUS
10
4.472134803149606
20
-3.6949326377952754
11
4.4734859448818893
21
-3.6946561417322834
0
LINE
8
BLACK
6
CONTINUOUS
10
4.4734859448818893
20
-3.6946561417322834
11
4.4748180708661414
21
-3.6942992125984251
0
LINE
8
BLACK
6
CONTINUOUS
10
4.4748180708661414
20
-3.6942992125984251
11
4.4805323622047242
21
-3.6942992125984251
0
LINE
8
BLACK
6
CONTINUOUS
10
4.4805323622047242
20
-3.6942992125984251
11
4.4814654724409451
21
-3.6945492125984249
0
LINE
8
BLACK
6
CONTINUOUS
10
4.4381067716535432
20
-3.6184488188976376
11
4.2881067716535428
21
-3.6184488188976376
0
LINE
8
BLACK
6
CONTINUOUS
10
4.2881067716535428
20
-3.6184488188976376
11
4.2881067716535428
21
-3.4684488188976377
0
LINE
8
BLACK
6
CONTINUOUS
10
4.2881067716535428
20
-3.4684488188976377
11
4.4381067716535432
21
-3.4684488188976377
0
LINE
8
BLACK
6
CONTINUOUS
10
4.4381067716535432
20
-3.4684488188976377
11
4.4381067716535432
21
-3.6184488188976376
0
LINE
8
BLACK
6
CONTINUOUS
10
4.5071797244094487
20
-3.5576988188976375
11
4.5081439763779523
21
-3.5577567322834645
0
LINE
8
BLACK
6
CONTINUOUS
10
4.5081439763779523
20
-3.5577567322834645
11
4.5167154330708659
21
-3.5606138582677165
0
LINE
8
BLACK
6
CONTINUOUS
10
4.5167154330708659
20
-3.5606138582677165
11
4.5178662992125984
21
-3.5613737007874016
0
LINE
8
BLACK
6
CONTINUOUS
10
4.5178662992125984
20
-3.5613737007874016
11
4.5190607086614172
21
-3.5620633070866141
0
LINE
8
BLACK
6
CONTINUOUS
10
4.5190607086614172
20
-3.5620633070866141
11
4.524775
21
-3.5677775984251969
0
LINE
8
BLACK
6
CONTINUOUS
10
4.524775
20
-3.5677775984251969
11
4.5254645669291333
21
-3.5689719685039369
0
LINE
8
BLACK
6
CONTINUOUS
10
4.5254645669291333
20
-3.5689719685039369
11
4.5262244488188976
21
-3.5701228740157478
0
LINE
8
BLACK
6
CONTINUOUS
10
4.5262244488188976
20
-3.5701228740157478
11
4.5290816141732284
21
-3.5786942913385826
0
LINE
8
BLACK
6
CONTINUOUS
10
4.5290816141732284
20
-3.5786942913385826
11
4.5291394881889762
21
-3.5796586614173229
0
LINE
8
BLACK
6
CONTINUOUS
10
4.5291394881889762
20
-3.5796586614173229
11
4.5293894881889765
21
-3.5805916535433071
0
LINE
8
BLACK
6
CONTINUOUS
10
4.5293894881889765
20
-3.5805916535433071
11
4.5293894881889765
21
-3.5863059448818895
0
LINE
8
BLACK
6
CONTINUOUS
10
4.5293894881889765
20
-3.5863059448818895
11
4.5285856299212597
21
-3.5893059448818896
0
LINE
8
BLACK
6
CONTINUOUS
10
4.5285856299212597
20
-3.5893059448818896
11
4.5263894881889764
21
-3.5915020866141734
0
LINE
8
BLACK
6
CONTINUOUS
10
4.5263894881889764
20
-3.5915020866141734
11
4.5233894881889762
21
-3.5923059448818897
0
LINE
8
BLACK
6
CONTINUOUS
10
4.5233894881889762
20
-3.5923059448818897
11
4.5203894881889761
21
-3.5915020866141734
0
LINE
8
BLACK
6
CONTINUOUS
10
4.5203894881889761
20
-3.5915020866141734
11
4.5181933464566928
21
-3.5893059448818896
0
LINE
8
BLACK
6
CONTINUOUS
10
4.5181933464566928
20
-3.5893059448818896
11
4.517389488188976
21
-3.5863059448818895
0
LINE
8
BLACK
6
CONTINUOUS
10
4.517389488188976
20
-3.5863059448818895
11
4.517389488188976
21
-3.5815652362204724
0
LINE
8
BLACK
6
CONTINUOUS
10
4.517389488188976
20
-3.5815652362204724
11
4.5152881496062989
21
-3.5752612992125985
0
LINE
8
BLACK
6
CONTINUOUS
10
4.5152881496062989
20
-3.5752612992125985
11
4.5115770078740161
21
-3.5715501574803148
0
LINE
8
BLACK
6
CONTINUOUS
10
4.5115770078740161
20
-3.5715501574803148
11
4.5052729921259838
21
-3.5694488188976377
0
LINE
8
BLACK
6
CONTINUOUS
10
4.5052729921259838
20
-3.5694488188976377
11
4.4633894881889766
21
-3.5694488188976377
0
LINE
8
BLACK
6
CONTINUOUS
10
4.4633894881889766
20
-3.5694488188976377
11
4.4603894881889765
21
-3.5686449606299213
0
LINE
8
BLACK
6
CONTINUOUS
10
4.4603894881889765
20
-3.5686449606299213
11
4.4581933464566932
21
-3.5664488188976375
0
LINE
8
BLACK
6
CONTINUOUS
10
4.4581933464566932
20
-3.5664488188976375
11
4.4573894881889764
21
-3.5634488188976379
0
LINE
8
BLACK
6
CONTINUOUS
10
4.4573894881889764
20
-3.5634488188976379
11
4.4581933464566932
21
-3.5604488188976378
0
LINE
8
BLACK
6
CONTINUOUS
10
4.4581933464566932
20
-3.5604488188976378
11
4.4603894881889765
21
-3.5582526771653544
0
LINE
8
BLACK
6
CONTINUOUS
10
4.4603894881889765
20
-3.5582526771653544
11
4.4633894881889766
21
-3.5574488188976376
0
LINE
8
BLACK
6
CONTINUOUS
10
4.4633894881889766
20
-3.5574488188976376
11
4.5062466141732278
21
-3.5574488188976376
0
LINE
8
BLACK
6
CONTINUOUS
10
4.5062466141732278
20
-3.5574488188976376
11
4.5071797244094487
21
-3.5576988188976375
0
LINE
8
BLACK
6
CONTINUOUS
10
4.5263894881889764
20
-3.4982526771653544
11
4.5285856299212597
21
-3.5004488188976377
0
LINE
8
BLACK
6
CONTINUOUS
10
4.5285856299212597
20
-3.5004488188976377
11
4.5293894881889765
21
-3.5034488188976378
0
LINE
8
BLACK
6
CONTINUOUS
10
4.5293894881889765
20
-3.5034488188976378
11
4.5293894881889765
21
-3.537734527559055
0
LINE
8
BLACK
6
CONTINUOUS
10
4.5293894881889765
20
-3.537734527559055
11
4.5285856299212597
21
-3.5407345275590552
0
LINE
8
BLACK
6
CONTINUOUS
10
4.5285856299212597
20
-3.5407345275590552
11
4.5263894881889764
21
-3.5429306692913385
0
LINE
8
BLACK
6
CONTINUOUS
10
4.5263894881889764
20
-3.5429306692913385
11
4.5233894881889762
21
-3.5437345275590548
0
LINE
8
BLACK
6
CONTINUOUS
10
4.5233894881889762
20
-3.5437345275590548
11
4.5203894881889761
21
-3.5429306692913385
0
LINE
8
BLACK
6
CONTINUOUS
10
4.5203894881889761
20
-3.5429306692913385
11
4.5181933464566928
21
-3.5407345275590552
0
LINE
8
BLACK
6
CONTINUOUS
10
4.5181933464566928
20
-3.5407345275590552
11
4.517389488188976
21
-3.537734527559055
0
LINE
8
BLACK
6
CONTINUOUS
10
4.517389488188976
20
-3.537734527559055
11
4.517389488188976
21
-3.5265916535433068
0
LINE
8
BLACK
6
CONTINUOUS
10
4.517389488188976
20
-3.5265916535433068
11
4.4807318897637796
21
-3.5265916535433068
0
LINE
8
BLACK
6
CONTINUOUS
10
4.4807318897637796
20
-3.5265916535433068
11
4.4819178346456692
21
-3.5277775984251969
0
LINE
8
BLACK
6
CONTINUOUS
10
4.4819178346456692
20
-3.5277775984251969
11
4.4824007874015743
21
-3.528614094488189
0
LINE
8
BLACK
6
CONTINUOUS
10
4.4824007874015743
20
-3.528614094488189
11
4.4830417716535429
21
-3.5293369291338581
0
LINE
8
BLACK
6
CONTINUOUS
10
4.4830417716535429
20
-3.5293369291338581
11
4.4858989370078737
21
-3.5350512204724409
0
LINE
8
BLACK
6
CONTINUOUS
10
4.4858989370078737
20
-3.5350512204724409
11
4.4865215748031497
21
-3.5380940157480314
0
LINE
8
BLACK
6
CONTINUOUS
10
4.4865215748031497
20
-3.5380940157480314
11
4.4855394488188978
21
-3.541040433070866
0
LINE
8
BLACK
6
CONTINUOUS
10
4.4855394488188978
20
-3.541040433070866
11
4.4832156692913383
21
-3.5431010629921258
0
LINE
8
BLACK
6
CONTINUOUS
10
4.4832156692913383
20
-3.5431010629921258
11
4.4801728740157483
21
-3.5437237401574802
0
LINE
8
BLACK
6
CONTINUOUS
10
4.4801728740157483
20
-3.5437237401574802
11
4.4772264566929136
21
-3.5427416141732282
0
LINE
8
BLACK
6
CONTINUOUS
10
4.4772264566929136
20
-3.5427416141732282
11
4.4751657874015747
21
-3.5404178346456692
0
LINE
8
BLACK
6
CONTINUOUS
10
4.4751657874015747
20
-3.5404178346456692
11
4.4727440157480318
21
-3.5355743307086613
0
LINE
8
BLACK
6
CONTINUOUS
10
4.4727440157480318
20
-3.5355743307086613
11
4.4681382677165358
21
-3.5309685826771653
0
LINE
8
BLACK
6
CONTINUOUS
10
4.4681382677165358
20
-3.5309685826771653
11
4.4600612992125983
21
-3.5255839370078741
0
LINE
8
BLACK
6
CONTINUOUS
10
4.4600612992125983
20
-3.5255839370078741
11
4.459159488188976
21
-3.5245577952755904
0
LINE
8
BLACK
6
CONTINUOUS
10
4.459159488188976
20
-3.5245577952755904
11
4.4581933464566932
21
-3.5235916535433072
0
LINE
8
BLACK
6
CONTINUOUS
10
4.4581933464566932
20
-3.5235916535433072
11
4.458141968503937
21
-3.5234000000000001
0
LINE
8
BLACK
6
CONTINUOUS
10
4.458141968503937
20
-3.5234000000000001
11
4.4580110236220474
21
-3.5232509842519684
0
LINE
8
BLACK
6
CONTINUOUS
10
4.4580110236220474
20
-3.5232509842519684
11
4.4577430708661412
21
-3.521911220472441
0
LINE
8
BLACK
6
CONTINUOUS
10
4.4577430708661412
20
-3.521911220472441
11
4.4573894881889764
21
-3.5205916535433071
0
LINE
8
BLACK
6
CONTINUOUS
10
4.4573894881889764
20
-3.5205916535433071
11
4.4574408267716539
21
-3.5204
0
LINE
8
BLACK
6
CONTINUOUS
10
4.4574408267716539
20
-3.5204
11
4.4574019291338578
21
-3.5202055118110236
0
LINE
8
BLACK
6
CONTINUOUS
10
4.4574019291338578
20
-3.5202055118110236
11
4.45783968503937
21
-3.5189114173228346
0
LINE
8
BLACK
6
CONTINUOUS
10
4.45783968503937
20
-3.5189114173228346
11
4.4581933464566932
21
-3.5175916535433069
0
LINE
8
BLACK
6
CONTINUOUS
10
4.4581933464566932
20
-3.5175916535433069
11
4.4583336220472436
21
-3.5174513385826769
0
LINE
8
BLACK
6
CONTINUOUS
10
4.4583336220472436
20
-3.5174513385826769
11
4.4583972047244096
21
-3.5172634645669292
0
LINE
8
BLACK
6
CONTINUOUS
10
4.4583972047244096
20
-3.5172634645669292
11
4.4594233070866141
21
-3.5163616535433069
0
LINE
8
BLACK
6
CONTINUOUS
10
4.4594233070866141
20
-3.5163616535433069
11
4.4603894881889765
21
-3.5153955118110236
0
LINE
8
BLACK
6
CONTINUOUS
10
4.4603894881889765
20
-3.5153955118110236
11
4.4605811023622044
21
-3.5153441338582678
0
LINE
8
BLACK
6
CONTINUOUS
10
4.4605811023622044
20
-3.5153441338582678
11
4.4607301574803149
21
-3.5152131889763778
0
LINE
8
BLACK
6
CONTINUOUS
10
4.4607301574803149
20
-3.5152131889763778
11
4.4620698818897635
21
-3.5149452362204725
0
LINE
8
BLACK
6
CONTINUOUS
10
4.4620698818897635
20
-3.5149452362204725
11
4.4633894881889766
21
-3.5145916535433068
0
LINE
8
BLACK
6
CONTINUOUS
10
4.4633894881889766
20
-3.5145916535433068
11
4.517389488188976
21
-3.5145916535433068
0
LINE
8
BLACK
6
CONTINUOUS
10
4.517389488188976
20
-3.5145916535433068
11
4.517389488188976
21
-3.5034488188976378
0
LINE
8
BLACK
6
CONTINUOUS
10
4.517389488188976
20
-3.5034488188976378
11
4.5181933464566928
21
-3.5004488188976377
0
LINE
8
BLACK
6
CONTINUOUS
10
4.5181933464566928
20
-3.5004488188976377
11
4.5203894881889761
21
-3.4982526771653544
0
LINE
8
BLACK
6
CONTINUOUS
10
4.5203894881889761
20
-3.4982526771653544
11
4.5233894881889762
21
-3.4974488188976376
0
LINE
8
BLACK
6
CONTINUOUS
10
4.5233894881889762
20
-3.4974488188976376
11
4.5263894881889764
21
-3.4982526771653544
0
LINE
8
BLACK
6
CONTINUOUS
10
4.2056264566929134
20
-3.4420708661417323
11
4.5599571653543309
21
-3.4420708661417323
0
LINE
8
BLACK
6
CONTINUOUS
10
4.5599571653543309
20
-3.4420708661417323
11
4.5603295275590554
21
-3.4421364960629921
0
LINE
8
BLACK
6
CONTINUOUS
10
4.5603295275590554
20
-3.4421364960629921
11
4.5604699212598421
21
-3.4421117716535434
0
LINE
8
BLACK
6
CONTINUOUS
10
4.5604699212598421
20
-3.4421117716535434
11
4.5605933464566926
21
-3.4421830314960631
0
LINE
8
BLACK
6
CONTINUOUS
10
4.5605933464566926
20
-3.4421830314960631
11
4.5609670866141734
21
-3.4422489370078742
0
LINE
8
BLACK
6
CONTINUOUS
10
4.5609670866141734
20
-3.4422489370078742
11
4.5615397244094487
21
-3.4427294094488188
0
LINE
8
BLACK
6
CONTINUOUS
10
4.5615397244094487
20
-3.4427294094488188
11
4.5622190944881886
21
-3.4431216929133859
0
LINE
8
BLACK
6
CONTINUOUS
10
4.5622190944881886
20
-3.4431216929133859
11
4.5623122440944881
21
-3.4433776771653544
0
LINE
8
BLACK
6
CONTINUOUS
10
4.5623122440944881
20
-3.4433776771653544
11
4.5625143307086615
21
-3.4435472440944883
0
LINE
8
BLACK
6
CONTINUOUS
10
4.5625143307086615
20
-3.4435472440944883
11
4.5626461811023624
21
-3.4442951574803149
0
LINE
8
BLACK
6
CONTINUOUS
10
4.5626461811023624
20
-3.4442951574803149
11
4.5629099212598421
21
-3.4450196850393699
0
LINE
8
BLACK
6
CONTINUOUS
10
4.5629099212598421
20
-3.4450196850393699
11
4.5629099212598421
21
-3.6418700787401574
0
LINE
8
BLACK
6
CONTINUOUS
10
4.5629099212598421
20
-3.6418700787401574
11
4.5629099212598421
21
-3.8387204724409449
0
LINE
8
BLACK
6
CONTINUOUS
10
4.5629099212598421
20
-3.8387204724409449
11
4.5629099212598421
21
-4.0355787401574803
0
LINE
8
BLACK
6
CONTINUOUS
10
4.5629099212598421
20
-4.0355787401574803
11
4.5628426377952751
21
-4.0359602755905515
0
LINE
8
BLACK
6
CONTINUOUS
10
4.5628426377952751
20
-4.0359602755905515
11
4.562865078740157
21
-4.036087559055118
0
LINE
8
BLACK
6
CONTINUOUS
10
4.562865078740157
20
-4.036087559055118
11
4.5628004724409452
21
-4.0361994094488187
0
LINE
8
BLACK
6
CONTINUOUS
10
4.5628004724409452
20
-4.0361994094488187
11
4.5627318503937007
21
-4.0365886614173228
0
LINE
8
BLACK
6
CONTINUOUS
10
4.5627318503937007
20
-4.0365886614173228
11
4.5626535433070865
21
-4.0366819685039372
0
LINE
8
BLACK
6
CONTINUOUS
10
4.5626535433070865
20
-4.0366819685039372
11
4.5626535433070865
21
-4.2324291338582674
0
LINE
8
BLACK
6
CONTINUOUS
10
4.5626535433070865
20
-4.2324291338582674
11
4.5625862598425195
21
-4.2328106692913385
0
LINE
8
BLACK
6
CONTINUOUS
10
4.5625862598425195
20
-4.2328106692913385
11
4.5626087007874014
21
-4.232937952755905
0
LINE
8
BLACK
6
CONTINUOUS
10
4.5626087007874014
20
-4.232937952755905
11
4.5625440944881888
21
-4.2330498031496058
0
LINE
8
BLACK
6
CONTINUOUS
10
4.5625440944881888
20
-4.2330498031496058
11
4.5624754724409451
21
-4.2334390551181098
0
LINE
8
BLACK
6
CONTINUOUS
10
4.5624754724409451
20
-4.2334390551181098
11
4.5619750393700782
21
-4.2340353937007871
0
LINE
8
BLACK
6
CONTINUOUS
10
4.5619750393700782
20
-4.2340353937007871
11
4.561598779527559
21
-4.2346871259842516
0
LINE
8
BLACK
6
CONTINUOUS
10
4.561598779527559
20
-4.2346871259842516
11
4.5613531889763781
21
-4.2347764960629917
0
LINE
8
BLACK
6
CONTINUOUS
10
4.5613531889763781
20
-4.2347764960629917
11
4.5611771653543309
21
-4.2349862992125979
0
LINE
8
BLACK
6
CONTINUOUS
10
4.5611771653543309
20
-4.2349862992125979
11
4.5604005905511809
21
-4.2351232283464562
0
LINE
8
BLACK
6
CONTINUOUS
10
4.5604005905511809
20
-4.2351232283464562
11
4.5597007874015745
21
-4.235377952755905
0
LINE
8
BLACK
6
CONTINUOUS
10
4.5597007874015745
20
-4.235377952755905
11
4.2053700787401578
21
-4.235377952755905
0
LINE
8
BLACK
6
CONTINUOUS
10
4.2053700787401578
20
-4.235377952755905
11
3.9691496062992124
21
-4.235377952755905
0
LINE
8
BLACK
6
CONTINUOUS
10
3.9691496062992124
20
-4.235377952755905
11
3.9687660629921258
21
-4.2353103149606302
0
LINE
8
BLACK
6
CONTINUOUS
10
3.9687660629921258
20
-4.2353103149606302
11
3.9686368503937008
21
-4.2353331102362199
0
LINE
8
BLACK
6
CONTINUOUS
10
3.9686368503937008
20
-4.2353331102362199
11
3.9685232283464567
21
-4.2352674803149606
0
LINE
8
BLACK
6
CONTINUOUS
10
3.9685232283464567
20
-4.2352674803149606
11
3.96813968503937
21
-4.2351998818897636
0
LINE
8
BLACK
6
CONTINUOUS
10
3.96813968503937
20
-4.2351998818897636
11
3.9675519685039369
21
-4.2347067322834642
0
LINE
8
BLACK
6
CONTINUOUS
10
3.9675519685039369
20
-4.2347067322834642
11
3.9668876771653543
21
-4.2343231889763775
0
LINE
8
BLACK
6
CONTINUOUS
10
3.9668876771653543
20
-4.2343231889763775
11
3.9667965354330708
21
-4.2340728346456693
0
LINE
8
BLACK
6
CONTINUOUS
10
3.9667965354330708
20
-4.2340728346456693
11
3.9665924409448818
21
-4.2339015748031494
0
LINE
8
BLACK
6
CONTINUOUS
10
3.9665924409448818
20
-4.2339015748031494
11
3.9664591732283463
21
-4.2331459842519683
0
LINE
8
BLACK
6
CONTINUOUS
10
3.9664591732283463
20
-4.2331459842519683
11
3.9661968503937008
21
-4.2324251968503939
0
LINE
8
BLACK
6
CONTINUOUS
10
3.9661968503937008
20
-4.2324251968503939
11
3.9661968503937008
21
-4.2127401574803152
0
LINE
8
BLACK
6
CONTINUOUS
10
3.9661968503937008
20
-4.2127401574803152
11
3.9662644488188974
21
-4.2123566141732285
0
LINE
8
BLACK
6
CONTINUOUS
10
3.9662644488188974
20
-4.2123566141732285
11
3.9662416929133859
21
-4.2122274015748031
0
LINE
8
BLACK
6
CONTINUOUS
10
3.9662416929133859
20
-4.2122274015748031
11
3.966307283464567
21
-4.2121137795275594
0
LINE
8
BLACK
6
CONTINUOUS
10
3.966307283464567
20
-4.2121137795275594
11
3.9663749212598423
21
-4.2117302362204727
0
LINE
8
BLACK
6
CONTINUOUS
10
3.9663749212598423
20
-4.2117302362204727
11
3.9668680314960629
21
-4.2111425196850396
0
LINE
8
BLACK
6
CONTINUOUS
10
3.9668680314960629
20
-4.2111425196850396
11
3.9672516141732284
21
-4.2104782283464566
0
LINE
8
BLACK
6
CONTINUOUS
10
3.9672516141732284
20
-4.2104782283464566
11
3.9675019291338582
21
-4.2103870866141735
0
LINE
8
BLACK
6
CONTINUOUS
10
3.9675019291338582
20
-4.2103870866141735
11
3.9676732283464564
21
-4.2101829921259846
0
LINE
8
BLACK
6
CONTINUOUS
10
3.9676732283464564
20
-4.2101829921259846
11
3.9684287795275588
21
-4.2100497244094486
0
LINE
8
BLACK
6
CONTINUOUS
10
3.9684287795275588
20
-4.2100497244094486
11
3.9691496062992124
21
-4.2097874015748031
0
LINE
8
BLACK
6
CONTINUOUS
10
3.9691496062992124
20
-4.2097874015748031
11
4.0055669291338578
21
-4.2097874015748031
0
LINE
8
BLACK
6
CONTINUOUS
10
4.0055669291338578
20
-4.2097874015748031
11
4.0055669291338578
21
-4.0582125984251967
0
LINE
8
BLACK
6
CONTINUOUS
10
4.0055669291338578
20
-4.0582125984251967
11
3.9691496062992124
21
-4.0582125984251967
0
LINE
8
BLACK
6
CONTINUOUS
10
3.9691496062992124
20
-4.0582125984251967
11
3.9687660629921258
21
-4.0581449606299209
0
LINE
8
BLACK
6
CONTINUOUS
10
3.9687660629921258
20
-4.0581449606299209
11
3.9686368503937008
21
-4.0581677559055116
0
LINE
8
BLACK
6
CONTINUOUS
10
3.9686368503937008
20
-4.0581677559055116
11
3.9685232283464567
21
-4.0581021259842522
0
LINE
8
BLACK
6
CONTINUOUS
10
3.9685232283464567
20
-4.0581021259842522
11
3.96813968503937
21
-4.0580345275590552
0
LINE
8
BLACK
6
CONTINUOUS
10
3.96813968503937
20
-4.0580345275590552
11
3.9675519685039369
21
-4.0575413779527558
0
LINE
8
BLACK
6
CONTINUOUS
10
3.9675519685039369
20
-4.0575413779527558
11
3.9668876771653543
21
-4.0571578346456691
0
LINE
8
BLACK
6
CONTINUOUS
10
3.9668876771653543
20
-4.0571578346456691
11
3.9667965354330708
21
-4.056907480314961
0
LINE
8
BLACK
6
CONTINUOUS
10
3.9667965354330708
20
-4.056907480314961
11
3.9665924409448818
21
-4.0567362204724411
0
LINE
8
BLACK
6
CONTINUOUS
10
3.9665924409448818
20
-4.0567362204724411
11
3.9664591732283463
21
-4.05598062992126
0
LINE
8
BLACK
6
CONTINUOUS
10
3.9664591732283463
20
-4.05598062992126
11
3.9661968503937008
21
-4.0552598425196846
0
LINE
8
BLACK
6
CONTINUOUS
10
3.9661968503937008
20
-4.0552598425196846
11
3.9661968503937008
21
-4.0355748031496059
0
LINE
8
BLACK
6
CONTINUOUS
10
3.9661968503937008
20
-4.0355748031496059
11
3.9662644488188974
21
-4.0351912598425193
0
LINE
8
BLACK
6
CONTINUOUS
10
3.9662644488188974
20
-4.0351912598425193
11
3.9662416929133859
21
-4.0350620472440948
0
LINE
8
BLACK
6
CONTINUOUS
10
3.9662416929133859
20
-4.0350620472440948
11
3.966307283464567
21
-4.0349484251968502
0
LINE
8
BLACK
6
CONTINUOUS
10
3.966307283464567
20
-4.0349484251968502
11
3.9663749212598423
21
-4.0345648818897635
0
LINE
8
BLACK
6
CONTINUOUS
10
3.9663749212598423
20
-4.0345648818897635
11
3.9664532283464564
21
-4.0344715354330711
0
LINE
8
BLACK
6
CONTINUOUS
10
3.9664532283464564
20
-4.0344715354330711
11
3.9664532283464564
21
-4.0158897637795272
0
LINE
8
BLACK
6
CONTINUOUS
10
3.9664532283464564
20
-4.0158897637795272
11
3.9665208267716534
21
-4.0155062204724405
0
LINE
8
BLACK
6
CONTINUOUS
10
3.9665208267716534
20
-4.0155062204724405
11
3.9664980708661415
21
-4.0153770078740161
0
LINE
8
BLACK
6
CONTINUOUS
10
3.9664980708661415
20
-4.0153770078740161
11
3.9665636614173225
21
-4.0152633858267714
0
LINE
8
BLACK
6
CONTINUOUS
10
3.9665636614173225
20
-4.0152633858267714
11
3.9666312992125983
21
-4.0148798425196848
0
LINE
8
BLACK
6
CONTINUOUS
10
3.9666312992125983
20
-4.0148798425196848
11
3.9671244094488189
21
-4.0142921259842517
0
LINE
8
BLACK
6
CONTINUOUS
10
3.9671244094488189
20
-4.0142921259842517
11
3.9675079921259844
21
-4.0136278346456695
0
LINE
8
BLACK
6
CONTINUOUS
10
3.9675079921259844
20
-4.0136278346456695
11
3.9677583070866143
21
-4.0135366929133856
0
LINE
8
BLACK
6
CONTINUOUS
10
3.9677583070866143
20
-4.0135366929133856
11
3.9679296062992124
21
-4.0133325984251966
0
LINE
8
BLACK
6
CONTINUOUS
10
3.9679296062992124
20
-4.0133325984251966
11
3.9686851574803148
21
-4.0131993307086615
0
LINE
8
BLACK
6
CONTINUOUS
10
3.9686851574803148
20
-4.0131993307086615
11
3.9694059842519684
21
-4.0129370078740161
0
LINE
8
BLACK
6
CONTINUOUS
10
3.9694059842519684
20
-4.0129370078740161
11
4.0058233070866143
21
-4.0129370078740161
0
LINE
8
BLACK
6
CONTINUOUS
10
4.0058233070866143
20
-4.0129370078740161
11
4.0058233070866143
21
-3.8613622047244092
0
LINE
8
BLACK
6
CONTINUOUS
10
4.0058233070866143
20
-3.8613622047244092
11
3.9694059842519684
21
-3.8613622047244092
0
LINE
8
BLACK
6
CONTINUOUS
10
3.9694059842519684
20
-3.8613622047244092
11
3.9690224409448818
21
-3.8612945669291339
0
LINE
8
BLACK
6
CONTINUOUS
10
3.9690224409448818
20
-3.8612945669291339
11
3.9688932283464564
21
-3.8613173622047241
0
LINE
8
BLACK
6
CONTINUOUS
10
3.9688932283464564
20
-3.8613173622047241
11
3.9687796062992127
21
-3.8612517322834643
0
LINE
8
BLACK
6
CONTINUOUS
10
3.9687796062992127
20
-3.8612517322834643
11
3.968396062992126
21
-3.8611841338582678
0
LINE
8
BLACK
6
CONTINUOUS
10
3.968396062992126
20
-3.8611841338582678
11
3.9678083464566929
21
-3.8606909842519683
0
LINE
8
BLACK
6
CONTINUOUS
10
3.9678083464566929
20
-3.8606909842519683
11
3.9671440551181103
21
-3.8603074409448817
0
LINE
8
BLACK
6
CONTINUOUS
10
3.9671440551181103
20
-3.8603074409448817
11
3.9670529133858268
21
-3.860057086614173
0
LINE
8
BLACK
6
CONTINUOUS
10
3.9670529133858268
20
-3.860057086614173
11
3.9668488188976379
21
-3.8598858267716536
0
LINE
8
BLACK
6
CONTINUOUS
10
3.9668488188976379
20
-3.8598858267716536
11
3.9667155511811023
21
-3.8591302362204725
0
LINE
8
BLACK
6
CONTINUOUS
10
3.9667155511811023
20
-3.8591302362204725
11
3.9664532283464564
21
-3.8584094488188976
0
LINE
8
BLACK
6
CONTINUOUS
10
3.9664532283464564
20
-3.8584094488188976
11
3.9664532283464564
21
-3.8387244094488189
0
LINE
8
BLACK
6
CONTINUOUS
10
3.9664532283464564
20
-3.8387244094488189
11
3.9664532283464564
21
-3.8190393700787402
0
LINE
8
BLACK
6
CONTINUOUS
10
3.9664532283464564
20
-3.8190393700787402
11
3.9665208267716534
21
-3.8186558267716535
0
LINE
8
BLACK
6
CONTINUOUS
10
3.9665208267716534
20
-3.8186558267716535
11
3.9664980708661415
21
-3.8185266141732281
0
LINE
8
BLACK
6
CONTINUOUS
10
3.9664980708661415
20
-3.8185266141732281
11
3.9665636614173225
21
-3.818412992125984
0
LINE
8
BLACK
6
CONTINUOUS
10
3.9665636614173225
20
-3.818412992125984
11
3.9666312992125983
21
-3.8180294488188977
0
LINE
8
BLACK
6
CONTINUOUS
10
3.9666312992125983
20
-3.8180294488188977
11
3.9671244094488189
21
-3.8174417322834646
0
LINE
8
BLACK
6
CONTINUOUS
10
3.9671244094488189
20
-3.8174417322834646
11
3.9675079921259844
21
-3.8167774409448816
0
LINE
8
BLACK
6
CONTINUOUS
10
3.9675079921259844
20
-3.8167774409448816
11
3.9677583070866143
21
-3.8166862992125985
0
LINE
8
BLACK
6
CONTINUOUS
10
3.9677583070866143
20
-3.8166862992125985
11
3.9679296062992124
21
-3.8164822047244096
0
LINE
8
BLACK
6
CONTINUOUS
10
3.9679296062992124
20
-3.8164822047244096
11
3.9686851574803148
21
-3.816348937007874
0
LINE
8
BLACK
6
CONTINUOUS
10
3.9686851574803148
20
-3.816348937007874
11
3.9694059842519684
21
-3.8160866141732281
0
LINE
8
BLACK
6
CONTINUOUS
10
3.9694059842519684
20
-3.8160866141732281
11
4.0058233070866143
21
-3.8160866141732281
0
LINE
8
BLACK
6
CONTINUOUS
10
4.0058233070866143
20
-3.8160866141732281
11
4.0058233070866143
21
-3.6645118110236221
0
LINE
8
BLACK
6
CONTINUOUS
10
4.0058233070866143
20
-3.6645118110236221
11
3.9694059842519684
21
-3.6645118110236221
0
LINE
8
BLACK
6
CONTINUOUS
10
3.9694059842519684
20
-3.6645118110236221
11
3.9690224409448818
21
-3.6644441732283464
0
LINE
8
BLACK
6
CONTINUOUS
10
3.9690224409448818
20
-3.6644441732283464
11
3.9688932283464564
21
-3.664466968503937
0
LINE
8
BLACK
6
CONTINUOUS
10
3.9688932283464564
20
-3.664466968503937
11
3.9687796062992127
21
-3.6644013385826772
0
LINE
8
BLACK
6
CONTINUOUS
10
3.9687796062992127
20
-3.6644013385826772
11
3.968396062992126
21
-3.6643337401574803
0
LINE
8
BLACK
6
CONTINUOUS
10
3.968396062992126
20
-3.6643337401574803
11
3.9678083464566929
21
-3.6638405905511808
0
LINE
8
BLACK
6
CONTINUOUS
10
3.9678083464566929
20
-3.6638405905511808
11
3.9671440551181103
21
-3.6634570472440946
0
LINE
8
BLACK
6
CONTINUOUS
10
3.9671440551181103
20
-3.6634570472440946
11
3.9670529133858268
21
-3.663206692913386
0
LINE
8
BLACK
6
CONTINUOUS
10
3.9670529133858268
20
-3.663206692913386
11
3.9668488188976379
21
-3.6630354330708661
0
LINE
8
BLACK
6
CONTINUOUS
10
3.9668488188976379
20
-3.6630354330708661
11
3.9667155511811023
21
-3.662279842519685
0
LINE
8
BLACK
6
CONTINUOUS
10
3.9667155511811023
20
-3.662279842519685
11
3.9664532283464564
21
-3.6615590551181101
0
LINE
8
BLACK
6
CONTINUOUS
10
3.9664532283464564
20
-3.6615590551181101
11
3.9664532283464564
21
-3.6418740157480314
0
LINE
8
BLACK
6
CONTINUOUS
10
3.9664532283464564
20
-3.6418740157480314
11
3.9664532283464564
21
-3.6221889763779527
0
LINE
8
BLACK
6
CONTINUOUS
10
3.9664532283464564
20
-3.6221889763779527
11
3.9665208267716534
21
-3.621805433070866
0
LINE
8
BLACK
6
CONTINUOUS
10
3.9665208267716534
20
-3.621805433070866
11
3.9664980708661415
21
-3.6216762204724406
0
LINE
8
BLACK
6
CONTINUOUS
10
3.9664980708661415
20
-3.6216762204724406
11
3.9665636614173225
21
-3.6215625984251969
0
LINE
8
BLACK
6
CONTINUOUS
10
3.9665636614173225
20
-3.6215625984251969
11
3.9666312992125983
21
-3.6211790551181102
0
LINE
8
BLACK
6
CONTINUOUS
10
3.9666312992125983
20
-3.6211790551181102
11
3.9671244094488189
21
-3.6205913385826771
0
LINE
8
BLACK
6
CONTINUOUS
10
3.9671244094488189
20
-3.6205913385826771
11
3.9675079921259844
21
-3.6199270472440945
0
LINE
8
BLACK
6
CONTINUOUS
10
3.9675079921259844
20
-3.6199270472440945
11
3.9677583070866143
21
-3.619835905511811
0
LINE
8
BLACK
6
CONTINUOUS
10
3.9677583070866143
20
-3.619835905511811
11
3.9679296062992124
21
-3.6196318110236221
0
LINE
8
BLACK
6
CONTINUOUS
10
3.9679296062992124
20
-3.6196318110236221
11
3.9686851574803148
21
-3.6194985433070865
0
LINE
8
BLACK
6
CONTINUOUS
10
3.9686851574803148
20
-3.6194985433070865
11
3.9694059842519684
21
-3.6192362204724406
0
LINE
8
BLACK
6
CONTINUOUS
10
3.9694059842519684
20
-3.6192362204724406
11
4.0058233070866143
21
-3.6192362204724406
0
LINE
8
BLACK
6
CONTINUOUS
10
4.0058233070866143
20
-3.6192362204724406
11
4.0058233070866143
21
-3.4676614173228346
0
LINE
8
BLACK
6
CONTINUOUS
10
4.0058233070866143
20
-3.4676614173228346
11
3.9694059842519684
21
-3.4676614173228346
0
LINE
8
BLACK
6
CONTINUOUS
10
3.9694059842519684
20
-3.4676614173228346
11
3.9690224409448818
21
-3.4675937795275589
0
LINE
8
BLACK
6
CONTINUOUS
10
3.9690224409448818
20
-3.4675937795275589
11
3.9688932283464564
21
-3.4676165748031496
0
LINE
8
BLACK
6
CONTINUOUS
10
3.9688932283464564
20
-3.4676165748031496
11
3.9687796062992127
21
-3.4675509448818898
0
LINE
8
BLACK
6
CONTINUOUS
10
3.9687796062992127
20
-3.4675509448818898
11
3.968396062992126
21
-3.4674833464566928
0
LINE
8
BLACK
6
CONTINUOUS
10
3.968396062992126
20
-3.4674833464566928
11
3.9678083464566929
21
-3.4669901968503938
0
LINE
8
BLACK
6
CONTINUOUS
10
3.9678083464566929
20
-3.4669901968503938
11
3.9671440551181103
21
-3.4666066535433071
0
LINE
8
BLACK
6
CONTINUOUS
10
3.9671440551181103
20
-3.4666066535433071
11
3.9670529133858268
21
-3.4663562992125985
0
LINE
8
BLACK
6
CONTINUOUS
10
3.9670529133858268
20
-3.4663562992125985
11
3.9668488188976379
21
-3.4661850393700786
0
LINE
8
BLACK
6
CONTINUOUS
10
3.9668488188976379
20
-3.4661850393700786
11
3.9667155511811023
21
-3.4654294488188975
0
LINE
8
BLACK
6
CONTINUOUS
10
3.9667155511811023
20
-3.4654294488188975
11
3.9664532283464564
21
-3.4647086614173226
0
LINE
8
BLACK
6
CONTINUOUS
10
3.9664532283464564
20
-3.4647086614173226
11
3.9664532283464564
21
-3.4450236220472439
0
LINE
8
BLACK
6
CONTINUOUS
10
3.9664532283464564
20
-3.4450236220472439
11
3.9665208267716534
21
-3.4446400787401572
0
LINE
8
BLACK
6
CONTINUOUS
10
3.9665208267716534
20
-3.4446400787401572
11
3.9664980708661415
21
-3.4445108661417323
0
LINE
8
BLACK
6
CONTINUOUS
10
3.9664980708661415
20
-3.4445108661417323
11
3.9665636614173225
21
-3.4443972440944881
0
LINE
8
BLACK
6
CONTINUOUS
10
3.9665636614173225
20
-3.4443972440944881
11
3.9666312992125983
21
-3.4440137007874014
0
LINE
8
BLACK
6
CONTINUOUS
10
3.9666312992125983
20
-3.4440137007874014
11
3.9671244094488189
21
-3.4434259842519683
0
LINE
8
BLACK
6
CONTINUOUS
10
3.9671244094488189
20
-3.4434259842519683
11
3.9675079921259844
21
-3.4427616929133857
0
LINE
8
BLACK
6
CONTINUOUS
10
3.9675079921259844
20
-3.4427616929133857
11
3.9677583070866143
21
-3.4426705511811022
0
LINE
8
BLACK
6
CONTINUOUS
10
3.9677583070866143
20
-3.4426705511811022
11
3.9679296062992124
21
-3.4424664566929133
0
LINE
8
BLACK
6
CONTINUOUS
10
3.9679296062992124
20
-3.4424664566929133
11
3.9686851574803148
21
-3.4423331889763777
0
LINE
8
BLACK
6
CONTINUOUS
10
3.9686851574803148
20
-3.4423331889763777
11
3.9694059842519684
21
-3.4420708661417323
0
LINE
8
BLACK
6
CONTINUOUS
10
3.9694059842519684
20
-3.4420708661417323
11
4.2056264566929134
21
-3.4420708661417323
0
LINE
8
BLACK
6
CONTINUOUS
10
4.2083228346456689
20
-4.038527559055118
11
4.2083228346456689
21
-4.0590000000000002
0
LINE
8
BLACK
6
CONTINUOUS
10
4.2083228346456689
20
-4.0590000000000002
11
4.2221062992125979
21
-4.0590000000000002
0
LINE
8
BLACK
6
CONTINUOUS
10
4.2221062992125979
20
-4.0590000000000002
11
4.2221062992125979
21
-4.0552598425196846
0
LINE
8
BLACK
6
CONTINUOUS
10
4.2221062992125979
20
-4.0552598425196846
11
4.2221738976377949
21
-4.054876299212598
0
LINE
8
BLACK
6
CONTINUOUS
10
4.2221738976377949
20
-4.054876299212598
11
4.222151141732283
21
-4.0547470866141735
0
LINE
8
BLACK
6
CONTINUOUS
10
4.222151141732283
20
-4.0547470866141735
11
4.2222167322834645
21
-4.0546334645669289
0
LINE
8
BLACK
6
CONTINUOUS
10
4.2222167322834645
20
-4.0546334645669289
11
4.2222843700787402
21
-4.0542499212598422
0
LINE
8
BLACK
6
CONTINUOUS
10
4.2222843700787402
20
-4.0542499212598422
11
4.2227774803149609
21
-4.0536622047244091
0
LINE
8
BLACK
6
CONTINUOUS
10
4.2227774803149609
20
-4.0536622047244091
11
4.2231610629921255
21
-4.0529979133858269
0
LINE
8
BLACK
6
CONTINUOUS
10
4.2231610629921255
20
-4.0529979133858269
11
4.2234113779527558
21
-4.052906771653543
0
LINE
8
BLACK
6
CONTINUOUS
10
4.2234113779527558
20
-4.052906771653543
11
4.2235826771653544
21
-4.052702677165354
0
LINE
8
BLACK
6
CONTINUOUS
10
4.2235826771653544
20
-4.052702677165354
11
4.2243382283464568
21
-4.0525694094488189
0
LINE
8
BLACK
6
CONTINUOUS
10
4.2243382283464568
20
-4.0525694094488189
11
4.22505905511811
21
-4.0523070866141735
0
LINE
8
BLACK
6
CONTINUOUS
10
4.22505905511811
20
-4.0523070866141735
11
4.5400196850393701
21
-4.0523070866141735
0
LINE
8
BLACK
6
CONTINUOUS
10
4.5400196850393701
20
-4.0523070866141735
11
4.5404031889763781
21
-4.0523746850393696
0
LINE
8
BLACK
6
CONTINUOUS
10
4.5404031889763781
20
-4.0523746850393696
11
4.5405324409448822
21
-4.0523519291338586
0
LINE
8
BLACK
6
CONTINUOUS
10
4.5405324409448822
20
-4.0523519291338586
11
4.5406460236220472
21
-4.0524175196850392
0
LINE
8
BLACK
6
CONTINUOUS
10
4.5406460236220472
20
-4.0524175196850392
11
4.5410296062992126
21
-4.0524851574803149
0
LINE
8
BLACK
6
CONTINUOUS
10
4.5410296062992126
20
-4.0524851574803149
11
4.5416172834645669
21
-4.0529782677165356
0
LINE
8
BLACK
6
CONTINUOUS
10
4.5416172834645669
20
-4.0529782677165356
11
4.5422816141732278
21
-4.053361850393701
0
LINE
8
BLACK
6
CONTINUOUS
10
4.5422816141732278
20
-4.053361850393701
11
4.5423727165354331
21
-4.0536121653543304
0
LINE
8
BLACK
6
CONTINUOUS
10
4.5423727165354331
20
-4.0536121653543304
11
4.5425768503937007
21
-4.0537834645669291
0
LINE
8
BLACK
6
CONTINUOUS
10
4.5425768503937007
20
-4.0537834645669291
11
4.5427100787401571
21
-4.0545390157480314
0
LINE
8
BLACK
6
CONTINUOUS
10
4.5427100787401571
20
-4.0545390157480314
11
4.5429724409448822
21
-4.0552598425196846
0
LINE
8
BLACK
6
CONTINUOUS
10
4.5429724409448822
20
-4.0552598425196846
11
4.5429724409448822
21
-4.2127401574803152
0
LINE
8
BLACK
6
CONTINUOUS
10
4.5429724409448822
20
-4.2127401574803152
11
4.5429048031496064
21
-4.2131236614173231
0
LINE
8
BLACK
6
CONTINUOUS
10
4.5429048031496064
20
-4.2131236614173231
11
4.5429275984251971
21
-4.2132529133858263
0
LINE
8
BLACK
6
CONTINUOUS
10
4.5429275984251971
20
-4.2132529133858263
11
4.5428619685039369
21
-4.2133664960629922
0
LINE
8
BLACK
6
CONTINUOUS
10
4.5428619685039369
20
-4.2133664960629922
11
4.5427943700787399
21
-4.2137500787401576
0
LINE
8
BLACK
6
CONTINUOUS
10
4.5427943700787399
20
-4.2137500787401576
11
4.5423012204724404
21
-4.214337755905512
0
LINE
8
BLACK
6
CONTINUOUS
10
4.5423012204724404
20
-4.214337755905512
11
4.5419176771653547
21
-4.2150020866141729
0
LINE
8
BLACK
6
CONTINUOUS
10
4.5419176771653547
20
-4.2150020866141729
11
4.5416673228346456
21
-4.2150931889763781
0
LINE
8
BLACK
6
CONTINUOUS
10
4.5416673228346456
20
-4.2150931889763781
11
4.5414960629921257
21
-4.2152973228346458
0
LINE
8
BLACK
6
CONTINUOUS
10
4.5414960629921257
20
-4.2152973228346458
11
4.5407404724409446
21
-4.2154305511811021
0
LINE
8
BLACK
6
CONTINUOUS
10
4.5407404724409446
20
-4.2154305511811021
11
4.5400196850393701
21
-4.2156929133858263
0
LINE
8
BLACK
6
CONTINUOUS
10
4.5400196850393701
20
-4.2156929133858263
11
4.22505905511811
21
-4.2156929133858263
0
LINE
8
BLACK
6
CONTINUOUS
10
4.22505905511811
20
-4.2156929133858263
11
4.2246755118110233
21
-4.2156252755905514
0
LINE
8
BLACK
6
CONTINUOUS
10
4.2246755118110233
20
-4.2156252755905514
11
4.2245462992125979
21
-4.2156480708661412
0
LINE
8
BLACK
6
CONTINUOUS
10
4.2245462992125979
20
-4.2156480708661412
11
4.2244326771653542
21
-4.2155824409448819
0
LINE
8
BLACK
6
CONTINUOUS
10
4.2244326771653542
20
-4.2155824409448819
11
4.2240491338582675
21
-4.2155148425196849
0
LINE
8
BLACK
6
CONTINUOUS
10
4.2240491338582675
20
-4.2155148425196849
11
4.2234614173228344
21
-4.2150216929133855
0
LINE
8
BLACK
6
CONTINUOUS
10
4.2234614173228344
20
-4.2150216929133855
11
4.2227971259842523
21
-4.2146381496062988
0
LINE
8
BLACK
6
CONTINUOUS
10
4.2227971259842523
20
-4.2146381496062988
11
4.2227059842519683
21
-4.2143877952755906
0
LINE
8
BLACK
6
CONTINUOUS
10
4.2227059842519683
20
-4.2143877952755906
11
4.2225018897637794
21
-4.2142165354330707
0
LINE
8
BLACK
6
CONTINUOUS
10
4.2225018897637794
20
-4.2142165354330707
11
4.2223686220472443
21
-4.2134609448818896
0
LINE
8
BLACK
6
CONTINUOUS
10
4.2223686220472443
20
-4.2134609448818896
11
4.2221062992125979
21
-4.2127401574803152
0
LINE
8
BLACK
6
CONTINUOUS
10
4.2221062992125979
20
-4.2127401574803152
11
4.2221062992125979
21
-4.2089999999999996
0
LINE
8
BLACK
6
CONTINUOUS
10
4.2221062992125979
20
-4.2089999999999996
11
4.2083228346456689
21
-4.2089999999999996
0
LINE
8
BLACK
6
CONTINUOUS
10
4.2083228346456689
20
-4.2089999999999996
11
4.2083228346456689
21
-4.2294724409448818
0
LINE
8
BLACK
6
CONTINUOUS
10
4.2083228346456689
20
-4.2294724409448818
11
4.5567480314960624
21
-4.2294724409448818
0
LINE
8
BLACK
6
CONTINUOUS
10
4.5567480314960624
20
-4.2294724409448818
11
4.5567480314960624
21
-4.038527559055118
0
LINE
8
BLACK
6
CONTINUOUS
10
4.5567480314960624
20
-4.038527559055118
11
4.2083228346456689
21
-4.038527559055118
0
LINE
8
BLACK
6
CONTINUOUS
10
4.0114724409448819
20
-4.1960078740157476
11
4.0114724409448819
21
-4.2127401574803152
0
LINE
8
BLACK
6
CONTINUOUS
10
4.0114724409448819
20
-4.2127401574803152
11
4.0114048031496061
21
-4.2131236614173231
0
LINE
8
BLACK
6
CONTINUOUS
10
4.0114048031496061
20
-4.2131236614173231
11
4.0114275984251968
21
-4.2132529133858263
0
LINE
8
BLACK
6
CONTINUOUS
10
4.0114275984251968
20
-4.2132529133858263
11
4.0113619685039366
21
-4.2133664960629922
0
LINE
8
BLACK
6
CONTINUOUS
10
4.0113619685039366
20
-4.2133664960629922
11
4.0112943700787405
21
-4.2137500787401576
0
LINE
8
BLACK
6
CONTINUOUS
10
4.0112943700787405
20
-4.2137500787401576
11
4.010801220472441
21
-4.214337755905512
0
LINE
8
BLACK
6
CONTINUOUS
10
4.010801220472441
20
-4.214337755905512
11
4.0104176771653544
21
-4.2150020866141729
0
LINE
8
BLACK
6
CONTINUOUS
10
4.0104176771653544
20
-4.2150020866141729
11
4.0101673228346453
21
-4.2150931889763781
0
LINE
8
BLACK
6
CONTINUOUS
10
4.0101673228346453
20
-4.2150931889763781
11
4.0099960629921263
21
-4.2152973228346458
0
LINE
8
BLACK
6
CONTINUOUS
10
4.0099960629921263
20
-4.2152973228346458
11
4.0092404724409452
21
-4.2154305511811021
0
LINE
8
BLACK
6
CONTINUOUS
10
4.0092404724409452
20
-4.2154305511811021
11
4.0085196850393698
21
-4.2156929133858263
0
LINE
8
BLACK
6
CONTINUOUS
10
4.0085196850393698
20
-4.2156929133858263
11
3.9721023622047245
21
-4.2156929133858263
0
LINE
8
BLACK
6
CONTINUOUS
10
3.9721023622047245
20
-4.2156929133858263
11
3.9721023622047245
21
-4.2294724409448818
0
LINE
8
BLACK
6
CONTINUOUS
10
3.9721023622047245
20
-4.2294724409448818
11
4.2024173228346458
21
-4.2294724409448818
0
LINE
8
BLACK
6
CONTINUOUS
10
4.2024173228346458
20
-4.2294724409448818
11
4.2024173228346458
21
-4.2089999999999996
0
LINE
8
BLACK
6
CONTINUOUS
10
4.2024173228346458
20
-4.2089999999999996
11
4.0910000000000002
21
-4.2089999999999996
0
LINE
8
BLACK
6
CONTINUOUS
10
4.0910000000000002
20
-4.2089999999999996
11
4.0910000000000002
21
-4.1960078740157476
0
LINE
8
BLACK
6
CONTINUOUS
10
4.0910000000000002
20
-4.1960078740157476
11
4.0114724409448819
21
-4.1960078740157476
0
LINE
8
BLACK
6
CONTINUOUS
10
4.228011811023622
20
-4.0582125984251967
11
4.228011811023622
21
-4.0590000000000002
0
LINE
8
BLACK
6
CONTINUOUS
10
4.228011811023622
20
-4.0590000000000002
11
4.2409999999999997
21
-4.0590000000000002
0
LINE
8
BLACK
6
CONTINUOUS
10
4.2409999999999997
20
-4.0590000000000002
11
4.2409999999999997
21
-4.2089999999999996
0
LINE
8
BLACK
6
CONTINUOUS
10
4.2409999999999997
20
-4.2089999999999996
11
4.228011811023622
21
-4.2089999999999996
0
LINE
8
BLACK
6
CONTINUOUS
10
4.228011811023622
20
-4.2089999999999996
11
4.228011811023622
21
-4.2097874015748031
0
LINE
8
BLACK
6
CONTINUOUS
10
4.228011811023622
20
-4.2097874015748031
11
4.5370669291338581
21
-4.2097874015748031
0
LINE
8
BLACK
6
CONTINUOUS
10
4.5370669291338581
20
-4.2097874015748031
11
4.5370669291338581
21
-4.0582125984251967
0
LINE
8
BLACK
6
CONTINUOUS
10
4.5370669291338581
20
-4.0582125984251967
11
4.228011811023622
21
-4.0582125984251967
0
LINE
8
BLACK
6
CONTINUOUS
10
4.0114724409448819
20
-4.0778976377952754
11
4.0114724409448819
21
-4.1901023622047244
0
LINE
8
BLACK
6
CONTINUOUS
10
4.0114724409448819
20
-4.1901023622047244
11
4.0910000000000002
21
-4.1901023622047244
0
LINE
8
BLACK
6
CONTINUOUS
10
4.0910000000000002
20
-4.1901023622047244
11
4.0910000000000002
21
-4.0778976377952754
0
LINE
8
BLACK
6
CONTINUOUS
10
4.0910000000000002
20
-4.0778976377952754
11
4.0114724409448819
21
-4.0778976377952754
0
LINE
8
BLACK
6
CONTINUOUS
10
3.9721023622047245
20
-4.038527559055118
11
3.9721023622047245
21
-4.0523070866141735
0
LINE
8
BLACK
6
CONTINUOUS
10
3.9721023622047245
20
-4.0523070866141735
11
4.0085196850393698
21
-4.0523070866141735
0
LINE
8
BLACK
6
CONTINUOUS
10
4.0085196850393698
20
-4.0523070866141735
11
4.0089031889763778
21
-4.0523746850393696
0
LINE
8
BLACK
6
CONTINUOUS
10
4.0089031889763778
20
-4.0523746850393696
11
4.0090324409448819
21
-4.0523519291338586
0
LINE
8
BLACK
6
CONTINUOUS
10
4.0090324409448819
20
-4.0523519291338586
11
4.0091460236220469
21
-4.0524175196850392
0
LINE
8
BLACK
6
CONTINUOUS
10
4.0091460236220469
20
-4.0524175196850392
11
4.0095296062992123
21
-4.0524851574803149
0
LINE
8
BLACK
6
CONTINUOUS
10
4.0095296062992123
20
-4.0524851574803149
11
4.0101172834645666
21
-4.0529782677165356
0
LINE
8
BLACK
6
CONTINUOUS
10
4.0101172834645666
20
-4.0529782677165356
11
4.0107816141732284
21
-4.053361850393701
0
LINE
8
BLACK
6
CONTINUOUS
10
4.0107816141732284
20
-4.053361850393701
11
4.0108727165354328
21
-4.0536121653543304
0
LINE
8
BLACK
6
CONTINUOUS
10
4.0108727165354328
20
-4.0536121653543304
11
4.0110768503937004
21
-4.0537834645669291
0
LINE
8
BLACK
6
CONTINUOUS
10
4.0110768503937004
20
-4.0537834645669291
11
4.0112100787401577
21
-4.0545390157480314
0
LINE
8
BLACK
6
CONTINUOUS
10
4.0112100787401577
20
-4.0545390157480314
11
4.0114724409448819
21
-4.0552598425196846
0
LINE
8
BLACK
6
CONTINUOUS
10
4.0114724409448819
20
-4.0552598425196846
11
4.0114724409448819
21
-4.0719921259842522
0
LINE
8
BLACK
6
CONTINUOUS
10
4.0114724409448819
20
-4.0719921259842522
11
4.0910000000000002
21
-4.0719921259842522
0
LINE
8
BLACK
6
CONTINUOUS
10
4.0910000000000002
20
-4.0719921259842522
11
4.0910000000000002
21
-4.0590000000000002
0
LINE
8
BLACK
6
CONTINUOUS
10
4.0910000000000002
20
-4.0590000000000002
11
4.2024173228346458
21
-4.0590000000000002
0
LINE
8
BLACK
6
CONTINUOUS
10
4.2024173228346458
20
-4.0590000000000002
11
4.2024173228346458
21
-4.038527559055118
0
LINE
8
BLACK
6
CONTINUOUS
10
4.2024173228346458
20
-4.038527559055118
11
3.9721023622047245
21
-4.038527559055118
0
LINE
8
BLACK
6
CONTINUOUS
10
4.2085792125984254
20
-3.8416771653543305
11
4.2085792125984254
21
-3.8621496062992127
0
LINE
8
BLACK
6
CONTINUOUS
10
4.2085792125984254
20
-3.8621496062992127
11
4.2223626771653544
21
-3.8621496062992127
0
LINE
8
BLACK
6
CONTINUOUS
10
4.2223626771653544
20
-3.8621496062992127
11
4.2223626771653544
21
-3.8584094488188976
0
LINE
8
BLACK
6
CONTINUOUS
10
4.2223626771653544
20
-3.8584094488188976
11
4.2224302755905514
21
-3.8580259055118109
0
LINE
8
BLACK
6
CONTINUOUS
10
4.2224302755905514
20
-3.8580259055118109
11
4.2224075196850395
21
-3.8578966929133856
0
LINE
8
BLACK
6
CONTINUOUS
10
4.2224075196850395
20
-3.8578966929133856
11
4.2224731102362201
21
-3.8577830708661418
0
LINE
8
BLACK
6
CONTINUOUS
10
4.2224731102362201
20
-3.8577830708661418
11
4.2225407480314958
21
-3.8573995275590551
0
LINE
8
BLACK
6
CONTINUOUS
10
4.2225407480314958
20
-3.8573995275590551
11
4.2230338582677165
21
-3.856811811023622
0
LINE
8
BLACK
6
CONTINUOUS
10
4.2230338582677165
20
-3.856811811023622
11
4.2234174409448819
21
-3.8561475196850394
0
LINE
8
BLACK
6
CONTINUOUS
10
4.2234174409448819
20
-3.8561475196850394
11
4.2236677559055114
21
-3.8560563779527559
0
LINE
8
BLACK
6
CONTINUOUS
10
4.2236677559055114
20
-3.8560563779527559
11
4.22383905511811
21
-3.855852283464567
0
LINE
8
BLACK
6
CONTINUOUS
10
4.22383905511811
20
-3.855852283464567
11
4.2245946062992124
21
-3.8557190157480314
0
LINE
8
BLACK
6
CONTINUOUS
10
4.2245946062992124
20
-3.8557190157480314
11
4.2253154330708664
21
-3.8554566929133856
0
LINE
8
BLACK
6
CONTINUOUS
10
4.2253154330708664
20
-3.8554566929133856
11
4.5402760629921257
21
-3.8554566929133856
0
LINE
8
BLACK
6
CONTINUOUS
10
4.5402760629921257
20
-3.8554566929133856
11
4.5406595669291336
21
-3.8555242913385825
0
LINE
8
BLACK
6
CONTINUOUS
10
4.5406595669291336
20
-3.8555242913385825
11
4.5407888188976377
21
-3.8555015354330706
0
LINE
8
BLACK
6
CONTINUOUS
10
4.5407888188976377
20
-3.8555015354330706
11
4.5409024015748027
21
-3.8555671259842517
0
LINE
8
BLACK
6
CONTINUOUS
10
4.5409024015748027
20
-3.8555671259842517
11
4.5412859842519682
21
-3.8556347637795274
0
LINE
8
BLACK
6
CONTINUOUS
10
4.5412859842519682
20
-3.8556347637795274
11
4.5418736614173225
21
-3.8561278740157481
0
LINE
8
BLACK
6
CONTINUOUS
10
4.5418736614173225
20
-3.8561278740157481
11
4.5425379921259843
21
-3.8565114566929135
0
LINE
8
BLACK
6
CONTINUOUS
10
4.5425379921259843
20
-3.8565114566929135
11
4.5426290944881886
21
-3.8567617716535434
0
LINE
8
BLACK
6
CONTINUOUS
10
4.5426290944881886
20
-3.8567617716535434
11
4.5428332283464563
21
-3.8569330708661416
0
LINE
8
BLACK
6
CONTINUOUS
10
4.5428332283464563
20
-3.8569330708661416
11
4.5429664566929135
21
-3.8576886220472439
0
LINE
8
BLACK
6
CONTINUOUS
10
4.5429664566929135
20
-3.8576886220472439
11
4.5432288188976377
21
-3.8584094488188976
0
LINE
8
BLACK
6
CONTINUOUS
10
4.5432288188976377
20
-3.8584094488188976
11
4.5432288188976377
21
-4.0158897637795272
0
LINE
8
BLACK
6
CONTINUOUS
10
4.5432288188976377
20
-4.0158897637795272
11
4.543161181102362
21
-4.0162732677165351
0
LINE
8
BLACK
6
CONTINUOUS
10
4.543161181102362
20
-4.0162732677165351
11
4.5431839763779527
21
-4.0164025196850393
0
LINE
8
BLACK
6
CONTINUOUS
10
4.5431839763779527
20
-4.0164025196850393
11
4.5431183464566924
21
-4.0165161023622042
0
LINE
8
BLACK
6
CONTINUOUS
10
4.5431183464566924
20
-4.0165161023622042
11
4.5430507480314963
21
-4.0168996850393697
0
LINE
8
BLACK
6
CONTINUOUS
10
4.5430507480314963
20
-4.0168996850393697
11
4.5425575984251969
21
-4.017487362204724
0
LINE
8
BLACK
6
CONTINUOUS
10
4.5425575984251969
20
-4.017487362204724
11
4.5421740551181102
21
-4.0181516929133858
0
LINE
8
BLACK
6
CONTINUOUS
10
4.5421740551181102
20
-4.0181516929133858
11
4.5419237007874012
21
-4.0182427952755901
0
LINE
8
BLACK
6
CONTINUOUS
10
4.5419237007874012
20
-4.0182427952755901
11
4.5417524409448822
21
-4.0184469291338578
0
LINE
8
BLACK
6
CONTINUOUS
10
4.5417524409448822
20
-4.0184469291338578
11
4.540996850393701
21
-4.0185801574803151
0
LINE
8
BLACK
6
CONTINUOUS
10
4.540996850393701
20
-4.0185801574803151
11
4.5402760629921257
21
-4.0188425196850392
0
LINE
8
BLACK
6
CONTINUOUS
10
4.5402760629921257
20
-4.0188425196850392
11
4.2253154330708664
21
-4.0188425196850392
0
LINE
8
BLACK
6
CONTINUOUS
10
4.2253154330708664
20
-4.0188425196850392
11
4.2249318897637798
21
-4.0187748818897635
0
LINE
8
BLACK
6
CONTINUOUS
10
4.2249318897637798
20
-4.0187748818897635
11
4.2248026771653544
21
-4.0187976771653542
0
LINE
8
BLACK
6
CONTINUOUS
10
4.2248026771653544
20
-4.0187976771653542
11
4.2246890551181098
21
-4.0187320472440948
0
LINE
8
BLACK
6
CONTINUOUS
10
4.2246890551181098
20
-4.0187320472440948
11
4.2243055118110231
21
-4.0186644488188978
0
LINE
8
BLACK
6
CONTINUOUS
10
4.2243055118110231
20
-4.0186644488188978
11
4.2237177952755909
21
-4.0181712992125984
0
LINE
8
BLACK
6
CONTINUOUS
10
4.2237177952755909
20
-4.0181712992125984
11
4.2230535039370078
21
-4.0177877559055117
0
LINE
8
BLACK
6
CONTINUOUS
10
4.2230535039370078
20
-4.0177877559055117
11
4.2229623622047239
21
-4.0175374015748027
0
LINE
8
BLACK
6
CONTINUOUS
10
4.2229623622047239
20
-4.0175374015748027
11
4.222758267716535
21
-4.0173661417322837
0
LINE
8
BLACK
6
CONTINUOUS
10
4.222758267716535
20
-4.0173661417322837
11
4.2226249999999999
21
-4.0166105511811026
0
LINE
8
BLACK
6
CONTINUOUS
10
4.2226249999999999
20
-4.0166105511811026
11
4.2223626771653544
21
-4.0158897637795272
0
LINE
8
BLACK
6
CONTINUOUS
10
4.2223626771653544
20
-4.0158897637795272
11
4.2223626771653544
21
-4.0121496062992126
0
LINE
8
BLACK
6
CONTINUOUS
10
4.2223626771653544
20
-4.0121496062992126
11
4.2085792125984254
21
-4.0121496062992126
0
LINE
8
BLACK
6
CONTINUOUS
10
4.2085792125984254
20
-4.0121496062992126
11
4.2085792125984254
21
-4.0326220472440948
0
LINE
8
BLACK
6
CONTINUOUS
10
4.2085792125984254
20
-4.0326220472440948
11
4.5570044094488189
21
-4.0326220472440948
0
LINE
8
BLACK
6
CONTINUOUS
10
4.5570044094488189
20
-4.0326220472440948
11
4.5570044094488189
21
-3.8416771653543305
0
LINE
8
BLACK
6
CONTINUOUS
10
4.5570044094488189
20
-3.8416771653543305
11
4.2085792125984254
21
-3.8416771653543305
0
LINE
8
BLACK
6
CONTINUOUS
10
4.0117288188976374
20
-3.9991574803149605
11
4.0117288188976374
21
-4.0158897637795272
0
LINE
8
BLACK
6
CONTINUOUS
10
4.0117288188976374
20
-4.0158897637795272
11
4.0116611811023617
21
-4.0162732677165351
0
LINE
8
BLACK
6
CONTINUOUS
10
4.0116611811023617
20
-4.0162732677165351
11
4.0116839763779524
21
-4.0164025196850393
0
LINE
8
BLACK
6
CONTINUOUS
10
4.0116839763779524
20
-4.0164025196850393
11
4.011618346456693
21
-4.0165161023622042
0
LINE
8
BLACK
6
CONTINUOUS
10
4.011618346456693
20
-4.0165161023622042
11
4.011550748031496
21
-4.0168996850393697
0
LINE
8
BLACK
6
CONTINUOUS
10
4.011550748031496
20
-4.0168996850393697
11
4.0110575984251966
21
-4.017487362204724
0
LINE
8
BLACK
6
CONTINUOUS
10
4.0110575984251966
20
-4.017487362204724
11
4.0106740551181099
21
-4.0181516929133858
0
LINE
8
BLACK
6
CONTINUOUS
10
4.0106740551181099
20
-4.0181516929133858
11
4.0104237007874017
21
-4.0182427952755901
0
LINE
8
BLACK
6
CONTINUOUS
10
4.0104237007874017
20
-4.0182427952755901
11
4.0102524409448819
21
-4.0184469291338578
0
LINE
8
BLACK
6
CONTINUOUS
10
4.0102524409448819
20
-4.0184469291338578
11
4.0094968503937007
21
-4.0185801574803151
0
LINE
8
BLACK
6
CONTINUOUS
10
4.0094968503937007
20
-4.0185801574803151
11
4.0087760629921263
21
-4.0188425196850392
0
LINE
8
BLACK
6
CONTINUOUS
10
4.0087760629921263
20
-4.0188425196850392
11
3.97235874015748
21
-4.0188425196850392
0
LINE
8
BLACK
6
CONTINUOUS
10
3.97235874015748
20
-4.0188425196850392
11
3.97235874015748
21
-4.0326220472440948
0
LINE
8
BLACK
6
CONTINUOUS
10
3.97235874015748
20
-4.0326220472440948
11
4.2026737007874013
21
-4.0326220472440948
0
LINE
8
BLACK
6
CONTINUOUS
10
4.2026737007874013
20
-4.0326220472440948
11
4.2026737007874013
21
-4.0121496062992126
0
LINE
8
BLACK
6
CONTINUOUS
10
4.2026737007874013
20
-4.0121496062992126
11
4.0912563779527558
21
-4.0121496062992126
0
LINE
8
BLACK
6
CONTINUOUS
10
4.0912563779527558
20
-4.0121496062992126
11
4.0912563779527558
21
-3.9991574803149605
0
LINE
8
BLACK
6
CONTINUOUS
10
4.0912563779527558
20
-3.9991574803149605
11
4.0117288188976374
21
-3.9991574803149605
0
LINE
8
BLACK
6
CONTINUOUS
10
4.2282681889763776
20
-3.8613622047244092
11
4.2282681889763776
21
-3.8621496062992127
0
LINE
8
BLACK
6
CONTINUOUS
10
4.2282681889763776
20
-3.8621496062992127
11
4.2412563779527561
21
-3.8621496062992127
0
LINE
8
BLACK
6
CONTINUOUS
10
4.2412563779527561
20
-3.8621496062992127
11
4.2412563779527561
21
-4.0121496062992126
0
LINE
8
BLACK
6
CONTINUOUS
10
4.2412563779527561
20
-4.0121496062992126
11
4.2282681889763776
21
-4.0121496062992126
0
LINE
8
BLACK
6
CONTINUOUS
10
4.2282681889763776
20
-4.0121496062992126
11
4.2282681889763776
21
-4.0129370078740161
0
LINE
8
BLACK
6
CONTINUOUS
10
4.2282681889763776
20
-4.0129370078740161
11
4.5373233070866137
21
-4.0129370078740161
0
LINE
8
BLACK
6
CONTINUOUS
10
4.5373233070866137
20
-4.0129370078740161
11
4.5373233070866137
21
-3.8613622047244092
0
LINE
8
BLACK
6
CONTINUOUS
10
4.5373233070866137
20
-3.8613622047244092
11
4.2282681889763776
21
-3.8613622047244092
0
LINE
8
BLACK
6
CONTINUOUS
10
4.0117288188976374
20
-3.8810472440944883
11
4.0117288188976374
21
-3.9932519685039369
0
LINE
8
BLACK
6
CONTINUOUS
10
4.0117288188976374
20
-3.9932519685039369
11
4.0912563779527558
21
-3.9932519685039369
0
LINE
8
BLACK
6
CONTINUOUS
10
4.0912563779527558
20
-3.9932519685039369
11
4.0912563779527558
21
-3.8810472440944883
0
LINE
8
BLACK
6
CONTINUOUS
10
4.0912563779527558
20
-3.8810472440944883
11
4.0117288188976374
21
-3.8810472440944883
0
LINE
8
BLACK
6
CONTINUOUS
10
3.97235874015748
20
-3.8416771653543305
11
3.97235874015748
21
-3.8554566929133856
0
LINE
8
BLACK
6
CONTINUOUS
10
3.97235874015748
20
-3.8554566929133856
11
4.0087760629921263
21
-3.8554566929133856
0
LINE
8
BLACK
6
CONTINUOUS
10
4.0087760629921263
20
-3.8554566929133856
11
4.0091595669291333
21
-3.8555242913385825
0
LINE
8
BLACK
6
CONTINUOUS
10
4.0091595669291333
20
-3.8555242913385825
11
4.0092888188976374
21
-3.8555015354330706
0
LINE
8
BLACK
6
CONTINUOUS
10
4.0092888188976374
20
-3.8555015354330706
11
4.0094024015748033
21
-3.8555671259842517
0
LINE
8
BLACK
6
CONTINUOUS
10
4.0094024015748033
20
-3.8555671259842517
11
4.0097859842519687
21
-3.8556347637795274
0
LINE
8
BLACK
6
CONTINUOUS
10
4.0097859842519687
20
-3.8556347637795274
11
4.0103736614173231
21
-3.8561278740157481
0
LINE
8
BLACK
6
CONTINUOUS
10
4.0103736614173231
20
-3.8561278740157481
11
4.011037992125984
21
-3.8565114566929135
0
LINE
8
BLACK
6
CONTINUOUS
10
4.011037992125984
20
-3.8565114566929135
11
4.0111290944881892
21
-3.8567617716535434
0
LINE
8
BLACK
6
CONTINUOUS
10
4.0111290944881892
20
-3.8567617716535434
11
4.0113332283464569
21
-3.8569330708661416
0
LINE
8
BLACK
6
CONTINUOUS
10
4.0113332283464569
20
-3.8569330708661416
11
4.0114664566929132
21
-3.8576886220472439
0
LINE
8
BLACK
6
CONTINUOUS
10
4.0114664566929132
20
-3.8576886220472439
11
4.0117288188976374
21
-3.8584094488188976
0
LINE
8
BLACK
6
CONTINUOUS
10
4.0117288188976374
20
-3.8584094488188976
11
4.0117288188976374
21
-3.8751417322834643
0
LINE
8
BLACK
6
CONTINUOUS
10
4.0117288188976374
20
-3.8751417322834643
11
4.0912563779527558
21
-3.8751417322834643
0
LINE
8
BLACK
6
CONTINUOUS
10
4.0912563779527558
20
-3.8751417322834643
11
4.0912563779527558
21
-3.8621496062992127
0
LINE
8
BLACK
6
CONTINUOUS
10
4.0912563779527558
20
-3.8621496062992127
11
4.2026737007874013
21
-3.8621496062992127
0
LINE
8
BLACK
6
CONTINUOUS
10
4.2026737007874013
20
-3.8621496062992127
11
4.2026737007874013
21
-3.8416771653543305
0
LINE
8
BLACK
6
CONTINUOUS
10
4.2026737007874013
20
-3.8416771653543305
11
3.97235874015748
21
-3.8416771653543305
0
LINE
8
BLACK
6
CONTINUOUS
10
4.2085792125984254
20
-3.6448267716535434
11
4.2085792125984254
21
-3.6652992125984252
0
LINE
8
BLACK
6
CONTINUOUS
10
4.2085792125984254
20
-3.6652992125984252
11
4.2223626771653544
21
-3.6652992125984252
0
LINE
8
BLACK
6
CONTINUOUS
10
4.2223626771653544
20
-3.6652992125984252
11
4.2223626771653544
21
-3.6615590551181101
0
LINE
8
BLACK
6
CONTINUOUS
10
4.2223626771653544
20
-3.6615590551181101
11
4.2224302755905514
21
-3.6611755118110234
0
LINE
8
BLACK
6
CONTINUOUS
10
4.2224302755905514
20
-3.6611755118110234
11
4.2224075196850395
21
-3.6610462992125985
0
LINE
8
BLACK
6
CONTINUOUS
10
4.2224075196850395
20
-3.6610462992125985
11
4.2224731102362201
21
-3.6609326771653543
0
LINE
8
BLACK
6
CONTINUOUS
10
4.2224731102362201
20
-3.6609326771653543
11
4.2225407480314958
21
-3.6605491338582676
0
LINE
8
BLACK
6
CONTINUOUS
10
4.2225407480314958
20
-3.6605491338582676
11
4.2230338582677165
21
-3.6599614173228345
0
LINE
8
BLACK
6
CONTINUOUS
10
4.2230338582677165
20
-3.6599614173228345
11
4.2234174409448819
21
-3.6592971259842519
0
LINE
8
BLACK
6
CONTINUOUS
10
4.2234174409448819
20
-3.6592971259842519
11
4.2236677559055114
21
-3.6592059842519684
0
LINE
8
BLACK
6
CONTINUOUS
10
4.2236677559055114
20
-3.6592059842519684
11
4.22383905511811
21
-3.6590018897637795
0
LINE
8
BLACK
6
CONTINUOUS
10
4.22383905511811
20
-3.6590018897637795
11
4.2245946062992124
21
-3.6588686220472439
0
LINE
8
BLACK
6
CONTINUOUS
10
4.2245946062992124
20
-3.6588686220472439
11
4.2253154330708664
21
-3.6586062992125985
0
LINE
8
BLACK
6
CONTINUOUS
10
4.2253154330708664
20
-3.6586062992125985
11
4.5402760629921257
21
-3.6586062992125985
0
LINE
8
BLACK
6
CONTINUOUS
10
4.5402760629921257
20
-3.6586062992125985
11
4.5406595669291336
21
-3.658673897637795
0
LINE
8
BLACK
6
CONTINUOUS
10
4.5406595669291336
20
-3.658673897637795
11
4.5407888188976377
21
-3.6586511417322836
0
LINE
8
BLACK
6
CONTINUOUS
10
4.5407888188976377
20
-3.6586511417322836
11
4.5409024015748027
21
-3.6587167322834646
0
LINE
8
BLACK
6
CONTINUOUS
10
4.5409024015748027
20
-3.6587167322834646
11
4.5412859842519682
21
-3.6587843700787399
0
LINE
8
BLACK
6
CONTINUOUS
10
4.5412859842519682
20
-3.6587843700787399
11
4.5418736614173225
21
-3.6592774803149606
0
LINE
8
BLACK
6
CONTINUOUS
10
4.5418736614173225
20
-3.6592774803149606
11
4.5425379921259843
21
-3.659661062992126
0
LINE
8
BLACK
6
CONTINUOUS
10
4.5425379921259843
20
-3.659661062992126
11
4.5426290944881886
21
-3.6599113779527559
0
LINE
8
BLACK
6
CONTINUOUS
10
4.5426290944881886
20
-3.6599113779527559
11
4.5428332283464563
21
-3.6600826771653541
0
LINE
8
BLACK
6
CONTINUOUS
10
4.5428332283464563
20
-3.6600826771653541
11
4.5429664566929135
21
-3.6608382283464564
0
LINE
8
BLACK
6
CONTINUOUS
10
4.5429664566929135
20
-3.6608382283464564
11
4.5432288188976377
21
-3.6615590551181101
0
LINE
8
BLACK
6
CONTINUOUS
10
4.5432288188976377
20
-3.6615590551181101
11
4.5432288188976377
21
-3.8190393700787402
0
LINE
8
BLACK
6
CONTINUOUS
10
4.5432288188976377
20
-3.8190393700787402
11
4.543161181102362
21
-3.8194228740157481
0
LINE
8
BLACK
6
CONTINUOUS
10
4.543161181102362
20
-3.8194228740157481
11
4.5431839763779527
21
-3.8195521259842518
0
LINE
8
BLACK
6
CONTINUOUS
10
4.5431839763779527
20
-3.8195521259842518
11
4.5431183464566924
21
-3.8196657086614172
0
LINE
8
BLACK
6
CONTINUOUS
10
4.5431183464566924
20
-3.8196657086614172
11
4.5430507480314963
21
-3.8200492913385826
0
LINE
8
BLACK
6
CONTINUOUS
10
4.5430507480314963
20
-3.8200492913385826
11
4.5425575984251969
21
-3.820636968503937
0
LINE
8
BLACK
6
CONTINUOUS
10
4.5425575984251969
20
-3.820636968503937
11
4.5421740551181102
21
-3.8213012992125983
0
LINE
8
BLACK
6
CONTINUOUS
10
4.5421740551181102
20
-3.8213012992125983
11
4.5419237007874012
21
-3.8213924015748031
0
LINE
8
BLACK
6
CONTINUOUS
10
4.5419237007874012
20
-3.8213924015748031
11
4.5417524409448822
21
-3.8215965354330708
0
LINE
8
BLACK
6
CONTINUOUS
10
4.5417524409448822
20
-3.8215965354330708
11
4.540996850393701
21
-3.8217297637795276
0
LINE
8
BLACK
6
CONTINUOUS
10
4.540996850393701
20
-3.8217297637795276
11
4.5402760629921257
21
-3.8219921259842518
0
LINE
8
BLACK
6
CONTINUOUS
10
4.5402760629921257
20
-3.8219921259842518
11
4.2253154330708664
21
-3.8219921259842518
0
LINE
8
BLACK
6
CONTINUOUS
10
4.2253154330708664
20
-3.8219921259842518
11
4.2249318897637798
21
-3.8219244881889765
0
LINE
8
BLACK
6
CONTINUOUS
10
4.2249318897637798
20
-3.8219244881889765
11
4.2248026771653544
21
-3.8219472834645667
0
LINE
8
BLACK
6
CONTINUOUS
10
4.2248026771653544
20
-3.8219472834645667
11
4.2246890551181098
21
-3.8218816535433069
0
LINE
8
BLACK
6
CONTINUOUS
10
4.2246890551181098
20
-3.8218816535433069
11
4.2243055118110231
21
-3.8218140551181103
0
LINE
8
BLACK
6
CONTINUOUS
10
4.2243055118110231
20
-3.8218140551181103
11
4.2237177952755909
21
-3.8213209055118109
0
LINE
8
BLACK
6
CONTINUOUS
10
4.2237177952755909
20
-3.8213209055118109
11
4.2230535039370078
21
-3.8209373622047242
0
LINE
8
BLACK
6
CONTINUOUS
10
4.2230535039370078
20
-3.8209373622047242
11
4.2229623622047239
21
-3.8206870078740156
0
LINE
8
BLACK
6
CONTINUOUS
10
4.2229623622047239
20
-3.8206870078740156
11
4.222758267716535
21
-3.8205157480314962
0
LINE
8
BLACK
6
CONTINUOUS
10
4.222758267716535
20
-3.8205157480314962
11
4.2226249999999999
21
-3.8197601574803151
0
LINE
8
BLACK
6
CONTINUOUS
10
4.2226249999999999
20
-3.8197601574803151
11
4.2223626771653544
21
-3.8190393700787402
0
LINE
8
BLACK
6
CONTINUOUS
10
4.2223626771653544
20
-3.8190393700787402
11
4.2223626771653544
21
-3.8152992125984251
0
LINE
8
BLACK
6
CONTINUOUS
10
4.2223626771653544
20
-3.8152992125984251
11
4.2085792125984254
21
-3.8152992125984251
0
LINE
8
BLACK
6
CONTINUOUS
10
4.2085792125984254
20
-3.8152992125984251
11
4.2085792125984254
21
-3.8357716535433068
0
LINE
8
BLACK
6
CONTINUOUS
10
4.2085792125984254
20
-3.8357716535433068
11
4.5570044094488189
21
-3.8357716535433068
0
LINE
8
BLACK
6
CONTINUOUS
10
4.5570044094488189
20
-3.8357716535433068
11
4.5570044094488189
21
-3.6448267716535434
0
LINE
8
BLACK
6
CONTINUOUS
10
4.5570044094488189
20
-3.6448267716535434
11
4.2085792125984254
21
-3.6448267716535434
0
LINE
8
BLACK
6
CONTINUOUS
10
4.0117288188976374
20
-3.802307086614173
11
4.0117288188976374
21
-3.8190393700787402
0
LINE
8
BLACK
6
CONTINUOUS
10
4.0117288188976374
20
-3.8190393700787402
11
4.0116611811023617
21
-3.8194228740157481
0
LINE
8
BLACK
6
CONTINUOUS
10
4.0116611811023617
20
-3.8194228740157481
11
4.0116839763779524
21
-3.8195521259842518
0
LINE
8
BLACK
6
CONTINUOUS
10
4.0116839763779524
20
-3.8195521259842518
11
4.011618346456693
21
-3.8196657086614172
0
LINE
8
BLACK
6
CONTINUOUS
10
4.011618346456693
20
-3.8196657086614172
11
4.011550748031496
21
-3.8200492913385826
0
LINE
8
BLACK
6
CONTINUOUS
10
4.011550748031496
20
-3.8200492913385826
11
4.0110575984251966
21
-3.820636968503937
0
LINE
8
BLACK
6
CONTINUOUS
10
4.0110575984251966
20
-3.820636968503937
11
4.0106740551181099
21
-3.8213012992125983
0
LINE
8
BLACK
6
CONTINUOUS
10
4.0106740551181099
20
-3.8213012992125983
11
4.0104237007874017
21
-3.8213924015748031
0
LINE
8
BLACK
6
CONTINUOUS
10
4.0104237007874017
20
-3.8213924015748031
11
4.0102524409448819
21
-3.8215965354330708
0
LINE
8
BLACK
6
CONTINUOUS
10
4.0102524409448819
20
-3.8215965354330708
11
4.0094968503937007
21
-3.8217297637795276
0
LINE
8
BLACK
6
CONTINUOUS
10
4.0094968503937007
20
-3.8217297637795276
11
4.0087760629921263
21
-3.8219921259842518
0
LINE
8
BLACK
6
CONTINUOUS
10
4.0087760629921263
20
-3.8219921259842518
11
3.97235874015748
21
-3.8219921259842518
0
LINE
8
BLACK
6
CONTINUOUS
10
3.97235874015748
20
-3.8219921259842518
11
3.97235874015748
21
-3.8357716535433068
0
LINE
8
BLACK
6
CONTINUOUS
10
3.97235874015748
20
-3.8357716535433068
11
4.2026737007874013
21
-3.8357716535433068
0
LINE
8
BLACK
6
CONTINUOUS
10
4.2026737007874013
20
-3.8357716535433068
11
4.2026737007874013
21
-3.8152992125984251
0
LINE
8
BLACK
6
CONTINUOUS
10
4.2026737007874013
20
-3.8152992125984251
11
4.0912563779527558
21
-3.8152992125984251
0
LINE
8
BLACK
6
CONTINUOUS
10
4.0912563779527558
20
-3.8152992125984251
11
4.0912563779527558
21
-3.802307086614173
0
LINE
8
BLACK
6
CONTINUOUS
10
4.0912563779527558
20
-3.802307086614173
11
4.0117288188976374
21
-3.802307086614173
0
LINE
8
BLACK
6
CONTINUOUS
10
4.2282681889763776
20
-3.6645118110236221
11
4.2282681889763776
21
-3.6652992125984252
0
LINE
8
BLACK
6
CONTINUOUS
10
4.2282681889763776
20
-3.6652992125984252
11
4.2412563779527561
21
-3.6652992125984252
0
LINE
8
BLACK
6
CONTINUOUS
10
4.2412563779527561
20
-3.6652992125984252
11
4.2412563779527561
21
-3.8152992125984251
0
LINE
8
BLACK
6
CONTINUOUS
10
4.2412563779527561
20
-3.8152992125984251
11
4.2282681889763776
21
-3.8152992125984251
0
LINE
8
BLACK
6
CONTINUOUS
10
4.2282681889763776
20
-3.8152992125984251
11
4.2282681889763776
21
-3.8160866141732281
0
LINE
8
BLACK
6
CONTINUOUS
10
4.2282681889763776
20
-3.8160866141732281
11
4.5373233070866137
21
-3.8160866141732281
0
LINE
8
BLACK
6
CONTINUOUS
10
4.5373233070866137
20
-3.8160866141732281
11
4.5373233070866137
21
-3.6645118110236221
0
LINE
8
BLACK
6
CONTINUOUS
10
4.5373233070866137
20
-3.6645118110236221
11
4.2282681889763776
21
-3.6645118110236221
0
LINE
8
BLACK
6
CONTINUOUS
10
4.0117288188976374
20
-3.6841968503937008
11
4.0117288188976374
21
-3.7964015748031494
0
LINE
8
BLACK
6
CONTINUOUS
10
4.0117288188976374
20
-3.7964015748031494
11
4.0912563779527558
21
-3.7964015748031494
0
LINE
8
BLACK
6
CONTINUOUS
10
4.0912563779527558
20
-3.7964015748031494
11
4.0912563779527558
21
-3.6841968503937008
0
LINE
8
BLACK
6
CONTINUOUS
10
4.0912563779527558
20
-3.6841968503937008
11
4.0117288188976374
21
-3.6841968503937008
0
LINE
8
BLACK
6
CONTINUOUS
10
3.97235874015748
20
-3.6448267716535434
11
3.97235874015748
21
-3.6586062992125985
0
LINE
8
BLACK
6
CONTINUOUS
10
3.97235874015748
20
-3.6586062992125985
11
4.0087760629921263
21
-3.6586062992125985
0
LINE
8
BLACK
6
CONTINUOUS
10
4.0087760629921263
20
-3.6586062992125985
11
4.0091595669291333
21
-3.658673897637795
0
LINE
8
BLACK
6
CONTINUOUS
10
4.0091595669291333
20
-3.658673897637795
11
4.0092888188976374
21
-3.6586511417322836
0
LINE
8
BLACK
6
CONTINUOUS
10
4.0092888188976374
20
-3.6586511417322836
11
4.0094024015748033
21
-3.6587167322834646
0
LINE
8
BLACK
6
CONTINUOUS
10
4.0094024015748033
20
-3.6587167322834646
11
4.0097859842519687
21
-3.6587843700787399
0
LINE
8
BLACK
6
CONTINUOUS
10
4.0097859842519687
20
-3.6587843700787399
11
4.0103736614173231
21
-3.6592774803149606
0
LINE
8
BLACK
6
CONTINUOUS
10
4.0103736614173231
20
-3.6592774803149606
11
4.011037992125984
21
-3.659661062992126
0
LINE
8
BLACK
6
CONTINUOUS
10
4.011037992125984
20
-3.659661062992126
11
4.0111290944881892
21
-3.6599113779527559
0
LINE
8
BLACK
6
CONTINUOUS
10
4.0111290944881892
20
-3.6599113779527559
11
4.0113332283464569
21
-3.6600826771653541
0
LINE
8
BLACK
6
CONTINUOUS
10
4.0113332283464569
20
-3.6600826771653541
11
4.0114664566929132
21
-3.6608382283464564
0
LINE
8
BLACK
6
CONTINUOUS
10
4.0114664566929132
20
-3.6608382283464564
11
4.0117288188976374
21
-3.6615590551181101
0
LINE
8
BLACK
6
CONTINUOUS
10
4.0117288188976374
20
-3.6615590551181101
11
4.0117288188976374
21
-3.6782913385826772
0
LINE
8
BLACK
6
CONTINUOUS
10
4.0117288188976374
20
-3.6782913385826772
11
4.0912563779527558
21
-3.6782913385826772
0
LINE
8
BLACK
6
CONTINUOUS
10
4.0912563779527558
20
-3.6782913385826772
11
4.0912563779527558
21
-3.6652992125984252
0
LINE
8
BLACK
6
CONTINUOUS
10
4.0912563779527558
20
-3.6652992125984252
11
4.2026737007874013
21
-3.6652992125984252
0
LINE
8
BLACK
6
CONTINUOUS
10
4.2026737007874013
20
-3.6652992125984252
11
4.2026737007874013
21
-3.6448267716535434
0
LINE
8
BLACK
6
CONTINUOUS
10
4.2026737007874013
20
-3.6448267716535434
11
3.97235874015748
21
-3.6448267716535434
0
LINE
8
BLACK
6
CONTINUOUS
10
4.2085792125984254
20
-3.4479763779527559
11
4.2085792125984254
21
-3.4684488188976377
0
LINE
8
BLACK
6
CONTINUOUS
10
4.2085792125984254
20
-3.4684488188976377
11
4.2223626771653544
21
-3.4684488188976377
0
LINE
8
BLACK
6
CONTINUOUS
10
4.2223626771653544
20
-3.4684488188976377
11
4.2223626771653544
21
-3.4647086614173226
0
LINE
8
BLACK
6
CONTINUOUS
10
4.2223626771653544
20
-3.4647086614173226
11
4.2224302755905514
21
-3.4643251181102364
0
LINE
8
BLACK
6
CONTINUOUS
10
4.2224302755905514
20
-3.4643251181102364
11
4.2224075196850395
21
-3.464195905511811
0
LINE
8
BLACK
6
CONTINUOUS
10
4.2224075196850395
20
-3.464195905511811
11
4.2224731102362201
21
-3.4640822834645668
0
LINE
8
BLACK
6
CONTINUOUS
10
4.2224731102362201
20
-3.4640822834645668
11
4.2225407480314958
21
-3.4636987401574801
0
LINE
8
BLACK
6
CONTINUOUS
10
4.2225407480314958
20
-3.4636987401574801
11
4.2230338582677165
21
-3.463111023622047
0
LINE
8
BLACK
6
CONTINUOUS
10
4.2230338582677165
20
-3.463111023622047
11
4.2234174409448819
21
-3.4624467322834644
0
LINE
8
BLACK
6
CONTINUOUS
10
4.2234174409448819
20
-3.4624467322834644
11
4.2236677559055114
21
-3.4623555905511809
0
LINE
8
BLACK
6
CONTINUOUS
10
4.2236677559055114
20
-3.4623555905511809
11
4.22383905511811
21
-3.462151496062992
0
LINE
8
BLACK
6
CONTINUOUS
10
4.22383905511811
20
-3.462151496062992
11
4.2245946062992124
21
-3.4620182283464564
0
LINE
8
BLACK
6
CONTINUOUS
10
4.2245946062992124
20
-3.4620182283464564
11
4.2253154330708664
21
-3.461755905511811
0
LINE
8
BLACK
6
CONTINUOUS
10
4.2253154330708664
20
-3.461755905511811
11
4.5402760629921257
21
-3.461755905511811
0
LINE
8
BLACK
6
CONTINUOUS
10
4.5402760629921257
20
-3.461755905511811
11
4.5406595669291336
21
-3.461823503937008
0
LINE
8
BLACK
6
CONTINUOUS
10
4.5406595669291336
20
-3.461823503937008
11
4.5407888188976377
21
-3.4618007480314961
0
LINE
8
BLACK
6
CONTINUOUS
10
4.5407888188976377
20
-3.4618007480314961
11
4.5409024015748027
21
-3.4618663385826771
0
LINE
8
BLACK
6
CONTINUOUS
10
4.5409024015748027
20
-3.4618663385826771
11
4.5412859842519682
21
-3.4619339763779529
0
LINE
8
BLACK
6
CONTINUOUS
10
4.5412859842519682
20
-3.4619339763779529
11
4.5418736614173225
21
-3.4624270866141731
0
LINE
8
BLACK
6
CONTINUOUS
10
4.5418736614173225
20
-3.4624270866141731
11
4.5425379921259843
21
-3.4628106692913385
0
LINE
8
BLACK
6
CONTINUOUS
10
4.5425379921259843
20
-3.4628106692913385
11
4.5426290944881886
21
-3.4630609842519684
0
LINE
8
BLACK
6
CONTINUOUS
10
4.5426290944881886
20
-3.4630609842519684
11
4.5428332283464563
21
-3.463232283464567
0
LINE
8
BLACK
6
CONTINUOUS
10
4.5428332283464563
20
-3.463232283464567
11
4.5429664566929135
21
-3.4639878346456694
0
LINE
8
BLACK
6
CONTINUOUS
10
4.5429664566929135
20
-3.4639878346456694
11
4.5432288188976377
21
-3.4647086614173226
0
LINE
8
BLACK
6
CONTINUOUS
10
4.5432288188976377
20
-3.4647086614173226
11
4.5432288188976377
21
-3.6221889763779527
0
LINE
8
BLACK
6
CONTINUOUS
10
4.5432288188976377
20
-3.6221889763779527
11
4.543161181102362
21
-3.6225724803149606
0
LINE
8
BLACK
6
CONTINUOUS
10
4.543161181102362
20
-3.6225724803149606
11
4.5431839763779527
21
-3.6227017322834647
0
LINE
8
BLACK
6
CONTINUOUS
10
4.5431839763779527
20
-3.6227017322834647
11
4.5431183464566924
21
-3.6228153149606297
0
LINE
8
BLACK
6
CONTINUOUS
10
4.5431183464566924
20
-3.6228153149606297
11
4.5430507480314963
21
-3.6231988976377951
0
LINE
8
BLACK
6
CONTINUOUS
10
4.5430507480314963
20
-3.6231988976377951
11
4.5425575984251969
21
-3.6237865748031495
0
LINE
8
BLACK
6
CONTINUOUS
10
4.5425575984251969
20
-3.6237865748031495
11
4.5421740551181102
21
-3.6244509055118108
0
LINE
8
BLACK
6
CONTINUOUS
10
4.5421740551181102
20
-3.6244509055118108
11
4.5419237007874012
21
-3.6245420078740156
0
LINE
8
BLACK
6
CONTINUOUS
10
4.5419237007874012
20
-3.6245420078740156
11
4.5417524409448822
21
-3.6247461417322833
0
LINE
8
BLACK
6
CONTINUOUS
10
4.5417524409448822
20
-3.6247461417322833
11
4.540996850393701
21
-3.6248793700787401
0
LINE
8
BLACK
6
CONTINUOUS
10
4.540996850393701
20
-3.6248793700787401
11
4.5402760629921257
21
-3.6251417322834647
0
LINE
8
BLACK
6
CONTINUOUS
10
4.5402760629921257
20
-3.6251417322834647
11
4.2253154330708664
21
-3.6251417322834647
0
LINE
8
BLACK
6
CONTINUOUS
10
4.2253154330708664
20
-3.6251417322834647
11
4.2249318897637798
21
-3.625074094488189
0
LINE
8
BLACK
6
CONTINUOUS
10
4.2249318897637798
20
-3.625074094488189
11
4.2248026771653544
21
-3.6250968897637796
0
LINE
8
BLACK
6
CONTINUOUS
10
4.2248026771653544
20
-3.6250968897637796
11
4.2246890551181098
21
-3.6250312598425194
0
LINE
8
BLACK
6
CONTINUOUS
10
4.2246890551181098
20
-3.6250312598425194
11
4.2243055118110231
21
-3.6249636614173228
0
LINE
8
BLACK
6
CONTINUOUS
10
4.2243055118110231
20
-3.6249636614173228
11
4.2237177952755909
21
-3.6244705118110234
0
LINE
8
BLACK
6
CONTINUOUS
10
4.2237177952755909
20
-3.6244705118110234
11
4.2230535039370078
21
-3.6240869685039367
0
LINE
8
BLACK
6
CONTINUOUS
10
4.2230535039370078
20
-3.6240869685039367
11
4.2229623622047239
21
-3.6238366141732281
0
LINE
8
BLACK
6
CONTINUOUS
10
4.2229623622047239
20
-3.6238366141732281
11
4.222758267716535
21
-3.6236653543307087
0
LINE
8
BLACK
6
CONTINUOUS
10
4.222758267716535
20
-3.6236653543307087
11
4.2226249999999999
21
-3.6229097637795276
0
LINE
8
BLACK
6
CONTINUOUS
10
4.2226249999999999
20
-3.6229097637795276
11
4.2223626771653544
21
-3.6221889763779527
0
LINE
8
BLACK
6
CONTINUOUS
10
4.2223626771653544
20
-3.6221889763779527
11
4.2223626771653544
21
-3.6184488188976376
0
LINE
8
BLACK
6
CONTINUOUS
10
4.2223626771653544
20
-3.6184488188976376
11
4.2085792125984254
21
-3.6184488188976376
0
LINE
8
BLACK
6
CONTINUOUS
10
4.2085792125984254
20
-3.6184488188976376
11
4.2085792125984254
21
-3.6389212598425198
0
LINE
8
BLACK
6
CONTINUOUS
10
4.2085792125984254
20
-3.6389212598425198
11
4.5570044094488189
21
-3.6389212598425198
0
LINE
8
BLACK
6
CONTINUOUS
10
4.5570044094488189
20
-3.6389212598425198
11
4.5570044094488189
21
-3.4479763779527559
0
LINE
8
BLACK
6
CONTINUOUS
10
4.5570044094488189
20
-3.4479763779527559
11
4.2085792125984254
21
-3.4479763779527559
0
LINE
8
BLACK
6
CONTINUOUS
10
4.0117288188976374
20
-3.6054566929133856
11
4.0117288188976374
21
-3.6221889763779527
0
LINE
8
BLACK
6
CONTINUOUS
10
4.0117288188976374
20
-3.6221889763779527
11
4.0116611811023617
21
-3.6225724803149606
0
LINE
8
BLACK
6
CONTINUOUS
10
4.0116611811023617
20
-3.6225724803149606
11
4.0116839763779524
21
-3.6227017322834647
0
LINE
8
BLACK
6
CONTINUOUS
10
4.0116839763779524
20
-3.6227017322834647
11
4.011618346456693
21
-3.6228153149606297
0
LINE
8
BLACK
6
CONTINUOUS
10
4.011618346456693
20
-3.6228153149606297
11
4.011550748031496
21
-3.6231988976377951
0
LINE
8
BLACK
6
CONTINUOUS
10
4.011550748031496
20
-3.6231988976377951
11
4.0110575984251966
21
-3.6237865748031495
0
LINE
8
BLACK
6
CONTINUOUS
10
4.0110575984251966
20
-3.6237865748031495
11
4.0106740551181099
21
-3.6244509055118108
0
LINE
8
BLACK
6
CONTINUOUS
10
4.0106740551181099
20
-3.6244509055118108
11
4.0104237007874017
21
-3.6245420078740156
0
LINE
8
BLACK
6
CONTINUOUS
10
4.0104237007874017
20
-3.6245420078740156
11
4.0102524409448819
21
-3.6247461417322833
0
LINE
8
BLACK
6
CONTINUOUS
10
4.0102524409448819
20
-3.6247461417322833
11
4.0094968503937007
21
-3.6248793700787401
0
LINE
8
BLACK
6
CONTINUOUS
10
4.0094968503937007
20
-3.6248793700787401
11
4.0087760629921263
21
-3.6251417322834647
0
LINE
8
BLACK
6
CONTINUOUS
10
4.0087760629921263
20
-3.6251417322834647
11
3.97235874015748
21
-3.6251417322834647
0
LINE
8
BLACK
6
CONTINUOUS
10
3.97235874015748
20
-3.6251417322834647
11
3.97235874015748
21
-3.6389212598425198
0
LINE
8
BLACK
6
CONTINUOUS
10
3.97235874015748
20
-3.6389212598425198
11
4.2026737007874013
21
-3.6389212598425198
0
LINE
8
BLACK
6
CONTINUOUS
10
4.2026737007874013
20
-3.6389212598425198
11
4.2026737007874013
21
-3.6184488188976376
0
LINE
8
BLACK
6
CONTINUOUS
10
4.2026737007874013
20
-3.6184488188976376
11
4.0912563779527558
21
-3.6184488188976376
0
LINE
8
BLACK
6
CONTINUOUS
10
4.0912563779527558
20
-3.6184488188976376
11
4.0912563779527558
21
-3.6054566929133856
0
LINE
8
BLACK
6
CONTINUOUS
10
4.0912563779527558
20
-3.6054566929133856
11
4.0117288188976374
21
-3.6054566929133856
0
LINE
8
BLACK
6
CONTINUOUS
10
4.2282681889763776
20
-3.4676614173228346
11
4.2282681889763776
21
-3.4684488188976377
0
LINE
8
BLACK
6
CONTINUOUS
10
4.2282681889763776
20
-3.4684488188976377
11
4.2412563779527561
21
-3.4684488188976377
0
LINE
8
BLACK
6
CONTINUOUS
10
4.2412563779527561
20
-3.4684488188976377
11
4.2412563779527561
21
-3.6184488188976376
0
LINE
8
BLACK
6
CONTINUOUS
10
4.2412563779527561
20
-3.6184488188976376
11
4.2282681889763776
21
-3.6184488188976376
0
LINE
8
BLACK
6
CONTINUOUS
10
4.2282681889763776
20
-3.6184488188976376
11
4.2282681889763776
21
-3.6192362204724406
0
LINE
8
BLACK
6
CONTINUOUS
10
4.2282681889763776
20
-3.6192362204724406
11
4.5373233070866137
21
-3.6192362204724406
0
LINE
8
BLACK
6
CONTINUOUS
10
4.5373233070866137
20
-3.6192362204724406
11
4.5373233070866137
21
-3.4676614173228346
0
LINE
8
BLACK
6
CONTINUOUS
10
4.5373233070866137
20
-3.4676614173228346
11
4.2282681889763776
21
-3.4676614173228346
0
LINE
8
BLACK
6
CONTINUOUS
10
4.0117288188976374
20
-3.4873464566929133
11
4.0117288188976374
21
-3.5995511811023619
0
LINE
8
BLACK
6
CONTINUOUS
10
4.0117288188976374
20
-3.5995511811023619
11
4.0912563779527558
21
-3.5995511811023619
0
LINE
8
BLACK
6
CONTINUOUS
10
4.0912563779527558
20
-3.5995511811023619
11
4.0912563779527558
21
-3.4873464566929133
0
LINE
8
BLACK
6
CONTINUOUS
10
4.0912563779527558
20
-3.4873464566929133
11
4.0117288188976374
21
-3.4873464566929133
0
LINE
8
BLACK
6
CONTINUOUS
10
3.97235874015748
20
-3.4479763779527559
11
3.97235874015748
21
-3.461755905511811
0
LINE
8
BLACK
6
CONTINUOUS
10
3.97235874015748
20
-3.461755905511811
11
4.0087760629921263
21
-3.461755905511811
0
LINE
8
BLACK
6
CONTINUOUS
10
4.0087760629921263
20
-3.461755905511811
11
4.0091595669291333
21
-3.461823503937008
0
LINE
8
BLACK
6
CONTINUOUS
10
4.0091595669291333
20
-3.461823503937008
11
4.0092888188976374
21
-3.4618007480314961
0
LINE
8
BLACK
6
CONTINUOUS
10
4.0092888188976374
20
-3.4618007480314961
11
4.0094024015748033
21
-3.4618663385826771
0
LINE
8
BLACK
6
CONTINUOUS
10
4.0094024015748033
20
-3.4618663385826771
11
4.0097859842519687
21
-3.4619339763779529
0
LINE
8
BLACK
6
CONTINUOUS
10
4.0097859842519687
20
-3.4619339763779529
11
4.0103736614173231
21
-3.4624270866141731
0
LINE
8
BLACK
6
CONTINUOUS
10
4.0103736614173231
20
-3.4624270866141731
11
4.011037992125984
21
-3.4628106692913385
0
LINE
8
BLACK
6
CONTINUOUS
10
4.011037992125984
20
-3.4628106692913385
11
4.0111290944881892
21
-3.4630609842519684
0
LINE
8
BLACK
6
CONTINUOUS
10
4.0111290944881892
20
-3.4630609842519684
11
4.0113332283464569
21
-3.463232283464567
0
LINE
8
BLACK
6
CONTINUOUS
10
4.0113332283464569
20
-3.463232283464567
11
4.0114664566929132
21
-3.4639878346456694
0
LINE
8
BLACK
6
CONTINUOUS
10
4.0114664566929132
20
-3.4639878346456694
11
4.0117288188976374
21
-3.4647086614173226
0
LINE
8
BLACK
6
CONTINUOUS
10
4.0117288188976374
20
-3.4647086614173226
11
4.0117288188976374
21
-3.4814409448818897
0
LINE
8
BLACK
6
CONTINUOUS
10
4.0117288188976374
20
-3.4814409448818897
11
4.0912563779527558
21
-3.4814409448818897
0
LINE
8
BLACK
6
CONTINUOUS
10
4.0912563779527558
20
-3.4814409448818897
11
4.0912563779527558
21
-3.4684488188976377
0
LINE
8
BLACK
6
CONTINUOUS
10
4.0912563779527558
20
-3.4684488188976377
11
4.2026737007874013
21
-3.4684488188976377
0
LINE
8
BLACK
6
CONTINUOUS
10
4.2026737007874013
20
-3.4684488188976377
11
4.2026737007874013
21
-3.4479763779527559
0
LINE
8
BLACK
6
CONTINUOUS
10
4.2026737007874013
20
-3.4479763779527559
11
3.97235874015748
21
-3.4479763779527559
0
LINE
8
BLACK
6
CONTINUOUS
10
4.6147838582677165
20
-4.0977725984251965
11
4.6169454330708657
21
-4.0999341732283465
0
LINE
8
BLACK
6
CONTINUOUS
10
4.6169454330708657
20
-4.0999341732283465
11
4.6177366141732286
21
-4.1028869291338586
0
LINE
8
BLACK
6
CONTINUOUS
10
4.6177366141732286
20
-4.1028869291338586
11
4.6177366141732286
21
-4.1619420472440947
0
LINE
8
BLACK
6
CONTINUOUS
10
4.6177366141732286
20
-4.1619420472440947
11
4.6169454330708657
21
-4.1648948031496058
0
LINE
8
BLACK
6
CONTINUOUS
10
4.6169454330708657
20
-4.1648948031496058
11
4.6147838582677165
21
-4.1670563779527559
0
LINE
8
BLACK
6
CONTINUOUS
10
4.6147838582677165
20
-4.1670563779527559
11
4.6118311023622045
21
-4.1678475590551178
0
LINE
8
BLACK
6
CONTINUOUS
10
4.6118311023622045
20
-4.1678475590551178
11
4.6088783464566925
21
-4.1670563779527559
0
LINE
8
BLACK
6
CONTINUOUS
10
4.6088783464566925
20
-4.1670563779527559
11
4.6067167716535433
21
-4.1648948031496058
0
LINE
8
BLACK
6
CONTINUOUS
10
4.6067167716535433
20
-4.1648948031496058
11
4.6059255905511813
21
-4.1619420472440947
0
LINE
8
BLACK
6
CONTINUOUS
10
4.6059255905511813
20
-4.1619420472440947
11
4.6059255905511813
21
-4.1028869291338586
0
LINE
8
BLACK
6
CONTINUOUS
10
4.6059255905511813
20
-4.1028869291338586
11
4.6067167716535433
21
-4.0999341732283465
0
LINE
8
BLACK
6
CONTINUOUS
10
4.6067167716535433
20
-4.0999341732283465
11
4.6088783464566925
21
-4.0977725984251965
0
LINE
8
BLACK
6
CONTINUOUS
10
4.6088783464566925
20
-4.0977725984251965
11
4.6118311023622045
21
-4.0969814173228345
0
LINE
8
BLACK
6
CONTINUOUS
10
4.6118311023622045
20
-4.0969814173228345
11
4.6147838582677165
21
-4.0977725984251965
0
LINE
8
BLACK
6
CONTINUOUS
10
4.6766511417322834
20
-4.0977725984251965
11
4.6788127165354334
21
-4.0999341732283465
0
LINE
8
BLACK
6
CONTINUOUS
10
4.6788127165354334
20
-4.0999341732283465
11
4.6796038976377954
21
-4.1028869291338586
0
LINE
8
BLACK
6
CONTINUOUS
10
4.6796038976377954
20
-4.1028869291338586
11
4.6796038976377954
21
-4.1619420472440947
0
LINE
8
BLACK
6
CONTINUOUS
10
4.6796038976377954
20
-4.1619420472440947
11
4.6796003543307085
21
-4.1619551181102361
0
LINE
8
BLACK
6
CONTINUOUS
10
4.6796003543307085
20
-4.1619551181102361
11
4.6796038582677166
21
-4.1619683464566926
0
LINE
8
BLACK
6
CONTINUOUS
10
4.6796038582677166
20
-4.1619683464566926
11
4.6792040551181104
21
-4.1634341338582672
0
LINE
8
BLACK
6
CONTINUOUS
10
4.6792040551181104
20
-4.1634341338582672
11
4.6788127165354334
21
-4.1648948031496058
0
LINE
8
BLACK
6
CONTINUOUS
10
4.6788127165354334
20
-4.1648948031496058
11
4.6788031102362204
21
-4.16490437007874
0
LINE
8
BLACK
6
CONTINUOUS
10
4.6788031102362204
20
-4.16490437007874
11
4.6787995275590548
21
-4.1649175590551177
0
LINE
8
BLACK
6
CONTINUOUS
10
4.6787995275590548
20
-4.1649175590551177
11
4.6777205905511812
21
-4.1659868897637793
0
LINE
8
BLACK
6
CONTINUOUS
10
4.6777205905511812
20
-4.1659868897637793
11
4.6766511417322834
21
-4.1670563779527559
0
LINE
8
BLACK
6
CONTINUOUS
10
4.6766511417322834
20
-4.1670563779527559
11
4.6766379921259844
21
-4.167059881889764
0
LINE
8
BLACK
6
CONTINUOUS
10
4.6766379921259844
20
-4.167059881889764
11
4.6766283464566927
21
-4.167069488188976
0
LINE
8
BLACK
6
CONTINUOUS
10
4.6766283464566927
20
-4.167069488188976
11
4.6751589763779524
21
-4.167456181102362
0
LINE
8
BLACK
6
CONTINUOUS
10
4.6751589763779524
20
-4.167456181102362
11
4.6736983858267713
21
-4.1678475590551178
0
LINE
8
BLACK
6
CONTINUOUS
10
4.6736983858267713
20
-4.1678475590551178
11
4.6736852755905511
21
-4.167844015748031
0
LINE
8
BLACK
6
CONTINUOUS
10
4.6736852755905511
20
-4.167844015748031
11
4.6736720866141734
21
-4.1678475196850391
0
LINE
8
BLACK
6
CONTINUOUS
10
4.6736720866141734
20
-4.1678475196850391
11
4.6722062598425191
21
-4.1674477165354329
0
LINE
8
BLACK
6
CONTINUOUS
10
4.6722062598425191
20
-4.1674477165354329
11
4.6707456299212593
21
-4.1670563779527559
0
LINE
8
BLACK
6
CONTINUOUS
10
4.6707456299212593
20
-4.1670563779527559
11
4.6707360236220472
21
-4.1670467716535429
0
LINE
8
BLACK
6
CONTINUOUS
10
4.6707360236220472
20
-4.1670467716535429
11
4.6707228740157483
21
-4.1670431889763782
0
LINE
8
BLACK
6
CONTINUOUS
10
4.6707228740157483
20
-4.1670431889763782
11
4.6696557086614172
21
-4.1659664566929129
0
LINE
8
BLACK
6
CONTINUOUS
10
4.6696557086614172
20
-4.1659664566929129
11
4.6685840551181101
21
-4.1648948031496058
0
LINE
8
BLACK
6
CONTINUOUS
10
4.6685840551181101
20
-4.1648948031496058
11
4.6685805118110233
21
-4.1648816141732281
0
LINE
8
BLACK
6
CONTINUOUS
10
4.6685805118110233
20
-4.1648816141732281
11
4.6685709842519687
21
-4.164872007874016
0
LINE
8
BLACK
6
CONTINUOUS
10
4.6685709842519687
20
-4.164872007874016
11
4.6458581102362206
21
-4.1251244488188972
0
LINE
8
BLACK
6
CONTINUOUS
10
4.6458581102362206
20
-4.1251244488188972
11
4.6458581102362206
21
-4.1619420472440947
0
LINE
8
BLACK
6
CONTINUOUS
10
4.6458581102362206
20
-4.1619420472440947
11
4.6450669291338578
21
-4.1648948031496058
0
LINE
8
BLACK
6
CONTINUOUS
10
4.6450669291338578
20
-4.1648948031496058
11
4.6429053543307086
21
-4.1670563779527559
0
LINE
8
BLACK
6
CONTINUOUS
10
4.6429053543307086
20
-4.1670563779527559
11
4.6399525984251966
21
-4.1678475590551178
0
LINE
8
BLACK
6
CONTINUOUS
10
4.6399525984251966
20
-4.1678475590551178
11
4.6369998425196846
21
-4.1670563779527559
0
LINE
8
BLACK
6
CONTINUOUS
10
4.6369998425196846
20
-4.1670563779527559
11
4.6348382677165354
21
-4.1648948031496058
0
LINE
8
BLACK
6
CONTINUOUS
10
4.6348382677165354
20
-4.1648948031496058
11
4.6340470866141734
21
-4.1619420472440947
0
LINE
8
BLACK
6
CONTINUOUS
10
4.6340470866141734
20
-4.1619420472440947
11
4.6340470866141734
21
-4.1028869291338586
0
LINE
8
BLACK
6
CONTINUOUS
10
4.6340470866141734
20
-4.1028869291338586
11
4.6340505905511806
21
-4.1028738188976375
0
LINE
8
BLACK
6
CONTINUOUS
10
4.6340505905511806
20
-4.1028738188976375
11
4.6340471259842522
21
-4.1028606299212598
0
LINE
8
BLACK
6
CONTINUOUS
10
4.6340471259842522
20
-4.1028606299212598
11
4.6344468897637796
21
-4.1013948031496064
0
LINE
8
BLACK
6
CONTINUOUS
10
4.6344468897637796
20
-4.1013948031496064
11
4.6348382677165354
21
-4.0999341732283465
0
LINE
8
BLACK
6
CONTINUOUS
10
4.6348382677165354
20
-4.0999341732283465
11
4.6348478346456696
21
-4.0999245669291335
0
LINE
8
BLACK
6
CONTINUOUS
10
4.6348478346456696
20
-4.0999245669291335
11
4.6348514566929131
21
-4.0999114173228346
0
LINE
8
BLACK
6
CONTINUOUS
10
4.6348514566929131
20
-4.0999114173228346
11
4.6359281496062987
21
-4.0988442519685035
0
LINE
8
BLACK
6
CONTINUOUS
10
4.6359281496062987
20
-4.0988442519685035
11
4.6369998425196846
21
-4.0977725984251965
0
LINE
8
BLACK
6
CONTINUOUS
10
4.6369998425196846
20
-4.0977725984251965
11
4.6370129921259844
21
-4.0977690551181105
0
LINE
8
BLACK
6
CONTINUOUS
10
4.6370129921259844
20
-4.0977690551181105
11
4.6370226377952752
21
-4.097759527559055
0
LINE
8
BLACK
6
CONTINUOUS
10
4.6370226377952752
20
-4.097759527559055
11
4.6384877952755907
21
-4.0973738976377954
0
LINE
8
BLACK
6
CONTINUOUS
10
4.6384877952755907
20
-4.0973738976377954
11
4.6399525984251966
21
-4.0969814173228345
0
LINE
8
BLACK
6
CONTINUOUS
10
4.6399525984251966
20
-4.0969814173228345
11
4.6399656692913389
21
-4.0969849212598426
0
LINE
8
BLACK
6
CONTINUOUS
10
4.6399656692913389
20
-4.0969849212598426
11
4.6399788976377954
21
-4.0969814566929132
0
LINE
8
BLACK
6
CONTINUOUS
10
4.6399788976377954
20
-4.0969814566929132
11
4.64144468503937
21
-4.0973812204724407
0
LINE
8
BLACK
6
CONTINUOUS
10
4.64144468503937
20
-4.0973812204724407
11
4.6429053543307086
21
-4.0977725984251965
0
LINE
8
BLACK
6
CONTINUOUS
10
4.6429053543307086
20
-4.0977725984251965
11
4.6429149212598428
21
-4.0977821653543307
0
LINE
8
BLACK
6
CONTINUOUS
10
4.6429149212598428
20
-4.0977821653543307
11
4.6429281102362205
21
-4.0977857874015751
0
LINE
8
BLACK
6
CONTINUOUS
10
4.6429281102362205
20
-4.0977857874015751
11
4.6439952362204719
21
-4.0988624803149607
0
LINE
8
BLACK
6
CONTINUOUS
10
4.6439952362204719
20
-4.0988624803149607
11
4.6450669291338578
21
-4.0999341732283465
0
LINE
8
BLACK
6
CONTINUOUS
10
4.6450669291338578
20
-4.0999341732283465
11
4.6450704330708659
21
-4.0999473228346455
0
LINE
8
BLACK
6
CONTINUOUS
10
4.6450704330708659
20
-4.0999473228346455
11
4.6450800000000001
21
-4.0999569685039372
0
LINE
8
BLACK
6
CONTINUOUS
10
4.6450800000000001
20
-4.0999569685039372
11
4.6677928740157482
21
-4.1397044094488189
0
LINE
8
BLACK
6
CONTINUOUS
10
4.6677928740157482
20
-4.1397044094488189
11
4.6677928740157482
21
-4.1028869291338586
0
LINE
8
BLACK
6
CONTINUOUS
10
4.6677928740157482
20
-4.1028869291338586
11
4.6685840551181101
21
-4.0999341732283465
0
LINE
8
BLACK
6
CONTINUOUS
10
4.6685840551181101
20
-4.0999341732283465
11
4.6707456299212593
21
-4.0977725984251965
0
LINE
8
BLACK
6
CONTINUOUS
10
4.6707456299212593
20
-4.0977725984251965
11
4.6736983858267713
21
-4.0969814173228345
0
LINE
8
BLACK
6
CONTINUOUS
10
4.6736983858267713
20
-4.0969814173228345
11
4.6766511417322834
21
-4.0977725984251965
0
LINE
8
BLACK
6
CONTINUOUS
10
4.7599303543307085
20
-4.0944723622047245
11
4.7624813779527555
21
-4.0961566929133859
0
LINE
8
BLACK
6
CONTINUOUS
10
4.7624813779527555
20
-4.0961566929133859
11
4.763848503937008
21
-4.0988908661417325
0
LINE
8
BLACK
6
CONTINUOUS
10
4.763848503937008
20
-4.0988908661417325
11
4.7636653149606296
21
-4.1019423228346454
0
LINE
8
BLACK
6
CONTINUOUS
10
4.7636653149606296
20
-4.1019423228346454
11
4.752195551181102
21
-4.1363514960629919
0
LINE
8
BLACK
6
CONTINUOUS
10
4.752195551181102
20
-4.1363514960629919
11
4.7662181102362204
21
-4.1363514960629919
0
LINE
8
BLACK
6
CONTINUOUS
10
4.7662181102362204
20
-4.1363514960629919
11
4.7662181102362204
21
-4.1225719685039373
0
LINE
8
BLACK
6
CONTINUOUS
10
4.7662181102362204
20
-4.1225719685039373
11
4.7670092913385824
21
-4.1196192125984252
0
LINE
8
BLACK
6
CONTINUOUS
10
4.7670092913385824
20
-4.1196192125984252
11
4.7691708661417325
21
-4.1174576377952752
0
LINE
8
BLACK
6
CONTINUOUS
10
4.7691708661417325
20
-4.1174576377952752
11
4.7721236220472436
21
-4.1166664566929132
0
LINE
8
BLACK
6
CONTINUOUS
10
4.7721236220472436
20
-4.1166664566929132
11
4.7750763779527556
21
-4.1174576377952752
0
LINE
8
BLACK
6
CONTINUOUS
10
4.7750763779527556
20
-4.1174576377952752
11
4.7772379527559057
21
-4.1196192125984252
0
LINE
8
BLACK
6
CONTINUOUS
10
4.7772379527559057
20
-4.1196192125984252
11
4.7780291338582677
21
-4.1225719685039373
0
LINE
8
BLACK
6
CONTINUOUS
10
4.7780291338582677
20
-4.1225719685039373
11
4.7780291338582677
21
-4.1363514960629919
0
LINE
8
BLACK
6
CONTINUOUS
10
4.7780291338582677
20
-4.1363514960629919
11
4.7805600393700782
21
-4.1363514960629919
0
LINE
8
BLACK
6
CONTINUOUS
10
4.7805600393700782
20
-4.1363514960629919
11
4.7835127952755903
21
-4.1371426771653539
0
LINE
8
BLACK
6
CONTINUOUS
10
4.7835127952755903
20
-4.1371426771653539
11
4.7856743700787403
21
-4.1393042519685039
0
LINE
8
BLACK
6
CONTINUOUS
10
4.7856743700787403
20
-4.1393042519685039
11
4.7864655511811023
21
-4.142257007874016
0
LINE
8
BLACK
6
CONTINUOUS
10
4.7864655511811023
20
-4.142257007874016
11
4.7856743700787403
21
-4.1452097637795271
0
LINE
8
BLACK
6
CONTINUOUS
10
4.7856743700787403
20
-4.1452097637795271
11
4.7835127952755903
21
-4.1473713385826771
0
LINE
8
BLACK
6
CONTINUOUS
10
4.7835127952755903
20
-4.1473713385826771
11
4.7805600393700782
21
-4.1481625196850391
0
LINE
8
BLACK
6
CONTINUOUS
10
4.7805600393700782
20
-4.1481625196850391
11
4.7780291338582677
21
-4.1481625196850391
0
LINE
8
BLACK
6
CONTINUOUS
10
4.7780291338582677
20
-4.1481625196850391
11
4.7780291338582677
21
-4.1619420472440947
0
LINE
8
BLACK
6
CONTINUOUS
10
4.7780291338582677
20
-4.1619420472440947
11
4.7772379527559057
21
-4.1648948031496058
0
LINE
8
BLACK
6
CONTINUOUS
10
4.7772379527559057
20
-4.1648948031496058
11
4.7750763779527556
21
-4.1670563779527559
0
LINE
8
BLACK
6
CONTINUOUS
10
4.7750763779527556
20
-4.1670563779527559
11
4.7721236220472436
21
-4.1678475590551178
0
LINE
8
BLACK
6
CONTINUOUS
10
4.7721236220472436
20
-4.1678475590551178
11
4.7691708661417325
21
-4.1670563779527559
0
LINE
8
BLACK
6
CONTINUOUS
10
4.7691708661417325
20
-4.1670563779527559
11
4.7670092913385824
21
-4.1648948031496058
0
LINE
8
BLACK
6
CONTINUOUS
10
4.7670092913385824
20
-4.1648948031496058
11
4.7662181102362204
21
-4.1619420472440947
0
LINE
8
BLACK
6
CONTINUOUS
10
4.7662181102362204
20
-4.1619420472440947
11
4.7662181102362204
21
-4.1481625196850391
0
LINE
8
BLACK
6
CONTINUOUS
10
4.7662181102362204
20
-4.1481625196850391
11
4.7440021259842515
21
-4.1481625196850391
0
LINE
8
BLACK
6
CONTINUOUS
10
4.7440021259842515
20
-4.1481625196850391
11
4.7430836614173231
21
-4.1479164173228344
0
LINE
8
BLACK
6
CONTINUOUS
10
4.7430836614173231
20
-4.1479164173228344
11
4.7421346456692914
21
-4.1478594488188971
0
LINE
8
BLACK
6
CONTINUOUS
10
4.7421346456692914
20
-4.1478594488188971
11
4.7416316535433074
21
-4.1475273228346454
0
LINE
8
BLACK
6
CONTINUOUS
10
4.7416316535433074
20
-4.1475273228346454
11
4.7410493700787404
21
-4.1473713385826771
0
LINE
8
BLACK
6
CONTINUOUS
10
4.7410493700787404
20
-4.1473713385826771
11
4.7403770472440945
21
-4.1466990157480312
0
LINE
8
BLACK
6
CONTINUOUS
10
4.7403770472440945
20
-4.1466990157480312
11
4.7395835826771648
21
-4.1461751574803145
0
LINE
8
BLACK
6
CONTINUOUS
10
4.7395835826771648
20
-4.1461751574803145
11
4.7393139763779528
21
-4.1456359448818896
0
LINE
8
BLACK
6
CONTINUOUS
10
4.7393139763779528
20
-4.1456359448818896
11
4.7388877952755903
21
-4.1452097637795271
0
LINE
8
BLACK
6
CONTINUOUS
10
4.7388877952755903
20
-4.1452097637795271
11
4.7386416929133857
21
-4.1442914173228349
0
LINE
8
BLACK
6
CONTINUOUS
10
4.7386416929133857
20
-4.1442914173228349
11
4.738216496062992
21
-4.1434409448818901
0
LINE
8
BLACK
6
CONTINUOUS
10
4.738216496062992
20
-4.1434409448818901
11
4.7382525984251966
21
-4.1428392125984255
0
LINE
8
BLACK
6
CONTINUOUS
10
4.7382525984251966
20
-4.1428392125984255
11
4.7380966141732284
21
-4.142257007874016
0
LINE
8
BLACK
6
CONTINUOUS
10
4.7380966141732284
20
-4.142257007874016
11
4.7383426771653543
21
-4.1413385433070866
0
LINE
8
BLACK
6
CONTINUOUS
10
4.7383426771653543
20
-4.1413385433070866
11
4.7383996850393704
21
-4.140389527559055
0
LINE
8
BLACK
6
CONTINUOUS
10
4.7383996850393704
20
-4.140389527559055
11
4.7524603937007877
21
-4.0982073228346456
0
LINE
8
BLACK
6
CONTINUOUS
10
4.7524603937007877
20
-4.0982073228346456
11
4.754144724409449
21
-4.0956562992125987
0
LINE
8
BLACK
6
CONTINUOUS
10
4.754144724409449
20
-4.0956562992125987
11
4.7568789370078743
21
-4.0942892125984249
0
LINE
8
BLACK
6
CONTINUOUS
10
4.7568789370078743
20
-4.0942892125984249
11
4.7599303543307085
21
-4.0944723622047245
0
LINE
8
BLACK
6
CONTINUOUS
10
4.8892891732283461
20
-4.0944723622047245
11
4.891840196850394
21
-4.0961566929133859
0
LINE
8
BLACK
6
CONTINUOUS
10
4.891840196850394
20
-4.0961566929133859
11
4.8932073228346455
21
-4.0988908661417325
0
LINE
8
BLACK
6
CONTINUOUS
10
4.8932073228346455
20
-4.0988908661417325
11
4.8930241338582672
21
-4.1019423228346454
0
LINE
8
BLACK
6
CONTINUOUS
10
4.8930241338582672
20
-4.1019423228346454
11
4.8815543700787405
21
-4.1363514960629919
0
LINE
8
BLACK
6
CONTINUOUS
10
4.8815543700787405
20
-4.1363514960629919
11
4.895576929133858
21
-4.1363514960629919
0
LINE
8
BLACK
6
CONTINUOUS
10
4.895576929133858
20
-4.1363514960629919
11
4.895576929133858
21
-4.1225719685039373
0
LINE
8
BLACK
6
CONTINUOUS
10
4.895576929133858
20
-4.1225719685039373
11
4.89636811023622
21
-4.1196192125984252
0
LINE
8
BLACK
6
CONTINUOUS
10
4.89636811023622
20
-4.1196192125984252
11
4.89852968503937
21
-4.1174576377952752
0
LINE
8
BLACK
6
CONTINUOUS
10
4.89852968503937
20
-4.1174576377952752
11
4.9014824409448821
21
-4.1166664566929132
0
LINE
8
BLACK
6
CONTINUOUS
10
4.9014824409448821
20
-4.1166664566929132
11
4.9044351968503932
21
-4.1174576377952752
0
LINE
8
BLACK
6
CONTINUOUS
10
4.9044351968503932
20
-4.1174576377952752
11
4.9065967716535432
21
-4.1196192125984252
0
LINE
8
BLACK
6
CONTINUOUS
10
4.9065967716535432
20
-4.1196192125984252
11
4.9073879527559052
21
-4.1225719685039373
0
LINE
8
BLACK
6
CONTINUOUS
10
4.9073879527559052
20
-4.1225719685039373
11
4.9073879527559052
21
-4.1363514960629919
0
LINE
8
BLACK
6
CONTINUOUS
10
4.9073879527559052
20
-4.1363514960629919
11
4.9099188582677167
21
-4.1363514960629919
0
LINE
8
BLACK
6
CONTINUOUS
10
4.9099188582677167
20
-4.1363514960629919
11
4.9128716141732278
21
-4.1371426771653539
0
LINE
8
BLACK
6
CONTINUOUS
10
4.9128716141732278
20
-4.1371426771653539
11
4.9150331889763779
21
-4.1393042519685039
0
LINE
8
BLACK
6
CONTINUOUS
10
4.9150331889763779
20
-4.1393042519685039
11
4.9158243700787398
21
-4.142257007874016
0
LINE
8
BLACK
6
CONTINUOUS
10
4.9158243700787398
20
-4.142257007874016
11
4.9150331889763779
21
-4.1452097637795271
0
LINE
8
BLACK
6
CONTINUOUS
10
4.9150331889763779
20
-4.1452097637795271
11
4.9128716141732278
21
-4.1473713385826771
0
LINE
8
BLACK
6
CONTINUOUS
10
4.9128716141732278
20
-4.1473713385826771
11
4.9099188582677167
21
-4.1481625196850391
0
LINE
8
BLACK
6
CONTINUOUS
10
4.9099188582677167
20
-4.1481625196850391
11
4.9073879527559052
21
-4.1481625196850391
0
LINE
8
BLACK
6
CONTINUOUS
10
4.9073879527559052
20
-4.1481625196850391
11
4.9073879527559052
21
-4.1619420472440947
0
LINE
8
BLACK
6
CONTINUOUS
10
4.9073879527559052
20
-4.1619420472440947
11
4.9065967716535432
21
-4.1648948031496058
0
LINE
8
BLACK
6
CONTINUOUS
10
4.9065967716535432
20
-4.1648948031496058
11
4.9044351968503932
21
-4.1670563779527559
0
LINE
8
BLACK
6
CONTINUOUS
10
4.9044351968503932
20
-4.1670563779527559
11
4.9014824409448821
21
-4.1678475590551178
0
LINE
8
BLACK
6
CONTINUOUS
10
4.9014824409448821
20
-4.1678475590551178
11
4.89852968503937
21
-4.1670563779527559
0
LINE
8
BLACK
6
CONTINUOUS
10
4.89852968503937
20
-4.1670563779527559
11
4.89636811023622
21
-4.1648948031496058
0
LINE
8
BLACK
6
CONTINUOUS
10
4.89636811023622
20
-4.1648948031496058
11
4.895576929133858
21
-4.1619420472440947
0
LINE
8
BLACK
6
CONTINUOUS
10
4.895576929133858
20
-4.1619420472440947
11
4.895576929133858
21
-4.1481625196850391
0
LINE
8
BLACK
6
CONTINUOUS
10
4.895576929133858
20
-4.1481625196850391
11
4.87336094488189
21
-4.1481625196850391
0
LINE
8
BLACK
6
CONTINUOUS
10
4.87336094488189
20
-4.1481625196850391
11
4.8724424803149606
21
-4.1479164173228344
0
LINE
8
BLACK
6
CONTINUOUS
10
4.8724424803149606
20
-4.1479164173228344
11
4.871493464566929
21
-4.1478594488188971
0
LINE
8
BLACK
6
CONTINUOUS
10
4.871493464566929
20
-4.1478594488188971
11
4.870990472440945
21
-4.1475273228346454
0
LINE
8
BLACK
6
CONTINUOUS
10
4.870990472440945
20
-4.1475273228346454
11
4.870408188976378
21
-4.1473713385826771
0
LINE
8
BLACK
6
CONTINUOUS
10
4.870408188976378
20
-4.1473713385826771
11
4.869735866141732
21
-4.1466990157480312
0
LINE
8
BLACK
6
CONTINUOUS
10
4.869735866141732
20
-4.1466990157480312
11
4.8689424015748033
21
-4.1461751574803145
0
LINE
8
BLACK
6
CONTINUOUS
10
4.8689424015748033
20
-4.1461751574803145
11
4.8686727952755904
21
-4.1456359448818896
0
LINE
8
BLACK
6
CONTINUOUS
10
4.8686727952755904
20
-4.1456359448818896
11
4.8682466141732279
21
-4.1452097637795271
0
LINE
8
BLACK
6
CONTINUOUS
10
4.8682466141732279
20
-4.1452097637795271
11
4.8680005118110232
21
-4.1442914173228349
0
LINE
8
BLACK
6
CONTINUOUS
10
4.8680005118110232
20
-4.1442914173228349
11
4.8675753149606296
21
-4.1434409448818901
0
LINE
8
BLACK
6
CONTINUOUS
10
4.8675753149606296
20
-4.1434409448818901
11
4.8676114173228342
21
-4.1428392125984255
0
LINE
8
BLACK
6
CONTINUOUS
10
4.8676114173228342
20
-4.1428392125984255
11
4.8674554330708659
21
-4.142257007874016
0
LINE
8
BLACK
6
CONTINUOUS
10
4.8674554330708659
20
-4.142257007874016
11
4.8677014960629919
21
-4.1413385433070866
0
LINE
8
BLACK
6
CONTINUOUS
10
4.8677014960629919
20
-4.1413385433070866
11
4.8677585039370079
21
-4.140389527559055
0
LINE
8
BLACK
6
CONTINUOUS
10
4.8677585039370079
20
-4.140389527559055
11
4.8818192125984252
21
-4.0982073228346456
0
LINE
8
BLACK
6
CONTINUOUS
10
4.8818192125984252
20
-4.0982073228346456
11
4.8835035433070866
21
-4.0956562992125987
0
LINE
8
BLACK
6
CONTINUOUS
10
4.8835035433070866
20
-4.0956562992125987
11
4.8862377559055119
21
-4.0942892125984249
0
LINE
8
BLACK
6
CONTINUOUS
10
4.8862377559055119
20
-4.0942892125984249
11
4.8892891732283461
21
-4.0944723622047245
0
LINE
8
BLACK
6
CONTINUOUS
10
4.9505999999999997
20
-4.0973327165354334
11
4.9519299606299212
21
-4.0976048818897635
0
LINE
8
BLACK
6
CONTINUOUS
10
4.9519299606299212
20
-4.0976048818897635
11
4.9575542519685039
21
-4.1004170472440942
0
LINE
8
BLACK
6
CONTINUOUS
10
4.9575542519685039
20
-4.1004170472440942
11
4.9582655905511812
21
-4.1010478346456694
0
LINE
8
BLACK
6
CONTINUOUS
10
4.9582655905511812
20
-4.1010478346456694
11
4.959089015748031
21
-4.1015232283464567
0
LINE
8
BLACK
6
CONTINUOUS
10
4.959089015748031
20
-4.1015232283464567
11
4.9619011811023617
21
-4.1043353543307086
0
LINE
8
BLACK
6
CONTINUOUS
10
4.9619011811023617
20
-4.1043353543307086
11
4.9623765748031499
21
-4.1051587795275593
0
LINE
8
BLACK
6
CONTINUOUS
10
4.9623765748031499
20
-4.1051587795275593
11
4.9630074409448817
21
-4.1058701968503932
0
LINE
8
BLACK
6
CONTINUOUS
10
4.9630074409448817
20
-4.1058701968503932
11
4.9658195669291336
21
-4.1114945275590546
0
LINE
8
BLACK
6
CONTINUOUS
10
4.9658195669291336
20
-4.1114945275590546
11
4.9659502362204719
21
-4.1121332283464564
0
LINE
8
BLACK
6
CONTINUOUS
10
4.9659502362204719
20
-4.1121332283464564
11
4.9662666929133854
21
-4.1127032283464562
0
LINE
8
BLACK
6
CONTINUOUS
10
4.9662666929133854
20
-4.1127032283464562
11
4.9690788582677161
21
-4.1239518110236215
0
LINE
8
BLACK
6
CONTINUOUS
10
4.9690788582677161
20
-4.1239518110236215
11
4.9690665748031497
21
-4.1246803149606297
0
LINE
8
BLACK
6
CONTINUOUS
10
4.9690665748031497
20
-4.1246803149606297
11
4.9692551968503933
21
-4.125384133858268
0
LINE
8
BLACK
6
CONTINUOUS
10
4.9692551968503933
20
-4.125384133858268
11
4.9692551968503933
21
-4.139444881889764
0
LINE
8
BLACK
6
CONTINUOUS
10
4.9692551968503933
20
-4.139444881889764
11
4.9690665748031497
21
-4.1401486614173226
0
LINE
8
BLACK
6
CONTINUOUS
10
4.9690665748031497
20
-4.1401486614173226
11
4.9690788582677161
21
-4.1408772047244096
0
LINE
8
BLACK
6
CONTINUOUS
10
4.9690788582677161
20
-4.1408772047244096
11
4.9662666929133854
21
-4.1521257874015749
0
LINE
8
BLACK
6
CONTINUOUS
10
4.9662666929133854
20
-4.1521257874015749
11
4.9659502362204719
21
-4.1526957874015746
0
LINE
8
BLACK
6
CONTINUOUS
10
4.9659502362204719
20
-4.1526957874015746
11
4.9658195669291336
21
-4.1533344488188977
0
LINE
8
BLACK
6
CONTINUOUS
10
4.9658195669291336
20
-4.1533344488188977
11
4.9630074409448817
21
-4.1589587795275591
0
LINE
8
BLACK
6
CONTINUOUS
10
4.9630074409448817
20
-4.1589587795275591
11
4.9623765748031499
21
-4.1596701574803152
0
LINE
8
BLACK
6
CONTINUOUS
10
4.9623765748031499
20
-4.1596701574803152
11
4.9619012204724404
21
-4.160493582677165
0
LINE
8
BLACK
6
CONTINUOUS
10
4.9619012204724404
20
-4.160493582677165
11
4.9590890551181097
21
-4.1633057480314957
0
LINE
8
BLACK
6
CONTINUOUS
10
4.9590890551181097
20
-4.1633057480314957
11
4.95826562992126
21
-4.1637811023622042
0
LINE
8
BLACK
6
CONTINUOUS
10
4.95826562992126
20
-4.1637811023622042
11
4.9575542519685039
21
-4.1644119685039369
0
LINE
8
BLACK
6
CONTINUOUS
10
4.9575542519685039
20
-4.1644119685039369
11
4.9519299606299212
21
-4.1672240944881889
0
LINE
8
BLACK
6
CONTINUOUS
10
4.9519299606299212
20
-4.1672240944881889
11
4.9506000787401572
21
-4.1674962204724411
0
LINE
8
BLACK
6
CONTINUOUS
10
4.9506000787401572
20
-4.1674962204724411
11
4.9492889370078741
21
-4.1678475590551178
0
LINE
8
BLACK
6
CONTINUOUS
10
4.9492889370078741
20
-4.1678475590551178
11
4.9436646456692914
21
-4.1678475590551178
0
LINE
8
BLACK
6
CONTINUOUS
10
4.9436646456692914
20
-4.1678475590551178
11
4.9423533858267712
21
-4.1674961811023623
0
LINE
8
BLACK
6
CONTINUOUS
10
4.9423533858267712
20
-4.1674961811023623
11
4.9410236614173231
21
-4.1672240944881889
0
LINE
8
BLACK
6
CONTINUOUS
10
4.9410236614173231
20
-4.1672240944881889
11
4.9353993307086617
21
-4.1644119685039369
0
LINE
8
BLACK
6
CONTINUOUS
10
4.9353993307086617
20
-4.1644119685039369
11
4.9346879133858268
21
-4.1637811023622042
0
LINE
8
BLACK
6
CONTINUOUS
10
4.9346879133858268
20
-4.1637811023622042
11
4.9338645275590549
21
-4.1633057480314957
0
LINE
8
BLACK
6
CONTINUOUS
10
4.9338645275590549
20
-4.1633057480314957
11
4.9310523622047242
21
-4.160493582677165
0
LINE
8
BLACK
6
CONTINUOUS
10
4.9310523622047242
20
-4.160493582677165
11
4.9305769291338581
21
-4.1596701181102365
0
LINE
8
BLACK
6
CONTINUOUS
10
4.9305769291338581
20
-4.1596701181102365
11
4.929946141732283
21
-4.1589587795275591
0
LINE
8
BLACK
6
CONTINUOUS
10
4.929946141732283
20
-4.1589587795275591
11
4.9271339763779523
21
-4.1533344881889764
0
LINE
8
BLACK
6
CONTINUOUS
10
4.9271339763779523
20
-4.1533344881889764
11
4.9270032283464564
21
-4.1526957086614171
0
LINE
8
BLACK
6
CONTINUOUS
10
4.9270032283464564
20
-4.1526957086614171
11
4.9266868503937005
21
-4.1521257480314961
0
LINE
8
BLACK
6
CONTINUOUS
10
4.9266868503937005
20
-4.1521257480314961
11
4.9238747244094485
21
-4.1408771653543308
0
LINE
8
BLACK
6
CONTINUOUS
10
4.9238747244094485
20
-4.1408771653543308
11
4.923886968503937
21
-4.1401487007874014
0
LINE
8
BLACK
6
CONTINUOUS
10
4.923886968503937
20
-4.1401487007874014
11
4.9236983858267713
21
-4.139444881889764
0
LINE
8
BLACK
6
CONTINUOUS
10
4.9236983858267713
20
-4.139444881889764
11
4.9236983858267713
21
-4.125384133858268
0
LINE
8
BLACK
6
CONTINUOUS
10
4.9236983858267713
20
-4.125384133858268
11
4.923886968503937
21
-4.1246802755905509
0
LINE
8
BLACK
6
CONTINUOUS
10
4.923886968503937
20
-4.1246802755905509
11
4.9238747244094485
21
-4.1239518503937003
0
LINE
8
BLACK
6
CONTINUOUS
10
4.9238747244094485
20
-4.1239518503937003
11
4.9266868503937005
21
-4.1127032283464562
0
LINE
8
BLACK
6
CONTINUOUS
10
4.9266868503937005
20
-4.1127032283464562
11
4.9270032283464564
21
-4.1121332283464564
0
LINE
8
BLACK
6
CONTINUOUS
10
4.9270032283464564
20
-4.1121332283464564
11
4.9271339763779523
21
-4.1114944881889759
0
LINE
8
BLACK
6
CONTINUOUS
10
4.9271339763779523
20
-4.1114944881889759
11
4.929946141732283
21
-4.1058701968503932
0
LINE
8
BLACK
6
CONTINUOUS
10
4.929946141732283
20
-4.1058701968503932
11
4.9305769291338581
21
-4.105158818897638
0
LINE
8
BLACK
6
CONTINUOUS
10
4.9305769291338581
20
-4.105158818897638
11
4.931052401574803
21
-4.1043353543307086
0
LINE
8
BLACK
6
CONTINUOUS
10
4.931052401574803
20
-4.1043353543307086
11
4.9338645669291337
21
-4.1015232283464567
0
LINE
8
BLACK
6
CONTINUOUS
10
4.9338645669291337
20
-4.1015232283464567
11
4.9346879527559055
21
-4.1010478346456694
0
LINE
8
BLACK
6
CONTINUOUS
10
4.9346879527559055
20
-4.1010478346456694
11
4.9353993307086617
21
-4.1004170472440942
0
LINE
8
BLACK
6
CONTINUOUS
10
4.9353993307086617
20
-4.1004170472440942
11
4.9410235826771656
21
-4.0976048818897635
0
LINE
8
BLACK
6
CONTINUOUS
10
4.9410235826771656
20
-4.0976048818897635
11
4.942353582677165
21
-4.0973326771653547
0
LINE
8
BLACK
6
CONTINUOUS
10
4.942353582677165
20
-4.0973326771653547
11
4.9436646456692914
21
-4.0969814173228345
0
LINE
8
BLACK
6
CONTINUOUS
10
4.9436646456692914
20
-4.0969814173228345
11
4.9492889370078741
21
-4.0969814173228345
0
LINE
8
BLACK
6
CONTINUOUS
10
4.9492889370078741
20
-4.0969814173228345
11
4.9505999999999997
21
-4.0973327165354334
0
LINE
8
BLACK
6
CONTINUOUS
10
4.9415385039370081
20
-4.110552559055118
11
4.9400816535433068
21
-4.1120093700787397
0
LINE
8
BLACK
6
CONTINUOUS
10
4.9400816535433068
20
-4.1120093700787397
11
4.9379879133858271
21
-4.1161967716535433
0
LINE
8
BLACK
6
CONTINUOUS
10
4.9379879133858271
20
-4.1161967716535433
11
4.9355094094488186
21
-4.1261110236220473
0
LINE
8
BLACK
6
CONTINUOUS
10
4.9355094094488186
20
-4.1261110236220473
11
4.9355094094488186
21
-4.138717952755905
0
LINE
8
BLACK
6
CONTINUOUS
10
4.9355094094488186
20
-4.138717952755905
11
4.9379879133858271
21
-4.1486321653543303
0
LINE
8
BLACK
6
CONTINUOUS
10
4.9379879133858271
20
-4.1486321653543303
11
4.9400816535433068
21
-4.1528195669291339
0
LINE
8
BLACK
6
CONTINUOUS
10
4.9400816535433068
20
-4.1528195669291339
11
4.9415385039370081
21
-4.1542764173228344
0
LINE
8
BLACK
6
CONTINUOUS
10
4.9415385039370081
20
-4.1542764173228344
11
4.9450587401574806
21
-4.1560365354330706
0
LINE
8
BLACK
6
CONTINUOUS
10
4.9450587401574806
20
-4.1560365354330706
11
4.9478948425196849
21
-4.1560365354330706
0
LINE
8
BLACK
6
CONTINUOUS
10
4.9478948425196849
20
-4.1560365354330706
11
4.9514149999999999
21
-4.1542764566929131
0
LINE
8
BLACK
6
CONTINUOUS
10
4.9514149999999999
20
-4.1542764566929131
11
4.9528718897637791
21
-4.1528195669291339
0
LINE
8
BLACK
6
CONTINUOUS
10
4.9528718897637791
20
-4.1528195669291339
11
4.9549655511811022
21
-4.1486322440944878
0
LINE
8
BLACK
6
CONTINUOUS
10
4.9549655511811022
20
-4.1486322440944878
11
4.9574441732283461
21
-4.1387179133858263
0
LINE
8
BLACK
6
CONTINUOUS
10
4.9574441732283461
20
-4.1387179133858263
11
4.9574441732283461
21
-4.126111062992126
0
LINE
8
BLACK
6
CONTINUOUS
10
4.9574441732283461
20
-4.126111062992126
11
4.9549655511811022
21
-4.1161967322834645
0
LINE
8
BLACK
6
CONTINUOUS
10
4.9549655511811022
20
-4.1161967322834645
11
4.9528719291338579
21
-4.1120094094488184
0
LINE
8
BLACK
6
CONTINUOUS
10
4.9528719291338579
20
-4.1120094094488184
11
4.9514150787401574
21
-4.110552559055118
0
LINE
8
BLACK
6
CONTINUOUS
10
4.9514150787401574
20
-4.110552559055118
11
4.9478948425196849
21
-4.1087924409448817
0
LINE
8
BLACK
6
CONTINUOUS
10
4.9478948425196849
20
-4.1087924409448817
11
4.9450587401574806
21
-4.1087924409448817
0
LINE
8
BLACK
6
CONTINUOUS
10
4.9450587401574806
20
-4.1087924409448817
11
4.9415385039370081
21
-4.110552559055118
0
LINE
8
BLACK
6
CONTINUOUS
10
5.0214601181102365
20
-4.0972844488188978
11
5.0240111811023622
21
-4.0989687795275591
0
LINE
8
BLACK
6
CONTINUOUS
10
5.0240111811023622
20
-4.0989687795275591
11
5.0253782677165351
21
-4.1017029921259844
0
LINE
8
BLACK
6
CONTINUOUS
10
5.0253782677165351
20
-4.1017029921259844
11
5.0251951181102363
21
-4.1047544094488186
0
LINE
8
BLACK
6
CONTINUOUS
10
5.0251951181102363
20
-4.1047544094488186
11
5.0055100393700789
21
-4.1638095275590548
0
LINE
8
BLACK
6
CONTINUOUS
10
5.0055100393700789
20
-4.1638095275590548
11
5.0048566535433068
21
-4.1647990944881892
0
LINE
8
BLACK
6
CONTINUOUS
10
5.0048566535433068
20
-4.1647990944881892
11
5.0043261417322835
21
-4.1658601968503932
0
LINE
8
BLACK
6
CONTINUOUS
10
5.0043261417322835
20
-4.1658601968503932
11
5.0040246850393704
21
-4.1660592125984248
0
LINE
8
BLACK
6
CONTINUOUS
10
5.0040246850393704
20
-4.1660592125984248
11
5.0038257480314963
21
-4.1663605511811026
0
LINE
8
BLACK
6
CONTINUOUS
10
5.0038257480314963
20
-4.1663605511811026
11
5.0027650000000001
21
-4.1668909055118108
0
LINE
8
BLACK
6
CONTINUOUS
10
5.0027650000000001
20
-4.1668909055118108
11
5.0017750787401578
21
-4.1675445275590555
0
LINE
8
BLACK
6
CONTINUOUS
10
5.0017750787401578
20
-4.1675445275590555
11
5.0014145275590547
21
-4.1675661417322836
0
LINE
8
BLACK
6
CONTINUOUS
10
5.0014145275590547
20
-4.1675661417322836
11
5.0010915354330709
21
-4.1677276771653542
0
LINE
8
BLACK
6
CONTINUOUS
10
5.0010915354330709
20
-4.1677276771653542
11
4.9999077165354331
21
-4.1676565748031491
0
LINE
8
BLACK
6
CONTINUOUS
10
4.9999077165354331
20
-4.1676565748031491
11
4.9987236614173227
21
-4.1677276771653542
0
LINE
8
BLACK
6
CONTINUOUS
10
4.9987236614173227
20
-4.1677276771653542
11
4.9984005511811018
21
-4.1675661023622048
0
LINE
8
BLACK
6
CONTINUOUS
10
4.9984005511811018
20
-4.1675661023622048
11
4.9980401181102359
21
-4.1675444881889767
0
LINE
8
BLACK
6
CONTINUOUS
10
4.9980401181102359
20
-4.1675444881889767
11
4.9970505118110236
21
-4.1668911023622046
0
LINE
8
BLACK
6
CONTINUOUS
10
4.9970505118110236
20
-4.1668911023622046
11
4.9959894488188974
21
-4.1663605905511814
0
LINE
8
BLACK
6
CONTINUOUS
10
4.9959894488188974
20
-4.1663605905511814
11
4.995790393700787
21
-4.1660591338582673
0
LINE
8
BLACK
6
CONTINUOUS
10
4.995790393700787
20
-4.1660591338582673
11
4.9954890944881889
21
-4.1658601968503932
0
LINE
8
BLACK
6
CONTINUOUS
10
4.9954890944881889
20
-4.1658601968503932
11
4.9949586220472444
21
-4.164799291338583
0
LINE
8
BLACK
6
CONTINUOUS
10
4.9949586220472444
20
-4.164799291338583
11
4.9943051574803148
21
-4.1638095275590548
0
LINE
8
BLACK
6
CONTINUOUS
10
4.9943051574803148
20
-4.1638095275590548
11
4.9746201181102361
21
-4.1047544094488186
0
LINE
8
BLACK
6
CONTINUOUS
10
4.9746201181102361
20
-4.1047544094488186
11
4.9744369291338586
21
-4.1017029921259844
0
LINE
8
BLACK
6
CONTINUOUS
10
4.9744369291338586
20
-4.1017029921259844
11
4.9758040551181102
21
-4.0989687795275591
0
LINE
8
BLACK
6
CONTINUOUS
10
4.9758040551181102
20
-4.0989687795275591
11
4.9783550787401571
21
-4.0972844881889765
0
LINE
8
BLACK
6
CONTINUOUS
10
4.9783550787401571
20
-4.0972844881889765
11
4.9814064960629922
21
-4.0971012992125981
0
LINE
8
BLACK
6
CONTINUOUS
10
4.9814064960629922
20
-4.0971012992125981
11
4.9841407086614176
21
-4.0984684251968506
0
LINE
8
BLACK
6
CONTINUOUS
10
4.9841407086614176
20
-4.0984684251968506
11
4.9858250000000002
21
-4.1010194488188976
0
LINE
8
BLACK
6
CONTINUOUS
10
4.9858250000000002
20
-4.1010194488188976
11
4.9999075984251968
21
-4.1432671653543309
0
LINE
8
BLACK
6
CONTINUOUS
10
4.9999075984251968
20
-4.1432671653543309
11
5.0139901968503935
21
-4.1010194488188976
0
LINE
8
BLACK
6
CONTINUOUS
10
5.0139901968503935
20
-4.1010194488188976
11
5.0156744881889761
21
-4.0984683858267719
0
LINE
8
BLACK
6
CONTINUOUS
10
5.0156744881889761
20
-4.0984683858267719
11
5.0184087007874014
21
-4.0971012992125981
0
LINE
8
BLACK
6
CONTINUOUS
10
5.0184087007874014
20
-4.0971012992125981
11
5.0214601181102365
21
-4.0972844488188978
0
LINE
8
BLACK
6
CONTINUOUS
10
4.8510043700787397
20
-4.1343305511811019
11
4.8531659448818898
21
-4.136492125984252
0
LINE
8
BLACK
6
CONTINUOUS
10
4.8531659448818898
20
-4.136492125984252
11
4.8539571259842518
21
-4.139444881889764
0
LINE
8
BLACK
6
CONTINUOUS
10
4.8539571259842518
20
-4.139444881889764
11
4.8531659448818898
21
-4.1423976377952751
0
LINE
8
BLACK
6
CONTINUOUS
10
4.8531659448818898
20
-4.1423976377952751
11
4.8510043700787397
21
-4.1445592125984252
0
LINE
8
BLACK
6
CONTINUOUS
10
4.8510043700787397
20
-4.1445592125984252
11
4.8480516141732286
21
-4.1453503937007872
0
LINE
8
BLACK
6
CONTINUOUS
10
4.8480516141732286
20
-4.1453503937007872
11
4.8030572047244098
21
-4.1453503937007872
0
LINE
8
BLACK
6
CONTINUOUS
10
4.8030572047244098
20
-4.1453503937007872
11
4.8001044488188978
21
-4.1445592125984252
0
LINE
8
BLACK
6
CONTINUOUS
10
4.8001044488188978
20
-4.1445592125984252
11
4.7979428740157477
21
-4.1423976377952751
0
LINE
8
BLACK
6
CONTINUOUS
10
4.7979428740157477
20
-4.1423976377952751
11
4.7971516929133857
21
-4.139444881889764
0
LINE
8
BLACK
6
CONTINUOUS
10
4.7971516929133857
20
-4.139444881889764
11
4.7979428740157477
21
-4.136492125984252
0
LINE
8
BLACK
6
CONTINUOUS
10
4.7979428740157477
20
-4.136492125984252
11
4.8001044488188978
21
-4.1343305511811019
0
LINE
8
BLACK
6
CONTINUOUS
10
4.8001044488188978
20
-4.1343305511811019
11
4.8030572047244098
21
-4.1335393700787399
0
LINE
8
BLACK
6
CONTINUOUS
10
4.8030572047244098
20
-4.1335393700787399
11
4.8480516141732286
21
-4.1335393700787399
0
LINE
8
BLACK
6
CONTINUOUS
10
4.8480516141732286
20
-4.1335393700787399
11
4.8510043700787397
21
-4.1343305511811019
0
LINE
8
BLACK
6
CONTINUOUS
10
4.6384515354330711
20
-3.9071752362204721
11
4.6397814960629917
21
-3.9074474015748031
0
LINE
8
BLACK
6
CONTINUOUS
10
4.6397814960629917
20
-3.9074474015748031
11
4.6454057874015744
21
-3.9102595669291338
0
LINE
8
BLACK
6
CONTINUOUS
10
4.6454057874015744
20
-3.9102595669291338
11
4.6476929921259842
21
-3.9122877559055116
0
LINE
8
BLACK
6
CONTINUOUS
10
4.6476929921259842
20
-3.9122877559055116
11
4.6486596850393695
21
-3.9151877952755902
0
LINE
8
BLACK
6
CONTINUOUS
10
4.6486596850393695
20
-3.9151877952755902
11
4.6480468110236224
21
-3.9181826377952755
0
LINE
8
BLACK
6
CONTINUOUS
10
4.6480468110236224
20
-3.9181826377952755
11
4.6460186220472437
21
-3.9204698425196849
0
LINE
8
BLACK
6
CONTINUOUS
10
4.6460186220472437
20
-3.9204698425196849
11
4.6431185826771655
21
-3.9214365354330707
0
LINE
8
BLACK
6
CONTINUOUS
10
4.6431185826771655
20
-3.9214365354330707
11
4.6401237007874014
21
-3.9208236614173226
0
LINE
8
BLACK
6
CONTINUOUS
10
4.6401237007874014
20
-3.9208236614173226
11
4.6357463779527555
21
-3.9186349606299213
0
LINE
8
BLACK
6
CONTINUOUS
10
4.6357463779527555
20
-3.9186349606299213
11
4.6296624015748034
21
-3.9186349606299213
0
LINE
8
BLACK
6
CONTINUOUS
10
4.6296624015748034
20
-3.9186349606299213
11
4.6234575984251967
21
-3.9207031889763777
0
LINE
8
BLACK
6
CONTINUOUS
10
4.6234575984251967
20
-3.9207031889763777
11
4.6194967322834648
21
-3.92466405511811
0
LINE
8
BLACK
6
CONTINUOUS
10
4.6194967322834648
20
-3.92466405511811
11
4.6174029921259843
21
-3.9288514566929131
0
LINE
8
BLACK
6
CONTINUOUS
10
4.6174029921259843
20
-3.9288514566929131
11
4.6149244881889766
21
-3.9387656692913384
0
LINE
8
BLACK
6
CONTINUOUS
10
4.6149244881889766
20
-3.9387656692913384
11
4.6149244881889766
21
-3.9457483070866139
0
LINE
8
BLACK
6
CONTINUOUS
10
4.6149244881889766
20
-3.9457483070866139
11
4.6174029921259843
21
-3.9556625196850392
0
LINE
8
BLACK
6
CONTINUOUS
10
4.6174029921259843
20
-3.9556625196850392
11
4.6194967322834648
21
-3.9598499212598424
0
LINE
8
BLACK
6
CONTINUOUS
10
4.6194967322834648
20
-3.9598499212598424
11
4.6234575590551179
21
-3.9638107874015747
0
LINE
8
BLACK
6
CONTINUOUS
10
4.6234575590551179
20
-3.9638107874015747
11
4.6296624015748034
21
-3.9658790551181102
0
LINE
8
BLACK
6
CONTINUOUS
10
4.6296624015748034
20
-3.9658790551181102
11
4.6333699212598427
21
-3.9658790551181102
0
LINE
8
BLACK
6
CONTINUOUS
10
4.6333699212598427
20
-3.9658790551181102
11
4.6395747244094485
21
-3.9638107874015747
0
LINE
8
BLACK
6
CONTINUOUS
10
4.6395747244094485
20
-3.9638107874015747
11
4.6396713779527561
21
-3.9637141338582675
0
LINE
8
BLACK
6
CONTINUOUS
10
4.6396713779527561
20
-3.9637141338582675
11
4.6396713779527561
21
-3.9523807480314961
0
LINE
8
BLACK
6
CONTINUOUS
10
4.6396713779527561
20
-3.9523807480314961
11
4.6343283070866139
21
-3.9523807480314961
0
LINE
8
BLACK
6
CONTINUOUS
10
4.6343283070866139
20
-3.9523807480314961
11
4.6313755511811019
21
-3.9515895669291337
0
LINE
8
BLACK
6
CONTINUOUS
10
4.6313755511811019
20
-3.9515895669291337
11
4.6292139763779527
21
-3.9494279921259841
0
LINE
8
BLACK
6
CONTINUOUS
10
4.6292139763779527
20
-3.9494279921259841
11
4.6284227952755908
21
-3.9464752362204725
0
LINE
8
BLACK
6
CONTINUOUS
10
4.6284227952755908
20
-3.9464752362204725
11
4.6292139763779527
21
-3.9435224803149604
0
LINE
8
BLACK
6
CONTINUOUS
10
4.6292139763779527
20
-3.9435224803149604
11
4.6313755511811019
21
-3.9413609055118108
0
LINE
8
BLACK
6
CONTINUOUS
10
4.6313755511811019
20
-3.9413609055118108
11
4.6343283070866139
21
-3.9405697244094489
0
LINE
8
BLACK
6
CONTINUOUS
10
4.6343283070866139
20
-3.9405697244094489
11
4.6455768897637792
21
-3.9405697244094489
0
LINE
8
BLACK
6
CONTINUOUS
10
4.6455768897637792
20
-3.9405697244094489
11
4.6485296456692913
21
-3.9413609055118108
0
LINE
8
BLACK
6
CONTINUOUS
10
4.6485296456692913
20
-3.9413609055118108
11
4.6506912204724404
21
-3.9435224803149604
0
LINE
8
BLACK
6
CONTINUOUS
10
4.6506912204724404
20
-3.9435224803149604
11
4.6514824015748033
21
-3.9464752362204725
0
LINE
8
BLACK
6
CONTINUOUS
10
4.6514824015748033
20
-3.9464752362204725
11
4.6514824015748033
21
-3.9661602755905512
0
LINE
8
BLACK
6
CONTINUOUS
10
4.6514824015748033
20
-3.9661602755905512
11
4.6512811811023624
21
-3.9669112204724408
0
LINE
8
BLACK
6
CONTINUOUS
10
4.6512811811023624
20
-3.9669112204724408
11
4.6512811811023624
21
-3.9676887007874013
0
LINE
8
BLACK
6
CONTINUOUS
10
4.6512811811023624
20
-3.9676887007874013
11
4.6508924409448822
21
-3.9683619685039369
0
LINE
8
BLACK
6
CONTINUOUS
10
4.6508924409448822
20
-3.9683619685039369
11
4.6506912204724404
21
-3.9691130314960628
0
LINE
8
BLACK
6
CONTINUOUS
10
4.6506912204724404
20
-3.9691130314960628
11
4.6501414566929133
21
-3.9696627559055115
0
LINE
8
BLACK
6
CONTINUOUS
10
4.6501414566929133
20
-3.9696627559055115
11
4.6497527559055118
21
-3.9703360629921258
0
LINE
8
BLACK
6
CONTINUOUS
10
4.6497527559055118
20
-3.9703360629921258
11
4.6469406299212599
21
-3.9731482283464565
0
LINE
8
BLACK
6
CONTINUOUS
10
4.6469406299212599
20
-3.9731482283464565
11
4.6457651181102362
21
-3.9738268897637794
0
LINE
8
BLACK
6
CONTINUOUS
10
4.6457651181102362
20
-3.9738268897637794
11
4.6446322440944883
21
-3.9745749212598422
0
LINE
8
BLACK
6
CONTINUOUS
10
4.6446322440944883
20
-3.9745749212598422
11
4.6361957874015749
21
-3.9773870472440942
0
LINE
8
BLACK
6
CONTINUOUS
10
4.6361957874015749
20
-3.9773870472440942
11
4.6352466141732283
21
-3.9774440157480315
0
LINE
8
BLACK
6
CONTINUOUS
10
4.6352466141732283
20
-3.9774440157480315
11
4.6343283070866139
21
-3.9776900787401575
0
LINE
8
BLACK
6
CONTINUOUS
10
4.6343283070866139
20
-3.9776900787401575
11
4.6287040157480313
21
-3.9776900787401575
0
LINE
8
BLACK
6
CONTINUOUS
10
4.6287040157480313
20
-3.9776900787401575
11
4.6277856692913382
21
-3.9774440157480315
0
LINE
8
BLACK
6
CONTINUOUS
10
4.6277856692913382
20
-3.9774440157480315
11
4.6268365354330712
21
-3.9773870472440942
0
LINE
8
BLACK
6
CONTINUOUS
10
4.6268365354330712
20
-3.9773870472440942
11
4.6184000787401578
21
-3.9745749212598422
0
LINE
8
BLACK
6
CONTINUOUS
10
4.6184000787401578
20
-3.9745749212598422
11
4.6172672834645665
21
-3.9738269685039369
0
LINE
8
BLACK
6
CONTINUOUS
10
4.6172672834645665
20
-3.9738269685039369
11
4.616091732283464
21
-3.9731482677165353
0
LINE
8
BLACK
6
CONTINUOUS
10
4.616091732283464
20
-3.9731482677165353
11
4.6104674409448814
21
-3.9675239370078739
0
LINE
8
BLACK
6
CONTINUOUS
10
4.6104674409448814
20
-3.9675239370078739
11
4.6099920078740153
21
-3.9667005118110237
0
LINE
8
BLACK
6
CONTINUOUS
10
4.6099920078740153
20
-3.9667005118110237
11
4.609361220472441
21
-3.9659891338582676
0
LINE
8
BLACK
6
CONTINUOUS
10
4.609361220472441
20
-3.9659891338582676
11
4.6065490551181103
21
-3.9603648425196849
0
LINE
8
BLACK
6
CONTINUOUS
10
4.6065490551181103
20
-3.9603648425196849
11
4.6064183070866145
21
-3.959726062992126
0
LINE
8
BLACK
6
CONTINUOUS
10
4.6064183070866145
20
-3.959726062992126
11
4.6061019291338585
21
-3.9591561023622046
0
LINE
8
BLACK
6
CONTINUOUS
10
4.6061019291338585
20
-3.9591561023622046
11
4.6032898031496066
21
-3.9479075196850393
0
LINE
8
BLACK
6
CONTINUOUS
10
4.6032898031496066
20
-3.9479075196850393
11
4.6033020472440942
21
-3.9471790551181103
0
LINE
8
BLACK
6
CONTINUOUS
10
4.6033020472440942
20
-3.9471790551181103
11
4.6031134645669294
21
-3.9464752362204725
0
LINE
8
BLACK
6
CONTINUOUS
10
4.6031134645669294
20
-3.9464752362204725
11
4.6031134645669294
21
-3.9380387795275591
0
LINE
8
BLACK
6
CONTINUOUS
10
4.6031134645669294
20
-3.9380387795275591
11
4.6033020472440942
21
-3.9373349212598425
0
LINE
8
BLACK
6
CONTINUOUS
10
4.6033020472440942
20
-3.9373349212598425
11
4.6032898031496066
21
-3.9366064960629918
0
LINE
8
BLACK
6
CONTINUOUS
10
4.6032898031496066
20
-3.9366064960629918
11
4.6061019291338585
21
-3.9253579133858265
0
LINE
8
BLACK
6
CONTINUOUS
10
4.6061019291338585
20
-3.9253579133858265
11
4.6064183070866145
21
-3.9247879133858268
0
LINE
8
BLACK
6
CONTINUOUS
10
4.6064183070866145
20
-3.9247879133858268
11
4.6065490551181103
21
-3.9241491732283462
0
LINE
8
BLACK
6
CONTINUOUS
10
4.6065490551181103
20
-3.9241491732283462
11
4.609361220472441
21
-3.9185248818897636
0
LINE
8
BLACK
6
CONTINUOUS
10
4.609361220472441
20
-3.9185248818897636
11
4.6099920078740153
21
-3.9178135039370079
0
LINE
8
BLACK
6
CONTINUOUS
10
4.6099920078740153
20
-3.9178135039370079
11
4.6104674409448814
21
-3.9169900787401573
0
LINE
8
BLACK
6
CONTINUOUS
10
4.6104674409448814
20
-3.9169900787401573
11
4.616091732283464
21
-3.9113657874015746
0
LINE
8
BLACK
6
CONTINUOUS
10
4.616091732283464
20
-3.9113657874015746
11
4.6172672834645665
21
-3.9106870472440942
0
LINE
8
BLACK
6
CONTINUOUS
10
4.6172672834645665
20
-3.9106870472440942
11
4.6184000787401578
21
-3.9099391732283464
0
LINE
8
BLACK
6
CONTINUOUS
10
4.6184000787401578
20
-3.9099391732283464
11
4.6268364960629924
21
-3.9071270078740157
0
LINE
8
BLACK
6
CONTINUOUS
10
4.6268364960629924
20
-3.9071270078740157
11
4.6277855511811019
21
-3.90707
0
LINE
8
BLACK
6
CONTINUOUS
10
4.6277855511811019
20
-3.90707
11
4.6287040157480313
21
-3.9068239370078741
0
LINE
8
BLACK
6
CONTINUOUS
10
4.6287040157480313
20
-3.9068239370078741
11
4.6371404724409446
21
-3.9068239370078741
0
LINE
8
BLACK
6
CONTINUOUS
10
4.6371404724409446
20
-3.9068239370078741
11
4.6384515354330711
21
-3.9071752362204721
0
LINE
8
BLACK
6
CONTINUOUS
10
4.7075847637795274
20
-3.9076151181102361
11
4.7097463385826774
21
-3.9097766929133857
0
LINE
8
BLACK
6
CONTINUOUS
10
4.7097463385826774
20
-3.9097766929133857
11
4.7105375196850394
21
-3.9127294488188977
0
LINE
8
BLACK
6
CONTINUOUS
10
4.7105375196850394
20
-3.9127294488188977
11
4.7105375196850394
21
-3.9717845669291338
0
LINE
8
BLACK
6
CONTINUOUS
10
4.7105375196850394
20
-3.9717845669291338
11
4.7105339763779526
21
-3.9717976377952753
0
LINE
8
BLACK
6
CONTINUOUS
10
4.7105339763779526
20
-3.9717976377952753
11
4.7105374803149607
21
-3.9718108661417322
0
LINE
8
BLACK
6
CONTINUOUS
10
4.7105374803149607
20
-3.9718108661417322
11
4.7101376771653545
21
-3.9732766535433068
0
LINE
8
BLACK
6
CONTINUOUS
10
4.7101376771653545
20
-3.9732766535433068
11
4.7097463385826774
21
-3.9747373228346454
0
LINE
8
BLACK
6
CONTINUOUS
10
4.7097463385826774
20
-3.9747373228346454
11
4.7097367322834645
21
-3.9747468897637797
0
LINE
8
BLACK
6
CONTINUOUS
10
4.7097367322834645
20
-3.9747468897637797
11
4.7097331496062989
21
-3.9747600787401574
0
LINE
8
BLACK
6
CONTINUOUS
10
4.7097331496062989
20
-3.9747600787401574
11
4.7086542125984252
21
-3.9758294094488189
0
LINE
8
BLACK
6
CONTINUOUS
10
4.7086542125984252
20
-3.9758294094488189
11
4.7075847637795274
21
-3.976898897637795
0
LINE
8
BLACK
6
CONTINUOUS
10
4.7075847637795274
20
-3.976898897637795
11
4.7075716141732284
21
-3.9769024015748031
0
LINE
8
BLACK
6
CONTINUOUS
10
4.7075716141732284
20
-3.9769024015748031
11
4.7075619685039367
21
-3.9769120078740157
0
LINE
8
BLACK
6
CONTINUOUS
10
4.7075619685039367
20
-3.9769120078740157
11
4.7060925984251964
21
-3.9772987007874017
0
LINE
8
BLACK
6
CONTINUOUS
10
4.7060925984251964
20
-3.9772987007874017
11
4.7046320078740154
21
-3.9776900787401575
0
LINE
8
BLACK
6
CONTINUOUS
10
4.7046320078740154
20
-3.9776900787401575
11
4.7046188976377952
21
-3.9776865354330706
0
LINE
8
BLACK
6
CONTINUOUS
10
4.7046188976377952
20
-3.9776865354330706
11
4.7046057086614175
21
-3.9776900393700787
0
LINE
8
BLACK
6
CONTINUOUS
10
4.7046057086614175
20
-3.9776900393700787
11
4.7031398818897641
21
-3.9772902362204725
0
LINE
8
BLACK
6
CONTINUOUS
10
4.7031398818897641
20
-3.9772902362204725
11
4.7016792519685042
21
-3.976898897637795
0
LINE
8
BLACK
6
CONTINUOUS
10
4.7016792519685042
20
-3.976898897637795
11
4.7016696456692912
21
-3.9768892913385825
0
LINE
8
BLACK
6
CONTINUOUS
10
4.7016696456692912
20
-3.9768892913385825
11
4.7016564960629923
21
-3.9768857086614173
0
LINE
8
BLACK
6
CONTINUOUS
10
4.7016564960629923
20
-3.9768857086614173
11
4.7005893307086613
21
-3.9758089763779525
0
LINE
8
BLACK
6
CONTINUOUS
10
4.7005893307086613
20
-3.9758089763779525
11
4.6995176771653542
21
-3.9747373228346454
0
LINE
8
BLACK
6
CONTINUOUS
10
4.6995176771653542
20
-3.9747373228346454
11
4.6995141338582673
21
-3.9747241338582677
0
LINE
8
BLACK
6
CONTINUOUS
10
4.6995141338582673
20
-3.9747241338582677
11
4.6995046062992127
21
-3.9747145275590552
0
LINE
8
BLACK
6
CONTINUOUS
10
4.6995046062992127
20
-3.9747145275590552
11
4.6767917322834647
21
-3.9349669685039368
0
LINE
8
BLACK
6
CONTINUOUS
10
4.6767917322834647
20
-3.9349669685039368
11
4.6767917322834647
21
-3.9717845669291338
0
LINE
8
BLACK
6
CONTINUOUS
10
4.6767917322834647
20
-3.9717845669291338
11
4.6760005511811027
21
-3.9747373228346454
0
LINE
8
BLACK
6
CONTINUOUS
10
4.6760005511811027
20
-3.9747373228346454
11
4.6738389763779526
21
-3.976898897637795
0
LINE
8
BLACK
6
CONTINUOUS
10
4.6738389763779526
20
-3.976898897637795
11
4.6708862204724406
21
-3.9776900787401575
0
LINE
8
BLACK
6
CONTINUOUS
10
4.6708862204724406
20
-3.9776900787401575
11
4.6679334645669286
21
-3.976898897637795
0
LINE
8
BLACK
6
CONTINUOUS
10
4.6679334645669286
20
-3.976898897637795
11
4.6657718897637794
21
-3.9747373228346454
0
LINE
8
BLACK
6
CONTINUOUS
10
4.6657718897637794
20
-3.9747373228346454
11
4.6649807086614175
21
-3.9717845669291338
0
LINE
8
BLACK
6
CONTINUOUS
10
4.6649807086614175
20
-3.9717845669291338
11
4.6649807086614175
21
-3.9127294488188977
0
LINE
8
BLACK
6
CONTINUOUS
10
4.6649807086614175
20
-3.9127294488188977
11
4.6649842125984247
21
-3.9127163385826771
0
LINE
8
BLACK
6
CONTINUOUS
10
4.6649842125984247
20
-3.9127163385826771
11
4.6649807480314962
21
-3.9127031496062989
0
LINE
8
BLACK
6
CONTINUOUS
10
4.6649807480314962
20
-3.9127031496062989
11
4.6653805118110236
21
-3.9112373228346455
0
LINE
8
BLACK
6
CONTINUOUS
10
4.6653805118110236
20
-3.9112373228346455
11
4.6657718897637794
21
-3.9097766929133857
0
LINE
8
BLACK
6
CONTINUOUS
10
4.6657718897637794
20
-3.9097766929133857
11
4.6657814566929137
21
-3.9097670866141732
0
LINE
8
BLACK
6
CONTINUOUS
10
4.6657814566929137
20
-3.9097670866141732
11
4.6657850787401571
21
-3.9097539370078738
0
LINE
8
BLACK
6
CONTINUOUS
10
4.6657850787401571
20
-3.9097539370078738
11
4.6668617716535428
21
-3.9086867716535432
0
LINE
8
BLACK
6
CONTINUOUS
10
4.6668617716535428
20
-3.9086867716535432
11
4.6679334645669286
21
-3.9076151181102361
0
LINE
8
BLACK
6
CONTINUOUS
10
4.6679334645669286
20
-3.9076151181102361
11
4.6679466141732284
21
-3.9076115748031497
0
LINE
8
BLACK
6
CONTINUOUS
10
4.6679466141732284
20
-3.9076115748031497
11
4.6679562598425193
21
-3.9076020472440942
0
LINE
8
BLACK
6
CONTINUOUS
10
4.6679562598425193
20
-3.9076020472440942
11
4.6694214173228348
21
-3.9072164173228345
0
LINE
8
BLACK
6
CONTINUOUS
10
4.6694214173228348
20
-3.9072164173228345
11
4.6708862204724406
21
-3.9068239370078741
0
LINE
8
BLACK
6
CONTINUOUS
10
4.6708862204724406
20
-3.9068239370078741
11
4.6708992913385829
21
-3.9068274409448818
0
LINE
8
BLACK
6
CONTINUOUS
10
4.6708992913385829
20
-3.9068274409448818
11
4.6709125196850394
21
-3.9068239763779529
0
LINE
8
BLACK
6
CONTINUOUS
10
4.6709125196850394
20
-3.9068239763779529
11
4.6723783070866141
21
-3.9072237401574803
0
LINE
8
BLACK
6
CONTINUOUS
10
4.6723783070866141
20
-3.9072237401574803
11
4.6738389763779526
21
-3.9076151181102361
0
LINE
8
BLACK
6
CONTINUOUS
10
4.6738389763779526
20
-3.9076151181102361
11
4.6738485433070869
21
-3.9076246850393699
0
LINE
8
BLACK
6
CONTINUOUS
10
4.6738485433070869
20
-3.9076246850393699
11
4.6738617322834646
21
-3.9076283070866142
0
LINE
8
BLACK
6
CONTINUOUS
10
4.6738617322834646
20
-3.9076283070866142
11
4.6749288582677169
21
-3.9087049999999999
0
LINE
8
BLACK
6
CONTINUOUS
10
4.6749288582677169
20
-3.9087049999999999
11
4.6760005511811027
21
-3.9097766929133857
0
LINE
8
BLACK
6
CONTINUOUS
10
4.6760005511811027
20
-3.9097766929133857
11
4.6760040551181099
21
-3.9097898425196851
0
LINE
8
BLACK
6
CONTINUOUS
10
4.6760040551181099
20
-3.9097898425196851
11
4.6760136220472441
21
-3.9097994881889764
0
LINE
8
BLACK
6
CONTINUOUS
10
4.6760136220472441
20
-3.9097994881889764
11
4.6987264960629922
21
-3.9495469291338581
0
LINE
8
BLACK
6
CONTINUOUS
10
4.6987264960629922
20
-3.9495469291338581
11
4.6987264960629922
21
-3.9127294488188977
0
LINE
8
BLACK
6
CONTINUOUS
10
4.6987264960629922
20
-3.9127294488188977
11
4.6995176771653542
21
-3.9097766929133857
0
LINE
8
BLACK
6
CONTINUOUS
10
4.6995176771653542
20
-3.9097766929133857
11
4.7016792519685042
21
-3.9076151181102361
0
LINE
8
BLACK
6
CONTINUOUS
10
4.7016792519685042
20
-3.9076151181102361
11
4.7046320078740154
21
-3.9068239370078741
0
LINE
8
BLACK
6
CONTINUOUS
10
4.7046320078740154
20
-3.9068239370078741
11
4.7075847637795274
21
-3.9076151181102361
0
LINE
8
BLACK
6
CONTINUOUS
10
4.7477326771653541
20
-3.90707
11
4.7486817322834645
21
-3.9071270078740157
0
LINE
8
BLACK
6
CONTINUOUS
10
4.7486817322834645
20
-3.9071270078740157
11
4.7571181889763778
21
-3.9099391338582676
0
LINE
8
BLACK
6
CONTINUOUS
10
4.7571181889763778
20
-3.9099391338582676
11
4.7582510629921257
21
-3.9106871259842517
0
LINE
8
BLACK
6
CONTINUOUS
10
4.7582510629921257
20
-3.9106871259842517
11
4.7594265354330707
21
-3.9113657874015746
0
LINE
8
BLACK
6
CONTINUOUS
10
4.7594265354330707
20
-3.9113657874015746
11
4.7650508267716534
21
-3.9169900787401573
0
LINE
8
BLACK
6
CONTINUOUS
10
4.7650508267716534
20
-3.9169900787401573
11
4.7655262204724407
21
-3.9178135039370079
0
LINE
8
BLACK
6
CONTINUOUS
10
4.7655262204724407
20
-3.9178135039370079
11
4.7661570472440946
21
-3.9185248818897636
0
LINE
8
BLACK
6
CONTINUOUS
10
4.7661570472440946
20
-3.9185248818897636
11
4.7689692125984253
21
-3.9241491338582675
0
LINE
8
BLACK
6
CONTINUOUS
10
4.7689692125984253
20
-3.9241491338582675
11
4.7690999212598424
21
-3.9247879527559055
0
LINE
8
BLACK
6
CONTINUOUS
10
4.7690999212598424
20
-3.9247879527559055
11
4.7694163385826771
21
-3.9253579133858265
0
LINE
8
BLACK
6
CONTINUOUS
10
4.7694163385826771
20
-3.9253579133858265
11
4.7722284645669291
21
-3.9366064960629918
0
LINE
8
BLACK
6
CONTINUOUS
10
4.7722284645669291
20
-3.9366064960629918
11
4.7722161811023618
21
-3.9373349212598425
0
LINE
8
BLACK
6
CONTINUOUS
10
4.7722161811023618
20
-3.9373349212598425
11
4.7724048031496062
21
-3.9380387795275591
0
LINE
8
BLACK
6
CONTINUOUS
10
4.7724048031496062
20
-3.9380387795275591
11
4.7724048031496062
21
-3.9464752362204725
0
LINE
8
BLACK
6
CONTINUOUS
10
4.7724048031496062
20
-3.9464752362204725
11
4.7722161811023618
21
-3.9471790551181103
0
LINE
8
BLACK
6
CONTINUOUS
10
4.7722161811023618
20
-3.9471790551181103
11
4.7722284645669291
21
-3.9479075196850393
0
LINE
8
BLACK
6
CONTINUOUS
10
4.7722284645669291
20
-3.9479075196850393
11
4.7694163385826771
21
-3.9591561023622046
0
LINE
8
BLACK
6
CONTINUOUS
10
4.7694163385826771
20
-3.9591561023622046
11
4.7690999212598424
21
-3.9597260236220473
0
LINE
8
BLACK
6
CONTINUOUS
10
4.7690999212598424
20
-3.9597260236220473
11
4.7689692125984253
21
-3.9603648818897637
0
LINE
8
BLACK
6
CONTINUOUS
10
4.7689692125984253
20
-3.9603648818897637
11
4.7661570472440946
21
-3.9659891338582676
0
LINE
8
BLACK
6
CONTINUOUS
10
4.7661570472440946
20
-3.9659891338582676
11
4.7655262204724407
21
-3.9667005118110237
0
LINE
8
BLACK
6
CONTINUOUS
10
4.7655262204724407
20
-3.9667005118110237
11
4.7650508267716534
21
-3.9675239370078739
0
LINE
8
BLACK
6
CONTINUOUS
10
4.7650508267716534
20
-3.9675239370078739
11
4.7594265354330707
21
-3.9731482677165353
0
LINE
8
BLACK
6
CONTINUOUS
10
4.7594265354330707
20
-3.9731482677165353
11
4.7582510629921257
21
-3.9738268897637794
0
LINE
8
BLACK
6
CONTINUOUS
10
4.7582510629921257
20
-3.9738268897637794
11
4.7571181889763778
21
-3.9745749212598422
0
LINE
8
BLACK
6
CONTINUOUS
10
4.7571181889763778
20
-3.9745749212598422
11
4.7486817322834645
21
-3.9773870472440942
0
LINE
8
BLACK
6
CONTINUOUS
10
4.7486817322834645
20
-3.9773870472440942
11
4.7477325590551178
21
-3.9774440157480315
0
LINE
8
BLACK
6
CONTINUOUS
10
4.7477325590551178
20
-3.9774440157480315
11
4.7468142519685035
21
-3.9776900787401575
0
LINE
8
BLACK
6
CONTINUOUS
10
4.7468142519685035
20
-3.9776900787401575
11
4.7327535039370074
21
-3.9776900787401575
0
LINE
8
BLACK
6
CONTINUOUS
10
4.7327535039370074
20
-3.9776900787401575
11
4.7298007480314963
21
-3.976898897637795
0
LINE
8
BLACK
6
CONTINUOUS
10
4.7298007480314963
20
-3.976898897637795
11
4.7276391732283463
21
-3.9747373228346454
0
LINE
8
BLACK
6
CONTINUOUS
10
4.7276391732283463
20
-3.9747373228346454
11
4.7268479921259843
21
-3.9717845669291338
0
LINE
8
BLACK
6
CONTINUOUS
10
4.7268479921259843
20
-3.9717845669291338
11
4.7268479921259843
21
-3.9127294488188977
0
LINE
8
BLACK
6
CONTINUOUS
10
4.7268479921259843
20
-3.9127294488188977
11
4.7276391732283463
21
-3.9097766929133857
0
LINE
8
BLACK
6
CONTINUOUS
10
4.7276391732283463
20
-3.9097766929133857
11
4.7298007480314963
21
-3.9076151181102361
0
LINE
8
BLACK
6
CONTINUOUS
10
4.7298007480314963
20
-3.9076151181102361
11
4.7327535039370074
21
-3.9068239370078741
0
LINE
8
BLACK
6
CONTINUOUS
10
4.7327535039370074
20
-3.9068239370078741
11
4.7468142519685035
21
-3.9068239370078741
0
LINE
8
BLACK
6
CONTINUOUS
10
4.7468142519685035
20
-3.9068239370078741
11
4.7477326771653541
21
-3.90707
0
LINE
8
BLACK
6
CONTINUOUS
10
4.7386590157480315
20
-3.9658790551181102
11
4.7458558661417323
21
-3.9658790551181102
0
LINE
8
BLACK
6
CONTINUOUS
10
4.7458558661417323
20
-3.9658790551181102
11
4.7520606692913381
21
-3.9638107874015747
0
LINE
8
BLACK
6
CONTINUOUS
10
4.7520606692913381
20
-3.9638107874015747
11
4.7560215354330708
21
-3.9598499212598424
0
LINE
8
BLACK
6
CONTINUOUS
10
4.7560215354330708
20
-3.9598499212598424
11
4.7581151968503939
21
-3.9556625196850392
0
LINE
8
BLACK
6
CONTINUOUS
10
4.7581151968503939
20
-3.9556625196850392
11
4.760593779527559
21
-3.9457483070866139
0
LINE
8
BLACK
6
CONTINUOUS
10
4.760593779527559
20
-3.9457483070866139
11
4.760593779527559
21
-3.9387656692913384
0
LINE
8
BLACK
6
CONTINUOUS
10
4.760593779527559
20
-3.9387656692913384
11
4.7581151968503939
21
-3.9288514566929131
0
LINE
8
BLACK
6
CONTINUOUS
10
4.7581151968503939
20
-3.9288514566929131
11
4.7560215354330708
21
-3.9246640944881888
0
LINE
8
BLACK
6
CONTINUOUS
10
4.7560215354330708
20
-3.9246640944881888
11
4.7520606299212593
21
-3.9207031889763777
0
LINE
8
BLACK
6
CONTINUOUS
10
4.7520606299212593
20
-3.9207031889763777
11
4.7458559842519685
21
-3.9186349606299213
0
LINE
8
BLACK
6
CONTINUOUS
10
4.7458559842519685
20
-3.9186349606299213
11
4.7386590157480315
21
-3.9186349606299213
0
LINE
8
BLACK
6
CONTINUOUS
10
4.7386590157480315
20
-3.9186349606299213
11
4.7386590157480315
21
-3.9658790551181102
0
LINE
8
BLACK
6
CONTINUOUS
10
4.6384515354330711
20
-3.7170177559055118
11
4.6397814960629917
21
-3.7172899212598423
0
LINE
8
BLACK
6
CONTINUOUS
10
4.6397814960629917
20
-3.7172899212598423
11
4.6454057874015744
21
-3.720102086614173
0
LINE
8
BLACK
6
CONTINUOUS
10
4.6454057874015744
20
-3.720102086614173
11
4.6476929921259842
21
-3.7221302755905512
0
LINE
8
BLACK
6
CONTINUOUS
10
4.6476929921259842
20
-3.7221302755905512
11
4.6486596850393695
21
-3.7250303149606299
0
LINE
8
BLACK
6
CONTINUOUS
10
4.6486596850393695
20
-3.7250303149606299
11
4.6480468110236224
21
-3.7280251574803147
0
LINE
8
BLACK
6
CONTINUOUS
10
4.6480468110236224
20
-3.7280251574803147
11
4.6460186220472437
21
-3.7303123622047245
0
LINE
8
BLACK
6
CONTINUOUS
10
4.6460186220472437
20
-3.7303123622047245
11
4.6431185826771655
21
-3.7312790551181103
0
LINE
8
BLACK
6
CONTINUOUS
10
4.6431185826771655
20
-3.7312790551181103
11
4.6401237007874014
21
-3.7306661811023623
0
LINE
8
BLACK
6
CONTINUOUS
10
4.6401237007874014
20
-3.7306661811023623
11
4.6357463779527555
21
-3.7284774803149605
0
LINE
8
BLACK
6
CONTINUOUS
10
4.6357463779527555
20
-3.7284774803149605
11
4.6296624015748034
21
-3.7284774803149605
0
LINE
8
BLACK
6
CONTINUOUS
10
4.6296624015748034
20
-3.7284774803149605
11
4.6234575984251967
21
-3.7305457086614173
0
LINE
8
BLACK
6
CONTINUOUS
10
4.6234575984251967
20
-3.7305457086614173
11
4.6194967322834648
21
-3.7345065748031496
0
LINE
8
BLACK
6
CONTINUOUS
10
4.6194967322834648
20
-3.7345065748031496
11
4.6174029921259843
21
-3.7386939763779528
0
LINE
8
BLACK
6
CONTINUOUS
10
4.6174029921259843
20
-3.7386939763779528
11
4.6149244881889766
21
-3.748608188976378
0
LINE
8
BLACK
6
CONTINUOUS
10
4.6149244881889766
20
-3.748608188976378
11
4.6149244881889766
21
-3.7555908267716536
0
LINE
8
BLACK
6
CONTINUOUS
10
4.6149244881889766
20
-3.7555908267716536
11
4.6174029921259843
21
-3.7655050393700789
0
LINE
8
BLACK
6
CONTINUOUS
10
4.6174029921259843
20
-3.7655050393700789
11
4.6194967322834648
21
-3.769692440944882
0
LINE
8
BLACK
6
CONTINUOUS
10
4.6194967322834648
20
-3.769692440944882
11
4.6234575590551179
21
-3.7736533070866143
0
LINE
8
BLACK
6
CONTINUOUS
10
4.6234575590551179
20
-3.7736533070866143
11
4.6296624015748034
21
-3.7757215748031494
0
LINE
8
BLACK
6
CONTINUOUS
10
4.6296624015748034
20
-3.7757215748031494
11
4.6333699212598427
21
-3.7757215748031494
0
LINE
8
BLACK
6
CONTINUOUS
10
4.6333699212598427
20
-3.7757215748031494
11
4.6395747244094485
21
-3.7736533070866143
0
LINE
8
BLACK
6
CONTINUOUS
10
4.6395747244094485
20
-3.7736533070866143
11
4.6396713779527561
21
-3.7735566535433072
0
LINE
8
BLACK
6
CONTINUOUS
10
4.6396713779527561
20
-3.7735566535433072
11
4.6396713779527561
21
-3.7622232677165353
0
LINE
8
BLACK
6
CONTINUOUS
10
4.6396713779527561
20
-3.7622232677165353
11
4.6343283070866139
21
-3.7622232677165353
0
LINE
8
BLACK
6
CONTINUOUS
10
4.6343283070866139
20
-3.7622232677165353
11
4.6313755511811019
21
-3.7614320866141733
0
LINE
8
BLACK
6
CONTINUOUS
10
4.6313755511811019
20
-3.7614320866141733
11
4.6292139763779527
21
-3.7592705118110237
0
LINE
8
BLACK
6
CONTINUOUS
10
4.6292139763779527
20
-3.7592705118110237
11
4.6284227952755908
21
-3.7563177559055116
0
LINE
8
BLACK
6
CONTINUOUS
10
4.6284227952755908
20
-3.7563177559055116
11
4.6292139763779527
21
-3.7533650000000001
0
LINE
8
BLACK
6
CONTINUOUS
10
4.6292139763779527
20
-3.7533650000000001
11
4.6313755511811019
21
-3.7512034251968505
0
LINE
8
BLACK
6
CONTINUOUS
10
4.6313755511811019
20
-3.7512034251968505
11
4.6343283070866139
21
-3.750412244094488
0
LINE
8
BLACK
6
CONTINUOUS
10
4.6343283070866139
20
-3.750412244094488
11
4.6455768897637792
21
-3.750412244094488
0
LINE
8
BLACK
6
CONTINUOUS
10
4.6455768897637792
20
-3.750412244094488
11
4.6485296456692913
21
-3.7512034251968505
0
LINE
8
BLACK
6
CONTINUOUS
10
4.6485296456692913
20
-3.7512034251968505
11
4.6506912204724404
21
-3.7533650000000001
0
LINE
8
BLACK
6
CONTINUOUS
10
4.6506912204724404
20
-3.7533650000000001
11
4.6514824015748033
21
-3.7563177559055116
0
LINE
8
BLACK
6
CONTINUOUS
10
4.6514824015748033
20
-3.7563177559055116
11
4.6514824015748033
21
-3.7760027952755904
0
LINE
8
BLACK
6
CONTINUOUS
10
4.6514824015748033
20
-3.7760027952755904
11
4.6512811811023624
21
-3.7767537401574804
0
LINE
8
BLACK
6
CONTINUOUS
10
4.6512811811023624
20
-3.7767537401574804
11
4.6512811811023624
21
-3.7775312204724409
0
LINE
8
BLACK
6
CONTINUOUS
10
4.6512811811023624
20
-3.7775312204724409
11
4.6508924409448822
21
-3.7782044881889765
0
LINE
8
BLACK
6
CONTINUOUS
10
4.6508924409448822
20
-3.7782044881889765
11
4.6506912204724404
21
-3.7789555511811024
0
LINE
8
BLACK
6
CONTINUOUS
10
4.6506912204724404
20
-3.7789555511811024
11
4.6501414566929133
21
-3.7795052755905512
0
LINE
8
BLACK
6
CONTINUOUS
10
4.6501414566929133
20
-3.7795052755905512
11
4.6497527559055118
21
-3.7801785826771654
0
LINE
8
BLACK
6
CONTINUOUS
10
4.6497527559055118
20
-3.7801785826771654
11
4.6469406299212599
21
-3.7829907480314962
0
LINE
8
BLACK
6
CONTINUOUS
10
4.6469406299212599
20
-3.7829907480314962
11
4.6457651181102362
21
-3.783669409448819
0
LINE
8
BLACK
6
CONTINUOUS
10
4.6457651181102362
20
-3.783669409448819
11
4.6446322440944883
21
-3.7844174409448819
0
LINE
8
BLACK
6
CONTINUOUS
10
4.6446322440944883
20
-3.7844174409448819
11
4.6361957874015749
21
-3.7872295669291338
0
LINE
8
BLACK
6
CONTINUOUS
10
4.6361957874015749
20
-3.7872295669291338
11
4.6352466141732283
21
-3.7872865354330707
0
LINE
8
BLACK
6
CONTINUOUS
10
4.6352466141732283
20
-3.7872865354330707
11
4.6343283070866139
21
-3.7875325984251966
0
LINE
8
BLACK
6
CONTINUOUS
10
4.6343283070866139
20
-3.7875325984251966
11
4.6287040157480313
21
-3.7875325984251966
0
LINE
8
BLACK
6
CONTINUOUS
10
4.6287040157480313
20
-3.7875325984251966
11
4.6277856692913382
21
-3.7872865354330707
0
LINE
8
BLACK
6
CONTINUOUS
10
4.6277856692913382
20
-3.7872865354330707
11
4.6268365354330712
21
-3.7872295669291338
0
LINE
8
BLACK
6
CONTINUOUS
10
4.6268365354330712
20
-3.7872295669291338
11
4.6184000787401578
21
-3.7844174409448819
0
LINE
8
BLACK
6
CONTINUOUS
10
4.6184000787401578
20
-3.7844174409448819
11
4.6172672834645665
21
-3.7836694881889761
0
LINE
8
BLACK
6
CONTINUOUS
10
4.6172672834645665
20
-3.7836694881889761
11
4.616091732283464
21
-3.7829907874015749
0
LINE
8
BLACK
6
CONTINUOUS
10
4.616091732283464
20
-3.7829907874015749
11
4.6104674409448814
21
-3.7773664566929135
0
LINE
8
BLACK
6
CONTINUOUS
10
4.6104674409448814
20
-3.7773664566929135
11
4.6099920078740153
21
-3.7765430314960629
0
LINE
8
BLACK
6
CONTINUOUS
10
4.6099920078740153
20
-3.7765430314960629
11
4.609361220472441
21
-3.7758316535433072
0
LINE
8
BLACK
6
CONTINUOUS
10
4.609361220472441
20
-3.7758316535433072
11
4.6065490551181103
21
-3.7702073622047245
0
LINE
8
BLACK
6
CONTINUOUS
10
4.6065490551181103
20
-3.7702073622047245
11
4.6064183070866145
21
-3.7695685826771652
0
LINE
8
BLACK
6
CONTINUOUS
10
4.6064183070866145
20
-3.7695685826771652
11
4.6061019291338585
21
-3.7689986220472442
0
LINE
8
BLACK
6
CONTINUOUS
10
4.6061019291338585
20
-3.7689986220472442
11
4.6032898031496066
21
-3.7577500393700785
0
LINE
8
BLACK
6
CONTINUOUS
10
4.6032898031496066
20
-3.7577500393700785
11
4.6033020472440942
21
-3.7570215748031495
0
LINE
8
BLACK
6
CONTINUOUS
10
4.6033020472440942
20
-3.7570215748031495
11
4.6031134645669294
21
-3.7563177559055116
0
LINE
8
BLACK
6
CONTINUOUS
10
4.6031134645669294
20
-3.7563177559055116
11
4.6031134645669294
21
-3.7478812992125983
0
LINE
8
BLACK
6
CONTINUOUS
10
4.6031134645669294
20
-3.7478812992125983
11
4.6033020472440942
21
-3.7471774409448817
0
LINE
8
BLACK
6
CONTINUOUS
10
4.6033020472440942
20
-3.7471774409448817
11
4.6032898031496066
21
-3.7464490157480315
0
LINE
8
BLACK
6
CONTINUOUS
10
4.6032898031496066
20
-3.7464490157480315
11
4.6061019291338585
21
-3.7352004330708661
0
LINE
8
BLACK
6
CONTINUOUS
10
4.6061019291338585
20
-3.7352004330708661
11
4.6064183070866145
21
-3.734630433070866
0
LINE
8
BLACK
6
CONTINUOUS
10
4.6064183070866145
20
-3.734630433070866
11
4.6065490551181103
21
-3.7339916929133858
0
LINE
8
BLACK
6
CONTINUOUS
10
4.6065490551181103
20
-3.7339916929133858
11
4.609361220472441
21
-3.7283674015748032
0
LINE
8
BLACK
6
CONTINUOUS
10
4.609361220472441
20
-3.7283674015748032
11
4.6099920078740153
21
-3.7276560236220471
0
LINE
8
BLACK
6
CONTINUOUS
10
4.6099920078740153
20
-3.7276560236220471
11
4.6104674409448814
21
-3.7268325984251969
0
LINE
8
BLACK
6
CONTINUOUS
10
4.6104674409448814
20
-3.7268325984251969
11
4.616091732283464
21
-3.7212083070866142
0
LINE
8
BLACK
6
CONTINUOUS
10
4.616091732283464
20
-3.7212083070866142
11
4.6172672834645665
21
-3.7205295669291338
0
LINE
8
BLACK
6
CONTINUOUS
10
4.6172672834645665
20
-3.7205295669291338
11
4.6184000787401578
21
-3.7197816929133856
0
LINE
8
BLACK
6
CONTINUOUS
10
4.6184000787401578
20
-3.7197816929133856
11
4.6268364960629924
21
-3.7169695275590549
0
LINE
8
BLACK
6
CONTINUOUS
10
4.6268364960629924
20
-3.7169695275590549
11
4.6277855511811019
21
-3.7169125196850392
0
LINE
8
BLACK
6
CONTINUOUS
10
4.6277855511811019
20
-3.7169125196850392
11
4.6287040157480313
21
-3.7166664566929133
0
LINE
8
BLACK
6
CONTINUOUS
10
4.6287040157480313
20
-3.7166664566929133
11
4.6371404724409446
21
-3.7166664566929133
0
LINE
8
BLACK
6
CONTINUOUS
10
4.6371404724409446
20
-3.7166664566929133
11
4.6384515354330711
21
-3.7170177559055118
0
LINE
8
BLACK
6
CONTINUOUS
10
4.7075847637795274
20
-3.7174576377952757
11
4.7097463385826774
21
-3.7196192125984253
0
LINE
8
BLACK
6
CONTINUOUS
10
4.7097463385826774
20
-3.7196192125984253
11
4.7105375196850394
21
-3.7225719685039369
0
LINE
8
BLACK
6
CONTINUOUS
10
4.7105375196850394
20
-3.7225719685039369
11
4.7105375196850394
21
-3.781627086614173
0
LINE
8
BLACK
6
CONTINUOUS
10
4.7105375196850394
20
-3.781627086614173
11
4.7105339763779526
21
-3.7816401574803149
0
LINE
8
BLACK
6
CONTINUOUS
10
4.7105339763779526
20
-3.7816401574803149
11
4.7105374803149607
21
-3.7816533858267714
0
LINE
8
BLACK
6
CONTINUOUS
10
4.7105374803149607
20
-3.7816533858267714
11
4.7101376771653545
21
-3.7831191732283465
0
LINE
8
BLACK
6
CONTINUOUS
10
4.7101376771653545
20
-3.7831191732283465
11
4.7097463385826774
21
-3.784579842519685
0
LINE
8
BLACK
6
CONTINUOUS
10
4.7097463385826774
20
-3.784579842519685
11
4.7097367322834645
21
-3.7845894094488188
0
LINE
8
BLACK
6
CONTINUOUS
10
4.7097367322834645
20
-3.7845894094488188
11
4.7097331496062989
21
-3.784602598425197
0
LINE
8
BLACK
6
CONTINUOUS
10
4.7097331496062989
20
-3.784602598425197
11
4.7086542125984252
21
-3.7856719291338581
0
LINE
8
BLACK
6
CONTINUOUS
10
4.7086542125984252
20
-3.7856719291338581
11
4.7075847637795274
21
-3.7867414173228346
0
LINE
8
BLACK
6
CONTINUOUS
10
4.7075847637795274
20
-3.7867414173228346
11
4.7075716141732284
21
-3.7867449212598423
0
LINE
8
BLACK
6
CONTINUOUS
10
4.7075716141732284
20
-3.7867449212598423
11
4.7075619685039367
21
-3.7867545275590548
0
LINE
8
BLACK
6
CONTINUOUS
10
4.7075619685039367
20
-3.7867545275590548
11
4.7060925984251964
21
-3.7871412204724408
0
LINE
8
BLACK
6
CONTINUOUS
10
4.7060925984251964
20
-3.7871412204724408
11
4.7046320078740154
21
-3.7875325984251966
0
LINE
8
BLACK
6
CONTINUOUS
10
4.7046320078740154
20
-3.7875325984251966
11
4.7046188976377952
21
-3.7875290551181102
0
LINE
8
BLACK
6
CONTINUOUS
10
4.7046188976377952
20
-3.7875290551181102
11
4.7046057086614175
21
-3.7875325590551179
0
LINE
8
BLACK
6
CONTINUOUS
10
4.7046057086614175
20
-3.7875325590551179
11
4.7031398818897641
21
-3.7871327559055117
0
LINE
8
BLACK
6
CONTINUOUS
10
4.7031398818897641
20
-3.7871327559055117
11
4.7016792519685042
21
-3.7867414173228346
0
LINE
8
BLACK
6
CONTINUOUS
10
4.7016792519685042
20
-3.7867414173228346
11
4.7016696456692912
21
-3.7867318110236221
0
LINE
8
BLACK
6
CONTINUOUS
10
4.7016696456692912
20
-3.7867318110236221
11
4.7016564960629923
21
-3.7867282283464565
0
LINE
8
BLACK
6
CONTINUOUS
10
4.7016564960629923
20
-3.7867282283464565
11
4.7005893307086613
21
-3.7856514960629921
0
LINE
8
BLACK
6
CONTINUOUS
10
4.7005893307086613
20
-3.7856514960629921
11
4.6995176771653542
21
-3.784579842519685
0
LINE
8
BLACK
6
CONTINUOUS
10
4.6995176771653542
20
-3.784579842519685
11
4.6995141338582673
21
-3.7845666535433069
0
LINE
8
BLACK
6
CONTINUOUS
10
4.6995141338582673
20
-3.7845666535433069
11
4.6995046062992127
21
-3.7845570472440944
0
LINE
8
BLACK
6
CONTINUOUS
10
4.6995046062992127
20
-3.7845570472440944
11
4.6767917322834647
21
-3.7448094881889764
0
LINE
8
BLACK
6
CONTINUOUS
10
4.6767917322834647
20
-3.7448094881889764
11
4.6767917322834647
21
-3.781627086614173
0
LINE
8
BLACK
6
CONTINUOUS
10
4.6767917322834647
20
-3.781627086614173
11
4.6760005511811027
21
-3.784579842519685
0
LINE
8
BLACK
6
CONTINUOUS
10
4.6760005511811027
20
-3.784579842519685
11
4.6738389763779526
21
-3.7867414173228346
0
LINE
8
BLACK
6
CONTINUOUS
10
4.6738389763779526
20
-3.7867414173228346
11
4.6708862204724406
21
-3.7875325984251966
0
LINE
8
BLACK
6
CONTINUOUS
10
4.6708862204724406
20
-3.7875325984251966
11
4.6679334645669286
21
-3.7867414173228346
0
LINE
8
BLACK
6
CONTINUOUS
10
4.6679334645669286
20
-3.7867414173228346
11
4.6657718897637794
21
-3.784579842519685
0
LINE
8
BLACK
6
CONTINUOUS
10
4.6657718897637794
20
-3.784579842519685
11
4.6649807086614175
21
-3.781627086614173
0
LINE
8
BLACK
6
CONTINUOUS
10
4.6649807086614175
20
-3.781627086614173
11
4.6649807086614175
21
-3.7225719685039369
0
LINE
8
BLACK
6
CONTINUOUS
10
4.6649807086614175
20
-3.7225719685039369
11
4.6649842125984247
21
-3.7225588582677163
0
LINE
8
BLACK
6
CONTINUOUS
10
4.6649842125984247
20
-3.7225588582677163
11
4.6649807480314962
21
-3.7225456692913386
0
LINE
8
BLACK
6
CONTINUOUS
10
4.6649807480314962
20
-3.7225456692913386
11
4.6653805118110236
21
-3.7210798425196852
0
LINE
8
BLACK
6
CONTINUOUS
10
4.6653805118110236
20
-3.7210798425196852
11
4.6657718897637794
21
-3.7196192125984253
0
LINE
8
BLACK
6
CONTINUOUS
10
4.6657718897637794
20
-3.7196192125984253
11
4.6657814566929137
21
-3.7196096062992123
0
LINE
8
BLACK
6
CONTINUOUS
10
4.6657814566929137
20
-3.7196096062992123
11
4.6657850787401571
21
-3.7195964566929134
0
LINE
8
BLACK
6
CONTINUOUS
10
4.6657850787401571
20
-3.7195964566929134
11
4.6668617716535428
21
-3.7185292913385828
0
LINE
8
BLACK
6
CONTINUOUS
10
4.6668617716535428
20
-3.7185292913385828
11
4.6679334645669286
21
-3.7174576377952757
0
LINE
8
BLACK
6
CONTINUOUS
10
4.6679334645669286
20
-3.7174576377952757
11
4.6679466141732284
21
-3.7174540944881889
0
LINE
8
BLACK
6
CONTINUOUS
10
4.6679466141732284
20
-3.7174540944881889
11
4.6679562598425193
21
-3.7174445669291338
0
LINE
8
BLACK
6
CONTINUOUS
10
4.6679562598425193
20
-3.7174445669291338
11
4.6694214173228348
21
-3.7170589370078742
0
LINE
8
BLACK
6
CONTINUOUS
10
4.6694214173228348
20
-3.7170589370078742
11
4.6708862204724406
21
-3.7166664566929133
0
LINE
8
BLACK
6
CONTINUOUS
10
4.6708862204724406
20
-3.7166664566929133
11
4.6708992913385829
21
-3.7166699606299214
0
LINE
8
BLACK
6
CONTINUOUS
10
4.6708992913385829
20
-3.7166699606299214
11
4.6709125196850394
21
-3.716666496062992
0
LINE
8
BLACK
6
CONTINUOUS
10
4.6709125196850394
20
-3.716666496062992
11
4.6723783070866141
21
-3.7170662598425195
0
LINE
8
BLACK
6
CONTINUOUS
10
4.6723783070866141
20
-3.7170662598425195
11
4.6738389763779526
21
-3.7174576377952757
0
LINE
8
BLACK
6
CONTINUOUS
10
4.6738389763779526
20
-3.7174576377952757
11
4.6738485433070869
21
-3.7174672047244095
0
LINE
8
BLACK
6
CONTINUOUS
10
4.6738485433070869
20
-3.7174672047244095
11
4.6738617322834646
21
-3.7174708267716534
0
LINE
8
BLACK
6
CONTINUOUS
10
4.6738617322834646
20
-3.7174708267716534
11
4.6749288582677169
21
-3.7185475196850395
0
LINE
8
BLACK
6
CONTINUOUS
10
4.6749288582677169
20
-3.7185475196850395
11
4.6760005511811027
21
-3.7196192125984253
0
LINE
8
BLACK
6
CONTINUOUS
10
4.6760005511811027
20
-3.7196192125984253
11
4.6760040551181099
21
-3.7196323622047243
0
LINE
8
BLACK
6
CONTINUOUS
10
4.6760040551181099
20
-3.7196323622047243
11
4.6760136220472441
21
-3.7196420078740156
0
LINE
8
BLACK
6
CONTINUOUS
10
4.6760136220472441
20
-3.7196420078740156
11
4.6987264960629922
21
-3.7593894488188977
0
LINE
8
BLACK
6
CONTINUOUS
10
4.6987264960629922
20
-3.7593894488188977
11
4.6987264960629922
21
-3.7225719685039369
0
LINE
8
BLACK
6
CONTINUOUS
10
4.6987264960629922
20
-3.7225719685039369
11
4.6995176771653542
21
-3.7196192125984253
0
LINE
8
BLACK
6
CONTINUOUS
10
4.6995176771653542
20
-3.7196192125984253
11
4.7016792519685042
21
-3.7174576377952757
0
LINE
8
BLACK
6
CONTINUOUS
10
4.7016792519685042
20
-3.7174576377952757
11
4.7046320078740154
21
-3.7166664566929133
0
LINE
8
BLACK
6
CONTINUOUS
10
4.7046320078740154
20
-3.7166664566929133
11
4.7075847637795274
21
-3.7174576377952757
0
LINE
8
BLACK
6
CONTINUOUS
10
4.7477326771653541
20
-3.7169125196850392
11
4.7486817322834645
21
-3.7169695275590549
0
LINE
8
BLACK
6
CONTINUOUS
10
4.7486817322834645
20
-3.7169695275590549
11
4.7571181889763778
21
-3.7197816535433068
0
LINE
8
BLACK
6
CONTINUOUS
10
4.7571181889763778
20
-3.7197816535433068
11
4.7582510629921257
21
-3.7205296456692913
0
LINE
8
BLACK
6
CONTINUOUS
10
4.7582510629921257
20
-3.7205296456692913
11
4.7594265354330707
21
-3.7212083070866142
0
LINE
8
BLACK
6
CONTINUOUS
10
4.7594265354330707
20
-3.7212083070866142
11
4.7650508267716534
21
-3.7268325984251969
0
LINE
8
BLACK
6
CONTINUOUS
10
4.7650508267716534
20
-3.7268325984251969
11
4.7655262204724407
21
-3.7276560236220471
0
LINE
8
BLACK
6
CONTINUOUS
10
4.7655262204724407
20
-3.7276560236220471
11
4.7661570472440946
21
-3.7283674015748032
0
LINE
8
BLACK
6
CONTINUOUS
10
4.7661570472440946
20
-3.7283674015748032
11
4.7689692125984253
21
-3.7339916535433071
0
LINE
8
BLACK
6
CONTINUOUS
10
4.7689692125984253
20
-3.7339916535433071
11
4.7690999212598424
21
-3.7346304724409447
0
LINE
8
BLACK
6
CONTINUOUS
10
4.7690999212598424
20
-3.7346304724409447
11
4.7694163385826771
21
-3.7352004330708661
0
LINE
8
BLACK
6
CONTINUOUS
10
4.7694163385826771
20
-3.7352004330708661
11
4.7722284645669291
21
-3.7464490157480315
0
LINE
8
BLACK
6
CONTINUOUS
10
4.7722284645669291
20
-3.7464490157480315
11
4.7722161811023618
21
-3.7471774409448817
0
LINE
8
BLACK
6
CONTINUOUS
10
4.7722161811023618
20
-3.7471774409448817
11
4.7724048031496062
21
-3.7478812992125983
0
LINE
8
BLACK
6
CONTINUOUS
10
4.7724048031496062
20
-3.7478812992125983
11
4.7724048031496062
21
-3.7563177559055116
0
LINE
8
BLACK
6
CONTINUOUS
10
4.7724048031496062
20
-3.7563177559055116
11
4.7722161811023618
21
-3.7570215748031495
0
LINE
8
BLACK
6
CONTINUOUS
10
4.7722161811023618
20
-3.7570215748031495
11
4.7722284645669291
21
-3.7577500393700785
0
LINE
8
BLACK
6
CONTINUOUS
10
4.7722284645669291
20
-3.7577500393700785
11
4.7694163385826771
21
-3.7689986220472442
0
LINE
8
BLACK
6
CONTINUOUS
10
4.7694163385826771
20
-3.7689986220472442
11
4.7690999212598424
21
-3.7695685433070865
0
LINE
8
BLACK
6
CONTINUOUS
10
4.7690999212598424
20
-3.7695685433070865
11
4.7689692125984253
21
-3.7702074015748033
0
LINE
8
BLACK
6
CONTINUOUS
10
4.7689692125984253
20
-3.7702074015748033
11
4.7661570472440946
21
-3.7758316535433072
0
LINE
8
BLACK
6
CONTINUOUS
10
4.7661570472440946
20
-3.7758316535433072
11
4.7655262204724407
21
-3.7765430314960629
0
LINE
8
BLACK
6
CONTINUOUS
10
4.7655262204724407
20
-3.7765430314960629
11
4.7650508267716534
21
-3.7773664566929135
0
LINE
8
BLACK
6
CONTINUOUS
10
4.7650508267716534
20
-3.7773664566929135
11
4.7594265354330707
21
-3.7829907874015749
0
LINE
8
BLACK
6
CONTINUOUS
10
4.7594265354330707
20
-3.7829907874015749
11
4.7582510629921257
21
-3.783669409448819
0
LINE
8
BLACK
6
CONTINUOUS
10
4.7582510629921257
20
-3.783669409448819
11
4.7571181889763778
21
-3.7844174409448819
0
LINE
8
BLACK
6
CONTINUOUS
10
4.7571181889763778
20
-3.7844174409448819
11
4.7486817322834645
21
-3.7872295669291338
0
LINE
8
BLACK
6
CONTINUOUS
10
4.7486817322834645
20
-3.7872295669291338
11
4.7477325590551178
21
-3.7872865354330707
0
LINE
8
BLACK
6
CONTINUOUS
10
4.7477325590551178
20
-3.7872865354330707
11
4.7468142519685035
21
-3.7875325984251966
0
LINE
8
BLACK
6
CONTINUOUS
10
4.7468142519685035
20
-3.7875325984251966
11
4.7327535039370074
21
-3.7875325984251966
0
LINE
8
BLACK
6
CONTINUOUS
10
4.7327535039370074
20
-3.7875325984251966
11
4.7298007480314963
21
-3.7867414173228346
0
LINE
8
BLACK
6
CONTINUOUS
10
4.7298007480314963
20
-3.7867414173228346
11
4.7276391732283463
21
-3.784579842519685
0
LINE
8
BLACK
6
CONTINUOUS
10
4.7276391732283463
20
-3.784579842519685
11
4.7268479921259843
21
-3.781627086614173
0
LINE
8
BLACK
6
CONTINUOUS
10
4.7268479921259843
20
-3.781627086614173
11
4.7268479921259843
21
-3.7225719685039369
0
LINE
8
BLACK
6
CONTINUOUS
10
4.7268479921259843
20
-3.7225719685039369
11
4.7276391732283463
21
-3.7196192125984253
0
LINE
8
BLACK
6
CONTINUOUS
10
4.7276391732283463
20
-3.7196192125984253
11
4.7298007480314963
21
-3.7174576377952757
0
LINE
8
BLACK
6
CONTINUOUS
10
4.7298007480314963
20
-3.7174576377952757
11
4.7327535039370074
21
-3.7166664566929133
0
LINE
8
BLACK
6
CONTINUOUS
10
4.7327535039370074
20
-3.7166664566929133
11
4.7468142519685035
21
-3.7166664566929133
0
LINE
8
BLACK
6
CONTINUOUS
10
4.7468142519685035
20
-3.7166664566929133
11
4.7477326771653541
21
-3.7169125196850392
0
LINE
8
BLACK
6
CONTINUOUS
10
4.7386590157480315
20
-3.7757215748031494
11
4.7458558661417323
21
-3.7757215748031494
0
LINE
8
BLACK
6
CONTINUOUS
10
4.7458558661417323
20
-3.7757215748031494
11
4.7520606692913381
21
-3.7736533070866143
0
LINE
8
BLACK
6
CONTINUOUS
10
4.7520606692913381
20
-3.7736533070866143
11
4.7560215354330708
21
-3.769692440944882
0
LINE
8
BLACK
6
CONTINUOUS
10
4.7560215354330708
20
-3.769692440944882
11
4.7581151968503939
21
-3.7655050393700789
0
LINE
8
BLACK
6
CONTINUOUS
10
4.7581151968503939
20
-3.7655050393700789
11
4.760593779527559
21
-3.7555908267716536
0
LINE
8
BLACK
6
CONTINUOUS
10
4.760593779527559
20
-3.7555908267716536
11
4.760593779527559
21
-3.748608188976378
0
LINE
8
BLACK
6
CONTINUOUS
10
4.760593779527559
20
-3.748608188976378
11
4.7581151968503939
21
-3.7386939763779528
0
LINE
8
BLACK
6
CONTINUOUS
10
4.7581151968503939
20
-3.7386939763779528
11
4.7560215354330708
21
-3.7345066141732284
0
LINE
8
BLACK
6
CONTINUOUS
10
4.7560215354330708
20
-3.7345066141732284
11
4.7520606299212593
21
-3.7305457086614173
0
LINE
8
BLACK
6
CONTINUOUS
10
4.7520606299212593
20
-3.7305457086614173
11
4.7458559842519685
21
-3.7284774803149605
0
LINE
8
BLACK
6
CONTINUOUS
10
4.7458559842519685
20
-3.7284774803149605
11
4.7386590157480315
21
-3.7284774803149605
0
LINE
8
BLACK
6
CONTINUOUS
10
4.7386590157480315
20
-3.7284774803149605
11
4.7386590157480315
21
-3.7757215748031494
0
LINE
8
BLACK
6
CONTINUOUS
10
4.6356393700787404
20
-3.5268602755905509
11
4.636969330708661
21
-3.5271324409448819
0
LINE
8
BLACK
6
CONTINUOUS
10
4.636969330708661
20
-3.5271324409448819
11
4.6425936220472437
21
-3.5299446062992126
0
LINE
8
BLACK
6
CONTINUOUS
10
4.6425936220472437
20
-3.5299446062992126
11
4.643304960629921
21
-3.5305753937007873
0
LINE
8
BLACK
6
CONTINUOUS
10
4.643304960629921
20
-3.5305753937007873
11
4.6441284251968504
21
-3.5310508267716534
0
LINE
8
BLACK
6
CONTINUOUS
10
4.6441284251968504
20
-3.5310508267716534
11
4.6497527165354331
21
-3.536675118110236
0
LINE
8
BLACK
6
CONTINUOUS
10
4.6497527165354331
20
-3.536675118110236
11
4.6497783464566931
21
-3.5367195275590548
0
LINE
8
BLACK
6
CONTINUOUS
10
4.6497783464566931
20
-3.5367195275590548
11
4.6498223622047243
21
-3.5367459448818899
0
LINE
8
BLACK
6
CONTINUOUS
10
4.6498223622047243
20
-3.5367459448818899
11
4.6505407874015745
21
-3.5380401181102363
0
LINE
8
BLACK
6
CONTINUOUS
10
4.6505407874015745
20
-3.5380401181102363
11
4.6512811811023624
21
-3.5393224803149606
0
LINE
8
BLACK
6
CONTINUOUS
10
4.6512811811023624
20
-3.5393224803149606
11
4.6512811811023624
21
-3.5393737795275588
0
LINE
8
BLACK
6
CONTINUOUS
10
4.6512811811023624
20
-3.5393737795275588
11
4.6513060629921261
21
-3.5394186220472439
0
LINE
8
BLACK
6
CONTINUOUS
10
4.6513060629921261
20
-3.5394186220472439
11
4.6541182283464568
21
-3.5506672047244092
0
LINE
8
BLACK
6
CONTINUOUS
10
4.6541182283464568
20
-3.5506672047244092
11
4.6541059448818896
21
-3.5513957086614174
0
LINE
8
BLACK
6
CONTINUOUS
10
4.6541059448818896
20
-3.5513957086614174
11
4.654294566929134
21
-3.5520995275590552
0
LINE
8
BLACK
6
CONTINUOUS
10
4.654294566929134
20
-3.5520995275590552
11
4.654294566929134
21
-3.5717845669291339
0
LINE
8
BLACK
6
CONTINUOUS
10
4.654294566929134
20
-3.5717845669291339
11
4.6541059448818896
21
-3.572488346456693
0
LINE
8
BLACK
6
CONTINUOUS
10
4.6541059448818896
20
-3.572488346456693
11
4.6541182283464568
21
-3.5732168897637795
0
LINE
8
BLACK
6
CONTINUOUS
10
4.6541182283464568
20
-3.5732168897637795
11
4.6513060629921261
21
-3.5844654724409448
0
LINE
8
BLACK
6
CONTINUOUS
10
4.6513060629921261
20
-3.5844654724409448
11
4.6512811811023624
21
-3.5845102755905511
0
LINE
8
BLACK
6
CONTINUOUS
10
4.6512811811023624
20
-3.5845102755905511
11
4.6512811811023624
21
-3.5845615748031494
0
LINE
8
BLACK
6
CONTINUOUS
10
4.6512811811023624
20
-3.5845615748031494
11
4.6505411023622045
21
-3.5858433858267715
0
LINE
8
BLACK
6
CONTINUOUS
10
4.6505411023622045
20
-3.5858433858267715
11
4.6498223622047243
21
-3.5871381496062993
0
LINE
8
BLACK
6
CONTINUOUS
10
4.6498223622047243
20
-3.5871381496062993
11
4.6497783464566931
21
-3.5871645275590551
0
LINE
8
BLACK
6
CONTINUOUS
10
4.6497783464566931
20
-3.5871645275590551
11
4.6497527165354331
21
-3.5872089763779527
0
LINE
8
BLACK
6
CONTINUOUS
10
4.6497527165354331
20
-3.5872089763779527
11
4.6441284251968504
21
-3.5928333070866141
0
LINE
8
BLACK
6
CONTINUOUS
10
4.6441284251968504
20
-3.5928333070866141
11
4.6433049999999998
21
-3.5933086614173226
0
LINE
8
BLACK
6
CONTINUOUS
10
4.6433049999999998
20
-3.5933086614173226
11
4.6425936220472437
21
-3.5939395275590549
0
LINE
8
BLACK
6
CONTINUOUS
10
4.6425936220472437
20
-3.5939395275590549
11
4.636969330708661
21
-3.5967516535433068
0
LINE
8
BLACK
6
CONTINUOUS
10
4.636969330708661
20
-3.5967516535433068
11
4.6356394488188979
21
-3.597023779527559
0
LINE
8
BLACK
6
CONTINUOUS
10
4.6356394488188979
20
-3.597023779527559
11
4.6343283070866139
21
-3.5973751181102362
0
LINE
8
BLACK
6
CONTINUOUS
10
4.6343283070866139
20
-3.5973751181102362
11
4.6230797244094486
21
-3.5973751181102362
0
LINE
8
BLACK
6
CONTINUOUS
10
4.6230797244094486
20
-3.5973751181102362
11
4.6217684645669292
21
-3.5970237401574803
0
LINE
8
BLACK
6
CONTINUOUS
10
4.6217684645669292
20
-3.5970237401574803
11
4.6204387401574802
21
-3.5967516535433068
0
LINE
8
BLACK
6
CONTINUOUS
10
4.6204387401574802
20
-3.5967516535433068
11
4.6148144094488188
21
-3.5939395275590549
0
LINE
8
BLACK
6
CONTINUOUS
10
4.6148144094488188
20
-3.5939395275590549
11
4.614102992125984
21
-3.5933086614173226
0
LINE
8
BLACK
6
CONTINUOUS
10
4.614102992125984
20
-3.5933086614173226
11
4.6132796062992121
21
-3.5928333070866141
0
LINE
8
BLACK
6
CONTINUOUS
10
4.6132796062992121
20
-3.5928333070866141
11
4.6076552755905507
21
-3.5872089763779527
0
LINE
8
BLACK
6
CONTINUOUS
10
4.6076552755905507
20
-3.5872089763779527
11
4.6076296062992128
21
-3.5871645275590551
0
LINE
8
BLACK
6
CONTINUOUS
10
4.6076296062992128
20
-3.5871645275590551
11
4.6075856299212594
21
-3.5871381496062993
0
LINE
8
BLACK
6
CONTINUOUS
10
4.6075856299212594
20
-3.5871381496062993
11
4.6068674409448818
21
-3.5858444094488187
0
LINE
8
BLACK
6
CONTINUOUS
10
4.6068674409448818
20
-3.5858444094488187
11
4.6061268110236222
21
-3.5845616141732282
0
LINE
8
BLACK
6
CONTINUOUS
10
4.6061268110236222
20
-3.5845616141732282
11
4.6061268110236222
21
-3.5845102362204724
0
LINE
8
BLACK
6
CONTINUOUS
10
4.6061268110236222
20
-3.5845102362204724
11
4.6061019291338585
21
-3.5844654330708661
0
LINE
8
BLACK
6
CONTINUOUS
10
4.6061019291338585
20
-3.5844654330708661
11
4.6032898031496066
21
-3.5732168503937007
0
LINE
8
BLACK
6
CONTINUOUS
10
4.6032898031496066
20
-3.5732168503937007
11
4.6033020472440942
21
-3.5724883858267718
0
LINE
8
BLACK
6
CONTINUOUS
10
4.6033020472440942
20
-3.5724883858267718
11
4.6031134645669294
21
-3.5717845669291339
0
LINE
8
BLACK
6
CONTINUOUS
10
4.6031134645669294
20
-3.5717845669291339
11
4.6031134645669294
21
-3.5520995275590552
0
LINE
8
BLACK
6
CONTINUOUS
10
4.6031134645669294
20
-3.5520995275590552
11
4.6033020472440942
21
-3.5513956692913387
0
LINE
8
BLACK
6
CONTINUOUS
10
4.6033020472440942
20
-3.5513956692913387
11
4.6032898031496066
21
-3.550667244094488
0
LINE
8
BLACK
6
CONTINUOUS
10
4.6032898031496066
20
-3.550667244094488
11
4.6061019291338585
21
-3.5394186614173226
0
LINE
8
BLACK
6
CONTINUOUS
10
4.6061019291338585
20
-3.5394186614173226
11
4.6061268110236222
21
-3.5393738188976376
0
LINE
8
BLACK
6
CONTINUOUS
10
4.6061268110236222
20
-3.5393738188976376
11
4.6061268110236222
21
-3.5393224803149606
0
LINE
8
BLACK
6
CONTINUOUS
10
4.6061268110236222
20
-3.5393224803149606
11
4.6068674409448818
21
-3.5380396456692913
0
LINE
8
BLACK
6
CONTINUOUS
10
4.6068674409448818
20
-3.5380396456692913
11
4.6075856299212594
21
-3.5367459448818899
0
LINE
8
BLACK
6
CONTINUOUS
10
4.6075856299212594
20
-3.5367459448818899
11
4.6076296062992128
21
-3.5367195275590548
0
LINE
8
BLACK
6
CONTINUOUS
10
4.6076296062992128
20
-3.5367195275590548
11
4.6076552755905507
21
-3.536675118110236
0
LINE
8
BLACK
6
CONTINUOUS
10
4.6076552755905507
20
-3.536675118110236
11
4.6132796062992121
21
-3.5310508267716534
0
LINE
8
BLACK
6
CONTINUOUS
10
4.6132796062992121
20
-3.5310508267716534
11
4.614102992125984
21
-3.5305753937007873
0
LINE
8
BLACK
6
CONTINUOUS
10
4.614102992125984
20
-3.5305753937007873
11
4.6148144094488188
21
-3.5299446062992126
0
LINE
8
BLACK
6
CONTINUOUS
10
4.6148144094488188
20
-3.5299446062992126
11
4.6204386614173227
21
-3.5271324409448819
0
LINE
8
BLACK
6
CONTINUOUS
10
4.6204386614173227
20
-3.5271324409448819
11
4.621768661417323
21
-3.5268602362204722
0
LINE
8
BLACK
6
CONTINUOUS
10
4.621768661417323
20
-3.5268602362204722
11
4.6230797244094486
21
-3.5265089763779525
0
LINE
8
BLACK
6
CONTINUOUS
10
4.6230797244094486
20
-3.5265089763779525
11
4.6343283070866139
21
-3.5265089763779525
0
LINE
8
BLACK
6
CONTINUOUS
10
4.6343283070866139
20
-3.5265089763779525
11
4.6356393700787404
21
-3.5268602755905509
0
LINE
8
BLACK
6
CONTINUOUS
10
4.6209535826771653
20
-3.5400800787401576
11
4.6171635433070861
21
-3.5438701574803151
0
LINE
8
BLACK
6
CONTINUOUS
10
4.6171635433070861
20
-3.5438701574803151
11
4.6149244881889766
21
-3.5528264173228346
0
LINE
8
BLACK
6
CONTINUOUS
10
4.6149244881889766
20
-3.5528264173228346
11
4.6149244881889766
21
-3.5710576377952754
0
LINE
8
BLACK
6
CONTINUOUS
10
4.6149244881889766
20
-3.5710576377952754
11
4.6171635433070861
21
-3.5800139370078741
0
LINE
8
BLACK
6
CONTINUOUS
10
4.6171635433070861
20
-3.5800139370078741
11
4.6209535826771653
21
-3.5838039763779528
0
LINE
8
BLACK
6
CONTINUOUS
10
4.6209535826771653
20
-3.5838039763779528
11
4.6244738188976378
21
-3.585564094488189
0
LINE
8
BLACK
6
CONTINUOUS
10
4.6244738188976378
20
-3.585564094488189
11
4.6329342125984248
21
-3.585564094488189
0
LINE
8
BLACK
6
CONTINUOUS
10
4.6329342125984248
20
-3.585564094488189
11
4.6364543700787397
21
-3.5838040157480315
0
LINE
8
BLACK
6
CONTINUOUS
10
4.6364543700787397
20
-3.5838040157480315
11
4.6402444094488189
21
-3.5800139370078741
0
LINE
8
BLACK
6
CONTINUOUS
10
4.6402444094488189
20
-3.5800139370078741
11
4.6424835433070868
21
-3.5710575984251967
0
LINE
8
BLACK
6
CONTINUOUS
10
4.6424835433070868
20
-3.5710575984251967
11
4.6424835433070868
21
-3.5528264566929133
0
LINE
8
BLACK
6
CONTINUOUS
10
4.6424835433070868
20
-3.5528264566929133
11
4.6402444094488189
21
-3.5438701181102363
0
LINE
8
BLACK
6
CONTINUOUS
10
4.6402444094488189
20
-3.5438701181102363
11
4.6364544094488185
21
-3.5400801181102359
0
LINE
8
BLACK
6
CONTINUOUS
10
4.6364544094488185
20
-3.5400801181102359
11
4.6329342125984248
21
-3.5383200000000001
0
LINE
8
BLACK
6
CONTINUOUS
10
4.6329342125984248
20
-3.5383200000000001
11
4.6244738188976378
21
-3.5383200000000001
0
LINE
8
BLACK
6
CONTINUOUS
10
4.6244738188976378
20
-3.5383200000000001
11
4.6209535826771653
21
-3.5400800787401576
0
LINE
8
BLACK
6
CONTINUOUS
10
4.7103969291338581
20
-3.5273001574803149
11
4.7125585039370081
21
-3.5294617322834645
0
LINE
8
BLACK
6
CONTINUOUS
10
4.7125585039370081
20
-3.5294617322834645
11
4.7133496850393701
21
-3.5324144881889761
0
LINE
8
BLACK
6
CONTINUOUS
10
4.7133496850393701
20
-3.5324144881889761
11
4.7133496850393701
21
-3.5802210236220473
0
LINE
8
BLACK
6
CONTINUOUS
10
4.7133496850393701
20
-3.5802210236220473
11
4.7129983070866137
21
-3.5815322440944879
0
LINE
8
BLACK
6
CONTINUOUS
10
4.7129983070866137
20
-3.5815322440944879
11
4.7127262204724412
21
-3.5828620078740157
0
LINE
8
BLACK
6
CONTINUOUS
10
4.7127262204724412
20
-3.5828620078740157
11
4.7099140944881892
21
-3.5884863385826771
0
LINE
8
BLACK
6
CONTINUOUS
10
4.7099140944881892
20
-3.5884863385826771
11
4.7092832283464565
21
-3.5891977165354332
0
LINE
8
BLACK
6
CONTINUOUS
10
4.7092832283464565
20
-3.5891977165354332
11
4.708807874015748
21
-3.5900211417322834
0
LINE
8
BLACK
6
CONTINUOUS
10
4.708807874015748
20
-3.5900211417322834
11
4.7059957086614173
21
-3.5928333070866141
0
LINE
8
BLACK
6
CONTINUOUS
10
4.7059957086614173
20
-3.5928333070866141
11
4.7051722834645666
21
-3.5933086614173226
0
LINE
8
BLACK
6
CONTINUOUS
10
4.7051722834645666
20
-3.5933086614173226
11
4.7044609055118105
21
-3.5939395275590549
0
LINE
8
BLACK
6
CONTINUOUS
10
4.7044609055118105
20
-3.5939395275590549
11
4.6988366141732278
21
-3.5967516535433068
0
LINE
8
BLACK
6
CONTINUOUS
10
4.6988366141732278
20
-3.5967516535433068
11
4.6975067322834647
21
-3.597023779527559
0
LINE
8
BLACK
6
CONTINUOUS
10
4.6975067322834647
20
-3.597023779527559
11
4.6961955905511807
21
-3.5973751181102362
0
LINE
8
BLACK
6
CONTINUOUS
10
4.6961955905511807
20
-3.5973751181102362
11
4.6849470078740154
21
-3.5973751181102362
0
LINE
8
BLACK
6
CONTINUOUS
10
4.6849470078740154
20
-3.5973751181102362
11
4.6836357480314961
21
-3.5970237401574803
0
LINE
8
BLACK
6
CONTINUOUS
10
4.6836357480314961
20
-3.5970237401574803
11
4.6823060236220471
21
-3.5967516535433068
0
LINE
8
BLACK
6
CONTINUOUS
10
4.6823060236220471
20
-3.5967516535433068
11
4.6766816929133856
21
-3.5939395275590549
0
LINE
8
BLACK
6
CONTINUOUS
10
4.6766816929133856
20
-3.5939395275590549
11
4.6759702755905508
21
-3.5933086614173226
0
LINE
8
BLACK
6
CONTINUOUS
10
4.6759702755905508
20
-3.5933086614173226
11
4.6751468897637798
21
-3.5928333070866141
0
LINE
8
BLACK
6
CONTINUOUS
10
4.6751468897637798
20
-3.5928333070866141
11
4.6723347244094491
21
-3.5900211417322834
0
LINE
8
BLACK
6
CONTINUOUS
10
4.6723347244094491
20
-3.5900211417322834
11
4.6718592913385821
21
-3.5891976771653544
0
LINE
8
BLACK
6
CONTINUOUS
10
4.6718592913385821
20
-3.5891976771653544
11
4.6712285039370078
21
-3.5884863385826771
0
LINE
8
BLACK
6
CONTINUOUS
10
4.6712285039370078
20
-3.5884863385826771
11
4.6684163385826771
21
-3.5828620472440944
0
LINE
8
BLACK
6
CONTINUOUS
10
4.6684163385826771
20
-3.5828620472440944
11
4.6681441732283462
21
-3.5815320866141733
0
LINE
8
BLACK
6
CONTINUOUS
10
4.6681441732283462
20
-3.5815320866141733
11
4.6677928740157482
21
-3.5802210236220473
0
LINE
8
BLACK
6
CONTINUOUS
10
4.6677928740157482
20
-3.5802210236220473
11
4.6677928740157482
21
-3.5324144881889761
0
LINE
8
BLACK
6
CONTINUOUS
10
4.6677928740157482
20
-3.5324144881889761
11
4.6685840551181101
21
-3.5294617322834645
0
LINE
8
BLACK
6
CONTINUOUS
10
4.6685840551181101
20
-3.5294617322834645
11
4.6707456299212593
21
-3.5273001574803149
0
LINE
8
BLACK
6
CONTINUOUS
10
4.6707456299212593
20
-3.5273001574803149
11
4.6736983858267713
21
-3.5265089763779525
0
LINE
8
BLACK
6
CONTINUOUS
10
4.6736983858267713
20
-3.5265089763779525
11
4.6766511417322834
21
-3.5273001574803149
0
LINE
8
BLACK
6
CONTINUOUS
10
4.6766511417322834
20
-3.5273001574803149
11
4.6788127165354334
21
-3.5294617322834645
0
LINE
8
BLACK
6
CONTINUOUS
10
4.6788127165354334
20
-3.5294617322834645
11
4.6796038976377954
21
-3.5324144881889761
0
LINE
8
BLACK
6
CONTINUOUS
10
4.6796038976377954
20
-3.5324144881889761
11
4.6796038976377954
21
-3.5788268897637794
0
LINE
8
BLACK
6
CONTINUOUS
10
4.6796038976377954
20
-3.5788268897637794
11
4.6813640157480316
21
-3.5823471259842519
0
LINE
8
BLACK
6
CONTINUOUS
10
4.6813640157480316
20
-3.5823471259842519
11
4.6828208661417321
21
-3.5838039763779528
0
LINE
8
BLACK
6
CONTINUOUS
10
4.6828208661417321
20
-3.5838039763779528
11
4.6863411023622046
21
-3.585564094488189
0
LINE
8
BLACK
6
CONTINUOUS
10
4.6863411023622046
20
-3.585564094488189
11
4.6948014960629925
21
-3.585564094488189
0
LINE
8
BLACK
6
CONTINUOUS
10
4.6948014960629925
20
-3.585564094488189
11
4.6983216535433066
21
-3.5838040157480315
0
LINE
8
BLACK
6
CONTINUOUS
10
4.6983216535433066
20
-3.5838040157480315
11
4.6997785433070867
21
-3.5823471259842519
0
LINE
8
BLACK
6
CONTINUOUS
10
4.6997785433070867
20
-3.5823471259842519
11
4.7015386614173229
21
-3.5788269291338581
0
LINE
8
BLACK
6
CONTINUOUS
10
4.7015386614173229
20
-3.5788269291338581
11
4.7015386614173229
21
-3.5324144881889761
0
LINE
8
BLACK
6
CONTINUOUS
10
4.7015386614173229
20
-3.5324144881889761
11
4.7023298425196849
21
-3.5294617322834645
0
LINE
8
BLACK
6
CONTINUOUS
10
4.7023298425196849
20
-3.5294617322834645
11
4.7044914173228349
21
-3.5273001574803149
0
LINE
8
BLACK
6
CONTINUOUS
10
4.7044914173228349
20
-3.5273001574803149
11
4.7074441732283461
21
-3.5265089763779525
0
LINE
8
BLACK
6
CONTINUOUS
10
4.7074441732283461
20
-3.5265089763779525
11
4.7103969291338581
21
-3.5273001574803149
0
LINE
8
BLACK
6
CONTINUOUS
10
4.7638277952755903
20
-3.5273001574803149
11
4.7659893700787404
21
-3.5294617322834645
0
LINE
8
BLACK
6
CONTINUOUS
10
4.7659893700787404
20
-3.5294617322834645
11
4.7667805511811023
21
-3.5324144881889761
0
LINE
8
BLACK
6
CONTINUOUS
10
4.7667805511811023
20
-3.5324144881889761
11
4.7659893700787404
21
-3.5353672440944881
0
LINE
8
BLACK
6
CONTINUOUS
10
4.7659893700787404
20
-3.5353672440944881
11
4.7638277952755903
21
-3.5375288188976377
0
LINE
8
BLACK
6
CONTINUOUS
10
4.7638277952755903
20
-3.5375288188976377
11
4.7608750393700783
21
-3.5383200000000001
0
LINE
8
BLACK
6
CONTINUOUS
10
4.7608750393700783
20
-3.5383200000000001
11
4.7499076377952756
21
-3.5383200000000001
0
LINE
8
BLACK
6
CONTINUOUS
10
4.7499076377952756
20
-3.5383200000000001
11
4.7499076377952756
21
-3.5914696062992126
0
LINE
8
BLACK
6
CONTINUOUS
10
4.7499076377952756
20
-3.5914696062992126
11
4.7491164566929136
21
-3.5944223622047242
0
LINE
8
BLACK
6
CONTINUOUS
10
4.7491164566929136
20
-3.5944223622047242
11
4.7469548818897636
21
-3.5965839370078738
0
LINE
8
BLACK
6
CONTINUOUS
10
4.7469548818897636
20
-3.5965839370078738
11
4.7440021259842515
21
-3.5973751181102362
0
LINE
8
BLACK
6
CONTINUOUS
10
4.7440021259842515
20
-3.5973751181102362
11
4.7410493700787404
21
-3.5965839370078738
0
LINE
8
BLACK
6
CONTINUOUS
10
4.7410493700787404
20
-3.5965839370078738
11
4.7388877952755903
21
-3.5944223622047242
0
LINE
8
BLACK
6
CONTINUOUS
10
4.7388877952755903
20
-3.5944223622047242
11
4.7380966141732284
21
-3.5914696062992126
0
LINE
8
BLACK
6
CONTINUOUS
10
4.7380966141732284
20
-3.5914696062992126
11
4.7380966141732284
21
-3.5383200000000001
0
LINE
8
BLACK
6
CONTINUOUS
10
4.7380966141732284
20
-3.5383200000000001
11
4.7271292519685035
21
-3.5383200000000001
0
LINE
8
BLACK
6
CONTINUOUS
10
4.7271292519685035
20
-3.5383200000000001
11
4.7241764960629924
21
-3.5375288188976377
0
LINE
8
BLACK
6
CONTINUOUS
10
4.7241764960629924
20
-3.5375288188976377
11
4.7220149212598423
21
-3.5353672440944881
0
LINE
8
BLACK
6
CONTINUOUS
10
4.7220149212598423
20
-3.5353672440944881
11
4.7212237401574804
21
-3.5324144881889761
0
LINE
8
BLACK
6
CONTINUOUS
10
4.7212237401574804
20
-3.5324144881889761
11
4.7220149212598423
21
-3.5294617322834645
0
LINE
8
BLACK
6
CONTINUOUS
10
4.7220149212598423
20
-3.5294617322834645
11
4.7241764960629924
21
-3.5273001574803149
0
LINE
8
BLACK
6
CONTINUOUS
10
4.7241764960629924
20
-3.5273001574803149
11
4.7271292519685035
21
-3.5265089763779525
0
LINE
8
BLACK
6
CONTINUOUS
10
4.7271292519685035
20
-3.5265089763779525
11
4.7608750393700783
21
-3.5265089763779525
0
LINE
8
BLACK
6
CONTINUOUS
10
4.7608750393700783
20
-3.5265089763779525
11
4.7638277952755903
21
-3.5273001574803149
0
LINE
8
BLACK
6
CONTINUOUS
10
4.8566286614173224
20
-3.5273001574803149
11
4.8587902362204725
21
-3.5294617322834645
0
LINE
8
BLACK
6
CONTINUOUS
10
4.8587902362204725
20
-3.5294617322834645
11
4.8595814173228344
21
-3.5324144881889761
0
LINE
8
BLACK
6
CONTINUOUS
10
4.8595814173228344
20
-3.5324144881889761
11
4.8587902362204725
21
-3.5353672440944881
0
LINE
8
BLACK
6
CONTINUOUS
10
4.8587902362204725
20
-3.5353672440944881
11
4.8566286614173224
21
-3.5375288188976377
0
LINE
8
BLACK
6
CONTINUOUS
10
4.8566286614173224
20
-3.5375288188976377
11
4.8536759055118113
21
-3.5383200000000001
0
LINE
8
BLACK
6
CONTINUOUS
10
4.8536759055118113
20
-3.5383200000000001
11
4.8308988582677168
21
-3.5383200000000001
0
LINE
8
BLACK
6
CONTINUOUS
10
4.8308988582677168
20
-3.5383200000000001
11
4.8297935826771656
21
-3.5493725984251969
0
LINE
8
BLACK
6
CONTINUOUS
10
4.8297935826771656
20
-3.5493725984251969
11
4.8298678346456692
21
-3.5493574015748033
0
LINE
8
BLACK
6
CONTINUOUS
10
4.8298678346456692
20
-3.5493574015748033
11
4.8311787401574806
21
-3.5490061811023623
0
LINE
8
BLACK
6
CONTINUOUS
10
4.8311787401574806
20
-3.5490061811023623
11
4.8452394488188979
21
-3.5490061811023623
0
LINE
8
BLACK
6
CONTINUOUS
10
4.8452394488188979
20
-3.5490061811023623
11
4.8465506692913385
21
-3.5493575196850391
0
LINE
8
BLACK
6
CONTINUOUS
10
4.8465506692913385
20
-3.5493575196850391
11
4.8478804330708662
21
-3.5496296456692913
0
LINE
8
BLACK
6
CONTINUOUS
10
4.8478804330708662
20
-3.5496296456692913
11
4.8535048031496064
21
-3.5524417716535432
0
LINE
8
BLACK
6
CONTINUOUS
10
4.8535048031496064
20
-3.5524417716535432
11
4.8542161811023625
21
-3.5530725984251967
0
LINE
8
BLACK
6
CONTINUOUS
10
4.8542161811023625
20
-3.5530725984251967
11
4.855039645669291
21
-3.5535480314960628
0
LINE
8
BLACK
6
CONTINUOUS
10
4.855039645669291
20
-3.5535480314960628
11
4.857851771653543
21
-3.5563601968503935
0
LINE
8
BLACK
6
CONTINUOUS
10
4.857851771653543
20
-3.5563601968503935
11
4.8583271259842515
21
-3.5571835826771654
0
LINE
8
BLACK
6
CONTINUOUS
10
4.8583271259842515
20
-3.5571835826771654
11
4.8589579527559055
21
-3.5578949606299211
0
LINE
8
BLACK
6
CONTINUOUS
10
4.8589579527559055
20
-3.5578949606299211
11
4.8617701181102362
21
-3.563519212598425
0
LINE
8
BLACK
6
CONTINUOUS
10
4.8617701181102362
20
-3.563519212598425
11
4.8620422834645671
21
-3.5648492125984252
0
LINE
8
BLACK
6
CONTINUOUS
10
4.8620422834645671
20
-3.5648492125984252
11
4.8623935826771651
21
-3.5661602755905513
0
LINE
8
BLACK
6
CONTINUOUS
10
4.8623935826771651
20
-3.5661602755905513
11
4.8623935826771651
21
-3.5802210236220473
0
LINE
8
BLACK
6
CONTINUOUS
10
4.8623935826771651
20
-3.5802210236220473
11
4.8620422834645671
21
-3.5815320472440946
0
LINE
8
BLACK
6
CONTINUOUS
10
4.8620422834645671
20
-3.5815320472440946
11
4.8617701181102362
21
-3.5828620866141732
0
LINE
8
BLACK
6
CONTINUOUS
10
4.8617701181102362
20
-3.5828620866141732
11
4.8589579527559055
21
-3.5884863385826771
0
LINE
8
BLACK
6
CONTINUOUS
10
4.8589579527559055
20
-3.5884863385826771
11
4.8583271259842515
21
-3.5891976771653544
0
LINE
8
BLACK
6
CONTINUOUS
10
4.8583271259842515
20
-3.5891976771653544
11
4.857851771653543
21
-3.5900211023622046
0
LINE
8
BLACK
6
CONTINUOUS
10
4.857851771653543
20
-3.5900211023622046
11
4.855039645669291
21
-3.5928332677165353
0
LINE
8
BLACK
6
CONTINUOUS
10
4.855039645669291
20
-3.5928332677165353
11
4.8542161811023625
21
-3.5933086614173226
0
LINE
8
BLACK
6
CONTINUOUS
10
4.8542161811023625
20
-3.5933086614173226
11
4.8535048031496064
21
-3.5939395275590549
0
LINE
8
BLACK
6
CONTINUOUS
10
4.8535048031496064
20
-3.5939395275590549
11
4.8478804330708662
21
-3.5967516535433068
0
LINE
8
BLACK
6
CONTINUOUS
10
4.8478804330708662
20
-3.5967516535433068
11
4.8465506692913385
21
-3.5970237401574803
0
LINE
8
BLACK
6
CONTINUOUS
10
4.8465506692913385
20
-3.5970237401574803
11
4.8452394488188979
21
-3.5973751181102362
0
LINE
8
BLACK
6
CONTINUOUS
10
4.8452394488188979
20
-3.5973751181102362
11
4.8311787401574806
21
-3.5973751181102362
0
LINE
8
BLACK
6
CONTINUOUS
10
4.8311787401574806
20
-3.5973751181102362
11
4.8298678346456692
21
-3.5970238582677165
0
LINE
8
BLACK
6
CONTINUOUS
10
4.8298678346456692
20
-3.5970238582677165
11
4.8285377559055114
21
-3.5967516929133856
0
LINE
8
BLACK
6
CONTINUOUS
10
4.8285377559055114
20
-3.5967516929133856
11
4.82291342519685
21
-3.5939395275590549
0
LINE
8
BLACK
6
CONTINUOUS
10
4.82291342519685
20
-3.5939395275590549
11
4.8222020472440947
21
-3.5933087401574801
0
LINE
8
BLACK
6
CONTINUOUS
10
4.8222020472440947
20
-3.5933087401574801
11
4.8213785433070866
21
-3.5928332677165353
0
LINE
8
BLACK
6
CONTINUOUS
10
4.8213785433070866
20
-3.5928332677165353
11
4.8185664173228346
21
-3.5900211023622046
0
LINE
8
BLACK
6
CONTINUOUS
10
4.8185664173228346
20
-3.5900211023622046
11
4.817037992125984
21
-3.5873737401574801
0
LINE
8
BLACK
6
CONTINUOUS
10
4.817037992125984
20
-3.5873737401574801
11
4.817037992125984
21
-3.5843168110236219
0
LINE
8
BLACK
6
CONTINUOUS
10
4.817037992125984
20
-3.5843168110236219
11
4.8185664960629921
21
-3.5816694488188974
0
LINE
8
BLACK
6
CONTINUOUS
10
4.8185664960629921
20
-3.5816694488188974
11
4.8212138582677166
21
-3.5801410236220472
0
LINE
8
BLACK
6
CONTINUOUS
10
4.8212138582677166
20
-3.5801410236220472
11
4.8242707874015744
21
-3.5801410236220472
0
LINE
8
BLACK
6
CONTINUOUS
10
4.8242707874015744
20
-3.5801410236220472
11
4.8269181496062989
21
-3.5816695275590549
0
LINE
8
BLACK
6
CONTINUOUS
10
4.8269181496062989
20
-3.5816695275590549
11
4.8290526377952752
21
-3.5838040157480315
0
LINE
8
BLACK
6
CONTINUOUS
10
4.8290526377952752
20
-3.5838040157480315
11
4.8325727952755901
21
-3.585564094488189
0
LINE
8
BLACK
6
CONTINUOUS
10
4.8325727952755901
20
-3.585564094488189
11
4.8438453937007875
21
-3.585564094488189
0
LINE
8
BLACK
6
CONTINUOUS
10
4.8438453937007875
20
-3.585564094488189
11
4.8473655905511812
21
-3.5838039763779528
0
LINE
8
BLACK
6
CONTINUOUS
10
4.8473655905511812
20
-3.5838039763779528
11
4.8488224015748029
21
-3.5823471259842519
0
LINE
8
BLACK
6
CONTINUOUS
10
4.8488224015748029
20
-3.5823471259842519
11
4.8505825590551179
21
-3.5788268897637794
0
LINE
8
BLACK
6
CONTINUOUS
10
4.8505825590551179
20
-3.5788268897637794
11
4.8505825590551179
21
-3.56755437007874
0
LINE
8
BLACK
6
CONTINUOUS
10
4.8505825590551179
20
-3.56755437007874
11
4.8488224015748029
21
-3.5640341338582675
0
LINE
8
BLACK
6
CONTINUOUS
10
4.8488224015748029
20
-3.5640341338582675
11
4.8473655905511812
21
-3.562577283464567
0
LINE
8
BLACK
6
CONTINUOUS
10
4.8473655905511812
20
-3.562577283464567
11
4.8438453937007875
21
-3.5608172047244095
0
LINE
8
BLACK
6
CONTINUOUS
10
4.8438453937007875
20
-3.5608172047244095
11
4.8325727952755901
21
-3.5608172047244095
0
LINE
8
BLACK
6
CONTINUOUS
10
4.8325727952755901
20
-3.5608172047244095
11
4.8290526377952752
21
-3.5625772440944883
0
LINE
8
BLACK
6
CONTINUOUS
10
4.8290526377952752
20
-3.5625772440944883
11
4.8269181496062989
21
-3.5647117716535432
0
LINE
8
BLACK
6
CONTINUOUS
10
4.8269181496062989
20
-3.5647117716535432
11
4.8259958267716536
21
-3.5652442519685037
0
LINE
8
BLACK
6
CONTINUOUS
10
4.8259958267716536
20
-3.5652442519685037
11
4.8251714960629917
21
-3.5659187401574801
0
LINE
8
BLACK
6
CONTINUOUS
10
4.8251714960629917
20
-3.5659187401574801
11
4.8246917716535433
21
-3.5659972047244093
0
LINE
8
BLACK
6
CONTINUOUS
10
4.8246917716535433
20
-3.5659972047244093
11
4.8242707874015744
21
-3.5662402755905509
0
LINE
8
BLACK
6
CONTINUOUS
10
4.8242707874015744
20
-3.5662402755905509
11
4.8232057874015748
21
-3.5662402755905509
0
LINE
8
BLACK
6
CONTINUOUS
10
4.8232057874015748
20
-3.5662402755905509
11
4.8221546850393704
21
-3.5664122047244096
0
LINE
8
BLACK
6
CONTINUOUS
10
4.8221546850393704
20
-3.5664122047244096
11
4.8216999212598424
21
-3.5662402755905509
0
LINE
8
BLACK
6
CONTINUOUS
10
4.8216999212598424
20
-3.5662402755905509
11
4.8212138582677166
21
-3.5662402755905509
0
LINE
8
BLACK
6
CONTINUOUS
10
4.8212138582677166
20
-3.5662402755905509
11
4.8202916141732279
21
-3.5657077952755905
0
LINE
8
BLACK
6
CONTINUOUS
10
4.8202916141732279
20
-3.5657077952755905
11
4.8192952755905507
21
-3.5653311417322833
0
LINE
8
BLACK
6
CONTINUOUS
10
4.8192952755905507
20
-3.5653311417322833
11
4.8189874015748027
21
-3.5649548425196849
0
LINE
8
BLACK
6
CONTINUOUS
10
4.8189874015748027
20
-3.5649548425196849
11
4.8185664960629921
21
-3.5647118503937008
0
LINE
8
BLACK
6
CONTINUOUS
10
4.8185664960629921
20
-3.5647118503937008
11
4.8180339763779525
21
-3.563789527559055
0
LINE
8
BLACK
6
CONTINUOUS
10
4.8180339763779525
20
-3.563789527559055
11
4.8173595275590548
21
-3.5629651968503935
0
LINE
8
BLACK
6
CONTINUOUS
10
4.8173595275590548
20
-3.5629651968503935
11
4.8172810236220469
21
-3.5624854724409447
0
LINE
8
BLACK
6
CONTINUOUS
10
4.8172810236220469
20
-3.5624854724409447
11
4.817037992125984
21
-3.5620644881889763
0
LINE
8
BLACK
6
CONTINUOUS
10
4.817037992125984
20
-3.5620644881889763
11
4.817037992125984
21
-3.5609994488188974
0
LINE
8
BLACK
6
CONTINUOUS
10
4.817037992125984
20
-3.5609994488188974
11
4.8168660629921263
21
-3.5599483858267718
0
LINE
8
BLACK
6
CONTINUOUS
10
4.8168660629921263
20
-3.5599483858267718
11
4.8196781889763782
21
-3.5318268897637792
0
LINE
8
BLACK
6
CONTINUOUS
10
4.8196781889763782
20
-3.5318268897637792
11
4.8201181102362201
21
-3.5306632283464565
0
LINE
8
BLACK
6
CONTINUOUS
10
4.8201181102362201
20
-3.5306632283464565
11
4.8204400787401571
21
-3.5294617322834645
0
LINE
8
BLACK
6
CONTINUOUS
10
4.8204400787401571
20
-3.5294617322834645
11
4.820652834645669
21
-3.5292489370078739
0
LINE
8
BLACK
6
CONTINUOUS
10
4.820652834645669
20
-3.5292489370078739
11
4.8207592519685036
21
-3.5289675196850392
0
LINE
8
BLACK
6
CONTINUOUS
10
4.8207592519685036
20
-3.5289675196850392
11
4.8217219685039368
21
-3.5281798031496061
0
LINE
8
BLACK
6
CONTINUOUS
10
4.8217219685039368
20
-3.5281798031496061
11
4.8226016535433072
21
-3.5273001574803149
0
LINE
8
BLACK
6
CONTINUOUS
10
4.8226016535433072
20
-3.5273001574803149
11
4.8228922834645669
21
-3.5272222440944883
0
LINE
8
BLACK
6
CONTINUOUS
10
4.8228922834645669
20
-3.5272222440944883
11
4.8231251968503939
21
-3.5270317322834646
0
LINE
8
BLACK
6
CONTINUOUS
10
4.8231251968503939
20
-3.5270317322834646
11
4.8243527559055117
21
-3.5268309448818895
0
LINE
8
BLACK
6
CONTINUOUS
10
4.8243527559055117
20
-3.5268309448818895
11
4.8255544094488192
21
-3.5265089763779525
0
LINE
8
BLACK
6
CONTINUOUS
10
4.8255544094488192
20
-3.5265089763779525
11
4.8536759055118113
21
-3.5265089763779525
0
LINE
8
BLACK
6
CONTINUOUS
10
4.8536759055118113
20
-3.5265089763779525
11
4.8566286614173224
21
-3.5273001574803149
0
LINE
8
BLACK
6
CONTINUOUS
10
4.9145985039370075
20
-3.5268120078740157
11
4.9171495669291341
21
-3.5284963385826771
0
LINE
8
BLACK
6
CONTINUOUS
10
4.9171495669291341
20
-3.5284963385826771
11
4.9185166535433069
21
-3.5312305511811024
0
LINE
8
BLACK
6
CONTINUOUS
10
4.9185166535433069
20
-3.5312305511811024
11
4.9183335039370082
21
-3.5342819685039371
0
LINE
8
BLACK
6
CONTINUOUS
10
4.9183335039370082
20
-3.5342819685039371
11
4.8986484251968498
21
-3.5933370866141732
0
LINE
8
BLACK
6
CONTINUOUS
10
4.8986484251968498
20
-3.5933370866141732
11
4.8979950393700786
21
-3.5943266535433072
0
LINE
8
BLACK
6
CONTINUOUS
10
4.8979950393700786
20
-3.5943266535433072
11
4.8974645275590554
21
-3.5953877559055116
0
LINE
8
BLACK
6
CONTINUOUS
10
4.8974645275590554
20
-3.5953877559055116
11
4.8971630708661413
21
-3.5955867716535432
0
LINE
8
BLACK
6
CONTINUOUS
10
4.8971630708661413
20
-3.5955867716535432
11
4.8969641338582672
21
-3.5958881102362206
0
LINE
8
BLACK
6
CONTINUOUS
10
4.8969641338582672
20
-3.5958881102362206
11
4.895903385826772
21
-3.5964184645669293
0
LINE
8
BLACK
6
CONTINUOUS
10
4.895903385826772
20
-3.5964184645669293
11
4.8949134645669288
21
-3.597072086614173
0
LINE
8
BLACK
6
CONTINUOUS
10
4.8949134645669288
20
-3.597072086614173
11
4.8945529133858265
21
-3.5970937007874015
0
LINE
8
BLACK
6
CONTINUOUS
10
4.8945529133858265
20
-3.5970937007874015
11
4.8942299212598428
21
-3.5972552362204722
0
LINE
8
BLACK
6
CONTINUOUS
10
4.8942299212598428
20
-3.5972552362204722
11
4.8930461023622049
21
-3.5971841338582675
0
LINE
8
BLACK
6
CONTINUOUS
10
4.8930461023622049
20
-3.5971841338582675
11
4.8918620472440946
21
-3.5972552362204722
0
LINE
8
BLACK
6
CONTINUOUS
10
4.8918620472440946
20
-3.5972552362204722
11
4.8915389370078737
21
-3.5970936614173228
0
LINE
8
BLACK
6
CONTINUOUS
10
4.8915389370078737
20
-3.5970936614173228
11
4.8911785039370077
21
-3.5970720472440942
0
LINE
8
BLACK
6
CONTINUOUS
10
4.8911785039370077
20
-3.5970720472440942
11
4.8901888976377954
21
-3.5964186614173226
0
LINE
8
BLACK
6
CONTINUOUS
10
4.8901888976377954
20
-3.5964186614173226
11
4.8891278346456692
21
-3.5958881496062993
0
LINE
8
BLACK
6
CONTINUOUS
10
4.8891278346456692
20
-3.5958881496062993
11
4.8889287795275589
21
-3.5955866929133857
0
LINE
8
BLACK
6
CONTINUOUS
10
4.8889287795275589
20
-3.5955866929133857
11
4.8886274803149607
21
-3.5953877559055116
0
LINE
8
BLACK
6
CONTINUOUS
10
4.8886274803149607
20
-3.5953877559055116
11
4.8880970078740154
21
-3.5943268503937009
0
LINE
8
BLACK
6
CONTINUOUS
10
4.8880970078740154
20
-3.5943268503937009
11
4.8874435433070866
21
-3.5933370866141732
0
LINE
8
BLACK
6
CONTINUOUS
10
4.8874435433070866
20
-3.5933370866141732
11
4.8677585039370079
21
-3.5342819685039371
0
LINE
8
BLACK
6
CONTINUOUS
10
4.8677585039370079
20
-3.5342819685039371
11
4.8675753149606296
21
-3.5312305511811024
0
LINE
8
BLACK
6
CONTINUOUS
10
4.8675753149606296
20
-3.5312305511811024
11
4.868942440944882
21
-3.5284963385826771
0
LINE
8
BLACK
6
CONTINUOUS
10
4.868942440944882
20
-3.5284963385826771
11
4.871493464566929
21
-3.5268120472440945
0
LINE
8
BLACK
6
CONTINUOUS
10
4.871493464566929
20
-3.5268120472440945
11
4.8745448818897641
21
-3.5266288582677165
0
LINE
8
BLACK
6
CONTINUOUS
10
4.8745448818897641
20
-3.5266288582677165
11
4.8772790944881885
21
-3.5279959842519686
0
LINE
8
BLACK
6
CONTINUOUS
10
4.8772790944881885
20
-3.5279959842519686
11
4.8789633858267711
21
-3.5305470078740155
0
LINE
8
BLACK
6
CONTINUOUS
10
4.8789633858267711
20
-3.5305470078740155
11
4.8930459842519687
21
-3.5727947244094489
0
LINE
8
BLACK
6
CONTINUOUS
10
4.8930459842519687
20
-3.5727947244094489
11
4.9071285826771653
21
-3.5305470078740155
0
LINE
8
BLACK
6
CONTINUOUS
10
4.9071285826771653
20
-3.5305470078740155
11
4.908812874015748
21
-3.5279959448818898
0
LINE
8
BLACK
6
CONTINUOUS
10
4.908812874015748
20
-3.5279959448818898
11
4.9115470866141733
21
-3.5266288582677165
0
LINE
8
BLACK
6
CONTINUOUS
10
4.9115470866141733
20
-3.5266288582677165
11
4.9145985039370075
21
-3.5268120078740157
0
LINE
8
BLACK
6
CONTINUOUS
10
4.5676772047244096
20
-3.0925363779527557
11
4.5698387795275588
21
-3.0946979527559053
0
LINE
8
BLACK
6
CONTINUOUS
10
4.5698387795275588
20
-3.0946979527559053
11
4.5706299606299208
21
-3.0976507086614173
0
LINE
8
BLACK
6
CONTINUOUS
10
4.5706299606299208
20
-3.0976507086614173
11
4.5706299606299208
21
-3.1508003149606298
0
LINE
8
BLACK
6
CONTINUOUS
10
4.5706299606299208
20
-3.1508003149606298
11
4.5928459448818897
21
-3.1508003149606298
0
LINE
8
BLACK
6
CONTINUOUS
10
4.5928459448818897
20
-3.1508003149606298
11
4.5957987007874017
21
-3.1515914960629923
0
LINE
8
BLACK
6
CONTINUOUS
10
4.5957987007874017
20
-3.1515914960629923
11
4.5979602755905509
21
-3.1537530708661419
0
LINE
8
BLACK
6
CONTINUOUS
10
4.5979602755905509
20
-3.1537530708661419
11
4.5987514566929129
21
-3.1567058267716535
0
LINE
8
BLACK
6
CONTINUOUS
10
4.5987514566929129
20
-3.1567058267716535
11
4.5979602755905509
21
-3.1596585826771655
0
LINE
8
BLACK
6
CONTINUOUS
10
4.5979602755905509
20
-3.1596585826771655
11
4.5957987007874017
21
-3.1618201574803151
0
LINE
8
BLACK
6
CONTINUOUS
10
4.5957987007874017
20
-3.1618201574803151
11
4.5928459448818897
21
-3.1626113385826771
0
LINE
8
BLACK
6
CONTINUOUS
10
4.5928459448818897
20
-3.1626113385826771
11
4.5647244488188976
21
-3.1626113385826771
0
LINE
8
BLACK
6
CONTINUOUS
10
4.5647244488188976
20
-3.1626113385826771
11
4.5617716929133856
21
-3.1618201574803151
0
LINE
8
BLACK
6
CONTINUOUS
10
4.5617716929133856
20
-3.1618201574803151
11
4.5596101181102364
21
-3.1596585826771655
0
LINE
8
BLACK
6
CONTINUOUS
10
4.5596101181102364
20
-3.1596585826771655
11
4.5588189370078736
21
-3.1567058267716535
0
LINE
8
BLACK
6
CONTINUOUS
10
4.5588189370078736
20
-3.1567058267716535
11
4.5588189370078736
21
-3.0976507086614173
0
LINE
8
BLACK
6
CONTINUOUS
10
4.5588189370078736
20
-3.0976507086614173
11
4.5596101181102364
21
-3.0946979527559053
0
LINE
8
BLACK
6
CONTINUOUS
10
4.5596101181102364
20
-3.0946979527559053
11
4.5617716929133856
21
-3.0925363779527557
0
LINE
8
BLACK
6
CONTINUOUS
10
4.5617716929133856
20
-3.0925363779527557
11
4.5647244488188976
21
-3.0917451968503937
0
LINE
8
BLACK
6
CONTINUOUS
10
4.5647244488188976
20
-3.0917451968503937
11
4.5676772047244096
21
-3.0925363779527557
0
LINE
8
BLACK
6
CONTINUOUS
10
4.6531373622047241
20
-3.0920764566929133
11
4.6543984251968507
21
-3.0922992125984252
0
LINE
8
BLACK
6
CONTINUOUS
10
4.6543984251968507
20
-3.0922992125984252
11
4.6545998425196853
21
-3.0924683070866141
0
LINE
8
BLACK
6
CONTINUOUS
10
4.6545998425196853
20
-3.0924683070866141
11
4.6548538188976378
21
-3.0925363779527557
0
LINE
8
BLACK
6
CONTINUOUS
10
4.6548538188976378
20
-3.0925363779527557
11
4.6557589763779523
21
-3.0934415354330707
0
LINE
8
BLACK
6
CONTINUOUS
10
4.6557589763779523
20
-3.0934415354330707
11
4.6567395669291338
21
-3.094264842519685
0
LINE
8
BLACK
6
CONTINUOUS
10
4.6567395669291338
20
-3.094264842519685
11
4.656829409448819
21
-3.0945119685039368
0
LINE
8
BLACK
6
CONTINUOUS
10
4.656829409448819
20
-3.0945119685039368
11
4.657015393700787
21
-3.0946979527559053
0
LINE
8
BLACK
6
CONTINUOUS
10
4.657015393700787
20
-3.0946979527559053
11
4.6573467322834645
21
-3.0959345275590548
0
LINE
8
BLACK
6
CONTINUOUS
10
4.6573467322834645
20
-3.0959345275590548
11
4.6577842519685042
21
-3.0971377165354328
0
LINE
8
BLACK
6
CONTINUOUS
10
4.6577842519685042
20
-3.0971377165354328
11
4.6577385039370078
21
-3.0973966535433068
0
LINE
8
BLACK
6
CONTINUOUS
10
4.6577385039370078
20
-3.0973966535433068
11
4.6578065748031499
21
-3.0976507086614173
0
LINE
8
BLACK
6
CONTINUOUS
10
4.6578065748031499
20
-3.0976507086614173
11
4.6578065748031499
21
-3.1567058267716535
0
LINE
8
BLACK
6
CONTINUOUS
10
4.6578065748031499
20
-3.1567058267716535
11
4.657015393700787
21
-3.1596585826771655
0
LINE
8
BLACK
6
CONTINUOUS
10
4.657015393700787
20
-3.1596585826771655
11
4.6548538188976378
21
-3.1618201574803151
0
LINE
8
BLACK
6
CONTINUOUS
10
4.6548538188976378
20
-3.1618201574803151
11
4.6519010629921258
21
-3.1626113385826771
0
LINE
8
BLACK
6
CONTINUOUS
10
4.6519010629921258
20
-3.1626113385826771
11
4.6489483070866138
21
-3.1618201574803151
0
LINE
8
BLACK
6
CONTINUOUS
10
4.6489483070866138
20
-3.1618201574803151
11
4.6467867322834646
21
-3.1596585826771655
0
LINE
8
BLACK
6
CONTINUOUS
10
4.6467867322834646
20
-3.1596585826771655
11
4.6459955511811026
21
-3.1567058267716535
0
LINE
8
BLACK
6
CONTINUOUS
10
4.6459955511811026
20
-3.1567058267716535
11
4.6459955511811026
21
-3.1242701574803147
0
LINE
8
BLACK
6
CONTINUOUS
10
4.6459955511811026
20
-3.1242701574803147
11
4.6375674803149609
21
-3.1423303149606299
0
LINE
8
BLACK
6
CONTINUOUS
10
4.6375674803149609
20
-3.1423303149606299
11
4.6372325590551178
21
-3.1427291732283464
0
LINE
8
BLACK
6
CONTINUOUS
10
4.6372325590551178
20
-3.1427291732283464
11
4.6370545275590551
21
-3.1432188188976378
0
LINE
8
BLACK
6
CONTINUOUS
10
4.6370545275590551
20
-3.1432188188976378
11
4.6362647244094486
21
-3.1438818897637795
0
LINE
8
BLACK
6
CONTINUOUS
10
4.6362647244094486
20
-3.1438818897637795
11
4.6356018503937007
21
-3.1446714566929135
0
LINE
8
BLACK
6
CONTINUOUS
10
4.6356018503937007
20
-3.1446714566929135
11
4.6351123622047243
21
-3.1448494094488186
0
LINE
8
BLACK
6
CONTINUOUS
10
4.6351123622047243
20
-3.1448494094488186
11
4.6347133858267719
21
-3.1451844488188976
0
LINE
8
BLACK
6
CONTINUOUS
10
4.6347133858267719
20
-3.1451844488188976
11
4.63369779527559
21
-3.1453638188976378
0
LINE
8
BLACK
6
CONTINUOUS
10
4.63369779527559
20
-3.1453638188976378
11
4.6327289763779529
21
-3.1457161417322834
0
LINE
8
BLACK
6
CONTINUOUS
10
4.6327289763779529
20
-3.1457161417322834
11
4.6322161023622046
21
-3.1456255511811024
0
LINE
8
BLACK
6
CONTINUOUS
10
4.6322161023622046
20
-3.1456255511811024
11
4.6317030708661413
21
-3.1457161811023622
0
LINE
8
BLACK
6
CONTINUOUS
10
4.6317030708661413
20
-3.1457161811023622
11
4.6307337795275592
21
-3.1453637007874016
0
LINE
8
BLACK
6
CONTINUOUS
10
4.6307337795275592
20
-3.1453637007874016
11
4.6297186614173231
21
-3.1451844094488188
0
LINE
8
BLACK
6
CONTINUOUS
10
4.6297186614173231
20
-3.1451844094488188
11
4.6293198031496061
21
-3.1448495275590549
0
LINE
8
BLACK
6
CONTINUOUS
10
4.6293198031496061
20
-3.1448495275590549
11
4.6288301968503935
21
-3.1446714960629922
0
LINE
8
BLACK
6
CONTINUOUS
10
4.6288301968503935
20
-3.1446714960629922
11
4.6281670866141731
21
-3.1438816929133857
0
LINE
8
BLACK
6
CONTINUOUS
10
4.6281670866141731
20
-3.1438816929133857
11
4.6273775196850391
21
-3.143218779527559
0
LINE
8
BLACK
6
CONTINUOUS
10
4.6273775196850391
20
-3.143218779527559
11
4.6271994881889764
21
-3.1427292125984252
0
LINE
8
BLACK
6
CONTINUOUS
10
4.6271994881889764
20
-3.1427292125984252
11
4.6268645669291342
21
-3.1423303149606299
0
LINE
8
BLACK
6
CONTINUOUS
10
4.6268645669291342
20
-3.1423303149606299
11
4.6184364960629924
21
-3.1242701181102364
0
LINE
8
BLACK
6
CONTINUOUS
10
4.6184364960629924
20
-3.1242701181102364
11
4.6184364960629924
21
-3.1567058267716535
0
LINE
8
BLACK
6
CONTINUOUS
10
4.6184364960629924
20
-3.1567058267716535
11
4.6176453149606296
21
-3.1596585826771655
0
LINE
8
BLACK
6
CONTINUOUS
10
4.6176453149606296
20
-3.1596585826771655
11
4.6154837401574804
21
-3.1618201574803151
0
LINE
8
BLACK
6
CONTINUOUS
10
4.6154837401574804
20
-3.1618201574803151
11
4.6125309842519684
21
-3.1626113385826771
0
LINE
8
BLACK
6
CONTINUOUS
10
4.6125309842519684
20
-3.1626113385826771
11
4.6095782283464564
21
-3.1618201574803151
0
LINE
8
BLACK
6
CONTINUOUS
10
4.6095782283464564
20
-3.1618201574803151
11
4.6074166535433072
21
-3.1596585826771655
0
LINE
8
BLACK
6
CONTINUOUS
10
4.6074166535433072
20
-3.1596585826771655
11
4.6066254724409443
21
-3.1567058267716535
0
LINE
8
BLACK
6
CONTINUOUS
10
4.6066254724409443
20
-3.1567058267716535
11
4.6066254724409443
21
-3.0976507086614173
0
LINE
8
BLACK
6
CONTINUOUS
10
4.6066254724409443
20
-3.0976507086614173
11
4.6066935039370076
21
-3.0973966929133856
0
LINE
8
BLACK
6
CONTINUOUS
10
4.6066935039370076
20
-3.0973966929133856
11
4.6066477952755909
21
-3.0971377559055115
0
LINE
8
BLACK
6
CONTINUOUS
10
4.6066477952755909
20
-3.0971377559055115
11
4.6070852362204722
21
-3.0959346850393699
0
LINE
8
BLACK
6
CONTINUOUS
10
4.6070852362204722
20
-3.0959346850393699
11
4.6074166535433072
21
-3.0946979527559053
0
LINE
8
BLACK
6
CONTINUOUS
10
4.6074166535433072
20
-3.0946979527559053
11
4.6076025984251965
21
-3.0945119685039368
0
LINE
8
BLACK
6
CONTINUOUS
10
4.6076025984251965
20
-3.0945119685039368
11
4.6076924803149604
21
-3.0942648818897638
0
LINE
8
BLACK
6
CONTINUOUS
10
4.6076924803149604
20
-3.0942648818897638
11
4.6086727952755906
21
-3.0934417716535432
0
LINE
8
BLACK
6
CONTINUOUS
10
4.6086727952755906
20
-3.0934417716535432
11
4.6095782283464564
21
-3.0925363779527557
0
LINE
8
BLACK
6
CONTINUOUS
10
4.6095782283464564
20
-3.0925363779527557
11
4.6098322440944877
21
-3.0924683070866141
0
LINE
8
BLACK
6
CONTINUOUS
10
4.6098322440944877
20
-3.0924683070866141
11
4.6100336220472444
21
-3.092299251968504
0
LINE
8
BLACK
6
CONTINUOUS
10
4.6100336220472444
20
-3.092299251968504
11
4.6112942125984251
21
-3.0920765748031496
0
LINE
8
BLACK
6
CONTINUOUS
10
4.6112942125984251
20
-3.0920765748031496
11
4.6125309842519684
21
-3.0917451968503937
0
LINE
8
BLACK
6
CONTINUOUS
10
4.6125309842519684
20
-3.0917451968503937
11
4.6127849606299209
21
-3.0918132283464566
0
LINE
8
BLACK
6
CONTINUOUS
10
4.6127849606299209
20
-3.0918132283464566
11
4.6130439370078742
21
-3.0917675196850394
0
LINE
8
BLACK
6
CONTINUOUS
10
4.6130439370078742
20
-3.0917675196850394
11
4.6142469685039371
21
-3.0922049606299211
0
LINE
8
BLACK
6
CONTINUOUS
10
4.6142469685039371
20
-3.0922049606299211
11
4.6154837401574804
21
-3.0925363779527557
0
LINE
8
BLACK
6
CONTINUOUS
10
4.6154837401574804
20
-3.0925363779527557
11
4.6156696850393697
21
-3.0927223228346454
0
LINE
8
BLACK
6
CONTINUOUS
10
4.6156696850393697
20
-3.0927223228346454
11
4.6159168110236219
21
-3.0928122047244093
0
LINE
8
BLACK
6
CONTINUOUS
10
4.6159168110236219
20
-3.0928122047244093
11
4.6167398818897638
21
-3.0937925196850391
0
LINE
8
BLACK
6
CONTINUOUS
10
4.6167398818897638
20
-3.0937925196850391
11
4.6176453149606296
21
-3.0946979527559053
0
LINE
8
BLACK
6
CONTINUOUS
10
4.6176453149606296
20
-3.0946979527559053
11
4.6177133464566928
21
-3.0949519685039371
0
LINE
8
BLACK
6
CONTINUOUS
10
4.6177133464566928
20
-3.0949519685039371
11
4.6178824409448822
21
-3.0951533464566929
0
LINE
8
BLACK
6
CONTINUOUS
10
4.6178824409448822
20
-3.0951533464566929
11
4.6322160236220471
21
-3.125868149606299
0
LINE
8
BLACK
6
CONTINUOUS
10
4.6322160236220471
20
-3.125868149606299
11
4.6465496062992129
21
-3.0951533464566929
0
LINE
8
BLACK
6
CONTINUOUS
10
4.6465496062992129
20
-3.0951533464566929
11
4.6467186614173226
21
-3.0949519685039371
0
LINE
8
BLACK
6
CONTINUOUS
10
4.6467186614173226
20
-3.0949519685039371
11
4.6467867322834646
21
-3.0946979527559053
0
LINE
8
BLACK
6
CONTINUOUS
10
4.6467867322834646
20
-3.0946979527559053
11
4.6476920078740154
21
-3.0937926377952754
0
LINE
8
BLACK
6
CONTINUOUS
10
4.6476920078740154
20
-3.0937926377952754
11
4.6485152362204722
21
-3.0928121653543306
0
LINE
8
BLACK
6
CONTINUOUS
10
4.6485152362204722
20
-3.0928121653543306
11
4.6487623622047245
21
-3.0927222834645667
0
LINE
8
BLACK
6
CONTINUOUS
10
4.6487623622047245
20
-3.0927222834645667
11
4.6489483070866138
21
-3.0925363779527557
0
LINE
8
BLACK
6
CONTINUOUS
10
4.6489483070866138
20
-3.0925363779527557
11
4.6501846456692908
21
-3.0922050787401574
0
LINE
8
BLACK
6
CONTINUOUS
10
4.6501846456692908
20
-3.0922050787401574
11
4.65138811023622
21
-3.0917674803149606
0
LINE
8
BLACK
6
CONTINUOUS
10
4.65138811023622
20
-3.0917674803149606
11
4.651647125984252
21
-3.0918132283464566
0
LINE
8
BLACK
6
CONTINUOUS
10
4.651647125984252
20
-3.0918132283464566
11
4.6519010629921258
21
-3.0917451968503937
0
LINE
8
BLACK
6
CONTINUOUS
10
4.6519010629921258
20
-3.0917451968503937
11
4.6531373622047241
21
-3.0920764566929133
0
LINE
8
BLACK
6
CONTINUOUS
10
4.7038308267716538
20
-3.0920964960629922
11
4.7051607874015744
21
-3.0923686614173227
0
LINE
8
BLACK
6
CONTINUOUS
10
4.7051607874015744
20
-3.0923686614173227
11
4.7107850787401571
21
-3.0951808267716534
0
LINE
8
BLACK
6
CONTINUOUS
10
4.7107850787401571
20
-3.0951808267716534
11
4.7114964173228344
21
-3.0958116141732281
0
LINE
8
BLACK
6
CONTINUOUS
10
4.7114964173228344
20
-3.0958116141732281
11
4.7123198425196851
21
-3.0962870078740159
0
LINE
8
BLACK
6
CONTINUOUS
10
4.7123198425196851
20
-3.0962870078740159
11
4.7151320078740158
21
-3.0990991338582679
0
LINE
8
BLACK
6
CONTINUOUS
10
4.7151320078740158
20
-3.0990991338582679
11
4.7156074015748031
21
-3.099922559055118
0
LINE
8
BLACK
6
CONTINUOUS
10
4.7156074015748031
20
-3.099922559055118
11
4.7162382677165358
21
-3.1006339763779529
0
LINE
8
BLACK
6
CONTINUOUS
10
4.7162382677165358
20
-3.1006339763779529
11
4.7190503937007877
21
-3.1062583070866143
0
LINE
8
BLACK
6
CONTINUOUS
10
4.7190503937007877
20
-3.1062583070866143
11
4.7193224803149603
21
-3.1075880314960629
0
LINE
8
BLACK
6
CONTINUOUS
10
4.7193224803149603
20
-3.1075880314960629
11
4.7196738582677167
21
-3.1088992913385827
0
LINE
8
BLACK
6
CONTINUOUS
10
4.7196738582677167
20
-3.1088992913385827
11
4.7196738582677167
21
-3.117335748031496
0
LINE
8
BLACK
6
CONTINUOUS
10
4.7196738582677167
20
-3.117335748031496
11
4.7193224803149603
21
-3.1186469685039371
0
LINE
8
BLACK
6
CONTINUOUS
10
4.7193224803149603
20
-3.1186469685039371
11
4.7190503937007877
21
-3.1199767322834644
0
LINE
8
BLACK
6
CONTINUOUS
10
4.7190503937007877
20
-3.1199767322834644
11
4.7162382677165358
21
-3.1256010629921258
0
LINE
8
BLACK
6
CONTINUOUS
10
4.7162382677165358
20
-3.1256010629921258
11
4.7156074015748031
21
-3.1263124409448819
0
LINE
8
BLACK
6
CONTINUOUS
10
4.7156074015748031
20
-3.1263124409448819
11
4.7151320472440945
21
-3.1271358661417321
0
LINE
8
BLACK
6
CONTINUOUS
10
4.7151320472440945
20
-3.1271358661417321
11
4.7123198818897638
21
-3.1299480314960628
0
LINE
8
BLACK
6
CONTINUOUS
10
4.7123198818897638
20
-3.1299480314960628
11
4.7114964566929132
21
-3.1304233858267714
0
LINE
8
BLACK
6
CONTINUOUS
10
4.7114964566929132
20
-3.1304233858267714
11
4.7107850787401571
21
-3.1310542519685041
0
LINE
8
BLACK
6
CONTINUOUS
10
4.7107850787401571
20
-3.1310542519685041
11
4.7051607874015744
21
-3.133866377952756
0
LINE
8
BLACK
6
CONTINUOUS
10
4.7051607874015744
20
-3.133866377952756
11
4.7050107874015747
21
-3.1338970472440946
0
LINE
8
BLACK
6
CONTINUOUS
10
4.7050107874015747
20
-3.1338970472440946
11
4.7186063385826769
21
-3.153319251968504
0
LINE
8
BLACK
6
CONTINUOUS
10
4.7186063385826769
20
-3.153319251968504
11
4.7196514566929135
21
-3.156191929133858
0
LINE
8
BLACK
6
CONTINUOUS
10
4.7196514566929135
20
-3.156191929133858
11
4.719120196850394
21
-3.1592023622047245
0
LINE
8
BLACK
6
CONTINUOUS
10
4.719120196850394
20
-3.1592023622047245
11
4.7171549212598425
21
-3.1615438188976377
0
LINE
8
BLACK
6
CONTINUOUS
10
4.7171549212598425
20
-3.1615438188976377
11
4.7142822440944885
21
-3.1625889370078739
0
LINE
8
BLACK
6
CONTINUOUS
10
4.7142822440944885
20
-3.1625889370078739
11
4.7112718110236216
21
-3.1620576771653544
0
LINE
8
BLACK
6
CONTINUOUS
10
4.7112718110236216
20
-3.1620576771653544
11
4.7089303543307084
21
-3.1600924015748029
0
LINE
8
BLACK
6
CONTINUOUS
10
4.7089303543307084
20
-3.1600924015748029
11
4.6910085826771653
21
-3.134489842519685
0
LINE
8
BLACK
6
CONTINUOUS
10
4.6910085826771653
20
-3.134489842519685
11
4.6859280708661419
21
-3.134489842519685
0
LINE
8
BLACK
6
CONTINUOUS
10
4.6859280708661419
20
-3.134489842519685
11
4.6859280708661419
21
-3.1567058267716535
0
LINE
8
BLACK
6
CONTINUOUS
10
4.6859280708661419
20
-3.1567058267716535
11
4.6851368897637791
21
-3.1596585826771655
0
LINE
8
BLACK
6
CONTINUOUS
10
4.6851368897637791
20
-3.1596585826771655
11
4.6829753149606299
21
-3.1618201574803151
0
LINE
8
BLACK
6
CONTINUOUS
10
4.6829753149606299
20
-3.1618201574803151
11
4.6800225590551179
21
-3.1626113385826771
0
LINE
8
BLACK
6
CONTINUOUS
10
4.6800225590551179
20
-3.1626113385826771
11
4.6770698031496059
21
-3.1618201574803151
0
LINE
8
BLACK
6
CONTINUOUS
10
4.6770698031496059
20
-3.1618201574803151
11
4.6749082283464567
21
-3.1596585826771655
0
LINE
8
BLACK
6
CONTINUOUS
10
4.6749082283464567
20
-3.1596585826771655
11
4.6741170472440947
21
-3.1567058267716535
0
LINE
8
BLACK
6
CONTINUOUS
10
4.6741170472440947
20
-3.1567058267716535
11
4.6741170472440947
21
-3.0976507086614173
0
LINE
8
BLACK
6
CONTINUOUS
10
4.6741170472440947
20
-3.0976507086614173
11
4.6749082283464567
21
-3.0946979527559053
0
LINE
8
BLACK
6
CONTINUOUS
10
4.6749082283464567
20
-3.0946979527559053
11
4.6770698031496059
21
-3.0925363779527557
0
LINE
8
BLACK
6
CONTINUOUS
10
4.6770698031496059
20
-3.0925363779527557
11
4.6800225590551179
21
-3.0917451968503937
0
LINE
8
BLACK
6
CONTINUOUS
10
4.6800225590551179
20
-3.0917451968503937
11
4.7025197637795273
21
-3.0917451968503937
0
LINE
8
BLACK
6
CONTINUOUS
10
4.7025197637795273
20
-3.0917451968503937
11
4.7038308267716538
21
-3.0920964960629922
0
LINE
8
BLACK
6
CONTINUOUS
10
4.6859280708661419
20
-3.1226788188976378
11
4.7011256692913381
21
-3.1226788188976378
0
LINE
8
BLACK
6
CONTINUOUS
10
4.7011256692913381
20
-3.1226788188976378
11
4.7046458267716531
21
-3.1209187401574803
0
LINE
8
BLACK
6
CONTINUOUS
10
4.7046458267716531
20
-3.1209187401574803
11
4.7061027165354332
21
-3.1194618503937006
0
LINE
8
BLACK
6
CONTINUOUS
10
4.7061027165354332
20
-3.1194618503937006
11
4.7078628346456695
21
-3.1159416535433069
0
LINE
8
BLACK
6
CONTINUOUS
10
4.7078628346456695
20
-3.1159416535433069
11
4.7078628346456695
21
-3.1102933464566926
0
LINE
8
BLACK
6
CONTINUOUS
10
4.7078628346456695
20
-3.1102933464566926
11
4.706102755905512
21
-3.1067731889763777
0
LINE
8
BLACK
6
CONTINUOUS
10
4.706102755905512
20
-3.1067731889763777
11
4.7046459055118106
21
-3.1053163385826772
0
LINE
8
BLACK
6
CONTINUOUS
10
4.7046459055118106
20
-3.1053163385826772
11
4.7011256692913381
21
-3.103556220472441
0
LINE
8
BLACK
6
CONTINUOUS
10
4.7011256692913381
20
-3.103556220472441
11
4.6859280708661419
21
-3.103556220472441
0
LINE
8
BLACK
6
CONTINUOUS
10
4.6859280708661419
20
-3.103556220472441
11
4.6859280708661419
21
-3.1226788188976378
0
LINE
8
BLACK
6
CONTINUOUS
10
4.7533269291338582
20
-3.0917957086614174
11
4.7535185039370074
21
-3.0917574015748031
0
LINE
8
BLACK
6
CONTINUOUS
10
4.7535185039370074
20
-3.0917574015748031
11
4.7547926377952754
21
-3.0921884251968503
0
LINE
8
BLACK
6
CONTINUOUS
10
4.7547926377952754
20
-3.0921884251968503
11
4.7560911811023621
21
-3.0925363779527557
0
LINE
8
BLACK
6
CONTINUOUS
10
4.7560911811023621
20
-3.0925363779527557
11
4.7562292125984253
21
-3.092674409448819
0
LINE
8
BLACK
6
CONTINUOUS
10
4.7562292125984253
20
-3.092674409448819
11
4.7564142125984255
21
-3.0927370078740157
0
LINE
8
BLACK
6
CONTINUOUS
10
4.7564142125984255
20
-3.0927370078740157
11
4.7573020866141729
21
-3.093747283464567
0
LINE
8
BLACK
6
CONTINUOUS
10
4.7573020866141729
20
-3.093747283464567
11
4.7582527559055121
21
-3.0946979527559053
0
LINE
8
BLACK
6
CONTINUOUS
10
4.7582527559055121
20
-3.0946979527559053
11
4.7583032677165349
21
-3.0948864566929135
0
LINE
8
BLACK
6
CONTINUOUS
10
4.7583032677165349
20
-3.0948864566929135
11
4.758432204724409
21
-3.095033188976378
0
LINE
8
BLACK
6
CONTINUOUS
10
4.758432204724409
20
-3.095033188976378
11
4.7586959448818895
21
-3.0963520472440944
0
LINE
8
BLACK
6
CONTINUOUS
10
4.7586959448818895
20
-3.0963520472440944
11
4.7590439370078741
21
-3.0976507086614173
0
LINE
8
BLACK
6
CONTINUOUS
10
4.7590439370078741
20
-3.0976507086614173
11
4.7590439370078741
21
-3.1508003149606298
0
LINE
8
BLACK
6
CONTINUOUS
10
4.7590439370078741
20
-3.1508003149606298
11
4.7700113385826768
21
-3.1508003149606298
0
LINE
8
BLACK
6
CONTINUOUS
10
4.7700113385826768
20
-3.1508003149606298
11
4.7729640944881888
21
-3.1515914960629923
0
LINE
8
BLACK
6
CONTINUOUS
10
4.7729640944881888
20
-3.1515914960629923
11
4.7751256692913389
21
-3.1537530708661419
0
LINE
8
BLACK
6
CONTINUOUS
10
4.7751256692913389
20
-3.1537530708661419
11
4.7759168503937008
21
-3.1567058267716535
0
LINE
8
BLACK
6
CONTINUOUS
10
4.7759168503937008
20
-3.1567058267716535
11
4.7751256692913389
21
-3.1596585826771655
0
LINE
8
BLACK
6
CONTINUOUS
10
4.7751256692913389
20
-3.1596585826771655
11
4.7729640944881888
21
-3.1618201574803151
0
LINE
8
BLACK
6
CONTINUOUS
10
4.7729640944881888
20
-3.1618201574803151
11
4.7700113385826768
21
-3.1626113385826771
0
LINE
8
BLACK
6
CONTINUOUS
10
4.7700113385826768
20
-3.1626113385826771
11
4.75313842519685
21
-3.1626113385826771
0
LINE
8
BLACK
6
CONTINUOUS
10
4.75313842519685
20
-3.1626113385826771
11
4.736265551181102
21
-3.1626113385826771
0
LINE
8
BLACK
6
CONTINUOUS
10
4.736265551181102
20
-3.1626113385826771
11
4.73331279527559
21
-3.1618201574803151
0
LINE
8
BLACK
6
CONTINUOUS
10
4.73331279527559
20
-3.1618201574803151
11
4.7311512204724409
21
-3.1596585826771655
0
LINE
8
BLACK
6
CONTINUOUS
10
4.7311512204724409
20
-3.1596585826771655
11
4.7303600393700789
21
-3.1567058267716535
0
LINE
8
BLACK
6
CONTINUOUS
10
4.7303600393700789
20
-3.1567058267716535
11
4.7311512204724409
21
-3.1537530708661419
0
LINE
8
BLACK
6
CONTINUOUS
10
4.7311512204724409
20
-3.1537530708661419
11
4.73331279527559
21
-3.1515914960629923
0
LINE
8
BLACK
6
CONTINUOUS
10
4.73331279527559
20
-3.1515914960629923
11
4.736265551181102
21
-3.1508003149606298
0
LINE
8
BLACK
6
CONTINUOUS
10
4.736265551181102
20
-3.1508003149606298
11
4.7472329133858269
21
-3.1508003149606298
0
LINE
8
BLACK
6
CONTINUOUS
10
4.7472329133858269
20
-3.1508003149606298
11
4.7472329133858269
21
-3.1147200393700785
0
LINE
8
BLACK
6
CONTINUOUS
10
4.7472329133858269
20
-3.1147200393700785
11
4.7460656692913386
21
-3.1158872834645668
0
LINE
8
BLACK
6
CONTINUOUS
10
4.7460656692913386
20
-3.1158872834645668
11
4.7452422047244092
21
-3.1163626771653541
0
LINE
8
BLACK
6
CONTINUOUS
10
4.7452422047244092
20
-3.1163626771653541
11
4.7445308661417318
21
-3.1169935039370076
0
LINE
8
BLACK
6
CONTINUOUS
10
4.7445308661417318
20
-3.1169935039370076
11
4.7389065748031491
21
-3.1198056692913383
0
LINE
8
BLACK
6
CONTINUOUS
10
4.7389065748031491
20
-3.1198056692913383
11
4.7359117322834647
21
-3.1204185433070863
0
LINE
8
BLACK
6
CONTINUOUS
10
4.7359117322834647
20
-3.1204185433070863
11
4.7330116929133856
21
-3.1194518503937005
0
LINE
8
BLACK
6
CONTINUOUS
10
4.7330116929133856
20
-3.1194518503937005
11
4.7309835039370078
21
-3.1171646456692912
0
LINE
8
BLACK
6
CONTINUOUS
10
4.7309835039370078
20
-3.1171646456692912
11
4.7303706299212598
21
-3.1141698031496063
0
LINE
8
BLACK
6
CONTINUOUS
10
4.7303706299212598
20
-3.1141698031496063
11
4.7313373228346451
21
-3.1112697637795277
0
LINE
8
BLACK
6
CONTINUOUS
10
4.7313373228346451
20
-3.1112697637795277
11
4.7336245275590549
21
-3.1092415748031494
0
LINE
8
BLACK
6
CONTINUOUS
10
4.7336245275590549
20
-3.1092415748031494
11
4.7383916535433066
21
-3.1068579527559055
0
LINE
8
BLACK
6
CONTINUOUS
10
4.7383916535433066
20
-3.1068579527559055
11
4.7429247637795271
21
-3.102324842519685
0
LINE
8
BLACK
6
CONTINUOUS
10
4.7429247637795271
20
-3.102324842519685
11
4.7482247637795272
21
-3.0943749212598424
0
LINE
8
BLACK
6
CONTINUOUS
10
4.7482247637795272
20
-3.0943749212598424
11
4.7492347244094484
21
-3.093487283464567
0
LINE
8
BLACK
6
CONTINUOUS
10
4.7492347244094484
20
-3.093487283464567
11
4.7501856692913389
21
-3.0925363779527557
0
LINE
8
BLACK
6
CONTINUOUS
10
4.7501856692913389
20
-3.0925363779527557
11
4.7503742519685037
21
-3.0924858267716533
0
LINE
8
BLACK
6
CONTINUOUS
10
4.7503742519685037
20
-3.0924858267716533
11
4.7505209448818899
21
-3.0923569291338584
0
LINE
8
BLACK
6
CONTINUOUS
10
4.7505209448818899
20
-3.0923569291338584
11
4.7518398818897634
21
-3.0920931102362204
0
LINE
8
BLACK
6
CONTINUOUS
10
4.7518398818897634
20
-3.0920931102362204
11
4.75313842519685
21
-3.0917451968503937
0
LINE
8
BLACK
6
CONTINUOUS
10
4.75313842519685
20
-3.0917451968503937
11
4.7533269291338582
21
-3.0917957086614174
0
LINE
8
BLACK
6
CONTINUOUS
10
4.8084367322834645
20
-3.0892361417322833
11
4.8109877559055114
21
-3.0909204724409447
0
LINE
8
BLACK
6
CONTINUOUS
10
4.8109877559055114
20
-3.0909204724409447
11
4.8123548818897639
21
-3.0936546456692913
0
LINE
8
BLACK
6
CONTINUOUS
10
4.8123548818897639
20
-3.0936546456692913
11
4.8121716929133855
21
-3.0967061023622047
0
LINE
8
BLACK
6
CONTINUOUS
10
4.8121716929133855
20
-3.0967061023622047
11
4.800701929133858
21
-3.1311152755905511
0
LINE
8
BLACK
6
CONTINUOUS
10
4.800701929133858
20
-3.1311152755905511
11
4.8147244881889764
21
-3.1311152755905511
0
LINE
8
BLACK
6
CONTINUOUS
10
4.8147244881889764
20
-3.1311152755905511
11
4.8147244881889764
21
-3.117335748031496
0
LINE
8
BLACK
6
CONTINUOUS
10
4.8147244881889764
20
-3.117335748031496
11
4.8155156692913383
21
-3.114382992125984
0
LINE
8
BLACK
6
CONTINUOUS
10
4.8155156692913383
20
-3.114382992125984
11
4.8176772440944884
21
-3.1122214173228344
0
LINE
8
BLACK
6
CONTINUOUS
10
4.8176772440944884
20
-3.1122214173228344
11
4.8206299999999995
21
-3.1114302362204724
0
LINE
8
BLACK
6
CONTINUOUS
10
4.8206299999999995
20
-3.1114302362204724
11
4.8235827559055116
21
-3.1122214173228344
0
LINE
8
BLACK
6
CONTINUOUS
10
4.8235827559055116
20
-3.1122214173228344
11
4.8257443307086616
21
-3.114382992125984
0
LINE
8
BLACK
6
CONTINUOUS
10
4.8257443307086616
20
-3.114382992125984
11
4.8265355118110236
21
-3.117335748031496
0
LINE
8
BLACK
6
CONTINUOUS
10
4.8265355118110236
20
-3.117335748031496
11
4.8265355118110236
21
-3.1311152755905511
0
LINE
8
BLACK
6
CONTINUOUS
10
4.8265355118110236
20
-3.1311152755905511
11
4.8290664173228341
21
-3.1311152755905511
0
LINE
8
BLACK
6
CONTINUOUS
10
4.8290664173228341
20
-3.1311152755905511
11
4.8320191732283462
21
-3.1319064566929131
0
LINE
8
BLACK
6
CONTINUOUS
10
4.8320191732283462
20
-3.1319064566929131
11
4.8341807480314962
21
-3.1340680314960627
0
LINE
8
BLACK
6
CONTINUOUS
10
4.8341807480314962
20
-3.1340680314960627
11
4.8349719291338582
21
-3.1370207874015748
0
LINE
8
BLACK
6
CONTINUOUS
10
4.8349719291338582
20
-3.1370207874015748
11
4.8341807480314962
21
-3.1399735433070863
0
LINE
8
BLACK
6
CONTINUOUS
10
4.8341807480314962
20
-3.1399735433070863
11
4.8320191732283462
21
-3.1421351181102359
0
LINE
8
BLACK
6
CONTINUOUS
10
4.8320191732283462
20
-3.1421351181102359
11
4.8290664173228341
21
-3.1429262992125984
0
LINE
8
BLACK
6
CONTINUOUS
10
4.8290664173228341
20
-3.1429262992125984
11
4.8265355118110236
21
-3.1429262992125984
0
LINE
8
BLACK
6
CONTINUOUS
10
4.8265355118110236
20
-3.1429262992125984
11
4.8265355118110236
21
-3.1567058267716535
0
LINE
8
BLACK
6
CONTINUOUS
10
4.8265355118110236
20
-3.1567058267716535
11
4.8257443307086616
21
-3.1596585826771655
0
LINE
8
BLACK
6
CONTINUOUS
10
4.8257443307086616
20
-3.1596585826771655
11
4.8235827559055116
21
-3.1618201574803151
0
LINE
8
BLACK
6
CONTINUOUS
10
4.8235827559055116
20
-3.1618201574803151
11
4.8206299999999995
21
-3.1626113385826771
0
LINE
8
BLACK
6
CONTINUOUS
10
4.8206299999999995
20
-3.1626113385826771
11
4.8176772440944884
21
-3.1618201574803151
0
LINE
8
BLACK
6
CONTINUOUS
10
4.8176772440944884
20
-3.1618201574803151
11
4.8155156692913383
21
-3.1596585826771655
0
LINE
8
BLACK
6
CONTINUOUS
10
4.8155156692913383
20
-3.1596585826771655
11
4.8147244881889764
21
-3.1567058267716535
0
LINE
8
BLACK
6
CONTINUOUS
10
4.8147244881889764
20
-3.1567058267716535
11
4.8147244881889764
21
-3.1429262992125984
0
LINE
8
BLACK
6
CONTINUOUS
10
4.8147244881889764
20
-3.1429262992125984
11
4.7925085039370074
21
-3.1429262992125984
0
LINE
8
BLACK
6
CONTINUOUS
10
4.7925085039370074
20
-3.1429262992125984
11
4.791590039370079
21
-3.1426801968503937
0
LINE
8
BLACK
6
CONTINUOUS
10
4.791590039370079
20
-3.1426801968503937
11
4.7906410236220474
21
-3.1426232283464568
0
LINE
8
BLACK
6
CONTINUOUS
10
4.7906410236220474
20
-3.1426232283464568
11
4.7901380314960633
21
-3.1422911023622047
0
LINE
8
BLACK
6
CONTINUOUS
10
4.7901380314960633
20
-3.1422911023622047
11
4.7895557480314963
21
-3.1421351181102359
0
LINE
8
BLACK
6
CONTINUOUS
10
4.7895557480314963
20
-3.1421351181102359
11
4.7888834251968504
21
-3.1414627952755905
0
LINE
8
BLACK
6
CONTINUOUS
10
4.7888834251968504
20
-3.1414627952755905
11
4.7880899606299208
21
-3.1409389370078737
0
LINE
8
BLACK
6
CONTINUOUS
10
4.7880899606299208
20
-3.1409389370078737
11
4.7878203543307087
21
-3.1403997244094488
0
LINE
8
BLACK
6
CONTINUOUS
10
4.7878203543307087
20
-3.1403997244094488
11
4.7873941732283463
21
-3.1399735433070863
0
LINE
8
BLACK
6
CONTINUOUS
10
4.7873941732283463
20
-3.1399735433070863
11
4.7871480708661416
21
-3.1390551968503937
0
LINE
8
BLACK
6
CONTINUOUS
10
4.7871480708661416
20
-3.1390551968503937
11
4.7867228740157479
21
-3.1382047244094489
0
LINE
8
BLACK
6
CONTINUOUS
10
4.7867228740157479
20
-3.1382047244094489
11
4.7867589763779526
21
-3.1376029921259843
0
LINE
8
BLACK
6
CONTINUOUS
10
4.7867589763779526
20
-3.1376029921259843
11
4.7866029921259843
21
-3.1370207874015748
0
LINE
8
BLACK
6
CONTINUOUS
10
4.7866029921259843
20
-3.1370207874015748
11
4.7868490551181102
21
-3.1361023228346454
0
LINE
8
BLACK
6
CONTINUOUS
10
4.7868490551181102
20
-3.1361023228346454
11
4.7869060629921263
21
-3.1351533070866142
0
LINE
8
BLACK
6
CONTINUOUS
10
4.7869060629921263
20
-3.1351533070866142
11
4.8009667716535436
21
-3.0929711023622048
0
LINE
8
BLACK
6
CONTINUOUS
10
4.8009667716535436
20
-3.0929711023622048
11
4.8026511023622049
21
-3.0904200787401575
0
LINE
8
BLACK
6
CONTINUOUS
10
4.8026511023622049
20
-3.0904200787401575
11
4.8053853149606294
21
-3.0890529921259842
0
LINE
8
BLACK
6
CONTINUOUS
10
4.8053853149606294
20
-3.0890529921259842
11
4.8084367322834645
21
-3.0892361417322833
0
LINE
8
BLACK
6
CONTINUOUS
10
4.869747559055118
20
-3.0920964960629922
11
4.8710775196850395
21
-3.0923686614173227
0
LINE
8
BLACK
6
CONTINUOUS
10
4.8710775196850395
20
-3.0923686614173227
11
4.8767018110236222
21
-3.0951808267716534
0
LINE
8
BLACK
6
CONTINUOUS
10
4.8767018110236222
20
-3.0951808267716534
11
4.8774131496062987
21
-3.0958116141732281
0
LINE
8
BLACK
6
CONTINUOUS
10
4.8774131496062987
20
-3.0958116141732281
11
4.8782365748031493
21
-3.0962870078740159
0
LINE
8
BLACK
6
CONTINUOUS
10
4.8782365748031493
20
-3.0962870078740159
11
4.88104874015748
21
-3.0990991338582679
0
LINE
8
BLACK
6
CONTINUOUS
10
4.88104874015748
20
-3.0990991338582679
11
4.8815241338582673
21
-3.099922559055118
0
LINE
8
BLACK
6
CONTINUOUS
10
4.8815241338582673
20
-3.099922559055118
11
4.882155
21
-3.1006339763779529
0
LINE
8
BLACK
6
CONTINUOUS
10
4.882155
20
-3.1006339763779529
11
4.884967125984252
21
-3.1062583070866143
0
LINE
8
BLACK
6
CONTINUOUS
10
4.884967125984252
20
-3.1062583070866143
11
4.8850977952755903
21
-3.1068970078740157
0
LINE
8
BLACK
6
CONTINUOUS
10
4.8850977952755903
20
-3.1068970078740157
11
4.8854142519685038
21
-3.1074670078740159
0
LINE
8
BLACK
6
CONTINUOUS
10
4.8854142519685038
20
-3.1074670078740159
11
4.8882264173228345
21
-3.1187155905511812
0
LINE
8
BLACK
6
CONTINUOUS
10
4.8882264173228345
20
-3.1187155905511812
11
4.8882141338582672
21
-3.1194440944881889
0
LINE
8
BLACK
6
CONTINUOUS
10
4.8882141338582672
20
-3.1194440944881889
11
4.8884027559055117
21
-3.1201479133858268
0
LINE
8
BLACK
6
CONTINUOUS
10
4.8884027559055117
20
-3.1201479133858268
11
4.8884027559055117
21
-3.1342086614173228
0
LINE
8
BLACK
6
CONTINUOUS
10
4.8884027559055117
20
-3.1342086614173228
11
4.8882141338582672
21
-3.1349124409448819
0
LINE
8
BLACK
6
CONTINUOUS
10
4.8882141338582672
20
-3.1349124409448819
11
4.8882264173228345
21
-3.1356409842519684
0
LINE
8
BLACK
6
CONTINUOUS
10
4.8882264173228345
20
-3.1356409842519684
11
4.8854142519685038
21
-3.1468895669291337
0
LINE
8
BLACK
6
CONTINUOUS
10
4.8854142519685038
20
-3.1468895669291337
11
4.8850977952755903
21
-3.1474595669291339
0
LINE
8
BLACK
6
CONTINUOUS
10
4.8850977952755903
20
-3.1474595669291339
11
4.884967125984252
21
-3.1480982283464565
0
LINE
8
BLACK
6
CONTINUOUS
10
4.884967125984252
20
-3.1480982283464565
11
4.882155
21
-3.1537225590551179
0
LINE
8
BLACK
6
CONTINUOUS
10
4.882155
20
-3.1537225590551179
11
4.8815241338582673
21
-3.154433937007874
0
LINE
8
BLACK
6
CONTINUOUS
10
4.8815241338582673
20
-3.154433937007874
11
4.8810487795275588
21
-3.1552573622047242
0
LINE
8
BLACK
6
CONTINUOUS
10
4.8810487795275588
20
-3.1552573622047242
11
4.8782366141732281
21
-3.1580695275590549
0
LINE
8
BLACK
6
CONTINUOUS
10
4.8782366141732281
20
-3.1580695275590549
11
4.8774131889763774
21
-3.1585448818897639
0
LINE
8
BLACK
6
CONTINUOUS
10
4.8774131889763774
20
-3.1585448818897639
11
4.8767018110236222
21
-3.1591757480314961
0
LINE
8
BLACK
6
CONTINUOUS
10
4.8767018110236222
20
-3.1591757480314961
11
4.8710775196850395
21
-3.1619878740157481
0
LINE
8
BLACK
6
CONTINUOUS
10
4.8710775196850395
20
-3.1619878740157481
11
4.8697476377952755
21
-3.1622599999999998
0
LINE
8
BLACK
6
CONTINUOUS
10
4.8697476377952755
20
-3.1622599999999998
11
4.8684364960629924
21
-3.1626113385826771
0
LINE
8
BLACK
6
CONTINUOUS
10
4.8684364960629924
20
-3.1626113385826771
11
4.8628122047244098
21
-3.1626113385826771
0
LINE
8
BLACK
6
CONTINUOUS
10
4.8628122047244098
20
-3.1626113385826771
11
4.8615009448818896
21
-3.1622599606299211
0
LINE
8
BLACK
6
CONTINUOUS
10
4.8615009448818896
20
-3.1622599606299211
11
4.8601712204724405
21
-3.1619878740157481
0
LINE
8
BLACK
6
CONTINUOUS
10
4.8601712204724405
20
-3.1619878740157481
11
4.8545468897637791
21
-3.1591757480314961
0
LINE
8
BLACK
6
CONTINUOUS
10
4.8545468897637791
20
-3.1591757480314961
11
4.8538354724409452
21
-3.1585448818897639
0
LINE
8
BLACK
6
CONTINUOUS
10
4.8538354724409452
20
-3.1585448818897639
11
4.8530120866141733
21
-3.1580695275590549
0
LINE
8
BLACK
6
CONTINUOUS
10
4.8530120866141733
20
-3.1580695275590549
11
4.8501999212598426
21
-3.1552573622047242
0
LINE
8
BLACK
6
CONTINUOUS
10
4.8501999212598426
20
-3.1552573622047242
11
4.8497244881889765
21
-3.1544338976377952
0
LINE
8
BLACK
6
CONTINUOUS
10
4.8497244881889765
20
-3.1544338976377952
11
4.8490937007874013
21
-3.1537225590551179
0
LINE
8
BLACK
6
CONTINUOUS
10
4.8490937007874013
20
-3.1537225590551179
11
4.8462815354330706
21
-3.1480982677165352
0
LINE
8
BLACK
6
CONTINUOUS
10
4.8462815354330706
20
-3.1480982677165352
11
4.8461507874015748
21
-3.1474594881889764
0
LINE
8
BLACK
6
CONTINUOUS
10
4.8461507874015748
20
-3.1474594881889764
11
4.8458344094488188
21
-3.1468895275590549
0
LINE
8
BLACK
6
CONTINUOUS
10
4.8458344094488188
20
-3.1468895275590549
11
4.8430222834645669
21
-3.1356409448818896
0
LINE
8
BLACK
6
CONTINUOUS
10
4.8430222834645669
20
-3.1356409448818896
11
4.8430345275590554
21
-3.1349124803149606
0
LINE
8
BLACK
6
CONTINUOUS
10
4.8430345275590554
20
-3.1349124803149606
11
4.8428459448818897
21
-3.1342086614173228
0
LINE
8
BLACK
6
CONTINUOUS
10
4.8428459448818897
20
-3.1342086614173228
11
4.8428459448818897
21
-3.1201479133858268
0
LINE
8
BLACK
6
CONTINUOUS
10
4.8428459448818897
20
-3.1201479133858268
11
4.8430345275590554
21
-3.1194440551181102
0
LINE
8
BLACK
6
CONTINUOUS
10
4.8430345275590554
20
-3.1194440551181102
11
4.8430222834645669
21
-3.1187156299212599
0
LINE
8
BLACK
6
CONTINUOUS
10
4.8430222834645669
20
-3.1187156299212599
11
4.8458344094488188
21
-3.1074670078740159
0
LINE
8
BLACK
6
CONTINUOUS
10
4.8458344094488188
20
-3.1074670078740159
11
4.8461507874015748
21
-3.1068970078740157
0
LINE
8
BLACK
6
CONTINUOUS
10
4.8461507874015748
20
-3.1068970078740157
11
4.8462815354330706
21
-3.1062582677165356
0
LINE
8
BLACK
6
CONTINUOUS
10
4.8462815354330706
20
-3.1062582677165356
11
4.8490937007874013
21
-3.1006339763779529
0
LINE
8
BLACK
6
CONTINUOUS
10
4.8490937007874013
20
-3.1006339763779529
11
4.8497244881889765
21
-3.0999225984251968
0
LINE
8
BLACK
6
CONTINUOUS
10
4.8497244881889765
20
-3.0999225984251968
11
4.8501999606299213
21
-3.0990991338582679
0
LINE
8
BLACK
6
CONTINUOUS
10
4.8501999606299213
20
-3.0990991338582679
11
4.853012125984252
21
-3.0962870078740159
0
LINE
8
BLACK
6
CONTINUOUS
10
4.853012125984252
20
-3.0962870078740159
11
4.8538355118110239
21
-3.0958116141732281
0
LINE
8
BLACK
6
CONTINUOUS
10
4.8538355118110239
20
-3.0958116141732281
11
4.8545468897637791
21
-3.0951808267716534
0
LINE
8
BLACK
6
CONTINUOUS
10
4.8545468897637791
20
-3.0951808267716534
11
4.860171141732283
21
-3.0923686614173227
0
LINE
8
BLACK
6
CONTINUOUS
10
4.860171141732283
20
-3.0923686614173227
11
4.8615011417322833
21
-3.0920964566929134
0
LINE
8
BLACK
6
CONTINUOUS
10
4.8615011417322833
20
-3.0920964566929134
11
4.8628122047244098
21
-3.0917451968503937
0
LINE
8
BLACK
6
CONTINUOUS
10
4.8628122047244098
20
-3.0917451968503937
11
4.8684364960629924
21
-3.0917451968503937
0
LINE
8
BLACK
6
CONTINUOUS
10
4.8684364960629924
20
-3.0917451968503937
11
4.869747559055118
21
-3.0920964960629922
0
LINE
8
BLACK
6
CONTINUOUS
10
4.8606860629921256
20
-3.1053163385826772
11
4.8592292125984251
21
-3.1067731496062994
0
LINE
8
BLACK
6
CONTINUOUS
10
4.8592292125984251
20
-3.1067731496062994
11
4.8571354724409446
21
-3.1109605511811025
0
LINE
8
BLACK
6
CONTINUOUS
10
4.8571354724409446
20
-3.1109605511811025
11
4.8546569685039369
21
-3.1208748031496061
0
LINE
8
BLACK
6
CONTINUOUS
10
4.8546569685039369
20
-3.1208748031496061
11
4.8546569685039369
21
-3.1334817322834647
0
LINE
8
BLACK
6
CONTINUOUS
10
4.8546569685039369
20
-3.1334817322834647
11
4.8571354724409446
21
-3.1433959448818896
0
LINE
8
BLACK
6
CONTINUOUS
10
4.8571354724409446
20
-3.1433959448818896
11
4.8592292125984251
21
-3.1475833464566927
0
LINE
8
BLACK
6
CONTINUOUS
10
4.8592292125984251
20
-3.1475833464566927
11
4.8606860629921256
21
-3.1490401968503936
0
LINE
8
BLACK
6
CONTINUOUS
10
4.8606860629921256
20
-3.1490401968503936
11
4.8642062992125981
21
-3.1508003149606298
0
LINE
8
BLACK
6
CONTINUOUS
10
4.8642062992125981
20
-3.1508003149606298
11
4.8670424015748033
21
-3.1508003149606298
0
LINE
8
BLACK
6
CONTINUOUS
10
4.8670424015748033
20
-3.1508003149606298
11
4.8705625590551183
21
-3.1490402362204724
0
LINE
8
BLACK
6
CONTINUOUS
10
4.8705625590551183
20
-3.1490402362204724
11
4.8720194488188975
21
-3.1475833464566927
0
LINE
8
BLACK
6
CONTINUOUS
10
4.8720194488188975
20
-3.1475833464566927
11
4.8741131102362205
21
-3.1433960236220471
0
LINE
8
BLACK
6
CONTINUOUS
10
4.8741131102362205
20
-3.1433960236220471
11
4.8765917322834644
21
-3.133481692913386
0
LINE
8
BLACK
6
CONTINUOUS
10
4.8765917322834644
20
-3.133481692913386
11
4.8765917322834644
21
-3.1208748425196848
0
LINE
8
BLACK
6
CONTINUOUS
10
4.8765917322834644
20
-3.1208748425196848
11
4.8741131102362205
21
-3.1109605118110237
0
LINE
8
BLACK
6
CONTINUOUS
10
4.8741131102362205
20
-3.1109605118110237
11
4.8720194881889762
21
-3.1067731889763777
0
LINE
8
BLACK
6
CONTINUOUS
10
4.8720194881889762
20
-3.1067731889763777
11
4.8705626377952758
21
-3.1053163385826772
0
LINE
8
BLACK
6
CONTINUOUS
10
4.8705626377952758
20
-3.1053163385826772
11
4.8670424015748033
21
-3.103556220472441
0
LINE
8
BLACK
6
CONTINUOUS
10
4.8670424015748033
20
-3.103556220472441
11
4.8642062992125981
21
-3.103556220472441
0
LINE
8
BLACK
6
CONTINUOUS
10
4.8642062992125981
20
-3.103556220472441
11
4.8606860629921256
21
-3.1053163385826772
0
LINE
8
BLACK
6
CONTINUOUS
10
4.9388807874015743
20
-3.0925363779527557
11
4.9410423622047244
21
-3.0946979527559053
0
LINE
8
BLACK
6
CONTINUOUS
10
4.9410423622047244
20
-3.0946979527559053
11
4.9418335433070864
21
-3.0976507086614173
0
LINE
8
BLACK
6
CONTINUOUS
10
4.9418335433070864
20
-3.0976507086614173
11
4.9410423622047244
21
-3.1006034645669289
0
LINE
8
BLACK
6
CONTINUOUS
10
4.9410423622047244
20
-3.1006034645669289
11
4.9388807874015743
21
-3.1027650393700785
0
LINE
8
BLACK
6
CONTINUOUS
10
4.9388807874015743
20
-3.1027650393700785
11
4.9359280314960632
21
-3.103556220472441
0
LINE
8
BLACK
6
CONTINUOUS
10
4.9359280314960632
20
-3.103556220472441
11
4.9131509842519687
21
-3.103556220472441
0
LINE
8
BLACK
6
CONTINUOUS
10
4.9131509842519687
20
-3.103556220472441
11
4.9120457086614175
21
-3.1146088188976377
0
LINE
8
BLACK
6
CONTINUOUS
10
4.9120457086614175
20
-3.1146088188976377
11
4.9121199606299211
21
-3.1145936220472441
0
LINE
8
BLACK
6
CONTINUOUS
10
4.9121199606299211
20
-3.1145936220472441
11
4.9134308661417325
21
-3.1142424015748031
0
LINE
8
BLACK
6
CONTINUOUS
10
4.9134308661417325
20
-3.1142424015748031
11
4.9274915748031498
21
-3.1142424015748031
0
LINE
8
BLACK
6
CONTINUOUS
10
4.9274915748031498
20
-3.1142424015748031
11
4.9288027952755904
21
-3.1145937401574804
0
LINE
8
BLACK
6
CONTINUOUS
10
4.9288027952755904
20
-3.1145937401574804
11
4.9301325590551182
21
-3.1148658661417321
0
LINE
8
BLACK
6
CONTINUOUS
10
4.9301325590551182
20
-3.1148658661417321
11
4.9357569291338583
21
-3.1176779921259841
0
LINE
8
BLACK
6
CONTINUOUS
10
4.9357569291338583
20
-3.1176779921259841
11
4.9364683070866144
21
-3.1183088188976376
0
LINE
8
BLACK
6
CONTINUOUS
10
4.9364683070866144
20
-3.1183088188976376
11
4.9372917716535429
21
-3.1187842519685041
0
LINE
8
BLACK
6
CONTINUOUS
10
4.9372917716535429
20
-3.1187842519685041
11
4.9401038976377949
21
-3.1215964173228348
0
LINE
8
BLACK
6
CONTINUOUS
10
4.9401038976377949
20
-3.1215964173228348
11
4.9405792519685034
21
-3.1224198031496062
0
LINE
8
BLACK
6
CONTINUOUS
10
4.9405792519685034
20
-3.1224198031496062
11
4.9412100787401574
21
-3.1231311811023623
0
LINE
8
BLACK
6
CONTINUOUS
10
4.9412100787401574
20
-3.1231311811023623
11
4.9440222440944881
21
-3.1287554330708662
0
LINE
8
BLACK
6
CONTINUOUS
10
4.9440222440944881
20
-3.1287554330708662
11
4.944294409448819
21
-3.1300854330708661
0
LINE
8
BLACK
6
CONTINUOUS
10
4.944294409448819
20
-3.1300854330708661
11
4.9446457086614171
21
-3.1313964960629921
0
LINE
8
BLACK
6
CONTINUOUS
10
4.9446457086614171
20
-3.1313964960629921
11
4.9446457086614171
21
-3.1454572440944881
0
LINE
8
BLACK
6
CONTINUOUS
10
4.9446457086614171
20
-3.1454572440944881
11
4.944294409448819
21
-3.1467682677165354
0
LINE
8
BLACK
6
CONTINUOUS
10
4.944294409448819
20
-3.1467682677165354
11
4.9440222440944881
21
-3.148098307086614
0
LINE
8
BLACK
6
CONTINUOUS
10
4.9440222440944881
20
-3.148098307086614
11
4.9412100787401574
21
-3.1537225590551179
0
LINE
8
BLACK
6
CONTINUOUS
10
4.9412100787401574
20
-3.1537225590551179
11
4.9405792519685034
21
-3.1544338976377952
0
LINE
8
BLACK
6
CONTINUOUS
10
4.9405792519685034
20
-3.1544338976377952
11
4.9401038976377949
21
-3.1552573228346454
0
LINE
8
BLACK
6
CONTINUOUS
10
4.9401038976377949
20
-3.1552573228346454
11
4.9372917716535429
21
-3.1580694881889761
0
LINE
8
BLACK
6
CONTINUOUS
10
4.9372917716535429
20
-3.1580694881889761
11
4.9364683070866144
21
-3.1585448818897639
0
LINE
8
BLACK
6
CONTINUOUS
10
4.9364683070866144
20
-3.1585448818897639
11
4.9357569291338583
21
-3.1591757480314961
0
LINE
8
BLACK
6
CONTINUOUS
10
4.9357569291338583
20
-3.1591757480314961
11
4.9301325590551182
21
-3.1619878740157481
0
LINE
8
BLACK
6
CONTINUOUS
10
4.9301325590551182
20
-3.1619878740157481
11
4.9288027952755904
21
-3.1622599606299211
0
LINE
8
BLACK
6
CONTINUOUS
10
4.9288027952755904
20
-3.1622599606299211
11
4.9274915748031498
21
-3.1626113385826771
0
LINE
8
BLACK
6
CONTINUOUS
10
4.9274915748031498
20
-3.1626113385826771
11
4.9134308661417325
21
-3.1626113385826771
0
LINE
8
BLACK
6
CONTINUOUS
10
4.9134308661417325
20
-3.1626113385826771
11
4.9121199606299211
21
-3.1622600787401574
0
LINE
8
BLACK
6
CONTINUOUS
10
4.9121199606299211
20
-3.1622600787401574
11
4.9107898818897633
21
-3.1619879133858269
0
LINE
8
BLACK
6
CONTINUOUS
10
4.9107898818897633
20
-3.1619879133858269
11
4.9051655511811019
21
-3.1591757480314961
0
LINE
8
BLACK
6
CONTINUOUS
10
4.9051655511811019
20
-3.1591757480314961
11
4.9044541732283466
21
-3.1585449606299214
0
LINE
8
BLACK
6
CONTINUOUS
10
4.9044541732283466
20
-3.1585449606299214
11
4.9036306692913385
21
-3.1580694881889761
0
LINE
8
BLACK
6
CONTINUOUS
10
4.9036306692913385
20
-3.1580694881889761
11
4.9008185433070865
21
-3.1552573228346454
0
LINE
8
BLACK
6
CONTINUOUS
10
4.9008185433070865
20
-3.1552573228346454
11
4.899290118110236
21
-3.1526099606299214
0
LINE
8
BLACK
6
CONTINUOUS
10
4.899290118110236
20
-3.1526099606299214
11
4.899290118110236
21
-3.1495530314960631
0
LINE
8
BLACK
6
CONTINUOUS
10
4.899290118110236
20
-3.1495530314960631
11
4.9008186220472441
21
-3.1469056692913386
0
LINE
8
BLACK
6
CONTINUOUS
10
4.9008186220472441
20
-3.1469056692913386
11
4.9034659842519686
21
-3.145377244094488
0
LINE
8
BLACK
6
CONTINUOUS
10
4.9034659842519686
20
-3.145377244094488
11
4.9065229133858264
21
-3.145377244094488
0
LINE
8
BLACK
6
CONTINUOUS
10
4.9065229133858264
20
-3.145377244094488
11
4.9091702755905509
21
-3.1469057480314961
0
LINE
8
BLACK
6
CONTINUOUS
10
4.9091702755905509
20
-3.1469057480314961
11
4.9113047637795271
21
-3.1490402362204724
0
LINE
8
BLACK
6
CONTINUOUS
10
4.9113047637795271
20
-3.1490402362204724
11
4.914824921259842
21
-3.1508003149606298
0
LINE
8
BLACK
6
CONTINUOUS
10
4.914824921259842
20
-3.1508003149606298
11
4.9260975196850394
21
-3.1508003149606298
0
LINE
8
BLACK
6
CONTINUOUS
10
4.9260975196850394
20
-3.1508003149606298
11
4.9296177165354331
21
-3.1490401968503936
0
LINE
8
BLACK
6
CONTINUOUS
10
4.9296177165354331
20
-3.1490401968503936
11
4.9310745275590548
21
-3.1475833464566927
0
LINE
8
BLACK
6
CONTINUOUS
10
4.9310745275590548
20
-3.1475833464566927
11
4.9328346850393698
21
-3.1440631102362202
0
LINE
8
BLACK
6
CONTINUOUS
10
4.9328346850393698
20
-3.1440631102362202
11
4.9328346850393698
21
-3.1327905905511808
0
LINE
8
BLACK
6
CONTINUOUS
10
4.9328346850393698
20
-3.1327905905511808
11
4.9310745275590548
21
-3.1292703543307088
0
LINE
8
BLACK
6
CONTINUOUS
10
4.9310745275590548
20
-3.1292703543307088
11
4.9296177165354331
21
-3.1278135039370079
0
LINE
8
BLACK
6
CONTINUOUS
10
4.9296177165354331
20
-3.1278135039370079
11
4.9260975196850394
21
-3.1260534251968504
0
LINE
8
BLACK
6
CONTINUOUS
10
4.9260975196850394
20
-3.1260534251968504
11
4.914824921259842
21
-3.1260534251968504
0
LINE
8
BLACK
6
CONTINUOUS
10
4.914824921259842
20
-3.1260534251968504
11
4.9113047637795271
21
-3.1278134645669291
0
LINE
8
BLACK
6
CONTINUOUS
10
4.9113047637795271
20
-3.1278134645669291
11
4.9091702755905509
21
-3.1299479921259841
0
LINE
8
BLACK
6
CONTINUOUS
10
4.9091702755905509
20
-3.1299479921259841
11
4.9082479527559055
21
-3.130480472440945
0
LINE
8
BLACK
6
CONTINUOUS
10
4.9082479527559055
20
-3.130480472440945
11
4.9074236220472436
21
-3.1311549606299214
0
LINE
8
BLACK
6
CONTINUOUS
10
4.9074236220472436
20
-3.1311549606299214
11
4.9069438976377953
21
-3.1312334251968501
0
LINE
8
BLACK
6
CONTINUOUS
10
4.9069438976377953
20
-3.1312334251968501
11
4.9065229133858264
21
-3.1314764960629922
0
LINE
8
BLACK
6
CONTINUOUS
10
4.9065229133858264
20
-3.1314764960629922
11
4.9054579133858267
21
-3.1314764960629922
0
LINE
8
BLACK
6
CONTINUOUS
10
4.9054579133858267
20
-3.1314764960629922
11
4.9044068110236223
21
-3.1316484251968504
0
LINE
8
BLACK
6
CONTINUOUS
10
4.9044068110236223
20
-3.1316484251968504
11
4.9039520472440943
21
-3.1314764960629922
0
LINE
8
BLACK
6
CONTINUOUS
10
4.9039520472440943
20
-3.1314764960629922
11
4.9034659842519686
21
-3.1314764960629922
0
LINE
8
BLACK
6
CONTINUOUS
10
4.9034659842519686
20
-3.1314764960629922
11
4.9025437401574798
21
-3.1309440157480313
0
LINE
8
BLACK
6
CONTINUOUS
10
4.9025437401574798
20
-3.1309440157480313
11
4.9015474015748026
21
-3.1305673622047245
0
LINE
8
BLACK
6
CONTINUOUS
10
4.9015474015748026
20
-3.1305673622047245
11
4.9012395275590546
21
-3.1301910629921261
0
LINE
8
BLACK
6
CONTINUOUS
10
4.9012395275590546
20
-3.1301910629921261
11
4.9008186220472441
21
-3.1299480708661416
0
LINE
8
BLACK
6
CONTINUOUS
10
4.9008186220472441
20
-3.1299480708661416
11
4.9002861023622044
21
-3.1290257480314958
0
LINE
8
BLACK
6
CONTINUOUS
10
4.9002861023622044
20
-3.1290257480314958
11
4.8996116535433067
21
-3.1282014173228347
0
LINE
8
BLACK
6
CONTINUOUS
10
4.8996116535433067
20
-3.1282014173228347
11
4.8995331496062988
21
-3.127721692913386
0
LINE
8
BLACK
6
CONTINUOUS
10
4.8995331496062988
20
-3.127721692913386
11
4.899290118110236
21
-3.1273007086614171
0
LINE
8
BLACK
6
CONTINUOUS
10
4.899290118110236
20
-3.1273007086614171
11
4.899290118110236
21
-3.1262356692913387
0
LINE
8
BLACK
6
CONTINUOUS
10
4.899290118110236
20
-3.1262356692913387
11
4.8991181889763782
21
-3.1251846062992126
0
LINE
8
BLACK
6
CONTINUOUS
10
4.8991181889763782
20
-3.1251846062992126
11
4.9019303149606301
21
-3.0970631102362205
0
LINE
8
BLACK
6
CONTINUOUS
10
4.9019303149606301
20
-3.0970631102362205
11
4.902370236220472
21
-3.0958994488188978
0
LINE
8
BLACK
6
CONTINUOUS
10
4.902370236220472
20
-3.0958994488188978
11
4.902692204724409
21
-3.0946979527559053
0
LINE
8
BLACK
6
CONTINUOUS
10
4.902692204724409
20
-3.0946979527559053
11
4.9029049606299209
21
-3.0944851574803147
0
LINE
8
BLACK
6
CONTINUOUS
10
4.9029049606299209
20
-3.0944851574803147
11
4.9030113779527555
21
-3.0942037401574805
0
LINE
8
BLACK
6
CONTINUOUS
10
4.9030113779527555
20
-3.0942037401574805
11
4.9039740944881887
21
-3.0934160236220474
0
LINE
8
BLACK
6
CONTINUOUS
10
4.9039740944881887
20
-3.0934160236220474
11
4.9048537795275591
21
-3.0925363779527557
0
LINE
8
BLACK
6
CONTINUOUS
10
4.9048537795275591
20
-3.0925363779527557
11
4.9051444094488188
21
-3.0924584645669291
0
LINE
8
BLACK
6
CONTINUOUS
10
4.9051444094488188
20
-3.0924584645669291
11
4.9053773228346458
21
-3.0922679527559054
0
LINE
8
BLACK
6
CONTINUOUS
10
4.9053773228346458
20
-3.0922679527559054
11
4.9066048818897636
21
-3.0920671653543308
0
LINE
8
BLACK
6
CONTINUOUS
10
4.9066048818897636
20
-3.0920671653543308
11
4.9078065354330711
21
-3.0917451968503937
0
LINE
8
BLACK
6
CONTINUOUS
10
4.9078065354330711
20
-3.0917451968503937
11
4.9359280314960632
21
-3.0917451968503937
0
LINE
8
BLACK
6
CONTINUOUS
10
4.9359280314960632
20
-3.0917451968503937
11
4.9388807874015743
21
-3.0925363779527557
0
LINE
8
BLACK
6
CONTINUOUS
10
4.9822334645669288
20
-3.0920964960629922
11
4.9835634251968504
21
-3.0923686614173227
0
LINE
8
BLACK
6
CONTINUOUS
10
4.9835634251968504
20
-3.0923686614173227
11
4.989187716535433
21
-3.0951808267716534
0
LINE
8
BLACK
6
CONTINUOUS
10
4.989187716535433
20
-3.0951808267716534
11
4.9898990551181104
21
-3.0958116141732281
0
LINE
8
BLACK
6
CONTINUOUS
10
4.9898990551181104
20
-3.0958116141732281
11
4.9907224803149601
21
-3.0962870078740159
0
LINE
8
BLACK
6
CONTINUOUS
10
4.9907224803149601
20
-3.0962870078740159
11
4.9935346456692908
21
-3.0990991338582679
0
LINE
8
BLACK
6
CONTINUOUS
10
4.9935346456692908
20
-3.0990991338582679
11
4.994010039370079
21
-3.099922559055118
0
LINE
8
BLACK
6
CONTINUOUS
10
4.994010039370079
20
-3.099922559055118
11
4.9946409055118108
21
-3.1006339763779529
0
LINE
8
BLACK
6
CONTINUOUS
10
4.9946409055118108
20
-3.1006339763779529
11
4.9974530314960628
21
-3.1062583070866143
0
LINE
8
BLACK
6
CONTINUOUS
10
4.9974530314960628
20
-3.1062583070866143
11
4.9975837007874011
21
-3.1068970078740157
0
LINE
8
BLACK
6
CONTINUOUS
10
4.9975837007874011
20
-3.1068970078740157
11
4.9979001574803146
21
-3.1074670078740159
0
LINE
8
BLACK
6
CONTINUOUS
10
4.9979001574803146
20
-3.1074670078740159
11
5.0007123228346453
21
-3.1187155905511812
0
LINE
8
BLACK
6
CONTINUOUS
10
5.0007123228346453
20
-3.1187155905511812
11
5.0007000393700789
21
-3.1194440944881889
0
LINE
8
BLACK
6
CONTINUOUS
10
5.0007000393700789
20
-3.1194440944881889
11
5.0008886614173225
21
-3.1201479133858268
0
LINE
8
BLACK
6
CONTINUOUS
10
5.0008886614173225
20
-3.1201479133858268
11
5.0008886614173225
21
-3.1342086614173228
0
LINE
8
BLACK
6
CONTINUOUS
10
5.0008886614173225
20
-3.1342086614173228
11
5.0007000393700789
21
-3.1349124409448819
0
LINE
8
BLACK
6
CONTINUOUS
10
5.0007000393700789
20
-3.1349124409448819
11
5.0007123228346453
21
-3.1356409842519684
0
LINE
8
BLACK
6
CONTINUOUS
10
5.0007123228346453
20
-3.1356409842519684
11
4.9979001574803146
21
-3.1468895669291337
0
LINE
8
BLACK
6
CONTINUOUS
10
4.9979001574803146
20
-3.1468895669291337
11
4.9975837007874011
21
-3.1474595669291339
0
LINE
8
BLACK
6
CONTINUOUS
10
4.9975837007874011
20
-3.1474595669291339
11
4.9974530314960628
21
-3.1480982283464565
0
LINE
8
BLACK
6
CONTINUOUS
10
4.9974530314960628
20
-3.1480982283464565
11
4.9946409055118108
21
-3.1537225590551179
0
LINE
8
BLACK
6
CONTINUOUS
10
4.9946409055118108
20
-3.1537225590551179
11
4.994010039370079
21
-3.154433937007874
0
LINE
8
BLACK
6
CONTINUOUS
10
4.994010039370079
20
-3.154433937007874
11
4.9935346850393696
21
-3.1552573622047242
0
LINE
8
BLACK
6
CONTINUOUS
10
4.9935346850393696
20
-3.1552573622047242
11
4.9907225196850389
21
-3.1580695275590549
0
LINE
8
BLACK
6
CONTINUOUS
10
4.9907225196850389
20
-3.1580695275590549
11
4.9898990944881891
21
-3.1585448818897639
0
LINE
8
BLACK
6
CONTINUOUS
10
4.9898990944881891
20
-3.1585448818897639
11
4.989187716535433
21
-3.1591757480314961
0
LINE
8
BLACK
6
CONTINUOUS
10
4.989187716535433
20
-3.1591757480314961
11
4.9835634251968504
21
-3.1619878740157481
0
LINE
8
BLACK
6
CONTINUOUS
10
4.9835634251968504
20
-3.1619878740157481
11
4.9822335433070863
21
-3.1622599999999998
0
LINE
8
BLACK
6
CONTINUOUS
10
4.9822335433070863
20
-3.1622599999999998
11
4.9809224015748033
21
-3.1626113385826771
0
LINE
8
BLACK
6
CONTINUOUS
10
4.9809224015748033
20
-3.1626113385826771
11
4.9752981102362206
21
-3.1626113385826771
0
LINE
8
BLACK
6
CONTINUOUS
10
4.9752981102362206
20
-3.1626113385826771
11
4.9739868503937004
21
-3.1622599606299211
0
LINE
8
BLACK
6
CONTINUOUS
10
4.9739868503937004
20
-3.1622599606299211
11
4.9726571259842522
21
-3.1619878740157481
0
LINE
8
BLACK
6
CONTINUOUS
10
4.9726571259842522
20
-3.1619878740157481
11
4.9670327952755908
21
-3.1591757480314961
0
LINE
8
BLACK
6
CONTINUOUS
10
4.9670327952755908
20
-3.1591757480314961
11
4.966321377952756
21
-3.1585448818897639
0
LINE
8
BLACK
6
CONTINUOUS
10
4.966321377952756
20
-3.1585448818897639
11
4.9654979921259841
21
-3.1580695275590549
0
LINE
8
BLACK
6
CONTINUOUS
10
4.9654979921259841
20
-3.1580695275590549
11
4.9626858267716534
21
-3.1552573622047242
0
LINE
8
BLACK
6
CONTINUOUS
10
4.9626858267716534
20
-3.1552573622047242
11
4.9622103937007873
21
-3.1544338976377952
0
LINE
8
BLACK
6
CONTINUOUS
10
4.9622103937007873
20
-3.1544338976377952
11
4.9615796062992121
21
-3.1537225590551179
0
LINE
8
BLACK
6
CONTINUOUS
10
4.9615796062992121
20
-3.1537225590551179
11
4.9587674409448814
21
-3.1480982677165352
0
LINE
8
BLACK
6
CONTINUOUS
10
4.9587674409448814
20
-3.1480982677165352
11
4.9586366929133856
21
-3.1474594881889764
0
LINE
8
BLACK
6
CONTINUOUS
10
4.9586366929133856
20
-3.1474594881889764
11
4.9583203149606296
21
-3.1468895275590549
0
LINE
8
BLACK
6
CONTINUOUS
10
4.9583203149606296
20
-3.1468895275590549
11
4.9555081889763777
21
-3.1356409448818896
0
LINE
8
BLACK
6
CONTINUOUS
10
4.9555081889763777
20
-3.1356409448818896
11
4.9555204330708662
21
-3.1349124803149606
0
LINE
8
BLACK
6
CONTINUOUS
10
4.9555204330708662
20
-3.1349124803149606
11
4.9553318503937005
21
-3.1342086614173228
0
LINE
8
BLACK
6
CONTINUOUS
10
4.9553318503937005
20
-3.1342086614173228
11
4.9553318503937005
21
-3.1201479133858268
0
LINE
8
BLACK
6
CONTINUOUS
10
4.9553318503937005
20
-3.1201479133858268
11
4.9555204330708662
21
-3.1194440551181102
0
LINE
8
BLACK
6
CONTINUOUS
10
4.9555204330708662
20
-3.1194440551181102
11
4.9555081889763777
21
-3.1187156299212599
0
LINE
8
BLACK
6
CONTINUOUS
10
4.9555081889763777
20
-3.1187156299212599
11
4.9583203149606296
21
-3.1074670078740159
0
LINE
8
BLACK
6
CONTINUOUS
10
4.9583203149606296
20
-3.1074670078740159
11
4.9586366929133856
21
-3.1068970078740157
0
LINE
8
BLACK
6
CONTINUOUS
10
4.9586366929133856
20
-3.1068970078740157
11
4.9587674409448814
21
-3.1062582677165356
0
LINE
8
BLACK
6
CONTINUOUS
10
4.9587674409448814
20
-3.1062582677165356
11
4.9615796062992121
21
-3.1006339763779529
0
LINE
8
BLACK
6
CONTINUOUS
10
4.9615796062992121
20
-3.1006339763779529
11
4.9622103937007873
21
-3.0999225984251968
0
LINE
8
BLACK
6
CONTINUOUS
10
4.9622103937007873
20
-3.0999225984251968
11
4.9626858661417321
21
-3.0990991338582679
0
LINE
8
BLACK
6
CONTINUOUS
10
4.9626858661417321
20
-3.0990991338582679
11
4.9654980314960628
21
-3.0962870078740159
0
LINE
8
BLACK
6
CONTINUOUS
10
4.9654980314960628
20
-3.0962870078740159
11
4.9663214173228347
21
-3.0958116141732281
0
LINE
8
BLACK
6
CONTINUOUS
10
4.9663214173228347
20
-3.0958116141732281
11
4.9670327952755908
21
-3.0951808267716534
0
LINE
8
BLACK
6
CONTINUOUS
10
4.9670327952755908
20
-3.0951808267716534
11
4.9726570472440947
21
-3.0923686614173227
0
LINE
8
BLACK
6
CONTINUOUS
10
4.9726570472440947
20
-3.0923686614173227
11
4.9739870472440941
21
-3.0920964566929134
0
LINE
8
BLACK
6
CONTINUOUS
10
4.9739870472440941
20
-3.0920964566929134
11
4.9752981102362206
21
-3.0917451968503937
0
LINE
8
BLACK
6
CONTINUOUS
10
4.9752981102362206
20
-3.0917451968503937
11
4.9809224015748033
21
-3.0917451968503937
0
LINE
8
BLACK
6
CONTINUOUS
10
4.9809224015748033
20
-3.0917451968503937
11
4.9822334645669288
21
-3.0920964960629922
0
LINE
8
BLACK
6
CONTINUOUS
10
4.9731719685039373
20
-3.1053163385826772
11
4.9717151181102359
21
-3.1067731496062994
0
LINE
8
BLACK
6
CONTINUOUS
10
4.9717151181102359
20
-3.1067731496062994
11
4.9696213779527554
21
-3.1109605511811025
0
LINE
8
BLACK
6
CONTINUOUS
10
4.9696213779527554
20
-3.1109605511811025
11
4.9671428740157477
21
-3.1208748031496061
0
LINE
8
BLACK
6
CONTINUOUS
10
4.9671428740157477
20
-3.1208748031496061
11
4.9671428740157477
21
-3.1334817322834647
0
LINE
8
BLACK
6
CONTINUOUS
10
4.9671428740157477
20
-3.1334817322834647
11
4.9696213779527554
21
-3.1433959448818896
0
LINE
8
BLACK
6
CONTINUOUS
10
4.9696213779527554
20
-3.1433959448818896
11
4.9717151181102359
21
-3.1475833464566927
0
LINE
8
BLACK
6
CONTINUOUS
10
4.9717151181102359
20
-3.1475833464566927
11
4.9731719685039373
21
-3.1490401968503936
0
LINE
8
BLACK
6
CONTINUOUS
10
4.9731719685039373
20
-3.1490401968503936
11
4.9766922047244098
21
-3.1508003149606298
0
LINE
8
BLACK
6
CONTINUOUS
10
4.9766922047244098
20
-3.1508003149606298
11
4.9795283070866141
21
-3.1508003149606298
0
LINE
8
BLACK
6
CONTINUOUS
10
4.9795283070866141
20
-3.1508003149606298
11
4.9830484645669291
21
-3.1490402362204724
0
LINE
8
BLACK
6
CONTINUOUS
10
4.9830484645669291
20
-3.1490402362204724
11
4.9845053543307083
21
-3.1475833464566927
0
LINE
8
BLACK
6
CONTINUOUS
10
4.9845053543307083
20
-3.1475833464566927
11
4.9865990157480313
21
-3.1433960236220471
0
LINE
8
BLACK
6
CONTINUOUS
10
4.9865990157480313
20
-3.1433960236220471
11
4.9890776377952752
21
-3.133481692913386
0
LINE
8
BLACK
6
CONTINUOUS
10
4.9890776377952752
20
-3.133481692913386
11
4.9890776377952752
21
-3.1208748425196848
0
LINE
8
BLACK
6
CONTINUOUS
10
4.9890776377952752
20
-3.1208748425196848
11
4.9865990157480313
21
-3.1109605118110237
0
LINE
8
BLACK
6
CONTINUOUS
10
4.9865990157480313
20
-3.1109605118110237
11
4.984505393700787
21
-3.1067731889763777
0
LINE
8
BLACK
6
CONTINUOUS
10
4.984505393700787
20
-3.1067731889763777
11
4.9830485433070866
21
-3.1053163385826772
0
LINE
8
BLACK
6
CONTINUOUS
10
4.9830485433070866
20
-3.1053163385826772
11
4.9795283070866141
21
-3.103556220472441
0
LINE
8
BLACK
6
CONTINUOUS
10
4.9795283070866141
20
-3.103556220472441
11
4.9766922047244098
21
-3.103556220472441
0
LINE
8
BLACK
6
CONTINUOUS
10
4.9766922047244098
20
-3.103556220472441
11
4.9731719685039373
21
-3.1053163385826772
0
LINE
8
BLACK
6
CONTINUOUS
10
5.0384764173228342
20
-3.0920964960629922
11
5.0398063779527558
21
-3.0923686614173227
0
LINE
8
BLACK
6
CONTINUOUS
10
5.0398063779527558
20
-3.0923686614173227
11
5.0454306692913384
21
-3.0951808267716534
0
LINE
8
BLACK
6
CONTINUOUS
10
5.0454306692913384
20
-3.0951808267716534
11
5.0461420078740158
21
-3.0958116141732281
0
LINE
8
BLACK
6
CONTINUOUS
10
5.0461420078740158
20
-3.0958116141732281
11
5.0469654330708664
21
-3.0962870078740159
0
LINE
8
BLACK
6
CONTINUOUS
10
5.0469654330708664
20
-3.0962870078740159
11
5.0497775984251971
21
-3.0990991338582679
0
LINE
8
BLACK
6
CONTINUOUS
10
5.0497775984251971
20
-3.0990991338582679
11
5.0502529921259844
21
-3.099922559055118
0
LINE
8
BLACK
6
CONTINUOUS
10
5.0502529921259844
20
-3.099922559055118
11
5.0508838582677162
21
-3.1006339763779529
0
LINE
8
BLACK
6
CONTINUOUS
10
5.0508838582677162
20
-3.1006339763779529
11
5.0536959842519682
21
-3.1062583070866143
0
LINE
8
BLACK
6
CONTINUOUS
10
5.0536959842519682
20
-3.1062583070866143
11
5.0538266535433074
21
-3.1068970078740157
0
LINE
8
BLACK
6
CONTINUOUS
10
5.0538266535433074
20
-3.1068970078740157
11
5.05414311023622
21
-3.1074670078740159
0
LINE
8
BLACK
6
CONTINUOUS
10
5.05414311023622
20
-3.1074670078740159
11
5.0569552755905507
21
-3.1187155905511812
0
LINE
8
BLACK
6
CONTINUOUS
10
5.0569552755905507
20
-3.1187155905511812
11
5.0569429921259843
21
-3.1194440944881889
0
LINE
8
BLACK
6
CONTINUOUS
10
5.0569429921259843
20
-3.1194440944881889
11
5.0571316141732279
21
-3.1201479133858268
0
LINE
8
BLACK
6
CONTINUOUS
10
5.0571316141732279
20
-3.1201479133858268
11
5.0571316141732279
21
-3.1342086614173228
0
LINE
8
BLACK
6
CONTINUOUS
10
5.0571316141732279
20
-3.1342086614173228
11
5.0569429921259843
21
-3.1349124409448819
0
LINE
8
BLACK
6
CONTINUOUS
10
5.0569429921259843
20
-3.1349124409448819
11
5.0569552755905507
21
-3.1356409842519684
0
LINE
8
BLACK
6
CONTINUOUS
10
5.0569552755905507
20
-3.1356409842519684
11
5.05414311023622
21
-3.1468895669291337
0
LINE
8
BLACK
6
CONTINUOUS
10
5.05414311023622
20
-3.1468895669291337
11
5.0538266535433074
21
-3.1474595669291339
0
LINE
8
BLACK
6
CONTINUOUS
10
5.0538266535433074
20
-3.1474595669291339
11
5.0536959842519682
21
-3.1480982283464565
0
LINE
8
BLACK
6
CONTINUOUS
10
5.0536959842519682
20
-3.1480982283464565
11
5.0508838582677162
21
-3.1537225590551179
0
LINE
8
BLACK
6
CONTINUOUS
10
5.0508838582677162
20
-3.1537225590551179
11
5.0502529921259844
21
-3.154433937007874
0
LINE
8
BLACK
6
CONTINUOUS
10
5.0502529921259844
20
-3.154433937007874
11
5.0497776377952759
21
-3.1552573622047242
0
LINE
8
BLACK
6
CONTINUOUS
10
5.0497776377952759
20
-3.1552573622047242
11
5.0469654724409452
21
-3.1580695275590549
0
LINE
8
BLACK
6
CONTINUOUS
10
5.0469654724409452
20
-3.1580695275590549
11
5.0461420472440945
21
-3.1585448818897639
0
LINE
8
BLACK
6
CONTINUOUS
10
5.0461420472440945
20
-3.1585448818897639
11
5.0454306692913384
21
-3.1591757480314961
0
LINE
8
BLACK
6
CONTINUOUS
10
5.0454306692913384
20
-3.1591757480314961
11
5.0398063779527558
21
-3.1619878740157481
0
LINE
8
BLACK
6
CONTINUOUS
10
5.0398063779527558
20
-3.1619878740157481
11
5.0384764960629917
21
-3.1622599999999998
0
LINE
8
BLACK
6
CONTINUOUS
10
5.0384764960629917
20
-3.1622599999999998
11
5.0371653543307087
21
-3.1626113385826771
0
LINE
8
BLACK
6
CONTINUOUS
10
5.0371653543307087
20
-3.1626113385826771
11
5.031541062992126
21
-3.1626113385826771
0
LINE
8
BLACK
6
CONTINUOUS
10
5.031541062992126
20
-3.1626113385826771
11
5.0302298031496058
21
-3.1622599606299211
0
LINE
8
BLACK
6
CONTINUOUS
10
5.0302298031496058
20
-3.1622599606299211
11
5.0289000787401577
21
-3.1619878740157481
0
LINE
8
BLACK
6
CONTINUOUS
10
5.0289000787401577
20
-3.1619878740157481
11
5.0232757480314962
21
-3.1591757480314961
0
LINE
8
BLACK
6
CONTINUOUS
10
5.0232757480314962
20
-3.1591757480314961
11
5.0225643307086614
21
-3.1585448818897639
0
LINE
8
BLACK
6
CONTINUOUS
10
5.0225643307086614
20
-3.1585448818897639
11
5.0217409448818895
21
-3.1580695275590549
0
LINE
8
BLACK
6
CONTINUOUS
10
5.0217409448818895
20
-3.1580695275590549
11
5.0189287795275588
21
-3.1552573622047242
0
LINE
8
BLACK
6
CONTINUOUS
10
5.0189287795275588
20
-3.1552573622047242
11
5.0184533464566927
21
-3.1544338976377952
0
LINE
8
BLACK
6
CONTINUOUS
10
5.0184533464566927
20
-3.1544338976377952
11
5.0178225590551184
21
-3.1537225590551179
0
LINE
8
BLACK
6
CONTINUOUS
10
5.0178225590551184
20
-3.1537225590551179
11
5.0150103937007877
21
-3.1480982677165352
0
LINE
8
BLACK
6
CONTINUOUS
10
5.0150103937007877
20
-3.1480982677165352
11
5.014879645669291
21
-3.1474594881889764
0
LINE
8
BLACK
6
CONTINUOUS
10
5.014879645669291
20
-3.1474594881889764
11
5.014563267716535
21
-3.1468895275590549
0
LINE
8
BLACK
6
CONTINUOUS
10
5.014563267716535
20
-3.1468895275590549
11
5.0117511417322831
21
-3.1356409448818896
0
LINE
8
BLACK
6
CONTINUOUS
10
5.0117511417322831
20
-3.1356409448818896
11
5.0117633858267716
21
-3.1349124803149606
0
LINE
8
BLACK
6
CONTINUOUS
10
5.0117633858267716
20
-3.1349124803149606
11
5.0115748031496059
21
-3.1342086614173228
0
LINE
8
BLACK
6
CONTINUOUS
10
5.0115748031496059
20
-3.1342086614173228
11
5.0115748031496059
21
-3.1201479133858268
0
LINE
8
BLACK
6
CONTINUOUS
10
5.0115748031496059
20
-3.1201479133858268
11
5.0117633858267716
21
-3.1194440551181102
0
LINE
8
BLACK
6
CONTINUOUS
10
5.0117633858267716
20
-3.1194440551181102
11
5.0117511417322831
21
-3.1187156299212599
0
LINE
8
BLACK
6
CONTINUOUS
10
5.0117511417322831
20
-3.1187156299212599
11
5.014563267716535
21
-3.1074670078740159
0
LINE
8
BLACK
6
CONTINUOUS
10
5.014563267716535
20
-3.1074670078740159
11
5.014879645669291
21
-3.1068970078740157
0
LINE
8
BLACK
6
CONTINUOUS
10
5.014879645669291
20
-3.1068970078740157
11
5.0150103937007877
21
-3.1062582677165356
0
LINE
8
BLACK
6
CONTINUOUS
10
5.0150103937007877
20
-3.1062582677165356
11
5.0178225590551184
21
-3.1006339763779529
0
LINE
8
BLACK
6
CONTINUOUS
10
5.0178225590551184
20
-3.1006339763779529
11
5.0184533464566927
21
-3.0999225984251968
0
LINE
8
BLACK
6
CONTINUOUS
10
5.0184533464566927
20
-3.0999225984251968
11
5.0189288188976375
21
-3.0990991338582679
0
LINE
8
BLACK
6
CONTINUOUS
10
5.0189288188976375
20
-3.0990991338582679
11
5.0217409842519682
21
-3.0962870078740159
0
LINE
8
BLACK
6
CONTINUOUS
10
5.0217409842519682
20
-3.0962870078740159
11
5.0225643700787401
21
-3.0958116141732281
0
LINE
8
BLACK
6
CONTINUOUS
10
5.0225643700787401
20
-3.0958116141732281
11
5.0232757480314962
21
-3.0951808267716534
0
LINE
8
BLACK
6
CONTINUOUS
10
5.0232757480314962
20
-3.0951808267716534
11
5.0289000000000001
21
-3.0923686614173227
0
LINE
8
BLACK
6
CONTINUOUS
10
5.0289000000000001
20
-3.0923686614173227
11
5.0302299999999995
21
-3.0920964566929134
0
LINE
8
BLACK
6
CONTINUOUS
10
5.0302299999999995
20
-3.0920964566929134
11
5.031541062992126
21
-3.0917451968503937
0
LINE
8
BLACK
6
CONTINUOUS
10
5.031541062992126
20
-3.0917451968503937
11
5.0371653543307087
21
-3.0917451968503937
0
LINE
8
BLACK
6
CONTINUOUS
10
5.0371653543307087
20
-3.0917451968503937
11
5.0384764173228342
21
-3.0920964960629922
0
LINE
8
BLACK
6
CONTINUOUS
10
5.0294149212598427
20
-3.1053163385826772
11
5.0279580708661413
21
-3.1067731496062994
0
LINE
8
BLACK
6
CONTINUOUS
10
5.0279580708661413
20
-3.1067731496062994
11
5.0258643307086617
21
-3.1109605511811025
0
LINE
8
BLACK
6
CONTINUOUS
10
5.0258643307086617
20
-3.1109605511811025
11
5.0233858267716531
21
-3.1208748031496061
0
LINE
8
BLACK
6
CONTINUOUS
10
5.0233858267716531
20
-3.1208748031496061
11
5.0233858267716531
21
-3.1334817322834647
0
LINE
8
BLACK
6
CONTINUOUS
10
5.0233858267716531
20
-3.1334817322834647
11
5.0258643307086617
21
-3.1433959448818896
0
LINE
8
BLACK
6
CONTINUOUS
10
5.0258643307086617
20
-3.1433959448818896
11
5.0279580708661413
21
-3.1475833464566927
0
LINE
8
BLACK
6
CONTINUOUS
10
5.0279580708661413
20
-3.1475833464566927
11
5.0294149212598427
21
-3.1490401968503936
0
LINE
8
BLACK
6
CONTINUOUS
10
5.0294149212598427
20
-3.1490401968503936
11
5.0329351574803152
21
-3.1508003149606298
0
LINE
8
BLACK
6
CONTINUOUS
10
5.0329351574803152
20
-3.1508003149606298
11
5.0357712598425195
21
-3.1508003149606298
0
LINE
8
BLACK
6
CONTINUOUS
10
5.0357712598425195
20
-3.1508003149606298
11
5.0392914173228345
21
-3.1490402362204724
0
LINE
8
BLACK
6
CONTINUOUS
10
5.0392914173228345
20
-3.1490402362204724
11
5.0407483070866137
21
-3.1475833464566927
0
LINE
8
BLACK
6
CONTINUOUS
10
5.0407483070866137
20
-3.1475833464566927
11
5.0428419685039367
21
-3.1433960236220471
0
LINE
8
BLACK
6
CONTINUOUS
10
5.0428419685039367
20
-3.1433960236220471
11
5.0453205905511807
21
-3.133481692913386
0
LINE
8
BLACK
6
CONTINUOUS
10
5.0453205905511807
20
-3.133481692913386
11
5.0453205905511807
21
-3.1208748425196848
0
LINE
8
BLACK
6
CONTINUOUS
10
5.0453205905511807
20
-3.1208748425196848
11
5.0428419685039367
21
-3.1109605118110237
0
LINE
8
BLACK
6
CONTINUOUS
10
5.0428419685039367
20
-3.1109605118110237
11
5.0407483464566925
21
-3.1067731889763777
0
LINE
8
BLACK
6
CONTINUOUS
10
5.0407483464566925
20
-3.1067731889763777
11
5.039291496062992
21
-3.1053163385826772
0
LINE
8
BLACK
6
CONTINUOUS
10
5.039291496062992
20
-3.1053163385826772
11
5.0357712598425195
21
-3.103556220472441
0
LINE
8
BLACK
6
CONTINUOUS
10
5.0357712598425195
20
-3.103556220472441
11
5.0329351574803152
21
-3.103556220472441
0
LINE
8
BLACK
6
CONTINUOUS
10
5.0329351574803152
20
-3.103556220472441
11
5.0294149212598427
21
-3.1053163385826772
0
LINE
8
BLACK
6
CONTINUOUS
10
5.0907846456692916
20
-3.0917957086614174
11
5.0909762204724407
21
-3.0917574015748031
0
LINE
8
BLACK
6
CONTINUOUS
10
5.0909762204724407
20
-3.0917574015748031
11
5.0922503543307087
21
-3.0921884251968503
0
LINE
8
BLACK
6
CONTINUOUS
10
5.0922503543307087
20
-3.0921884251968503
11
5.0935488976377954
21
-3.0925363779527557
0
LINE
8
BLACK
6
CONTINUOUS
10
5.0935488976377954
20
-3.0925363779527557
11
5.0936869291338578
21
-3.092674409448819
0
LINE
8
BLACK
6
CONTINUOUS
10
5.0936869291338578
20
-3.092674409448819
11
5.0938719291338579
21
-3.0927370078740157
0
LINE
8
BLACK
6
CONTINUOUS
10
5.0938719291338579
20
-3.0927370078740157
11
5.0947598031496062
21
-3.093747283464567
0
LINE
8
BLACK
6
CONTINUOUS
10
5.0947598031496062
20
-3.093747283464567
11
5.0957104724409445
21
-3.0946979527559053
0
LINE
8
BLACK
6
CONTINUOUS
10
5.0957104724409445
20
-3.0946979527559053
11
5.0957609842519682
21
-3.0948864566929135
0
LINE
8
BLACK
6
CONTINUOUS
10
5.0957609842519682
20
-3.0948864566929135
11
5.0958899212598423
21
-3.095033188976378
0
LINE
8
BLACK
6
CONTINUOUS
10
5.0958899212598423
20
-3.095033188976378
11
5.0961536614173228
21
-3.0963520472440944
0
LINE
8
BLACK
6
CONTINUOUS
10
5.0961536614173228
20
-3.0963520472440944
11
5.0965016535433065
21
-3.0976507086614173
0
LINE
8
BLACK
6
CONTINUOUS
10
5.0965016535433065
20
-3.0976507086614173
11
5.0965016535433065
21
-3.1508003149606298
0
LINE
8
BLACK
6
CONTINUOUS
10
5.0965016535433065
20
-3.1508003149606298
11
5.1074690551181101
21
-3.1508003149606298
0
LINE
8
BLACK
6
CONTINUOUS
10
5.1074690551181101
20
-3.1508003149606298
11
5.1104218110236221
21
-3.1515914960629923
0
LINE
8
BLACK
6
CONTINUOUS
10
5.1104218110236221
20
-3.1515914960629923
11
5.1125833858267713
21
-3.1537530708661419
0
LINE
8
BLACK
6
CONTINUOUS
10
5.1125833858267713
20
-3.1537530708661419
11
5.1133745669291342
21
-3.1567058267716535
0
LINE
8
BLACK
6
CONTINUOUS
10
5.1133745669291342
20
-3.1567058267716535
11
5.1125833858267713
21
-3.1596585826771655
0
LINE
8
BLACK
6
CONTINUOUS
10
5.1125833858267713
20
-3.1596585826771655
11
5.1104218110236221
21
-3.1618201574803151
0
LINE
8
BLACK
6
CONTINUOUS
10
5.1104218110236221
20
-3.1618201574803151
11
5.1074690551181101
21
-3.1626113385826771
0
LINE
8
BLACK
6
CONTINUOUS
10
5.1074690551181101
20
-3.1626113385826771
11
5.0905961417322834
21
-3.1626113385826771
0
LINE
8
BLACK
6
CONTINUOUS
10
5.0905961417322834
20
-3.1626113385826771
11
5.0737232677165354
21
-3.1626113385826771
0
LINE
8
BLACK
6
CONTINUOUS
10
5.0737232677165354
20
-3.1626113385826771
11
5.0707705118110233
21
-3.1618201574803151
0
LINE
8
BLACK
6
CONTINUOUS
10
5.0707705118110233
20
-3.1618201574803151
11
5.0686089370078742
21
-3.1596585826771655
0
LINE
8
BLACK
6
CONTINUOUS
10
5.0686089370078742
20
-3.1596585826771655
11
5.0678177559055113
21
-3.1567058267716535
0
LINE
8
BLACK
6
CONTINUOUS
10
5.0678177559055113
20
-3.1567058267716535
11
5.0686089370078742
21
-3.1537530708661419
0
LINE
8
BLACK
6
CONTINUOUS
10
5.0686089370078742
20
-3.1537530708661419
11
5.0707705118110233
21
-3.1515914960629923
0
LINE
8
BLACK
6
CONTINUOUS
10
5.0707705118110233
20
-3.1515914960629923
11
5.0737232677165354
21
-3.1508003149606298
0
LINE
8
BLACK
6
CONTINUOUS
10
5.0737232677165354
20
-3.1508003149606298
11
5.0846906299212593
21
-3.1508003149606298
0
LINE
8
BLACK
6
CONTINUOUS
10
5.0846906299212593
20
-3.1508003149606298
11
5.0846906299212593
21
-3.1147200393700785
0
LINE
8
BLACK
6
CONTINUOUS
10
5.0846906299212593
20
-3.1147200393700785
11
5.0835233858267719
21
-3.1158872834645668
0
LINE
8
BLACK
6
CONTINUOUS
10
5.0835233858267719
20
-3.1158872834645668
11
5.0826999212598425
21
-3.1163626771653541
0
LINE
8
BLACK
6
CONTINUOUS
10
5.0826999212598425
20
-3.1163626771653541
11
5.0819885826771651
21
-3.1169935039370076
0
LINE
8
BLACK
6
CONTINUOUS
10
5.0819885826771651
20
-3.1169935039370076
11
5.0763642913385825
21
-3.1198056692913383
0
LINE
8
BLACK
6
CONTINUOUS
10
5.0763642913385825
20
-3.1198056692913383
11
5.0733694488188972
21
-3.1204185433070863
0
LINE
8
BLACK
6
CONTINUOUS
10
5.0733694488188972
20
-3.1204185433070863
11
5.070469409448819
21
-3.1194518503937005
0
LINE
8
BLACK
6
CONTINUOUS
10
5.070469409448819
20
-3.1194518503937005
11
5.0684412204724412
21
-3.1171646456692912
0
LINE
8
BLACK
6
CONTINUOUS
10
5.0684412204724412
20
-3.1171646456692912
11
5.0678283464566931
21
-3.1141698031496063
0
LINE
8
BLACK
6
CONTINUOUS
10
5.0678283464566931
20
-3.1141698031496063
11
5.0687950393700785
21
-3.1112697637795277
0
LINE
8
BLACK
6
CONTINUOUS
10
5.0687950393700785
20
-3.1112697637795277
11
5.0710822440944883
21
-3.1092415748031494
0
LINE
8
BLACK
6
CONTINUOUS
10
5.0710822440944883
20
-3.1092415748031494
11
5.0758493700787399
21
-3.1068579527559055
0
LINE
8
BLACK
6
CONTINUOUS
10
5.0758493700787399
20
-3.1068579527559055
11
5.0803824803149604
21
-3.102324842519685
0
LINE
8
BLACK
6
CONTINUOUS
10
5.0803824803149604
20
-3.102324842519685
11
5.0856824803149605
21
-3.0943749212598424
0
LINE
8
BLACK
6
CONTINUOUS
10
5.0856824803149605
20
-3.0943749212598424
11
5.0866924409448817
21
-3.093487283464567
0
LINE
8
BLACK
6
CONTINUOUS
10
5.0866924409448817
20
-3.093487283464567
11
5.0876433858267713
21
-3.0925363779527557
0
LINE
8
BLACK
6
CONTINUOUS
10
5.0876433858267713
20
-3.0925363779527557
11
5.087831968503937
21
-3.0924858267716533
0
LINE
8
BLACK
6
CONTINUOUS
10
5.087831968503937
20
-3.0924858267716533
11
5.0879786614173224
21
-3.0923569291338584
0
LINE
8
BLACK
6
CONTINUOUS
10
5.0879786614173224
20
-3.0923569291338584
11
5.0892975984251967
21
-3.0920931102362204
0
LINE
8
BLACK
6
CONTINUOUS
10
5.0892975984251967
20
-3.0920931102362204
11
5.0905961417322834
21
-3.0917451968503937
0
LINE
8
BLACK
6
CONTINUOUS
10
5.0905961417322834
20
-3.0917451968503937
11
5.0907846456692916
21
-3.0917957086614174
0
LINE
8
BLACK
6
CONTINUOUS
10
5.1455338976377956
20
-3.0920265748031497
11
5.1458944488188978
21
-3.0920482283464565
0
LINE
8
BLACK
6
CONTINUOUS
10
5.1458944488188978
20
-3.0920482283464565
11
5.1468843700787401
21
-3.092701811023622
0
LINE
8
BLACK
6
CONTINUOUS
10
5.1468843700787401
20
-3.092701811023622
11
5.1479451181102363
21
-3.0932322047244094
0
LINE
8
BLACK
6
CONTINUOUS
10
5.1479451181102363
20
-3.0932322047244094
11
5.1481440551181104
21
-3.093533503937008
0
LINE
8
BLACK
6
CONTINUOUS
10
5.1481440551181104
20
-3.093533503937008
11
5.1484455118110235
21
-3.0937325590551179
0
LINE
8
BLACK
6
CONTINUOUS
10
5.1484455118110235
20
-3.0937325590551179
11
5.1489760236220468
21
-3.0947936220472441
0
LINE
8
BLACK
6
CONTINUOUS
10
5.1489760236220468
20
-3.0947936220472441
11
5.1496294094488189
21
-3.0957832283464568
0
LINE
8
BLACK
6
CONTINUOUS
10
5.1496294094488189
20
-3.0957832283464568
11
5.1693144881889763
21
-3.1548383464566929
0
LINE
8
BLACK
6
CONTINUOUS
10
5.1693144881889763
20
-3.1548383464566929
11
5.169497637795275
21
-3.1578897637795276
0
LINE
8
BLACK
6
CONTINUOUS
10
5.169497637795275
20
-3.1578897637795276
11
5.1681305511811022
21
-3.1606239763779529
0
LINE
8
BLACK
6
CONTINUOUS
10
5.1681305511811022
20
-3.1606239763779529
11
5.1655794881889765
21
-3.1623083070866143
0
LINE
8
BLACK
6
CONTINUOUS
10
5.1655794881889765
20
-3.1623083070866143
11
5.1625280708661414
21
-3.1624914566929134
0
LINE
8
BLACK
6
CONTINUOUS
10
5.1625280708661414
20
-3.1624914566929134
11
5.1597938582677161
21
-3.1611243700787401
0
LINE
8
BLACK
6
CONTINUOUS
10
5.1597938582677161
20
-3.1611243700787401
11
5.1581095669291335
21
-3.158573307086614
0
LINE
8
BLACK
6
CONTINUOUS
10
5.1581095669291335
20
-3.158573307086614
11
5.1538312992125981
21
-3.1457384645669291
0
LINE
8
BLACK
6
CONTINUOUS
10
5.1538312992125981
20
-3.1457384645669291
11
5.1342226771653543
21
-3.1457384645669291
0
LINE
8
BLACK
6
CONTINUOUS
10
5.1342226771653543
20
-3.1457384645669291
11
5.1299443700787402
21
-3.158573307086614
0
LINE
8
BLACK
6
CONTINUOUS
10
5.1299443700787402
20
-3.158573307086614
11
5.1282600787401575
21
-3.1611243307086614
0
LINE
8
BLACK
6
CONTINUOUS
10
5.1282600787401575
20
-3.1611243307086614
11
5.1255258661417322
21
-3.1624914566929134
0
LINE
8
BLACK
6
CONTINUOUS
10
5.1255258661417322
20
-3.1624914566929134
11
5.1224744488188971
21
-3.1623082677165355
0
LINE
8
BLACK
6
CONTINUOUS
10
5.1224744488188971
20
-3.1623082677165355
11
5.1199234251968502
21
-3.1606239763779529
0
LINE
8
BLACK
6
CONTINUOUS
10
5.1199234251968502
20
-3.1606239763779529
11
5.1185562992125986
21
-3.1578897637795276
0
LINE
8
BLACK
6
CONTINUOUS
10
5.1185562992125986
20
-3.1578897637795276
11
5.1187394881889761
21
-3.1548383464566929
0
LINE
8
BLACK
6
CONTINUOUS
10
5.1187394881889761
20
-3.1548383464566929
11
5.1384245275590548
21
-3.0957832283464568
0
LINE
8
BLACK
6
CONTINUOUS
10
5.1384245275590548
20
-3.0957832283464568
11
5.1390779921259844
21
-3.0947934251968503
0
LINE
8
BLACK
6
CONTINUOUS
10
5.1390779921259844
20
-3.0947934251968503
11
5.1396084645669289
21
-3.0937325590551179
0
LINE
8
BLACK
6
CONTINUOUS
10
5.1396084645669289
20
-3.0937325590551179
11
5.139909763779527
21
-3.0935335826771655
0
LINE
8
BLACK
6
CONTINUOUS
10
5.139909763779527
20
-3.0935335826771655
11
5.1401088188976374
21
-3.0932321653543307
0
LINE
8
BLACK
6
CONTINUOUS
10
5.1401088188976374
20
-3.0932321653543307
11
5.1411698818897635
21
-3.0927016141732282
0
LINE
8
BLACK
6
CONTINUOUS
10
5.1411698818897635
20
-3.0927016141732282
11
5.1421594881889758
21
-3.0920482677165353
0
LINE
8
BLACK
6
CONTINUOUS
10
5.1421594881889758
20
-3.0920482677165353
11
5.1425199212598427
21
-3.0920266141732284
0
LINE
8
BLACK
6
CONTINUOUS
10
5.1425199212598427
20
-3.0920266141732284
11
5.1428430314960627
21
-3.0918650787401574
0
LINE
8
BLACK
6
CONTINUOUS
10
5.1428430314960627
20
-3.0918650787401574
11
5.1440270866141731
21
-3.0919361417322833
0
LINE
8
BLACK
6
CONTINUOUS
10
5.1440270866141731
20
-3.0919361417322833
11
5.1452109055118109
21
-3.0918650787401574
0
LINE
8
BLACK
6
CONTINUOUS
10
5.1452109055118109
20
-3.0918650787401574
11
5.1455338976377956
21
-3.0920265748031497
0
LINE
8
BLACK
6
CONTINUOUS
10
5.13815968503937
20
-3.1339274409448818
11
5.1498942913385823
21
-3.1339274409448818
0
LINE
8
BLACK
6
CONTINUOUS
10
5.1498942913385823
20
-3.1339274409448818
11
5.1440269685039368
21
-3.1163255511811023
0
LINE
8
BLACK
6
CONTINUOUS
10
5.1440269685039368
20
-3.1163255511811023
11
5.13815968503937
21
-3.1339274409448818
0
CIRCLE
8
BLACK
10
4.363106771653543
20
-3.5434488188976379
40
0.0068897637795276
0
CIRCLE
8
BLACK
10
4.1662563779527559
20
-3.5434488188976379
40
0.0068897637795276
0
CIRCLE
8
BLACK
10
4.363106771653543
20
-3.7402992125984249
40
0.0068897637795276
0
CIRCLE
8
BLACK
10
4.1662563779527559
20
-3.7402992125984249
40
0.0068897637795276
0
CIRCLE
8
BLACK
10
4.3628503937007874
20
-4.1340000000000003
40
0.0068897637795276
0
CIRCLE
8
BLACK
10
4.1659999999999995
20
-4.1340000000000003
40
0.0068897637795276
0
CIRCLE
8
BLACK
10
4.363106771653543
20
-3.9371496062992124
40
0.0068897637795276
0
CIRCLE
8
BLACK
10
4.1662563779527559
20
-3.9371496062992124
40
0.0068897637795276
0
CIRCLE
8
BLACK
10
5.3169094488188975
20
-3.5744881889763778
40
0.0068897637795276
0
CIRCLE
8
BLACK
10
5.3680905511811021
20
-3.5744881889763778
40
0.0068897637795276
0
CIRCLE
8
BLACK
10
5.3169094488188975
20
-3.5233070866141731
40
0.0068897637795276
0
CIRCLE
8
BLACK
10
5.3680905511811021
20
-3.5233070866141731
40
0.0068897637795276
0
CIRCLE
8
BLACK
10
5.3169094488188975
20
-3.4721259842519685
40
0.0068897637795276
0
CIRCLE
8
BLACK
10
5.3680905511811021
20
-3.4721259842519685
40
0.0068897637795276
0
CIRCLE
8
BLACK
10
4.
20
-4.6799999999999997
40
0.0068897637795276
0
CIRCLE
8
BLACK
10
5.7000000000000002
20
-3.
40
0.0068897637795276
0
CIRCLE
8
BLACK
10
5.7000000000000002
20
-4.6799999999999997
40
0.0068897637795276
0
CIRCLE
8
BLACK
10
4.
20
-3.
40
0.0068897637795276
  0
ENDSEC
  0
EOF
